2026-06-28 20:16:49.414 +03:00 [INF] Executed DbCommand (71ms) [Parameters=[], CommandType='"Text"', CommandTimeout='30']
SELECT 1
2026-06-28 20:16:49.518 +03:00 [INF] Acquiring an exclusive lock for migration application. See https://aka.ms/efcore-docs-migrations-lock for more information if this takes too long.
2026-06-28 20:16:49.612 +03:00 [INF] Executed DbCommand (80ms) [Parameters=[], CommandType='"Text"', CommandTimeout='30']
DECLARE @result int;
EXEC @result = sp_getapplock @Resource = '__EFMigrationsLock', @LockOwner = 'Session', @LockMode = 'Exclusive';
SELECT @result
2026-06-28 20:16:50.019 +03:00 [INF] Executed DbCommand (9ms) [Parameters=[], CommandType='"Text"', CommandTimeout='30']
IF OBJECT_ID(N'[__EFMigrationsHistory]') IS NULL
BEGIN
    CREATE TABLE [__EFMigrationsHistory] (
        [MigrationId] nvarchar(150) NOT NULL,
        [ProductVersion] nvarchar(32) NOT NULL,
        CONSTRAINT [PK___EFMigrationsHistory] PRIMARY KEY ([MigrationId])
    );
END;
2026-06-28 20:16:50.134 +03:00 [INF] Executed DbCommand (2ms) [Parameters=[], CommandType='"Text"', CommandTimeout='30']
SELECT 1
2026-06-28 20:16:50.145 +03:00 [INF] Executed DbCommand (4ms) [Parameters=[], CommandType='"Text"', CommandTimeout='30']
SELECT OBJECT_ID(N'[__EFMigrationsHistory]');
2026-06-28 20:16:50.221 +03:00 [INF] Executed DbCommand (50ms) [Parameters=[], CommandType='"Text"', CommandTimeout='30']
SELECT [MigrationId], [ProductVersion]
FROM [__EFMigrationsHistory]
ORDER BY [MigrationId];
2026-06-28 20:16:50.280 +03:00 [INF] No migrations were applied. The database is already up to date.
2026-06-28 20:16:50.291 +03:00 [INF] Executed DbCommand (8ms) [Parameters=[], CommandType='"Text"', CommandTimeout='30']
DECLARE @result int;
EXEC @result = sp_releaseapplock @Resource = '__EFMigrationsLock', @LockOwner = 'Session';
SELECT @result
2026-06-28 20:16:51.385 +03:00 [INF] Executed DbCommand (13ms) [Parameters=[], CommandType='"Text"', CommandTimeout='30']
SELECT CASE
    WHEN EXISTS (
        SELECT 1
        FROM [Users] AS [u]) THEN CAST(1 AS bit)
    ELSE CAST(0 AS bit)
END
2026-06-28 20:16:51.397 +03:00 [INF] Database already seeded. Ensuring demo accounts exist.
2026-06-28 20:16:51.690 +03:00 [INF] Executed DbCommand (6ms) [Parameters=[], CommandType='"Text"', CommandTimeout='30']
SELECT TOP(1) [u].[Id], [u].[CreatedAt], [u].[Email], [u].[IsActive], [u].[PasswordHash], [u].[Role]
FROM [Users] AS [u]
WHERE [u].[Email] = N'patient@hospital.com'
2026-06-28 20:16:52.122 +03:00 [INF] Executed DbCommand (205ms) [Parameters=[@patientUser_Id='?' (DbType = Guid)], CommandType='"Text"', CommandTimeout='30']
SELECT TOP(1) [p].[Id], [p].[Address], [p].[BloodType], [p].[CreatedAt], [p].[DateOfBirth], [p].[Email], [p].[FullName], [p].[Gender], [p].[NationalId], [p].[Phone], [p].[UserId]
FROM [Patients] AS [p]
WHERE [p].[UserId] = @patientUser_Id
2026-06-28 20:16:53.188 +03:00 [INF] Now listening on: http://localhost:5000
2026-06-28 20:16:53.188 +03:00 [INF] Application started. Press Ctrl+C to shut down.
2026-06-28 20:16:53.189 +03:00 [INF] Hosting environment: Development
2026-06-28 20:16:53.189 +03:00 [INF] Content root path: G:\DEPI\HospitalSystem.API
2026-06-28 20:17:04.297 +03:00 [WRN] Failed to determine the https port for redirect.
2026-06-28 20:17:04.318 +03:00 [INF] HTTP OPTIONS /api/auth/login responded 204 in 108ms
2026-06-28 20:17:10.638 +03:00 [INF] Executed DbCommand (5ms) [Parameters=[], CommandType='"Text"', CommandTimeout='30']
SELECT [u].[Id], [u].[CreatedAt], [u].[Email], [u].[IsActive], [u].[PasswordHash], [u].[Role]
FROM [Users] AS [u]
2026-06-28 20:17:11.673 +03:00 [INF] HTTP POST /api/auth/login responded 200 in 7300ms
2026-06-28 20:17:11.752 +03:00 [INF] HTTP OPTIONS /api/patients responded 204 in 2ms
2026-06-28 20:17:11.863 +03:00 [INF] Executed DbCommand (3ms) [Parameters=[], CommandType='"Text"', CommandTimeout='30']
SELECT [p].[Id], [p].[Address], [p].[BloodType], [p].[CreatedAt], [p].[DateOfBirth], [p].[Email], [p].[FullName], [p].[Gender], [p].[NationalId], [p].[Phone], [p].[UserId]
FROM [Patients] AS [p]
2026-06-28 20:17:11.958 +03:00 [INF] HTTP GET /api/patients responded 200 in 201ms
2026-06-28 20:17:38.545 +03:00 [INF] HTTP OPTIONS /api/patients/36574f06-f0f8-4c16-83d7-073e1107da0b responded 204 in 0ms
2026-06-28 20:17:38.879 +03:00 [INF] Executed DbCommand (7ms) [Parameters=[@p='?' (DbType = Guid)], CommandType='"Text"', CommandTimeout='30']
SELECT TOP(1) [p].[Id], [p].[Address], [p].[BloodType], [p].[CreatedAt], [p].[DateOfBirth], [p].[Email], [p].[FullName], [p].[Gender], [p].[NationalId], [p].[Phone], [p].[UserId]
FROM [Patients] AS [p]
WHERE [p].[Id] = @p
2026-06-28 20:17:38.886 +03:00 [INF] HTTP GET /api/patients/36574f06-f0f8-4c16-83d7-073e1107da0b responded 200 in 332ms
2026-06-28 20:17:47.740 +03:00 [INF] HTTP OPTIONS /api/patients responded 204 in 0ms
2026-06-28 20:17:47.781 +03:00 [INF] Executed DbCommand (2ms) [Parameters=[], CommandType='"Text"', CommandTimeout='30']
SELECT [p].[Id], [p].[Address], [p].[BloodType], [p].[CreatedAt], [p].[DateOfBirth], [p].[Email], [p].[FullName], [p].[Gender], [p].[NationalId], [p].[Phone], [p].[UserId]
FROM [Patients] AS [p]
2026-06-28 20:17:47.784 +03:00 [INF] HTTP GET /api/patients responded 200 in 35ms
2026-06-28 20:18:01.069 +03:00 [INF] HTTP OPTIONS /api/departments responded 204 in 0ms
2026-06-28 20:18:01.072 +03:00 [INF] HTTP OPTIONS /api/patients responded 204 in 0ms
2026-06-28 20:18:01.085 +03:00 [INF] Executed DbCommand (2ms) [Parameters=[], CommandType='"Text"', CommandTimeout='30']
SELECT [p].[Id], [p].[Address], [p].[BloodType], [p].[CreatedAt], [p].[DateOfBirth], [p].[Email], [p].[FullName], [p].[Gender], [p].[NationalId], [p].[Phone], [p].[UserId]
FROM [Patients] AS [p]
2026-06-28 20:18:01.088 +03:00 [INF] HTTP GET /api/patients responded 200 in 8ms
2026-06-28 20:18:01.182 +03:00 [INF] Executed DbCommand (13ms) [Parameters=[], CommandType='"Text"', CommandTimeout='30']
SELECT [d].[Id], [d].[Description], [d].[IsActive], [d].[Name]
FROM [Departments] AS [d]
2026-06-28 20:18:01.262 +03:00 [INF] HTTP GET /api/departments responded 200 in 184ms
2026-06-28 20:18:09.245 +03:00 [INF] HTTP OPTIONS /api/doctors/department/b7eb805e-1614-4a59-a61a-6084babacfc3 responded 204 in 0ms
2026-06-28 20:18:09.516 +03:00 [INF] Executed DbCommand (15ms) [Parameters=[@departmentId='?' (DbType = Guid)], CommandType='"Text"', CommandTimeout='30']
SELECT [d].[Id], [d].[DepartmentId], [d].[FullName], [d].[IsActive], [d].[Phone], [d].[Specialization], [d].[UserId], [d0].[Id], [d0].[Description], [d0].[IsActive], [d0].[Name]
FROM [Doctors] AS [d]
INNER JOIN [Departments] AS [d0] ON [d].[DepartmentId] = [d0].[Id]
WHERE [d].[DepartmentId] = @departmentId
2026-06-28 20:18:09.640 +03:00 [INF] HTTP GET /api/doctors/department/b7eb805e-1614-4a59-a61a-6084babacfc3 responded 200 in 387ms
2026-06-28 20:18:17.790 +03:00 [INF] HTTP OPTIONS /api/appointments/available-slots responded 204 in 0ms
2026-06-28 20:18:17.883 +03:00 [INF] Executed DbCommand (9ms) [Parameters=[], CommandType='"Text"', CommandTimeout='30']
SELECT [d].[Id], [d].[AppointmentDurationMinutes], [d].[DayOfWeek], [d].[DoctorId], [d].[EndTime], [d].[IsActive], [d].[StartTime]
FROM [DoctorSchedules] AS [d]
2026-06-28 20:18:17.979 +03:00 [WRN] Request failed with "BadRequest"
HospitalSystem.Application.Exceptions.ValidationException: Doctor is not available on this day.
   at HospitalSystem.Application.Services.AppointmentService.GetDoctorScheduleForDayAsync(Guid doctorId, DateOnly date, CancellationToken cancellationToken) in G:\DEPI\HospitalSystem.Application\Services\AppointmentService.cs:line 221
   at HospitalSystem.Application.Services.AppointmentService.GetAvailableSlotsAsync(Guid doctorId, DateOnly date, CancellationToken cancellationToken) in G:\DEPI\HospitalSystem.Application\Services\AppointmentService.cs:line 149
   at HospitalSystem.API.Controllers.AppointmentsController.GetAvailableSlots(Guid doctorId, DateOnly date, CancellationToken cancellationToken) in G:\DEPI\HospitalSystem.API\Controllers\AppointmentsController.cs:line 34
   at lambda_method355(Closure, Object)
   at Microsoft.AspNetCore.Mvc.Infrastructure.ActionMethodExecutor.AwaitableObjectResultExecutor.Execute(ActionContext actionContext, IActionResultTypeMapper mapper, ObjectMethodExecutor executor, Object controller, Object[] arguments)
   at Microsoft.AspNetCore.Mvc.Infrastructure.ControllerActionInvoker.<InvokeActionMethodAsync>g__Awaited|12_0(ControllerActionInvoker invoker, ValueTask`1 actionResultValueTask)
   at Microsoft.AspNetCore.Mvc.Infrastructure.ControllerActionInvoker.<InvokeNextActionFilterAsync>g__Awaited|10_0(ControllerActionInvoker invoker, Task lastTask, State next, Scope scope, Object state, Boolean isCompleted)
   at Microsoft.AspNetCore.Mvc.Infrastructure.ControllerActionInvoker.Rethrow(ActionExecutedContextSealed context)
   at Microsoft.AspNetCore.Mvc.Infrastructure.ControllerActionInvoker.Next(State& next, Scope& scope, Object& state, Boolean& isCompleted)
   at Microsoft.AspNetCore.Mvc.Infrastructure.ControllerActionInvoker.<InvokeInnerFilterAsync>g__Awaited|13_0(ControllerActionInvoker invoker, Task lastTask, State next, Scope scope, Object state, Boolean isCompleted)
   at Microsoft.AspNetCore.Mvc.Infrastructure.ResourceInvoker.<InvokeFilterPipelineAsync>g__Awaited|20_0(ResourceInvoker invoker, Task lastTask, State next, Scope scope, Object state, Boolean isCompleted)
   at Microsoft.AspNetCore.Mvc.Infrastructure.ResourceInvoker.<InvokeAsync>g__Awaited|17_0(ResourceInvoker invoker, Task task, IDisposable scope)
   at Microsoft.AspNetCore.Mvc.Infrastructure.ResourceInvoker.<InvokeAsync>g__Awaited|17_0(ResourceInvoker invoker, Task task, IDisposable scope)
   at Microsoft.AspNetCore.Authorization.AuthorizationMiddleware.Invoke(HttpContext context)
   at Microsoft.AspNetCore.Authentication.AuthenticationMiddleware.Invoke(HttpContext context)
   at Swashbuckle.AspNetCore.SwaggerUI.SwaggerUIMiddleware.Invoke(HttpContext httpContext)
   at Swashbuckle.AspNetCore.Swagger.SwaggerMiddleware.Invoke(HttpContext httpContext, ISwaggerProvider swaggerProvider)
   at HospitalSystem.API.Middleware.RequestLoggingMiddleware.InvokeAsync(HttpContext context) in G:\DEPI\HospitalSystem.API\Middleware\RequestLoggingMiddleware.cs:line 19
   at HospitalSystem.API.Middleware.ExceptionHandlingMiddleware.InvokeAsync(HttpContext context) in G:\DEPI\HospitalSystem.API\Middleware\ExceptionHandlingMiddleware.cs:line 24
2026-06-28 20:18:19.049 +03:00 [INF] Executed DbCommand (1ms) [Parameters=[], CommandType='"Text"', CommandTimeout='30']
SELECT [d].[Id], [d].[AppointmentDurationMinutes], [d].[DayOfWeek], [d].[DoctorId], [d].[EndTime], [d].[IsActive], [d].[StartTime]
FROM [DoctorSchedules] AS [d]
2026-06-28 20:18:19.052 +03:00 [WRN] Request failed with "BadRequest"
HospitalSystem.Application.Exceptions.ValidationException: Doctor is not available on this day.
   at HospitalSystem.Application.Services.AppointmentService.GetDoctorScheduleForDayAsync(Guid doctorId, DateOnly date, CancellationToken cancellationToken) in G:\DEPI\HospitalSystem.Application\Services\AppointmentService.cs:line 221
   at HospitalSystem.Application.Services.AppointmentService.GetAvailableSlotsAsync(Guid doctorId, DateOnly date, CancellationToken cancellationToken) in G:\DEPI\HospitalSystem.Application\Services\AppointmentService.cs:line 149
   at HospitalSystem.API.Controllers.AppointmentsController.GetAvailableSlots(Guid doctorId, DateOnly date, CancellationToken cancellationToken) in G:\DEPI\HospitalSystem.API\Controllers\AppointmentsController.cs:line 34
   at lambda_method355(Closure, Object)
   at Microsoft.AspNetCore.Mvc.Infrastructure.ActionMethodExecutor.AwaitableObjectResultExecutor.Execute(ActionContext actionContext, IActionResultTypeMapper mapper, ObjectMethodExecutor executor, Object controller, Object[] arguments)
   at Microsoft.AspNetCore.Mvc.Infrastructure.ControllerActionInvoker.<InvokeActionMethodAsync>g__Awaited|12_0(ControllerActionInvoker invoker, ValueTask`1 actionResultValueTask)
   at Microsoft.AspNetCore.Mvc.Infrastructure.ControllerActionInvoker.<InvokeNextActionFilterAsync>g__Awaited|10_0(ControllerActionInvoker invoker, Task lastTask, State next, Scope scope, Object state, Boolean isCompleted)
   at Microsoft.AspNetCore.Mvc.Infrastructure.ControllerActionInvoker.Rethrow(ActionExecutedContextSealed context)
   at Microsoft.AspNetCore.Mvc.Infrastructure.ControllerActionInvoker.Next(State& next, Scope& scope, Object& state, Boolean& isCompleted)
   at Microsoft.AspNetCore.Mvc.Infrastructure.ControllerActionInvoker.<InvokeInnerFilterAsync>g__Awaited|13_0(ControllerActionInvoker invoker, Task lastTask, State next, Scope scope, Object state, Boolean isCompleted)
   at Microsoft.AspNetCore.Mvc.Infrastructure.ResourceInvoker.<InvokeFilterPipelineAsync>g__Awaited|20_0(ResourceInvoker invoker, Task lastTask, State next, Scope scope, Object state, Boolean isCompleted)
   at Microsoft.AspNetCore.Mvc.Infrastructure.ResourceInvoker.<InvokeAsync>g__Awaited|17_0(ResourceInvoker invoker, Task task, IDisposable scope)
   at Microsoft.AspNetCore.Mvc.Infrastructure.ResourceInvoker.<InvokeAsync>g__Awaited|17_0(ResourceInvoker invoker, Task task, IDisposable scope)
   at Microsoft.AspNetCore.Authorization.AuthorizationMiddleware.Invoke(HttpContext context)
   at Microsoft.AspNetCore.Authentication.AuthenticationMiddleware.Invoke(HttpContext context)
   at Swashbuckle.AspNetCore.SwaggerUI.SwaggerUIMiddleware.Invoke(HttpContext httpContext)
   at Swashbuckle.AspNetCore.Swagger.SwaggerMiddleware.Invoke(HttpContext httpContext, ISwaggerProvider swaggerProvider)
   at HospitalSystem.API.Middleware.RequestLoggingMiddleware.InvokeAsync(HttpContext context) in G:\DEPI\HospitalSystem.API\Middleware\RequestLoggingMiddleware.cs:line 19
   at HospitalSystem.API.Middleware.ExceptionHandlingMiddleware.InvokeAsync(HttpContext context) in G:\DEPI\HospitalSystem.API\Middleware\ExceptionHandlingMiddleware.cs:line 24
2026-06-28 20:18:47.391 +03:00 [INF] HTTP OPTIONS /api/doctors responded 204 in 0ms
2026-06-28 20:18:47.432 +03:00 [INF] Executed DbCommand (3ms) [Parameters=[], CommandType='"Text"', CommandTimeout='30']
SELECT [d].[Id], [d].[DepartmentId], [d].[FullName], [d].[IsActive], [d].[Phone], [d].[Specialization], [d].[UserId]
FROM [Doctors] AS [d]
2026-06-28 20:18:47.450 +03:00 [INF] Executed DbCommand (4ms) [Parameters=[@p='?' (DbType = Guid)], CommandType='"Text"', CommandTimeout='30']
SELECT TOP(1) [d].[Id], [d].[Description], [d].[IsActive], [d].[Name]
FROM [Departments] AS [d]
WHERE [d].[Id] = @p
2026-06-28 20:18:47.462 +03:00 [INF] Executed DbCommand (2ms) [Parameters=[@p='?' (DbType = Guid)], CommandType='"Text"', CommandTimeout='30']
SELECT TOP(1) [d].[Id], [d].[Description], [d].[IsActive], [d].[Name]
FROM [Departments] AS [d]
WHERE [d].[Id] = @p
2026-06-28 20:18:47.469 +03:00 [INF] HTTP GET /api/doctors responded 200 in 71ms
2026-06-28 20:18:47.482 +03:00 [INF] HTTP OPTIONS /api/appointments responded 204 in 0ms
2026-06-28 20:18:47.579 +03:00 [INF] Executed DbCommand (13ms) [Parameters=[@doctorId='?' (DbType = Guid), @date='?' (DbType = Date)], CommandType='"Text"', CommandTimeout='30']
SELECT [a].[Id], [a].[AppointmentDate], [a].[CreatedAt], [a].[CreatedByReceptionistId], [a].[DoctorId], [a].[EndTime], [a].[Notes], [a].[PatientId], [a].[StartTime], [a].[Status], [a].[UpdatedAt]
FROM [Appointments] AS [a]
WHERE [a].[DoctorId] = @doctorId AND [a].[AppointmentDate] = @date
ORDER BY [a].[StartTime]
2026-06-28 20:18:47.615 +03:00 [INF] HTTP GET /api/appointments responded 200 in 127ms
2026-06-28 20:18:47.622 +03:00 [INF] HTTP OPTIONS /api/appointments responded 204 in 0ms
2026-06-28 20:18:47.629 +03:00 [INF] Executed DbCommand (1ms) [Parameters=[@doctorId='?' (DbType = Guid), @date='?' (DbType = Date)], CommandType='"Text"', CommandTimeout='30']
SELECT [a].[Id], [a].[AppointmentDate], [a].[CreatedAt], [a].[CreatedByReceptionistId], [a].[DoctorId], [a].[EndTime], [a].[Notes], [a].[PatientId], [a].[StartTime], [a].[Status], [a].[UpdatedAt]
FROM [Appointments] AS [a]
WHERE [a].[DoctorId] = @doctorId AND [a].[AppointmentDate] = @date
ORDER BY [a].[StartTime]
2026-06-28 20:18:47.630 +03:00 [INF] HTTP GET /api/appointments responded 200 in 5ms
2026-06-28 20:18:59.258 +03:00 [INF] HTTP OPTIONS /api/departments responded 204 in 0ms
2026-06-28 20:18:59.258 +03:00 [INF] HTTP OPTIONS /api/patients responded 204 in 0ms
2026-06-28 20:18:59.287 +03:00 [INF] Executed DbCommand (2ms) [Parameters=[], CommandType='"Text"', CommandTimeout='30']
SELECT [p].[Id], [p].[Address], [p].[BloodType], [p].[CreatedAt], [p].[DateOfBirth], [p].[Email], [p].[FullName], [p].[Gender], [p].[NationalId], [p].[Phone], [p].[UserId]
FROM [Patients] AS [p]
2026-06-28 20:18:59.289 +03:00 [INF] HTTP GET /api/patients responded 200 in 9ms
2026-06-28 20:18:59.309 +03:00 [INF] Executed DbCommand (1ms) [Parameters=[], CommandType='"Text"', CommandTimeout='30']
SELECT [d].[Id], [d].[Description], [d].[IsActive], [d].[Name]
FROM [Departments] AS [d]
2026-06-28 20:18:59.310 +03:00 [INF] HTTP GET /api/departments responded 200 in 30ms
2026-06-28 20:18:59.580 +03:00 [INF] HTTP OPTIONS /api/patients responded 204 in 0ms
2026-06-28 20:18:59.587 +03:00 [INF] Executed DbCommand (1ms) [Parameters=[], CommandType='"Text"', CommandTimeout='30']
SELECT [p].[Id], [p].[Address], [p].[BloodType], [p].[CreatedAt], [p].[DateOfBirth], [p].[Email], [p].[FullName], [p].[Gender], [p].[NationalId], [p].[Phone], [p].[UserId]
FROM [Patients] AS [p]
2026-06-28 20:18:59.589 +03:00 [INF] HTTP GET /api/patients responded 200 in 4ms
2026-06-28 20:19:08.577 +03:00 [INF] HTTP OPTIONS /api/auth/login responded 204 in 0ms
2026-06-28 20:19:08.595 +03:00 [INF] Executed DbCommand (2ms) [Parameters=[], CommandType='"Text"', CommandTimeout='30']
SELECT [u].[Id], [u].[CreatedAt], [u].[Email], [u].[IsActive], [u].[PasswordHash], [u].[Role]
FROM [Users] AS [u]
2026-06-28 20:19:09.148 +03:00 [INF] HTTP POST /api/auth/login responded 200 in 565ms
2026-06-28 20:19:09.203 +03:00 [INF] HTTP OPTIONS /api/departments responded 204 in 0ms
2026-06-28 20:19:09.211 +03:00 [INF] Executed DbCommand (1ms) [Parameters=[], CommandType='"Text"', CommandTimeout='30']
SELECT [d].[Id], [d].[Description], [d].[IsActive], [d].[Name]
FROM [Departments] AS [d]
2026-06-28 20:19:09.212 +03:00 [INF] HTTP GET /api/departments responded 200 in 5ms
2026-06-28 20:20:25.106 +03:00 [INF] HTTP OPTIONS /api/doctors responded 204 in 1ms
2026-06-28 20:20:25.107 +03:00 [INF] HTTP OPTIONS /api/departments responded 204 in 0ms
2026-06-28 20:20:25.123 +03:00 [INF] Executed DbCommand (2ms) [Parameters=[], CommandType='"Text"', CommandTimeout='30']
SELECT [d].[Id], [d].[Description], [d].[IsActive], [d].[Name]
FROM [Departments] AS [d]
2026-06-28 20:20:25.125 +03:00 [INF] HTTP GET /api/departments responded 200 in 8ms
2026-06-28 20:20:25.132 +03:00 [INF] Executed DbCommand (3ms) [Parameters=[], CommandType='"Text"', CommandTimeout='30']
SELECT [d].[Id], [d].[DepartmentId], [d].[FullName], [d].[IsActive], [d].[Phone], [d].[Specialization], [d].[UserId]
FROM [Doctors] AS [d]
2026-06-28 20:20:25.138 +03:00 [INF] Executed DbCommand (1ms) [Parameters=[@p='?' (DbType = Guid)], CommandType='"Text"', CommandTimeout='30']
SELECT TOP(1) [d].[Id], [d].[Description], [d].[IsActive], [d].[Name]
FROM [Departments] AS [d]
WHERE [d].[Id] = @p
2026-06-28 20:20:25.142 +03:00 [INF] Executed DbCommand (2ms) [Parameters=[@p='?' (DbType = Guid)], CommandType='"Text"', CommandTimeout='30']
SELECT TOP(1) [d].[Id], [d].[Description], [d].[IsActive], [d].[Name]
FROM [Departments] AS [d]
WHERE [d].[Id] = @p
2026-06-28 20:20:25.144 +03:00 [INF] HTTP GET /api/doctors responded 200 in 26ms
2026-06-28 20:20:30.552 +03:00 [INF] HTTP OPTIONS /api/doctors responded 204 in 0ms
2026-06-28 20:20:30.554 +03:00 [INF] HTTP OPTIONS /api/doctors/eea5306b-9d0d-474f-b644-e334fdedcbe6/schedule responded 204 in 0ms
2026-06-28 20:20:30.569 +03:00 [INF] Executed DbCommand (2ms) [Parameters=[], CommandType='"Text"', CommandTimeout='30']
SELECT [d].[Id], [d].[DepartmentId], [d].[FullName], [d].[IsActive], [d].[Phone], [d].[Specialization], [d].[UserId]
FROM [Doctors] AS [d]
2026-06-28 20:20:30.573 +03:00 [INF] Executed DbCommand (1ms) [Parameters=[@p='?' (DbType = Guid)], CommandType='"Text"', CommandTimeout='30']
SELECT TOP(1) [d].[Id], [d].[Description], [d].[IsActive], [d].[Name]
FROM [Departments] AS [d]
WHERE [d].[Id] = @p
2026-06-28 20:20:30.576 +03:00 [INF] Executed DbCommand (1ms) [Parameters=[@p='?' (DbType = Guid)], CommandType='"Text"', CommandTimeout='30']
SELECT TOP(1) [d].[Id], [d].[Description], [d].[IsActive], [d].[Name]
FROM [Departments] AS [d]
WHERE [d].[Id] = @p
2026-06-28 20:20:30.578 +03:00 [INF] HTTP GET /api/doctors responded 200 in 15ms
2026-06-28 20:20:30.654 +03:00 [INF] Executed DbCommand (8ms) [Parameters=[@p='?' (DbType = Guid)], CommandType='"Text"', CommandTimeout='30']
SELECT TOP(1) [d].[Id], [d].[DepartmentId], [d].[FullName], [d].[IsActive], [d].[Phone], [d].[Specialization], [d].[UserId]
FROM [Doctors] AS [d]
WHERE [d].[Id] = @p
2026-06-28 20:20:30.661 +03:00 [INF] Executed DbCommand (3ms) [Parameters=[], CommandType='"Text"', CommandTimeout='30']
SELECT [d].[Id], [d].[AppointmentDurationMinutes], [d].[DayOfWeek], [d].[DoctorId], [d].[EndTime], [d].[IsActive], [d].[StartTime]
FROM [DoctorSchedules] AS [d]
2026-06-28 20:20:30.738 +03:00 [INF] HTTP GET /api/doctors/eea5306b-9d0d-474f-b644-e334fdedcbe6/schedule responded 200 in 173ms
2026-06-28 20:21:33.279 +03:00 [INF] HTTP OPTIONS /api/doctors responded 204 in 0ms
2026-06-28 20:21:33.280 +03:00 [INF] HTTP OPTIONS /api/departments responded 204 in 0ms
2026-06-28 20:21:33.295 +03:00 [INF] Executed DbCommand (2ms) [Parameters=[], CommandType='"Text"', CommandTimeout='30']
SELECT [d].[Id], [d].[DepartmentId], [d].[FullName], [d].[IsActive], [d].[Phone], [d].[Specialization], [d].[UserId]
FROM [Doctors] AS [d]
2026-06-28 20:21:33.295 +03:00 [INF] Executed DbCommand (2ms) [Parameters=[], CommandType='"Text"', CommandTimeout='30']
SELECT [d].[Id], [d].[Description], [d].[IsActive], [d].[Name]
FROM [Departments] AS [d]
2026-06-28 20:21:33.297 +03:00 [INF] HTTP GET /api/departments responded 200 in 8ms
2026-06-28 20:21:33.299 +03:00 [INF] Executed DbCommand (1ms) [Parameters=[@p='?' (DbType = Guid)], CommandType='"Text"', CommandTimeout='30']
SELECT TOP(1) [d].[Id], [d].[Description], [d].[IsActive], [d].[Name]
FROM [Departments] AS [d]
WHERE [d].[Id] = @p
2026-06-28 20:21:33.302 +03:00 [INF] Executed DbCommand (1ms) [Parameters=[@p='?' (DbType = Guid)], CommandType='"Text"', CommandTimeout='30']
SELECT TOP(1) [d].[Id], [d].[Description], [d].[IsActive], [d].[Name]
FROM [Departments] AS [d]
WHERE [d].[Id] = @p
2026-06-28 20:21:33.303 +03:00 [INF] HTTP GET /api/doctors responded 200 in 15ms
2026-06-28 20:21:44.169 +03:00 [INF] HTTP OPTIONS /api/receptionists responded 204 in 0ms
2026-06-28 20:21:44.314 +03:00 [INF] Executed DbCommand (28ms) [Parameters=[], CommandType='"Text"', CommandTimeout='30']
SELECT [r].[Id], [r].[FullName], [r].[IsActive], [r].[Phone], [r].[UserId]
FROM [Receptionists] AS [r]
2026-06-28 20:21:44.370 +03:00 [INF] HTTP GET /api/receptionists responded 200 in 191ms
2026-06-28 20:22:17.247 +03:00 [INF] HTTP OPTIONS /api/receptionists responded 204 in 0ms
2026-06-28 20:22:17.264 +03:00 [INF] Executed DbCommand (7ms) [Parameters=[], CommandType='"Text"', CommandTimeout='30']
SELECT [r].[Id], [r].[FullName], [r].[IsActive], [r].[Phone], [r].[UserId]
FROM [Receptionists] AS [r]
2026-06-28 20:22:17.265 +03:00 [INF] HTTP GET /api/receptionists responded 200 in 14ms
2026-06-28 20:22:26.109 +03:00 [INF] HTTP OPTIONS /api/doctors responded 204 in 0ms
2026-06-28 20:22:26.112 +03:00 [INF] HTTP OPTIONS /api/departments responded 204 in 0ms
2026-06-28 20:22:26.128 +03:00 [INF] Executed DbCommand (1ms) [Parameters=[], CommandType='"Text"', CommandTimeout='30']
SELECT [d].[Id], [d].[Description], [d].[IsActive], [d].[Name]
FROM [Departments] AS [d]
2026-06-28 20:22:26.129 +03:00 [INF] HTTP GET /api/departments responded 200 in 6ms
2026-06-28 20:22:26.132 +03:00 [INF] Executed DbCommand (4ms) [Parameters=[], CommandType='"Text"', CommandTimeout='30']
SELECT [d].[Id], [d].[DepartmentId], [d].[FullName], [d].[IsActive], [d].[Phone], [d].[Specialization], [d].[UserId]
FROM [Doctors] AS [d]
2026-06-28 20:22:26.135 +03:00 [INF] Executed DbCommand (1ms) [Parameters=[@p='?' (DbType = Guid)], CommandType='"Text"', CommandTimeout='30']
SELECT TOP(1) [d].[Id], [d].[Description], [d].[IsActive], [d].[Name]
FROM [Departments] AS [d]
WHERE [d].[Id] = @p
2026-06-28 20:22:26.138 +03:00 [INF] Executed DbCommand (1ms) [Parameters=[@p='?' (DbType = Guid)], CommandType='"Text"', CommandTimeout='30']
SELECT TOP(1) [d].[Id], [d].[Description], [d].[IsActive], [d].[Name]
FROM [Departments] AS [d]
WHERE [d].[Id] = @p
2026-06-28 20:22:26.140 +03:00 [INF] HTTP GET /api/doctors responded 200 in 18ms
2026-06-28 20:22:28.394 +03:00 [INF] HTTP OPTIONS /api/doctors responded 204 in 0ms
2026-06-28 20:22:28.395 +03:00 [INF] HTTP OPTIONS /api/doctors/eea5306b-9d0d-474f-b644-e334fdedcbe6/schedule responded 204 in 0ms
2026-06-28 20:22:28.410 +03:00 [INF] Executed DbCommand (1ms) [Parameters=[], CommandType='"Text"', CommandTimeout='30']
SELECT [d].[Id], [d].[DepartmentId], [d].[FullName], [d].[IsActive], [d].[Phone], [d].[Specialization], [d].[UserId]
FROM [Doctors] AS [d]
2026-06-28 20:22:28.412 +03:00 [INF] Executed DbCommand (1ms) [Parameters=[@p='?' (DbType = Guid)], CommandType='"Text"', CommandTimeout='30']
SELECT TOP(1) [d].[Id], [d].[DepartmentId], [d].[FullName], [d].[IsActive], [d].[Phone], [d].[Specialization], [d].[UserId]
FROM [Doctors] AS [d]
WHERE [d].[Id] = @p
2026-06-28 20:22:28.414 +03:00 [INF] Executed DbCommand (2ms) [Parameters=[@p='?' (DbType = Guid)], CommandType='"Text"', CommandTimeout='30']
SELECT TOP(1) [d].[Id], [d].[Description], [d].[IsActive], [d].[Name]
FROM [Departments] AS [d]
WHERE [d].[Id] = @p
2026-06-28 20:22:28.416 +03:00 [INF] Executed DbCommand (3ms) [Parameters=[], CommandType='"Text"', CommandTimeout='30']
SELECT [d].[Id], [d].[AppointmentDurationMinutes], [d].[DayOfWeek], [d].[DoctorId], [d].[EndTime], [d].[IsActive], [d].[StartTime]
FROM [DoctorSchedules] AS [d]
2026-06-28 20:22:28.419 +03:00 [INF] HTTP GET /api/doctors/eea5306b-9d0d-474f-b644-e334fdedcbe6/schedule responded 200 in 14ms
2026-06-28 20:22:28.421 +03:00 [INF] Executed DbCommand (3ms) [Parameters=[@p='?' (DbType = Guid)], CommandType='"Text"', CommandTimeout='30']
SELECT TOP(1) [d].[Id], [d].[Description], [d].[IsActive], [d].[Name]
FROM [Departments] AS [d]
WHERE [d].[Id] = @p
2026-06-28 20:22:28.422 +03:00 [INF] HTTP GET /api/doctors responded 200 in 18ms
2026-06-28 20:22:37.763 +03:00 [INF] HTTP OPTIONS /api/doctors/eea5306b-9d0d-474f-b644-e334fdedcbe6/schedule responded 204 in 0ms
2026-06-28 20:22:37.835 +03:00 [INF] Executed DbCommand (1ms) [Parameters=[@p='?' (DbType = Guid)], CommandType='"Text"', CommandTimeout='30']
SELECT TOP(1) [d].[Id], [d].[DepartmentId], [d].[FullName], [d].[IsActive], [d].[Phone], [d].[Specialization], [d].[UserId]
FROM [Doctors] AS [d]
WHERE [d].[Id] = @p
2026-06-28 20:22:37.836 +03:00 [INF] Executed DbCommand (1ms) [Parameters=[], CommandType='"Text"', CommandTimeout='30']
SELECT [d].[Id], [d].[AppointmentDurationMinutes], [d].[DayOfWeek], [d].[DoctorId], [d].[EndTime], [d].[IsActive], [d].[StartTime]
FROM [DoctorSchedules] AS [d]
2026-06-28 20:22:38.297 +03:00 [INF] Executed DbCommand (42ms) [Parameters=[@p6='?' (DbType = Guid), @p0='?' (DbType = Int32), @p1='?' (DbType = Int32), @p2='?' (DbType = Guid), @p3='?' (DbType = Time), @p4='?' (DbType = Boolean), @p5='?' (DbType = Time), @p13='?' (DbType = Guid), @p7='?' (DbType = Int32), @p8='?' (DbType = Int32), @p9='?' (DbType = Guid), @p10='?' (DbType = Time), @p11='?' (DbType = Boolean), @p12='?' (DbType = Time), @p20='?' (DbType = Guid), @p14='?' (DbType = Int32), @p15='?' (DbType = Int32), @p16='?' (DbType = Guid), @p17='?' (DbType = Time), @p18='?' (DbType = Boolean), @p19='?' (DbType = Time), @p27='?' (DbType = Guid), @p21='?' (DbType = Int32), @p22='?' (DbType = Int32), @p23='?' (DbType = Guid), @p24='?' (DbType = Time), @p25='?' (DbType = Boolean), @p26='?' (DbType = Time), @p34='?' (DbType = Guid), @p28='?' (DbType = Int32), @p29='?' (DbType = Int32), @p30='?' (DbType = Guid), @p31='?' (DbType = Time), @p32='?' (DbType = Boolean), @p33='?' (DbType = Time), @p35='?' (DbType = Guid), @p36='?' (DbType = Int32), @p37='?' (DbType = Int32), @p38='?' (DbType = Guid), @p39='?' (DbType = Time), @p40='?' (DbType = Boolean), @p41='?' (DbType = Time)], CommandType='"Text"', CommandTimeout='30']
SET NOCOUNT ON;
UPDATE [DoctorSchedules] SET [AppointmentDurationMinutes] = @p0, [DayOfWeek] = @p1, [DoctorId] = @p2, [EndTime] = @p3, [IsActive] = @p4, [StartTime] = @p5
OUTPUT 1
WHERE [Id] = @p6;
UPDATE [DoctorSchedules] SET [AppointmentDurationMinutes] = @p7, [DayOfWeek] = @p8, [DoctorId] = @p9, [EndTime] = @p10, [IsActive] = @p11, [StartTime] = @p12
OUTPUT 1
WHERE [Id] = @p13;
UPDATE [DoctorSchedules] SET [AppointmentDurationMinutes] = @p14, [DayOfWeek] = @p15, [DoctorId] = @p16, [EndTime] = @p17, [IsActive] = @p18, [StartTime] = @p19
OUTPUT 1
WHERE [Id] = @p20;
UPDATE [DoctorSchedules] SET [AppointmentDurationMinutes] = @p21, [DayOfWeek] = @p22, [DoctorId] = @p23, [EndTime] = @p24, [IsActive] = @p25, [StartTime] = @p26
OUTPUT 1
WHERE [Id] = @p27;
UPDATE [DoctorSchedules] SET [AppointmentDurationMinutes] = @p28, [DayOfWeek] = @p29, [DoctorId] = @p30, [EndTime] = @p31, [IsActive] = @p32, [StartTime] = @p33
OUTPUT 1
WHERE [Id] = @p34;
INSERT INTO [DoctorSchedules] ([Id], [AppointmentDurationMinutes], [DayOfWeek], [DoctorId], [EndTime], [IsActive], [StartTime])
VALUES (@p35, @p36, @p37, @p38, @p39, @p40, @p41);
2026-06-28 20:22:38.353 +03:00 [ERR] An exception occurred in the database while saving changes for context type 'HospitalSystem.Infrastructure.Persistence.HospitalDbContext'.
Microsoft.EntityFrameworkCore.DbUpdateException: An error occurred while saving the entity changes. See the inner exception for details.
 ---> Microsoft.Data.SqlClient.SqlException (0x80131904): Cannot insert duplicate key row in object 'dbo.DoctorSchedules' with unique index 'IX_DoctorSchedules_DoctorId_DayOfWeek'. The duplicate key value is (eea5306b-9d0d-474f-b644-e334fdedcbe6, 1).
   at Microsoft.Data.SqlClient.SqlConnection.OnError(SqlException exception, Boolean breakConnection, Action`1 wrapCloseInAction)
   at Microsoft.Data.SqlClient.SqlInternalConnection.OnError(SqlException exception, Boolean breakConnection, Action`1 wrapCloseInAction)
   at Microsoft.Data.SqlClient.TdsParser.ThrowExceptionAndWarning(TdsParserStateObject stateObj, SqlCommand command, Boolean callerHasConnectionLock, Boolean asyncClose)
   at Microsoft.Data.SqlClient.TdsParser.TryRun(RunBehavior runBehavior, SqlCommand cmdHandler, SqlDataReader dataStream, BulkCopySimpleResultSet bulkCopyHandler, TdsParserStateObject stateObj, Boolean& dataReady)
   at Microsoft.Data.SqlClient.SqlDataReader.TryHasMoreRows(Boolean& moreRows)
   at Microsoft.Data.SqlClient.SqlDataReader.TryHasMoreResults(Boolean& moreResults)
   at Microsoft.Data.SqlClient.SqlDataReader.TryNextResult(Boolean& more)
   at Microsoft.Data.SqlClient.SqlDataReader.NextResultAsyncExecute(Task task, Object state)
   at Microsoft.Data.SqlClient.SqlDataReader.InvokeAsyncCall[T](SqlDataReaderBaseAsyncCallContext`1 context)
--- End of stack trace from previous location ---
   at Microsoft.EntityFrameworkCore.Update.AffectedCountModificationCommandBatch.ConsumeAsync(RelationalDataReader reader, CancellationToken cancellationToken)
ClientConnectionId:0eaef420-b89c-463b-998d-c4b7e642f5e2
Error Number:2601,State:1,Class:14
   --- End of inner exception stack trace ---
   at Microsoft.EntityFrameworkCore.Update.AffectedCountModificationCommandBatch.ConsumeAsync(RelationalDataReader reader, CancellationToken cancellationToken)
   at Microsoft.EntityFrameworkCore.Update.ReaderModificationCommandBatch.ExecuteAsync(IRelationalConnection connection, CancellationToken cancellationToken)
   at Microsoft.EntityFrameworkCore.Update.ReaderModificationCommandBatch.ExecuteAsync(IRelationalConnection connection, CancellationToken cancellationToken)
   at Microsoft.EntityFrameworkCore.SqlServer.Update.Internal.SqlServerModificationCommandBatch.ExecuteAsync(IRelationalConnection connection, CancellationToken cancellationToken)
   at Microsoft.EntityFrameworkCore.Update.Internal.BatchExecutor.ExecuteAsync(IEnumerable`1 commandBatches, IRelationalConnection connection, CancellationToken cancellationToken)
   at Microsoft.EntityFrameworkCore.Update.Internal.BatchExecutor.ExecuteAsync(IEnumerable`1 commandBatches, IRelationalConnection connection, CancellationToken cancellationToken)
   at Microsoft.EntityFrameworkCore.Update.Internal.BatchExecutor.ExecuteAsync(IEnumerable`1 commandBatches, IRelationalConnection connection, CancellationToken cancellationToken)
   at Microsoft.EntityFrameworkCore.Storage.RelationalDatabase.SaveChangesAsync(IList`1 entries, CancellationToken cancellationToken)
   at Microsoft.EntityFrameworkCore.ChangeTracking.Internal.StateManager.SaveChangesAsync(IList`1 entriesToSave, CancellationToken cancellationToken)
   at Microsoft.EntityFrameworkCore.ChangeTracking.Internal.StateManager.SaveChangesAsync(StateManager stateManager, Boolean acceptAllChangesOnSuccess, CancellationToken cancellationToken)
   at Microsoft.EntityFrameworkCore.SqlServer.Storage.Internal.SqlServerExecutionStrategy.ExecuteAsync[TState,TResult](TState state, Func`4 operation, Func`4 verifySucceeded, CancellationToken cancellationToken)
   at Microsoft.EntityFrameworkCore.DbContext.SaveChangesAsync(Boolean acceptAllChangesOnSuccess, CancellationToken cancellationToken)
Microsoft.EntityFrameworkCore.DbUpdateException: An error occurred while saving the entity changes. See the inner exception for details.
 ---> Microsoft.Data.SqlClient.SqlException (0x80131904): Cannot insert duplicate key row in object 'dbo.DoctorSchedules' with unique index 'IX_DoctorSchedules_DoctorId_DayOfWeek'. The duplicate key value is (eea5306b-9d0d-474f-b644-e334fdedcbe6, 1).
   at Microsoft.Data.SqlClient.SqlConnection.OnError(SqlException exception, Boolean breakConnection, Action`1 wrapCloseInAction)
   at Microsoft.Data.SqlClient.SqlInternalConnection.OnError(SqlException exception, Boolean breakConnection, Action`1 wrapCloseInAction)
   at Microsoft.Data.SqlClient.TdsParser.ThrowExceptionAndWarning(TdsParserStateObject stateObj, SqlCommand command, Boolean callerHasConnectionLock, Boolean asyncClose)
   at Microsoft.Data.SqlClient.TdsParser.TryRun(RunBehavior runBehavior, SqlCommand cmdHandler, SqlDataReader dataStream, BulkCopySimpleResultSet bulkCopyHandler, TdsParserStateObject stateObj, Boolean& dataReady)
   at Microsoft.Data.SqlClient.SqlDataReader.TryHasMoreRows(Boolean& moreRows)
   at Microsoft.Data.SqlClient.SqlDataReader.TryHasMoreResults(Boolean& moreResults)
   at Microsoft.Data.SqlClient.SqlDataReader.TryNextResult(Boolean& more)
   at Microsoft.Data.SqlClient.SqlDataReader.NextResultAsyncExecute(Task task, Object state)
   at Microsoft.Data.SqlClient.SqlDataReader.InvokeAsyncCall[T](SqlDataReaderBaseAsyncCallContext`1 context)
--- End of stack trace from previous location ---
   at Microsoft.EntityFrameworkCore.Update.AffectedCountModificationCommandBatch.ConsumeAsync(RelationalDataReader reader, CancellationToken cancellationToken)
ClientConnectionId:0eaef420-b89c-463b-998d-c4b7e642f5e2
Error Number:2601,State:1,Class:14
   --- End of inner exception stack trace ---
   at Microsoft.EntityFrameworkCore.Update.AffectedCountModificationCommandBatch.ConsumeAsync(RelationalDataReader reader, CancellationToken cancellationToken)
   at Microsoft.EntityFrameworkCore.Update.ReaderModificationCommandBatch.ExecuteAsync(IRelationalConnection connection, CancellationToken cancellationToken)
   at Microsoft.EntityFrameworkCore.Update.ReaderModificationCommandBatch.ExecuteAsync(IRelationalConnection connection, CancellationToken cancellationToken)
   at Microsoft.EntityFrameworkCore.SqlServer.Update.Internal.SqlServerModificationCommandBatch.ExecuteAsync(IRelationalConnection connection, CancellationToken cancellationToken)
   at Microsoft.EntityFrameworkCore.Update.Internal.BatchExecutor.ExecuteAsync(IEnumerable`1 commandBatches, IRelationalConnection connection, CancellationToken cancellationToken)
   at Microsoft.EntityFrameworkCore.Update.Internal.BatchExecutor.ExecuteAsync(IEnumerable`1 commandBatches, IRelationalConnection connection, CancellationToken cancellationToken)
   at Microsoft.EntityFrameworkCore.Update.Internal.BatchExecutor.ExecuteAsync(IEnumerable`1 commandBatches, IRelationalConnection connection, CancellationToken cancellationToken)
   at Microsoft.EntityFrameworkCore.Storage.RelationalDatabase.SaveChangesAsync(IList`1 entries, CancellationToken cancellationToken)
   at Microsoft.EntityFrameworkCore.ChangeTracking.Internal.StateManager.SaveChangesAsync(IList`1 entriesToSave, CancellationToken cancellationToken)
   at Microsoft.EntityFrameworkCore.ChangeTracking.Internal.StateManager.SaveChangesAsync(StateManager stateManager, Boolean acceptAllChangesOnSuccess, CancellationToken cancellationToken)
   at Microsoft.EntityFrameworkCore.SqlServer.Storage.Internal.SqlServerExecutionStrategy.ExecuteAsync[TState,TResult](TState state, Func`4 operation, Func`4 verifySucceeded, CancellationToken cancellationToken)
   at Microsoft.EntityFrameworkCore.DbContext.SaveChangesAsync(Boolean acceptAllChangesOnSuccess, CancellationToken cancellationToken)
2026-06-28 20:22:38.358 +03:00 [ERR] Unhandled exception occurred.
Microsoft.EntityFrameworkCore.DbUpdateException: An error occurred while saving the entity changes. See the inner exception for details.
 ---> Microsoft.Data.SqlClient.SqlException (0x80131904): Cannot insert duplicate key row in object 'dbo.DoctorSchedules' with unique index 'IX_DoctorSchedules_DoctorId_DayOfWeek'. The duplicate key value is (eea5306b-9d0d-474f-b644-e334fdedcbe6, 1).
   at Microsoft.Data.SqlClient.SqlConnection.OnError(SqlException exception, Boolean breakConnection, Action`1 wrapCloseInAction)
   at Microsoft.Data.SqlClient.SqlInternalConnection.OnError(SqlException exception, Boolean breakConnection, Action`1 wrapCloseInAction)
   at Microsoft.Data.SqlClient.TdsParser.ThrowExceptionAndWarning(TdsParserStateObject stateObj, SqlCommand command, Boolean callerHasConnectionLock, Boolean asyncClose)
   at Microsoft.Data.SqlClient.TdsParser.TryRun(RunBehavior runBehavior, SqlCommand cmdHandler, SqlDataReader dataStream, BulkCopySimpleResultSet bulkCopyHandler, TdsParserStateObject stateObj, Boolean& dataReady)
   at Microsoft.Data.SqlClient.SqlDataReader.TryHasMoreRows(Boolean& moreRows)
   at Microsoft.Data.SqlClient.SqlDataReader.TryHasMoreResults(Boolean& moreResults)
   at Microsoft.Data.SqlClient.SqlDataReader.TryNextResult(Boolean& more)
   at Microsoft.Data.SqlClient.SqlDataReader.NextResultAsyncExecute(Task task, Object state)
   at Microsoft.Data.SqlClient.SqlDataReader.InvokeAsyncCall[T](SqlDataReaderBaseAsyncCallContext`1 context)
--- End of stack trace from previous location ---
   at Microsoft.EntityFrameworkCore.Update.AffectedCountModificationCommandBatch.ConsumeAsync(RelationalDataReader reader, CancellationToken cancellationToken)
ClientConnectionId:0eaef420-b89c-463b-998d-c4b7e642f5e2
Error Number:2601,State:1,Class:14
   --- End of inner exception stack trace ---
   at Microsoft.EntityFrameworkCore.Update.AffectedCountModificationCommandBatch.ConsumeAsync(RelationalDataReader reader, CancellationToken cancellationToken)
   at Microsoft.EntityFrameworkCore.Update.ReaderModificationCommandBatch.ExecuteAsync(IRelationalConnection connection, CancellationToken cancellationToken)
   at Microsoft.EntityFrameworkCore.Update.ReaderModificationCommandBatch.ExecuteAsync(IRelationalConnection connection, CancellationToken cancellationToken)
   at Microsoft.EntityFrameworkCore.SqlServer.Update.Internal.SqlServerModificationCommandBatch.ExecuteAsync(IRelationalConnection connection, CancellationToken cancellationToken)
   at Microsoft.EntityFrameworkCore.Update.Internal.BatchExecutor.ExecuteAsync(IEnumerable`1 commandBatches, IRelationalConnection connection, CancellationToken cancellationToken)
   at Microsoft.EntityFrameworkCore.Update.Internal.BatchExecutor.ExecuteAsync(IEnumerable`1 commandBatches, IRelationalConnection connection, CancellationToken cancellationToken)
   at Microsoft.EntityFrameworkCore.Update.Internal.BatchExecutor.ExecuteAsync(IEnumerable`1 commandBatches, IRelationalConnection connection, CancellationToken cancellationToken)
   at Microsoft.EntityFrameworkCore.Storage.RelationalDatabase.SaveChangesAsync(IList`1 entries, CancellationToken cancellationToken)
   at Microsoft.EntityFrameworkCore.ChangeTracking.Internal.StateManager.SaveChangesAsync(IList`1 entriesToSave, CancellationToken cancellationToken)
   at Microsoft.EntityFrameworkCore.ChangeTracking.Internal.StateManager.SaveChangesAsync(StateManager stateManager, Boolean acceptAllChangesOnSuccess, CancellationToken cancellationToken)
   at Microsoft.EntityFrameworkCore.SqlServer.Storage.Internal.SqlServerExecutionStrategy.ExecuteAsync[TState,TResult](TState state, Func`4 operation, Func`4 verifySucceeded, CancellationToken cancellationToken)
   at Microsoft.EntityFrameworkCore.DbContext.SaveChangesAsync(Boolean acceptAllChangesOnSuccess, CancellationToken cancellationToken)
   at Microsoft.EntityFrameworkCore.DbContext.SaveChangesAsync(Boolean acceptAllChangesOnSuccess, CancellationToken cancellationToken)
   at HospitalSystem.Infrastructure.Repositories.UnitOfWork.SaveChangesAsync(CancellationToken cancellationToken) in G:\DEPI\HospitalSystem.Infrastructure\Repositories\UnitOfWork.cs:line 37
   at HospitalSystem.Application.Services.DoctorService.SetScheduleAsync(Guid doctorId, SetDoctorScheduleRequest request, CancellationToken cancellationToken) in G:\DEPI\HospitalSystem.Application\Services\DoctorService.cs:line 125
   at HospitalSystem.API.Controllers.DoctorsController.SetSchedule(Guid id, SetDoctorScheduleRequest request, CancellationToken cancellationToken) in G:\DEPI\HospitalSystem.API\Controllers\DoctorsController.cs:line 185
   at lambda_method522(Closure, Object)
   at Microsoft.AspNetCore.Mvc.Infrastructure.ActionMethodExecutor.AwaitableObjectResultExecutor.Execute(ActionContext actionContext, IActionResultTypeMapper mapper, ObjectMethodExecutor executor, Object controller, Object[] arguments)
   at Microsoft.AspNetCore.Mvc.Infrastructure.ControllerActionInvoker.<InvokeActionMethodAsync>g__Awaited|12_0(ControllerActionInvoker invoker, ValueTask`1 actionResultValueTask)
   at Microsoft.AspNetCore.Mvc.Infrastructure.ControllerActionInvoker.<InvokeNextActionFilterAsync>g__Awaited|10_0(ControllerActionInvoker invoker, Task lastTask, State next, Scope scope, Object state, Boolean isCompleted)
   at Microsoft.AspNetCore.Mvc.Infrastructure.ControllerActionInvoker.Rethrow(ActionExecutedContextSealed context)
   at Microsoft.AspNetCore.Mvc.Infrastructure.ControllerActionInvoker.Next(State& next, Scope& scope, Object& state, Boolean& isCompleted)
   at Microsoft.AspNetCore.Mvc.Infrastructure.ControllerActionInvoker.<InvokeInnerFilterAsync>g__Awaited|13_0(ControllerActionInvoker invoker, Task lastTask, State next, Scope scope, Object state, Boolean isCompleted)
   at Microsoft.AspNetCore.Mvc.Infrastructure.ResourceInvoker.<InvokeFilterPipelineAsync>g__Awaited|20_0(ResourceInvoker invoker, Task lastTask, State next, Scope scope, Object state, Boolean isCompleted)
   at Microsoft.AspNetCore.Mvc.Infrastructure.ResourceInvoker.<InvokeAsync>g__Awaited|17_0(ResourceInvoker invoker, Task task, IDisposable scope)
   at Microsoft.AspNetCore.Mvc.Infrastructure.ResourceInvoker.<InvokeAsync>g__Awaited|17_0(ResourceInvoker invoker, Task task, IDisposable scope)
   at Microsoft.AspNetCore.Authorization.AuthorizationMiddleware.Invoke(HttpContext context)
   at Microsoft.AspNetCore.Authentication.AuthenticationMiddleware.Invoke(HttpContext context)
   at Swashbuckle.AspNetCore.SwaggerUI.SwaggerUIMiddleware.Invoke(HttpContext httpContext)
   at Swashbuckle.AspNetCore.Swagger.SwaggerMiddleware.Invoke(HttpContext httpContext, ISwaggerProvider swaggerProvider)
   at HospitalSystem.API.Middleware.RequestLoggingMiddleware.InvokeAsync(HttpContext context) in G:\DEPI\HospitalSystem.API\Middleware\RequestLoggingMiddleware.cs:line 19
   at HospitalSystem.API.Middleware.ExceptionHandlingMiddleware.InvokeAsync(HttpContext context) in G:\DEPI\HospitalSystem.API\Middleware\ExceptionHandlingMiddleware.cs:line 24
2026-06-28 20:22:41.727 +03:00 [INF] Executed DbCommand (1ms) [Parameters=[@p='?' (DbType = Guid)], CommandType='"Text"', CommandTimeout='30']
SELECT TOP(1) [d].[Id], [d].[DepartmentId], [d].[FullName], [d].[IsActive], [d].[Phone], [d].[Specialization], [d].[UserId]
FROM [Doctors] AS [d]
WHERE [d].[Id] = @p
2026-06-28 20:22:41.730 +03:00 [INF] Executed DbCommand (1ms) [Parameters=[], CommandType='"Text"', CommandTimeout='30']
SELECT [d].[Id], [d].[AppointmentDurationMinutes], [d].[DayOfWeek], [d].[DoctorId], [d].[EndTime], [d].[IsActive], [d].[StartTime]
FROM [DoctorSchedules] AS [d]
2026-06-28 20:22:41.742 +03:00 [INF] Executed DbCommand (2ms) [Parameters=[@p6='?' (DbType = Guid), @p0='?' (DbType = Int32), @p1='?' (DbType = Int32), @p2='?' (DbType = Guid), @p3='?' (DbType = Time), @p4='?' (DbType = Boolean), @p5='?' (DbType = Time), @p13='?' (DbType = Guid), @p7='?' (DbType = Int32), @p8='?' (DbType = Int32), @p9='?' (DbType = Guid), @p10='?' (DbType = Time), @p11='?' (DbType = Boolean), @p12='?' (DbType = Time), @p20='?' (DbType = Guid), @p14='?' (DbType = Int32), @p15='?' (DbType = Int32), @p16='?' (DbType = Guid), @p17='?' (DbType = Time), @p18='?' (DbType = Boolean), @p19='?' (DbType = Time), @p27='?' (DbType = Guid), @p21='?' (DbType = Int32), @p22='?' (DbType = Int32), @p23='?' (DbType = Guid), @p24='?' (DbType = Time), @p25='?' (DbType = Boolean), @p26='?' (DbType = Time), @p34='?' (DbType = Guid), @p28='?' (DbType = Int32), @p29='?' (DbType = Int32), @p30='?' (DbType = Guid), @p31='?' (DbType = Time), @p32='?' (DbType = Boolean), @p33='?' (DbType = Time), @p35='?' (DbType = Guid), @p36='?' (DbType = Int32), @p37='?' (DbType = Int32), @p38='?' (DbType = Guid), @p39='?' (DbType = Time), @p40='?' (DbType = Boolean), @p41='?' (DbType = Time)], CommandType='"Text"', CommandTimeout='30']
SET NOCOUNT ON;
UPDATE [DoctorSchedules] SET [AppointmentDurationMinutes] = @p0, [DayOfWeek] = @p1, [DoctorId] = @p2, [EndTime] = @p3, [IsActive] = @p4, [StartTime] = @p5
OUTPUT 1
WHERE [Id] = @p6;
UPDATE [DoctorSchedules] SET [AppointmentDurationMinutes] = @p7, [DayOfWeek] = @p8, [DoctorId] = @p9, [EndTime] = @p10, [IsActive] = @p11, [StartTime] = @p12
OUTPUT 1
WHERE [Id] = @p13;
UPDATE [DoctorSchedules] SET [AppointmentDurationMinutes] = @p14, [DayOfWeek] = @p15, [DoctorId] = @p16, [EndTime] = @p17, [IsActive] = @p18, [StartTime] = @p19
OUTPUT 1
WHERE [Id] = @p20;
UPDATE [DoctorSchedules] SET [AppointmentDurationMinutes] = @p21, [DayOfWeek] = @p22, [DoctorId] = @p23, [EndTime] = @p24, [IsActive] = @p25, [StartTime] = @p26
OUTPUT 1
WHERE [Id] = @p27;
UPDATE [DoctorSchedules] SET [AppointmentDurationMinutes] = @p28, [DayOfWeek] = @p29, [DoctorId] = @p30, [EndTime] = @p31, [IsActive] = @p32, [StartTime] = @p33
OUTPUT 1
WHERE [Id] = @p34;
INSERT INTO [DoctorSchedules] ([Id], [AppointmentDurationMinutes], [DayOfWeek], [DoctorId], [EndTime], [IsActive], [StartTime])
VALUES (@p35, @p36, @p37, @p38, @p39, @p40, @p41);
2026-06-28 20:22:41.746 +03:00 [ERR] An exception occurred in the database while saving changes for context type 'HospitalSystem.Infrastructure.Persistence.HospitalDbContext'.
Microsoft.EntityFrameworkCore.DbUpdateException: An error occurred while saving the entity changes. See the inner exception for details.
 ---> Microsoft.Data.SqlClient.SqlException (0x80131904): Cannot insert duplicate key row in object 'dbo.DoctorSchedules' with unique index 'IX_DoctorSchedules_DoctorId_DayOfWeek'. The duplicate key value is (eea5306b-9d0d-474f-b644-e334fdedcbe6, 1).
   at Microsoft.Data.SqlClient.SqlConnection.OnError(SqlException exception, Boolean breakConnection, Action`1 wrapCloseInAction)
   at Microsoft.Data.SqlClient.SqlInternalConnection.OnError(SqlException exception, Boolean breakConnection, Action`1 wrapCloseInAction)
   at Microsoft.Data.SqlClient.TdsParser.ThrowExceptionAndWarning(TdsParserStateObject stateObj, SqlCommand command, Boolean callerHasConnectionLock, Boolean asyncClose)
   at Microsoft.Data.SqlClient.TdsParser.TryRun(RunBehavior runBehavior, SqlCommand cmdHandler, SqlDataReader dataStream, BulkCopySimpleResultSet bulkCopyHandler, TdsParserStateObject stateObj, Boolean& dataReady)
   at Microsoft.Data.SqlClient.SqlDataReader.TryHasMoreRows(Boolean& moreRows)
   at Microsoft.Data.SqlClient.SqlDataReader.TryHasMoreResults(Boolean& moreResults)
   at Microsoft.Data.SqlClient.SqlDataReader.TryNextResult(Boolean& more)
   at Microsoft.Data.SqlClient.SqlDataReader.NextResultAsyncExecute(Task task, Object state)
   at Microsoft.Data.SqlClient.SqlDataReader.InvokeAsyncCall[T](SqlDataReaderBaseAsyncCallContext`1 context)
--- End of stack trace from previous location ---
   at Microsoft.EntityFrameworkCore.Update.AffectedCountModificationCommandBatch.ConsumeAsync(RelationalDataReader reader, CancellationToken cancellationToken)
ClientConnectionId:0eaef420-b89c-463b-998d-c4b7e642f5e2
Error Number:2601,State:1,Class:14
   --- End of inner exception stack trace ---
   at Microsoft.EntityFrameworkCore.Update.AffectedCountModificationCommandBatch.ConsumeAsync(RelationalDataReader reader, CancellationToken cancellationToken)
   at Microsoft.EntityFrameworkCore.Update.ReaderModificationCommandBatch.ExecuteAsync(IRelationalConnection connection, CancellationToken cancellationToken)
   at Microsoft.EntityFrameworkCore.Update.ReaderModificationCommandBatch.ExecuteAsync(IRelationalConnection connection, CancellationToken cancellationToken)
   at Microsoft.EntityFrameworkCore.SqlServer.Update.Internal.SqlServerModificationCommandBatch.ExecuteAsync(IRelationalConnection connection, CancellationToken cancellationToken)
   at Microsoft.EntityFrameworkCore.Update.Internal.BatchExecutor.ExecuteAsync(IEnumerable`1 commandBatches, IRelationalConnection connection, CancellationToken cancellationToken)
   at Microsoft.EntityFrameworkCore.Update.Internal.BatchExecutor.ExecuteAsync(IEnumerable`1 commandBatches, IRelationalConnection connection, CancellationToken cancellationToken)
   at Microsoft.EntityFrameworkCore.Update.Internal.BatchExecutor.ExecuteAsync(IEnumerable`1 commandBatches, IRelationalConnection connection, CancellationToken cancellationToken)
   at Microsoft.EntityFrameworkCore.Storage.RelationalDatabase.SaveChangesAsync(IList`1 entries, CancellationToken cancellationToken)
   at Microsoft.EntityFrameworkCore.ChangeTracking.Internal.StateManager.SaveChangesAsync(IList`1 entriesToSave, CancellationToken cancellationToken)
   at Microsoft.EntityFrameworkCore.ChangeTracking.Internal.StateManager.SaveChangesAsync(StateManager stateManager, Boolean acceptAllChangesOnSuccess, CancellationToken cancellationToken)
   at Microsoft.EntityFrameworkCore.SqlServer.Storage.Internal.SqlServerExecutionStrategy.ExecuteAsync[TState,TResult](TState state, Func`4 operation, Func`4 verifySucceeded, CancellationToken cancellationToken)
   at Microsoft.EntityFrameworkCore.DbContext.SaveChangesAsync(Boolean acceptAllChangesOnSuccess, CancellationToken cancellationToken)
Microsoft.EntityFrameworkCore.DbUpdateException: An error occurred while saving the entity changes. See the inner exception for details.
 ---> Microsoft.Data.SqlClient.SqlException (0x80131904): Cannot insert duplicate key row in object 'dbo.DoctorSchedules' with unique index 'IX_DoctorSchedules_DoctorId_DayOfWeek'. The duplicate key value is (eea5306b-9d0d-474f-b644-e334fdedcbe6, 1).
   at Microsoft.Data.SqlClient.SqlConnection.OnError(SqlException exception, Boolean breakConnection, Action`1 wrapCloseInAction)
   at Microsoft.Data.SqlClient.SqlInternalConnection.OnError(SqlException exception, Boolean breakConnection, Action`1 wrapCloseInAction)
   at Microsoft.Data.SqlClient.TdsParser.ThrowExceptionAndWarning(TdsParserStateObject stateObj, SqlCommand command, Boolean callerHasConnectionLock, Boolean asyncClose)
   at Microsoft.Data.SqlClient.TdsParser.TryRun(RunBehavior runBehavior, SqlCommand cmdHandler, SqlDataReader dataStream, BulkCopySimpleResultSet bulkCopyHandler, TdsParserStateObject stateObj, Boolean& dataReady)
   at Microsoft.Data.SqlClient.SqlDataReader.TryHasMoreRows(Boolean& moreRows)
   at Microsoft.Data.SqlClient.SqlDataReader.TryHasMoreResults(Boolean& moreResults)
   at Microsoft.Data.SqlClient.SqlDataReader.TryNextResult(Boolean& more)
   at Microsoft.Data.SqlClient.SqlDataReader.NextResultAsyncExecute(Task task, Object state)
   at Microsoft.Data.SqlClient.SqlDataReader.InvokeAsyncCall[T](SqlDataReaderBaseAsyncCallContext`1 context)
--- End of stack trace from previous location ---
   at Microsoft.EntityFrameworkCore.Update.AffectedCountModificationCommandBatch.ConsumeAsync(RelationalDataReader reader, CancellationToken cancellationToken)
ClientConnectionId:0eaef420-b89c-463b-998d-c4b7e642f5e2
Error Number:2601,State:1,Class:14
   --- End of inner exception stack trace ---
   at Microsoft.EntityFrameworkCore.Update.AffectedCountModificationCommandBatch.ConsumeAsync(RelationalDataReader reader, CancellationToken cancellationToken)
   at Microsoft.EntityFrameworkCore.Update.ReaderModificationCommandBatch.ExecuteAsync(IRelationalConnection connection, CancellationToken cancellationToken)
   at Microsoft.EntityFrameworkCore.Update.ReaderModificationCommandBatch.ExecuteAsync(IRelationalConnection connection, CancellationToken cancellationToken)
   at Microsoft.EntityFrameworkCore.SqlServer.Update.Internal.SqlServerModificationCommandBatch.ExecuteAsync(IRelationalConnection connection, CancellationToken cancellationToken)
   at Microsoft.EntityFrameworkCore.Update.Internal.BatchExecutor.ExecuteAsync(IEnumerable`1 commandBatches, IRelationalConnection connection, CancellationToken cancellationToken)
   at Microsoft.EntityFrameworkCore.Update.Internal.BatchExecutor.ExecuteAsync(IEnumerable`1 commandBatches, IRelationalConnection connection, CancellationToken cancellationToken)
   at Microsoft.EntityFrameworkCore.Update.Internal.BatchExecutor.ExecuteAsync(IEnumerable`1 commandBatches, IRelationalConnection connection, CancellationToken cancellationToken)
   at Microsoft.EntityFrameworkCore.Storage.RelationalDatabase.SaveChangesAsync(IList`1 entries, CancellationToken cancellationToken)
   at Microsoft.EntityFrameworkCore.ChangeTracking.Internal.StateManager.SaveChangesAsync(IList`1 entriesToSave, CancellationToken cancellationToken)
   at Microsoft.EntityFrameworkCore.ChangeTracking.Internal.StateManager.SaveChangesAsync(StateManager stateManager, Boolean acceptAllChangesOnSuccess, CancellationToken cancellationToken)
   at Microsoft.EntityFrameworkCore.SqlServer.Storage.Internal.SqlServerExecutionStrategy.ExecuteAsync[TState,TResult](TState state, Func`4 operation, Func`4 verifySucceeded, CancellationToken cancellationToken)
   at Microsoft.EntityFrameworkCore.DbContext.SaveChangesAsync(Boolean acceptAllChangesOnSuccess, CancellationToken cancellationToken)
2026-06-28 20:22:41.750 +03:00 [ERR] Unhandled exception occurred.
Microsoft.EntityFrameworkCore.DbUpdateException: An error occurred while saving the entity changes. See the inner exception for details.
 ---> Microsoft.Data.SqlClient.SqlException (0x80131904): Cannot insert duplicate key row in object 'dbo.DoctorSchedules' with unique index 'IX_DoctorSchedules_DoctorId_DayOfWeek'. The duplicate key value is (eea5306b-9d0d-474f-b644-e334fdedcbe6, 1).
   at Microsoft.Data.SqlClient.SqlConnection.OnError(SqlException exception, Boolean breakConnection, Action`1 wrapCloseInAction)
   at Microsoft.Data.SqlClient.SqlInternalConnection.OnError(SqlException exception, Boolean breakConnection, Action`1 wrapCloseInAction)
   at Microsoft.Data.SqlClient.TdsParser.ThrowExceptionAndWarning(TdsParserStateObject stateObj, SqlCommand command, Boolean callerHasConnectionLock, Boolean asyncClose)
   at Microsoft.Data.SqlClient.TdsParser.TryRun(RunBehavior runBehavior, SqlCommand cmdHandler, SqlDataReader dataStream, BulkCopySimpleResultSet bulkCopyHandler, TdsParserStateObject stateObj, Boolean& dataReady)
   at Microsoft.Data.SqlClient.SqlDataReader.TryHasMoreRows(Boolean& moreRows)
   at Microsoft.Data.SqlClient.SqlDataReader.TryHasMoreResults(Boolean& moreResults)
   at Microsoft.Data.SqlClient.SqlDataReader.TryNextResult(Boolean& more)
   at Microsoft.Data.SqlClient.SqlDataReader.NextResultAsyncExecute(Task task, Object state)
   at Microsoft.Data.SqlClient.SqlDataReader.InvokeAsyncCall[T](SqlDataReaderBaseAsyncCallContext`1 context)
--- End of stack trace from previous location ---
   at Microsoft.EntityFrameworkCore.Update.AffectedCountModificationCommandBatch.ConsumeAsync(RelationalDataReader reader, CancellationToken cancellationToken)
ClientConnectionId:0eaef420-b89c-463b-998d-c4b7e642f5e2
Error Number:2601,State:1,Class:14
   --- End of inner exception stack trace ---
   at Microsoft.EntityFrameworkCore.Update.AffectedCountModificationCommandBatch.ConsumeAsync(RelationalDataReader reader, CancellationToken cancellationToken)
   at Microsoft.EntityFrameworkCore.Update.ReaderModificationCommandBatch.ExecuteAsync(IRelationalConnection connection, CancellationToken cancellationToken)
   at Microsoft.EntityFrameworkCore.Update.ReaderModificationCommandBatch.ExecuteAsync(IRelationalConnection connection, CancellationToken cancellationToken)
   at Microsoft.EntityFrameworkCore.SqlServer.Update.Internal.SqlServerModificationCommandBatch.ExecuteAsync(IRelationalConnection connection, CancellationToken cancellationToken)
   at Microsoft.EntityFrameworkCore.Update.Internal.BatchExecutor.ExecuteAsync(IEnumerable`1 commandBatches, IRelationalConnection connection, CancellationToken cancellationToken)
   at Microsoft.EntityFrameworkCore.Update.Internal.BatchExecutor.ExecuteAsync(IEnumerable`1 commandBatches, IRelationalConnection connection, CancellationToken cancellationToken)
   at Microsoft.EntityFrameworkCore.Update.Internal.BatchExecutor.ExecuteAsync(IEnumerable`1 commandBatches, IRelationalConnection connection, CancellationToken cancellationToken)
   at Microsoft.EntityFrameworkCore.Storage.RelationalDatabase.SaveChangesAsync(IList`1 entries, CancellationToken cancellationToken)
   at Microsoft.EntityFrameworkCore.ChangeTracking.Internal.StateManager.SaveChangesAsync(IList`1 entriesToSave, CancellationToken cancellationToken)
   at Microsoft.EntityFrameworkCore.ChangeTracking.Internal.StateManager.SaveChangesAsync(StateManager stateManager, Boolean acceptAllChangesOnSuccess, CancellationToken cancellationToken)
   at Microsoft.EntityFrameworkCore.SqlServer.Storage.Internal.SqlServerExecutionStrategy.ExecuteAsync[TState,TResult](TState state, Func`4 operation, Func`4 verifySucceeded, CancellationToken cancellationToken)
   at Microsoft.EntityFrameworkCore.DbContext.SaveChangesAsync(Boolean acceptAllChangesOnSuccess, CancellationToken cancellationToken)
   at Microsoft.EntityFrameworkCore.DbContext.SaveChangesAsync(Boolean acceptAllChangesOnSuccess, CancellationToken cancellationToken)
   at HospitalSystem.Infrastructure.Repositories.UnitOfWork.SaveChangesAsync(CancellationToken cancellationToken) in G:\DEPI\HospitalSystem.Infrastructure\Repositories\UnitOfWork.cs:line 37
   at HospitalSystem.Application.Services.DoctorService.SetScheduleAsync(Guid doctorId, SetDoctorScheduleRequest request, CancellationToken cancellationToken) in G:\DEPI\HospitalSystem.Application\Services\DoctorService.cs:line 125
   at HospitalSystem.API.Controllers.DoctorsController.SetSchedule(Guid id, SetDoctorScheduleRequest request, CancellationToken cancellationToken) in G:\DEPI\HospitalSystem.API\Controllers\DoctorsController.cs:line 185
   at lambda_method522(Closure, Object)
   at Microsoft.AspNetCore.Mvc.Infrastructure.ActionMethodExecutor.AwaitableObjectResultExecutor.Execute(ActionContext actionContext, IActionResultTypeMapper mapper, ObjectMethodExecutor executor, Object controller, Object[] arguments)
   at Microsoft.AspNetCore.Mvc.Infrastructure.ControllerActionInvoker.<InvokeActionMethodAsync>g__Awaited|12_0(ControllerActionInvoker invoker, ValueTask`1 actionResultValueTask)
   at Microsoft.AspNetCore.Mvc.Infrastructure.ControllerActionInvoker.<InvokeNextActionFilterAsync>g__Awaited|10_0(ControllerActionInvoker invoker, Task lastTask, State next, Scope scope, Object state, Boolean isCompleted)
   at Microsoft.AspNetCore.Mvc.Infrastructure.ControllerActionInvoker.Rethrow(ActionExecutedContextSealed context)
   at Microsoft.AspNetCore.Mvc.Infrastructure.ControllerActionInvoker.Next(State& next, Scope& scope, Object& state, Boolean& isCompleted)
   at Microsoft.AspNetCore.Mvc.Infrastructure.ControllerActionInvoker.<InvokeInnerFilterAsync>g__Awaited|13_0(ControllerActionInvoker invoker, Task lastTask, State next, Scope scope, Object state, Boolean isCompleted)
   at Microsoft.AspNetCore.Mvc.Infrastructure.ResourceInvoker.<InvokeFilterPipelineAsync>g__Awaited|20_0(ResourceInvoker invoker, Task lastTask, State next, Scope scope, Object state, Boolean isCompleted)
   at Microsoft.AspNetCore.Mvc.Infrastructure.ResourceInvoker.<InvokeAsync>g__Awaited|17_0(ResourceInvoker invoker, Task task, IDisposable scope)
   at Microsoft.AspNetCore.Mvc.Infrastructure.ResourceInvoker.<InvokeAsync>g__Awaited|17_0(ResourceInvoker invoker, Task task, IDisposable scope)
   at Microsoft.AspNetCore.Authorization.AuthorizationMiddleware.Invoke(HttpContext context)
   at Microsoft.AspNetCore.Authentication.AuthenticationMiddleware.Invoke(HttpContext context)
   at Swashbuckle.AspNetCore.SwaggerUI.SwaggerUIMiddleware.Invoke(HttpContext httpContext)
   at Swashbuckle.AspNetCore.Swagger.SwaggerMiddleware.Invoke(HttpContext httpContext, ISwaggerProvider swaggerProvider)
   at HospitalSystem.API.Middleware.RequestLoggingMiddleware.InvokeAsync(HttpContext context) in G:\DEPI\HospitalSystem.API\Middleware\RequestLoggingMiddleware.cs:line 19
   at HospitalSystem.API.Middleware.ExceptionHandlingMiddleware.InvokeAsync(HttpContext context) in G:\DEPI\HospitalSystem.API\Middleware\ExceptionHandlingMiddleware.cs:line 24
2026-06-28 20:22:42.797 +03:00 [INF] HTTP OPTIONS /api/doctors/eea5306b-9d0d-474f-b644-e334fdedcbe6/schedule responded 204 in 0ms
2026-06-28 20:22:42.807 +03:00 [INF] Executed DbCommand (1ms) [Parameters=[@p='?' (DbType = Guid)], CommandType='"Text"', CommandTimeout='30']
SELECT TOP(1) [d].[Id], [d].[DepartmentId], [d].[FullName], [d].[IsActive], [d].[Phone], [d].[Specialization], [d].[UserId]
FROM [Doctors] AS [d]
WHERE [d].[Id] = @p
2026-06-28 20:22:42.808 +03:00 [INF] Executed DbCommand (1ms) [Parameters=[], CommandType='"Text"', CommandTimeout='30']
SELECT [d].[Id], [d].[AppointmentDurationMinutes], [d].[DayOfWeek], [d].[DoctorId], [d].[EndTime], [d].[IsActive], [d].[StartTime]
FROM [DoctorSchedules] AS [d]
2026-06-28 20:22:42.813 +03:00 [INF] Executed DbCommand (2ms) [Parameters=[@p6='?' (DbType = Guid), @p0='?' (DbType = Int32), @p1='?' (DbType = Int32), @p2='?' (DbType = Guid), @p3='?' (DbType = Time), @p4='?' (DbType = Boolean), @p5='?' (DbType = Time), @p13='?' (DbType = Guid), @p7='?' (DbType = Int32), @p8='?' (DbType = Int32), @p9='?' (DbType = Guid), @p10='?' (DbType = Time), @p11='?' (DbType = Boolean), @p12='?' (DbType = Time), @p20='?' (DbType = Guid), @p14='?' (DbType = Int32), @p15='?' (DbType = Int32), @p16='?' (DbType = Guid), @p17='?' (DbType = Time), @p18='?' (DbType = Boolean), @p19='?' (DbType = Time), @p27='?' (DbType = Guid), @p21='?' (DbType = Int32), @p22='?' (DbType = Int32), @p23='?' (DbType = Guid), @p24='?' (DbType = Time), @p25='?' (DbType = Boolean), @p26='?' (DbType = Time), @p34='?' (DbType = Guid), @p28='?' (DbType = Int32), @p29='?' (DbType = Int32), @p30='?' (DbType = Guid), @p31='?' (DbType = Time), @p32='?' (DbType = Boolean), @p33='?' (DbType = Time), @p35='?' (DbType = Guid), @p36='?' (DbType = Int32), @p37='?' (DbType = Int32), @p38='?' (DbType = Guid), @p39='?' (DbType = Time), @p40='?' (DbType = Boolean), @p41='?' (DbType = Time)], CommandType='"Text"', CommandTimeout='30']
SET NOCOUNT ON;
UPDATE [DoctorSchedules] SET [AppointmentDurationMinutes] = @p0, [DayOfWeek] = @p1, [DoctorId] = @p2, [EndTime] = @p3, [IsActive] = @p4, [StartTime] = @p5
OUTPUT 1
WHERE [Id] = @p6;
UPDATE [DoctorSchedules] SET [AppointmentDurationMinutes] = @p7, [DayOfWeek] = @p8, [DoctorId] = @p9, [EndTime] = @p10, [IsActive] = @p11, [StartTime] = @p12
OUTPUT 1
WHERE [Id] = @p13;
UPDATE [DoctorSchedules] SET [AppointmentDurationMinutes] = @p14, [DayOfWeek] = @p15, [DoctorId] = @p16, [EndTime] = @p17, [IsActive] = @p18, [StartTime] = @p19
OUTPUT 1
WHERE [Id] = @p20;
UPDATE [DoctorSchedules] SET [AppointmentDurationMinutes] = @p21, [DayOfWeek] = @p22, [DoctorId] = @p23, [EndTime] = @p24, [IsActive] = @p25, [StartTime] = @p26
OUTPUT 1
WHERE [Id] = @p27;
UPDATE [DoctorSchedules] SET [AppointmentDurationMinutes] = @p28, [DayOfWeek] = @p29, [DoctorId] = @p30, [EndTime] = @p31, [IsActive] = @p32, [StartTime] = @p33
OUTPUT 1
WHERE [Id] = @p34;
INSERT INTO [DoctorSchedules] ([Id], [AppointmentDurationMinutes], [DayOfWeek], [DoctorId], [EndTime], [IsActive], [StartTime])
VALUES (@p35, @p36, @p37, @p38, @p39, @p40, @p41);
2026-06-28 20:22:42.815 +03:00 [ERR] An exception occurred in the database while saving changes for context type 'HospitalSystem.Infrastructure.Persistence.HospitalDbContext'.
Microsoft.EntityFrameworkCore.DbUpdateException: An error occurred while saving the entity changes. See the inner exception for details.
 ---> Microsoft.Data.SqlClient.SqlException (0x80131904): Cannot insert duplicate key row in object 'dbo.DoctorSchedules' with unique index 'IX_DoctorSchedules_DoctorId_DayOfWeek'. The duplicate key value is (eea5306b-9d0d-474f-b644-e334fdedcbe6, 1).
   at Microsoft.Data.SqlClient.SqlConnection.OnError(SqlException exception, Boolean breakConnection, Action`1 wrapCloseInAction)
   at Microsoft.Data.SqlClient.SqlInternalConnection.OnError(SqlException exception, Boolean breakConnection, Action`1 wrapCloseInAction)
   at Microsoft.Data.SqlClient.TdsParser.ThrowExceptionAndWarning(TdsParserStateObject stateObj, SqlCommand command, Boolean callerHasConnectionLock, Boolean asyncClose)
   at Microsoft.Data.SqlClient.TdsParser.TryRun(RunBehavior runBehavior, SqlCommand cmdHandler, SqlDataReader dataStream, BulkCopySimpleResultSet bulkCopyHandler, TdsParserStateObject stateObj, Boolean& dataReady)
   at Microsoft.Data.SqlClient.SqlDataReader.TryHasMoreRows(Boolean& moreRows)
   at Microsoft.Data.SqlClient.SqlDataReader.TryHasMoreResults(Boolean& moreResults)
   at Microsoft.Data.SqlClient.SqlDataReader.TryNextResult(Boolean& more)
   at Microsoft.Data.SqlClient.SqlDataReader.NextResultAsyncExecute(Task task, Object state)
   at Microsoft.Data.SqlClient.SqlDataReader.InvokeAsyncCall[T](SqlDataReaderBaseAsyncCallContext`1 context)
--- End of stack trace from previous location ---
   at Microsoft.EntityFrameworkCore.Update.AffectedCountModificationCommandBatch.ConsumeAsync(RelationalDataReader reader, CancellationToken cancellationToken)
ClientConnectionId:0eaef420-b89c-463b-998d-c4b7e642f5e2
Error Number:2601,State:1,Class:14
   --- End of inner exception stack trace ---
   at Microsoft.EntityFrameworkCore.Update.AffectedCountModificationCommandBatch.ConsumeAsync(RelationalDataReader reader, CancellationToken cancellationToken)
   at Microsoft.EntityFrameworkCore.Update.ReaderModificationCommandBatch.ExecuteAsync(IRelationalConnection connection, CancellationToken cancellationToken)
   at Microsoft.EntityFrameworkCore.Update.ReaderModificationCommandBatch.ExecuteAsync(IRelationalConnection connection, CancellationToken cancellationToken)
   at Microsoft.EntityFrameworkCore.SqlServer.Update.Internal.SqlServerModificationCommandBatch.ExecuteAsync(IRelationalConnection connection, CancellationToken cancellationToken)
   at Microsoft.EntityFrameworkCore.Update.Internal.BatchExecutor.ExecuteAsync(IEnumerable`1 commandBatches, IRelationalConnection connection, CancellationToken cancellationToken)
   at Microsoft.EntityFrameworkCore.Update.Internal.BatchExecutor.ExecuteAsync(IEnumerable`1 commandBatches, IRelationalConnection connection, CancellationToken cancellationToken)
   at Microsoft.EntityFrameworkCore.Update.Internal.BatchExecutor.ExecuteAsync(IEnumerable`1 commandBatches, IRelationalConnection connection, CancellationToken cancellationToken)
   at Microsoft.EntityFrameworkCore.Storage.RelationalDatabase.SaveChangesAsync(IList`1 entries, CancellationToken cancellationToken)
   at Microsoft.EntityFrameworkCore.ChangeTracking.Internal.StateManager.SaveChangesAsync(IList`1 entriesToSave, CancellationToken cancellationToken)
   at Microsoft.EntityFrameworkCore.ChangeTracking.Internal.StateManager.SaveChangesAsync(StateManager stateManager, Boolean acceptAllChangesOnSuccess, CancellationToken cancellationToken)
   at Microsoft.EntityFrameworkCore.SqlServer.Storage.Internal.SqlServerExecutionStrategy.ExecuteAsync[TState,TResult](TState state, Func`4 operation, Func`4 verifySucceeded, CancellationToken cancellationToken)
   at Microsoft.EntityFrameworkCore.DbContext.SaveChangesAsync(Boolean acceptAllChangesOnSuccess, CancellationToken cancellationToken)
Microsoft.EntityFrameworkCore.DbUpdateException: An error occurred while saving the entity changes. See the inner exception for details.
 ---> Microsoft.Data.SqlClient.SqlException (0x80131904): Cannot insert duplicate key row in object 'dbo.DoctorSchedules' with unique index 'IX_DoctorSchedules_DoctorId_DayOfWeek'. The duplicate key value is (eea5306b-9d0d-474f-b644-e334fdedcbe6, 1).
   at Microsoft.Data.SqlClient.SqlConnection.OnError(SqlException exception, Boolean breakConnection, Action`1 wrapCloseInAction)
   at Microsoft.Data.SqlClient.SqlInternalConnection.OnError(SqlException exception, Boolean breakConnection, Action`1 wrapCloseInAction)
   at Microsoft.Data.SqlClient.TdsParser.ThrowExceptionAndWarning(TdsParserStateObject stateObj, SqlCommand command, Boolean callerHasConnectionLock, Boolean asyncClose)
   at Microsoft.Data.SqlClient.TdsParser.TryRun(RunBehavior runBehavior, SqlCommand cmdHandler, SqlDataReader dataStream, BulkCopySimpleResultSet bulkCopyHandler, TdsParserStateObject stateObj, Boolean& dataReady)
   at Microsoft.Data.SqlClient.SqlDataReader.TryHasMoreRows(Boolean& moreRows)
   at Microsoft.Data.SqlClient.SqlDataReader.TryHasMoreResults(Boolean& moreResults)
   at Microsoft.Data.SqlClient.SqlDataReader.TryNextResult(Boolean& more)
   at Microsoft.Data.SqlClient.SqlDataReader.NextResultAsyncExecute(Task task, Object state)
   at Microsoft.Data.SqlClient.SqlDataReader.InvokeAsyncCall[T](SqlDataReaderBaseAsyncCallContext`1 context)
--- End of stack trace from previous location ---
   at Microsoft.EntityFrameworkCore.Update.AffectedCountModificationCommandBatch.ConsumeAsync(RelationalDataReader reader, CancellationToken cancellationToken)
ClientConnectionId:0eaef420-b89c-463b-998d-c4b7e642f5e2
Error Number:2601,State:1,Class:14
   --- End of inner exception stack trace ---
   at Microsoft.EntityFrameworkCore.Update.AffectedCountModificationCommandBatch.ConsumeAsync(RelationalDataReader reader, CancellationToken cancellationToken)
   at Microsoft.EntityFrameworkCore.Update.ReaderModificationCommandBatch.ExecuteAsync(IRelationalConnection connection, CancellationToken cancellationToken)
   at Microsoft.EntityFrameworkCore.Update.ReaderModificationCommandBatch.ExecuteAsync(IRelationalConnection connection, CancellationToken cancellationToken)
   at Microsoft.EntityFrameworkCore.SqlServer.Update.Internal.SqlServerModificationCommandBatch.ExecuteAsync(IRelationalConnection connection, CancellationToken cancellationToken)
   at Microsoft.EntityFrameworkCore.Update.Internal.BatchExecutor.ExecuteAsync(IEnumerable`1 commandBatches, IRelationalConnection connection, CancellationToken cancellationToken)
   at Microsoft.EntityFrameworkCore.Update.Internal.BatchExecutor.ExecuteAsync(IEnumerable`1 commandBatches, IRelationalConnection connection, CancellationToken cancellationToken)
   at Microsoft.EntityFrameworkCore.Update.Internal.BatchExecutor.ExecuteAsync(IEnumerable`1 commandBatches, IRelationalConnection connection, CancellationToken cancellationToken)
   at Microsoft.EntityFrameworkCore.Storage.RelationalDatabase.SaveChangesAsync(IList`1 entries, CancellationToken cancellationToken)
   at Microsoft.EntityFrameworkCore.ChangeTracking.Internal.StateManager.SaveChangesAsync(IList`1 entriesToSave, CancellationToken cancellationToken)
   at Microsoft.EntityFrameworkCore.ChangeTracking.Internal.StateManager.SaveChangesAsync(StateManager stateManager, Boolean acceptAllChangesOnSuccess, CancellationToken cancellationToken)
   at Microsoft.EntityFrameworkCore.SqlServer.Storage.Internal.SqlServerExecutionStrategy.ExecuteAsync[TState,TResult](TState state, Func`4 operation, Func`4 verifySucceeded, CancellationToken cancellationToken)
   at Microsoft.EntityFrameworkCore.DbContext.SaveChangesAsync(Boolean acceptAllChangesOnSuccess, CancellationToken cancellationToken)
2026-06-28 20:22:42.817 +03:00 [ERR] Unhandled exception occurred.
Microsoft.EntityFrameworkCore.DbUpdateException: An error occurred while saving the entity changes. See the inner exception for details.
 ---> Microsoft.Data.SqlClient.SqlException (0x80131904): Cannot insert duplicate key row in object 'dbo.DoctorSchedules' with unique index 'IX_DoctorSchedules_DoctorId_DayOfWeek'. The duplicate key value is (eea5306b-9d0d-474f-b644-e334fdedcbe6, 1).
   at Microsoft.Data.SqlClient.SqlConnection.OnError(SqlException exception, Boolean breakConnection, Action`1 wrapCloseInAction)
   at Microsoft.Data.SqlClient.SqlInternalConnection.OnError(SqlException exception, Boolean breakConnection, Action`1 wrapCloseInAction)
   at Microsoft.Data.SqlClient.TdsParser.ThrowExceptionAndWarning(TdsParserStateObject stateObj, SqlCommand command, Boolean callerHasConnectionLock, Boolean asyncClose)
   at Microsoft.Data.SqlClient.TdsParser.TryRun(RunBehavior runBehavior, SqlCommand cmdHandler, SqlDataReader dataStream, BulkCopySimpleResultSet bulkCopyHandler, TdsParserStateObject stateObj, Boolean& dataReady)
   at Microsoft.Data.SqlClient.SqlDataReader.TryHasMoreRows(Boolean& moreRows)
   at Microsoft.Data.SqlClient.SqlDataReader.TryHasMoreResults(Boolean& moreResults)
   at Microsoft.Data.SqlClient.SqlDataReader.TryNextResult(Boolean& more)
   at Microsoft.Data.SqlClient.SqlDataReader.NextResultAsyncExecute(Task task, Object state)
   at Microsoft.Data.SqlClient.SqlDataReader.InvokeAsyncCall[T](SqlDataReaderBaseAsyncCallContext`1 context)
--- End of stack trace from previous location ---
   at Microsoft.EntityFrameworkCore.Update.AffectedCountModificationCommandBatch.ConsumeAsync(RelationalDataReader reader, CancellationToken cancellationToken)
ClientConnectionId:0eaef420-b89c-463b-998d-c4b7e642f5e2
Error Number:2601,State:1,Class:14
   --- End of inner exception stack trace ---
   at Microsoft.EntityFrameworkCore.Update.AffectedCountModificationCommandBatch.ConsumeAsync(RelationalDataReader reader, CancellationToken cancellationToken)
   at Microsoft.EntityFrameworkCore.Update.ReaderModificationCommandBatch.ExecuteAsync(IRelationalConnection connection, CancellationToken cancellationToken)
   at Microsoft.EntityFrameworkCore.Update.ReaderModificationCommandBatch.ExecuteAsync(IRelationalConnection connection, CancellationToken cancellationToken)
   at Microsoft.EntityFrameworkCore.SqlServer.Update.Internal.SqlServerModificationCommandBatch.ExecuteAsync(IRelationalConnection connection, CancellationToken cancellationToken)
   at Microsoft.EntityFrameworkCore.Update.Internal.BatchExecutor.ExecuteAsync(IEnumerable`1 commandBatches, IRelationalConnection connection, CancellationToken cancellationToken)
   at Microsoft.EntityFrameworkCore.Update.Internal.BatchExecutor.ExecuteAsync(IEnumerable`1 commandBatches, IRelationalConnection connection, CancellationToken cancellationToken)
   at Microsoft.EntityFrameworkCore.Update.Internal.BatchExecutor.ExecuteAsync(IEnumerable`1 commandBatches, IRelationalConnection connection, CancellationToken cancellationToken)
   at Microsoft.EntityFrameworkCore.Storage.RelationalDatabase.SaveChangesAsync(IList`1 entries, CancellationToken cancellationToken)
   at Microsoft.EntityFrameworkCore.ChangeTracking.Internal.StateManager.SaveChangesAsync(IList`1 entriesToSave, CancellationToken cancellationToken)
   at Microsoft.EntityFrameworkCore.ChangeTracking.Internal.StateManager.SaveChangesAsync(StateManager stateManager, Boolean acceptAllChangesOnSuccess, CancellationToken cancellationToken)
   at Microsoft.EntityFrameworkCore.SqlServer.Storage.Internal.SqlServerExecutionStrategy.ExecuteAsync[TState,TResult](TState state, Func`4 operation, Func`4 verifySucceeded, CancellationToken cancellationToken)
   at Microsoft.EntityFrameworkCore.DbContext.SaveChangesAsync(Boolean acceptAllChangesOnSuccess, CancellationToken cancellationToken)
   at Microsoft.EntityFrameworkCore.DbContext.SaveChangesAsync(Boolean acceptAllChangesOnSuccess, CancellationToken cancellationToken)
   at HospitalSystem.Infrastructure.Repositories.UnitOfWork.SaveChangesAsync(CancellationToken cancellationToken) in G:\DEPI\HospitalSystem.Infrastructure\Repositories\UnitOfWork.cs:line 37
   at HospitalSystem.Application.Services.DoctorService.SetScheduleAsync(Guid doctorId, SetDoctorScheduleRequest request, CancellationToken cancellationToken) in G:\DEPI\HospitalSystem.Application\Services\DoctorService.cs:line 125
   at HospitalSystem.API.Controllers.DoctorsController.SetSchedule(Guid id, SetDoctorScheduleRequest request, CancellationToken cancellationToken) in G:\DEPI\HospitalSystem.API\Controllers\DoctorsController.cs:line 185
   at lambda_method522(Closure, Object)
   at Microsoft.AspNetCore.Mvc.Infrastructure.ActionMethodExecutor.AwaitableObjectResultExecutor.Execute(ActionContext actionContext, IActionResultTypeMapper mapper, ObjectMethodExecutor executor, Object controller, Object[] arguments)
   at Microsoft.AspNetCore.Mvc.Infrastructure.ControllerActionInvoker.<InvokeActionMethodAsync>g__Awaited|12_0(ControllerActionInvoker invoker, ValueTask`1 actionResultValueTask)
   at Microsoft.AspNetCore.Mvc.Infrastructure.ControllerActionInvoker.<InvokeNextActionFilterAsync>g__Awaited|10_0(ControllerActionInvoker invoker, Task lastTask, State next, Scope scope, Object state, Boolean isCompleted)
   at Microsoft.AspNetCore.Mvc.Infrastructure.ControllerActionInvoker.Rethrow(ActionExecutedContextSealed context)
   at Microsoft.AspNetCore.Mvc.Infrastructure.ControllerActionInvoker.Next(State& next, Scope& scope, Object& state, Boolean& isCompleted)
   at Microsoft.AspNetCore.Mvc.Infrastructure.ControllerActionInvoker.<InvokeInnerFilterAsync>g__Awaited|13_0(ControllerActionInvoker invoker, Task lastTask, State next, Scope scope, Object state, Boolean isCompleted)
   at Microsoft.AspNetCore.Mvc.Infrastructure.ResourceInvoker.<InvokeFilterPipelineAsync>g__Awaited|20_0(ResourceInvoker invoker, Task lastTask, State next, Scope scope, Object state, Boolean isCompleted)
   at Microsoft.AspNetCore.Mvc.Infrastructure.ResourceInvoker.<InvokeAsync>g__Awaited|17_0(ResourceInvoker invoker, Task task, IDisposable scope)
   at Microsoft.AspNetCore.Mvc.Infrastructure.ResourceInvoker.<InvokeAsync>g__Awaited|17_0(ResourceInvoker invoker, Task task, IDisposable scope)
   at Microsoft.AspNetCore.Authorization.AuthorizationMiddleware.Invoke(HttpContext context)
   at Microsoft.AspNetCore.Authentication.AuthenticationMiddleware.Invoke(HttpContext context)
   at Swashbuckle.AspNetCore.SwaggerUI.SwaggerUIMiddleware.Invoke(HttpContext httpContext)
   at Swashbuckle.AspNetCore.Swagger.SwaggerMiddleware.Invoke(HttpContext httpContext, ISwaggerProvider swaggerProvider)
   at HospitalSystem.API.Middleware.RequestLoggingMiddleware.InvokeAsync(HttpContext context) in G:\DEPI\HospitalSystem.API\Middleware\RequestLoggingMiddleware.cs:line 19
   at HospitalSystem.API.Middleware.ExceptionHandlingMiddleware.InvokeAsync(HttpContext context) in G:\DEPI\HospitalSystem.API\Middleware\ExceptionHandlingMiddleware.cs:line 24
2026-06-28 20:22:43.751 +03:00 [INF] Executed DbCommand (1ms) [Parameters=[@p='?' (DbType = Guid)], CommandType='"Text"', CommandTimeout='30']
SELECT TOP(1) [d].[Id], [d].[DepartmentId], [d].[FullName], [d].[IsActive], [d].[Phone], [d].[Specialization], [d].[UserId]
FROM [Doctors] AS [d]
WHERE [d].[Id] = @p
2026-06-28 20:22:43.754 +03:00 [INF] Executed DbCommand (1ms) [Parameters=[], CommandType='"Text"', CommandTimeout='30']
SELECT [d].[Id], [d].[AppointmentDurationMinutes], [d].[DayOfWeek], [d].[DoctorId], [d].[EndTime], [d].[IsActive], [d].[StartTime]
FROM [DoctorSchedules] AS [d]
2026-06-28 20:22:43.763 +03:00 [INF] Executed DbCommand (3ms) [Parameters=[@p6='?' (DbType = Guid), @p0='?' (DbType = Int32), @p1='?' (DbType = Int32), @p2='?' (DbType = Guid), @p3='?' (DbType = Time), @p4='?' (DbType = Boolean), @p5='?' (DbType = Time), @p13='?' (DbType = Guid), @p7='?' (DbType = Int32), @p8='?' (DbType = Int32), @p9='?' (DbType = Guid), @p10='?' (DbType = Time), @p11='?' (DbType = Boolean), @p12='?' (DbType = Time), @p20='?' (DbType = Guid), @p14='?' (DbType = Int32), @p15='?' (DbType = Int32), @p16='?' (DbType = Guid), @p17='?' (DbType = Time), @p18='?' (DbType = Boolean), @p19='?' (DbType = Time), @p27='?' (DbType = Guid), @p21='?' (DbType = Int32), @p22='?' (DbType = Int32), @p23='?' (DbType = Guid), @p24='?' (DbType = Time), @p25='?' (DbType = Boolean), @p26='?' (DbType = Time), @p34='?' (DbType = Guid), @p28='?' (DbType = Int32), @p29='?' (DbType = Int32), @p30='?' (DbType = Guid), @p31='?' (DbType = Time), @p32='?' (DbType = Boolean), @p33='?' (DbType = Time), @p35='?' (DbType = Guid), @p36='?' (DbType = Int32), @p37='?' (DbType = Int32), @p38='?' (DbType = Guid), @p39='?' (DbType = Time), @p40='?' (DbType = Boolean), @p41='?' (DbType = Time)], CommandType='"Text"', CommandTimeout='30']
SET NOCOUNT ON;
UPDATE [DoctorSchedules] SET [AppointmentDurationMinutes] = @p0, [DayOfWeek] = @p1, [DoctorId] = @p2, [EndTime] = @p3, [IsActive] = @p4, [StartTime] = @p5
OUTPUT 1
WHERE [Id] = @p6;
UPDATE [DoctorSchedules] SET [AppointmentDurationMinutes] = @p7, [DayOfWeek] = @p8, [DoctorId] = @p9, [EndTime] = @p10, [IsActive] = @p11, [StartTime] = @p12
OUTPUT 1
WHERE [Id] = @p13;
UPDATE [DoctorSchedules] SET [AppointmentDurationMinutes] = @p14, [DayOfWeek] = @p15, [DoctorId] = @p16, [EndTime] = @p17, [IsActive] = @p18, [StartTime] = @p19
OUTPUT 1
WHERE [Id] = @p20;
UPDATE [DoctorSchedules] SET [AppointmentDurationMinutes] = @p21, [DayOfWeek] = @p22, [DoctorId] = @p23, [EndTime] = @p24, [IsActive] = @p25, [StartTime] = @p26
OUTPUT 1
WHERE [Id] = @p27;
UPDATE [DoctorSchedules] SET [AppointmentDurationMinutes] = @p28, [DayOfWeek] = @p29, [DoctorId] = @p30, [EndTime] = @p31, [IsActive] = @p32, [StartTime] = @p33
OUTPUT 1
WHERE [Id] = @p34;
INSERT INTO [DoctorSchedules] ([Id], [AppointmentDurationMinutes], [DayOfWeek], [DoctorId], [EndTime], [IsActive], [StartTime])
VALUES (@p35, @p36, @p37, @p38, @p39, @p40, @p41);
2026-06-28 20:22:43.769 +03:00 [ERR] An exception occurred in the database while saving changes for context type 'HospitalSystem.Infrastructure.Persistence.HospitalDbContext'.
Microsoft.EntityFrameworkCore.DbUpdateException: An error occurred while saving the entity changes. See the inner exception for details.
 ---> Microsoft.Data.SqlClient.SqlException (0x80131904): Cannot insert duplicate key row in object 'dbo.DoctorSchedules' with unique index 'IX_DoctorSchedules_DoctorId_DayOfWeek'. The duplicate key value is (eea5306b-9d0d-474f-b644-e334fdedcbe6, 1).
   at Microsoft.Data.SqlClient.SqlConnection.OnError(SqlException exception, Boolean breakConnection, Action`1 wrapCloseInAction)
   at Microsoft.Data.SqlClient.SqlInternalConnection.OnError(SqlException exception, Boolean breakConnection, Action`1 wrapCloseInAction)
   at Microsoft.Data.SqlClient.TdsParser.ThrowExceptionAndWarning(TdsParserStateObject stateObj, SqlCommand command, Boolean callerHasConnectionLock, Boolean asyncClose)
   at Microsoft.Data.SqlClient.TdsParser.TryRun(RunBehavior runBehavior, SqlCommand cmdHandler, SqlDataReader dataStream, BulkCopySimpleResultSet bulkCopyHandler, TdsParserStateObject stateObj, Boolean& dataReady)
   at Microsoft.Data.SqlClient.SqlDataReader.TryHasMoreRows(Boolean& moreRows)
   at Microsoft.Data.SqlClient.SqlDataReader.TryHasMoreResults(Boolean& moreResults)
   at Microsoft.Data.SqlClient.SqlDataReader.TryNextResult(Boolean& more)
   at Microsoft.Data.SqlClient.SqlDataReader.NextResultAsyncExecute(Task task, Object state)
   at Microsoft.Data.SqlClient.SqlDataReader.InvokeAsyncCall[T](SqlDataReaderBaseAsyncCallContext`1 context)
--- End of stack trace from previous location ---
   at Microsoft.EntityFrameworkCore.Update.AffectedCountModificationCommandBatch.ConsumeAsync(RelationalDataReader reader, CancellationToken cancellationToken)
ClientConnectionId:0eaef420-b89c-463b-998d-c4b7e642f5e2
Error Number:2601,State:1,Class:14
   --- End of inner exception stack trace ---
   at Microsoft.EntityFrameworkCore.Update.AffectedCountModificationCommandBatch.ConsumeAsync(RelationalDataReader reader, CancellationToken cancellationToken)
   at Microsoft.EntityFrameworkCore.Update.ReaderModificationCommandBatch.ExecuteAsync(IRelationalConnection connection, CancellationToken cancellationToken)
   at Microsoft.EntityFrameworkCore.Update.ReaderModificationCommandBatch.ExecuteAsync(IRelationalConnection connection, CancellationToken cancellationToken)
   at Microsoft.EntityFrameworkCore.SqlServer.Update.Internal.SqlServerModificationCommandBatch.ExecuteAsync(IRelationalConnection connection, CancellationToken cancellationToken)
   at Microsoft.EntityFrameworkCore.Update.Internal.BatchExecutor.ExecuteAsync(IEnumerable`1 commandBatches, IRelationalConnection connection, CancellationToken cancellationToken)
   at Microsoft.EntityFrameworkCore.Update.Internal.BatchExecutor.ExecuteAsync(IEnumerable`1 commandBatches, IRelationalConnection connection, CancellationToken cancellationToken)
   at Microsoft.EntityFrameworkCore.Update.Internal.BatchExecutor.ExecuteAsync(IEnumerable`1 commandBatches, IRelationalConnection connection, CancellationToken cancellationToken)
   at Microsoft.EntityFrameworkCore.Storage.RelationalDatabase.SaveChangesAsync(IList`1 entries, CancellationToken cancellationToken)
   at Microsoft.EntityFrameworkCore.ChangeTracking.Internal.StateManager.SaveChangesAsync(IList`1 entriesToSave, CancellationToken cancellationToken)
   at Microsoft.EntityFrameworkCore.ChangeTracking.Internal.StateManager.SaveChangesAsync(StateManager stateManager, Boolean acceptAllChangesOnSuccess, CancellationToken cancellationToken)
   at Microsoft.EntityFrameworkCore.SqlServer.Storage.Internal.SqlServerExecutionStrategy.ExecuteAsync[TState,TResult](TState state, Func`4 operation, Func`4 verifySucceeded, CancellationToken cancellationToken)
   at Microsoft.EntityFrameworkCore.DbContext.SaveChangesAsync(Boolean acceptAllChangesOnSuccess, CancellationToken cancellationToken)
Microsoft.EntityFrameworkCore.DbUpdateException: An error occurred while saving the entity changes. See the inner exception for details.
 ---> Microsoft.Data.SqlClient.SqlException (0x80131904): Cannot insert duplicate key row in object 'dbo.DoctorSchedules' with unique index 'IX_DoctorSchedules_DoctorId_DayOfWeek'. The duplicate key value is (eea5306b-9d0d-474f-b644-e334fdedcbe6, 1).
   at Microsoft.Data.SqlClient.SqlConnection.OnError(SqlException exception, Boolean breakConnection, Action`1 wrapCloseInAction)
   at Microsoft.Data.SqlClient.SqlInternalConnection.OnError(SqlException exception, Boolean breakConnection, Action`1 wrapCloseInAction)
   at Microsoft.Data.SqlClient.TdsParser.ThrowExceptionAndWarning(TdsParserStateObject stateObj, SqlCommand command, Boolean callerHasConnectionLock, Boolean asyncClose)
   at Microsoft.Data.SqlClient.TdsParser.TryRun(RunBehavior runBehavior, SqlCommand cmdHandler, SqlDataReader dataStream, BulkCopySimpleResultSet bulkCopyHandler, TdsParserStateObject stateObj, Boolean& dataReady)
   at Microsoft.Data.SqlClient.SqlDataReader.TryHasMoreRows(Boolean& moreRows)
   at Microsoft.Data.SqlClient.SqlDataReader.TryHasMoreResults(Boolean& moreResults)
   at Microsoft.Data.SqlClient.SqlDataReader.TryNextResult(Boolean& more)
   at Microsoft.Data.SqlClient.SqlDataReader.NextResultAsyncExecute(Task task, Object state)
   at Microsoft.Data.SqlClient.SqlDataReader.InvokeAsyncCall[T](SqlDataReaderBaseAsyncCallContext`1 context)
--- End of stack trace from previous location ---
   at Microsoft.EntityFrameworkCore.Update.AffectedCountModificationCommandBatch.ConsumeAsync(RelationalDataReader reader, CancellationToken cancellationToken)
ClientConnectionId:0eaef420-b89c-463b-998d-c4b7e642f5e2
Error Number:2601,State:1,Class:14
   --- End of inner exception stack trace ---
   at Microsoft.EntityFrameworkCore.Update.AffectedCountModificationCommandBatch.ConsumeAsync(RelationalDataReader reader, CancellationToken cancellationToken)
   at Microsoft.EntityFrameworkCore.Update.ReaderModificationCommandBatch.ExecuteAsync(IRelationalConnection connection, CancellationToken cancellationToken)
   at Microsoft.EntityFrameworkCore.Update.ReaderModificationCommandBatch.ExecuteAsync(IRelationalConnection connection, CancellationToken cancellationToken)
   at Microsoft.EntityFrameworkCore.SqlServer.Update.Internal.SqlServerModificationCommandBatch.ExecuteAsync(IRelationalConnection connection, CancellationToken cancellationToken)
   at Microsoft.EntityFrameworkCore.Update.Internal.BatchExecutor.ExecuteAsync(IEnumerable`1 commandBatches, IRelationalConnection connection, CancellationToken cancellationToken)
   at Microsoft.EntityFrameworkCore.Update.Internal.BatchExecutor.ExecuteAsync(IEnumerable`1 commandBatches, IRelationalConnection connection, CancellationToken cancellationToken)
   at Microsoft.EntityFrameworkCore.Update.Internal.BatchExecutor.ExecuteAsync(IEnumerable`1 commandBatches, IRelationalConnection connection, CancellationToken cancellationToken)
   at Microsoft.EntityFrameworkCore.Storage.RelationalDatabase.SaveChangesAsync(IList`1 entries, CancellationToken cancellationToken)
   at Microsoft.EntityFrameworkCore.ChangeTracking.Internal.StateManager.SaveChangesAsync(IList`1 entriesToSave, CancellationToken cancellationToken)
   at Microsoft.EntityFrameworkCore.ChangeTracking.Internal.StateManager.SaveChangesAsync(StateManager stateManager, Boolean acceptAllChangesOnSuccess, CancellationToken cancellationToken)
   at Microsoft.EntityFrameworkCore.SqlServer.Storage.Internal.SqlServerExecutionStrategy.ExecuteAsync[TState,TResult](TState state, Func`4 operation, Func`4 verifySucceeded, CancellationToken cancellationToken)
   at Microsoft.EntityFrameworkCore.DbContext.SaveChangesAsync(Boolean acceptAllChangesOnSuccess, CancellationToken cancellationToken)
2026-06-28 20:22:43.777 +03:00 [ERR] Unhandled exception occurred.
Microsoft.EntityFrameworkCore.DbUpdateException: An error occurred while saving the entity changes. See the inner exception for details.
 ---> Microsoft.Data.SqlClient.SqlException (0x80131904): Cannot insert duplicate key row in object 'dbo.DoctorSchedules' with unique index 'IX_DoctorSchedules_DoctorId_DayOfWeek'. The duplicate key value is (eea5306b-9d0d-474f-b644-e334fdedcbe6, 1).
   at Microsoft.Data.SqlClient.SqlConnection.OnError(SqlException exception, Boolean breakConnection, Action`1 wrapCloseInAction)
   at Microsoft.Data.SqlClient.SqlInternalConnection.OnError(SqlException exception, Boolean breakConnection, Action`1 wrapCloseInAction)
   at Microsoft.Data.SqlClient.TdsParser.ThrowExceptionAndWarning(TdsParserStateObject stateObj, SqlCommand command, Boolean callerHasConnectionLock, Boolean asyncClose)
   at Microsoft.Data.SqlClient.TdsParser.TryRun(RunBehavior runBehavior, SqlCommand cmdHandler, SqlDataReader dataStream, BulkCopySimpleResultSet bulkCopyHandler, TdsParserStateObject stateObj, Boolean& dataReady)
   at Microsoft.Data.SqlClient.SqlDataReader.TryHasMoreRows(Boolean& moreRows)
   at Microsoft.Data.SqlClient.SqlDataReader.TryHasMoreResults(Boolean& moreResults)
   at Microsoft.Data.SqlClient.SqlDataReader.TryNextResult(Boolean& more)
   at Microsoft.Data.SqlClient.SqlDataReader.NextResultAsyncExecute(Task task, Object state)
   at Microsoft.Data.SqlClient.SqlDataReader.InvokeAsyncCall[T](SqlDataReaderBaseAsyncCallContext`1 context)
--- End of stack trace from previous location ---
   at Microsoft.EntityFrameworkCore.Update.AffectedCountModificationCommandBatch.ConsumeAsync(RelationalDataReader reader, CancellationToken cancellationToken)
ClientConnectionId:0eaef420-b89c-463b-998d-c4b7e642f5e2
Error Number:2601,State:1,Class:14
   --- End of inner exception stack trace ---
   at Microsoft.EntityFrameworkCore.Update.AffectedCountModificationCommandBatch.ConsumeAsync(RelationalDataReader reader, CancellationToken cancellationToken)
   at Microsoft.EntityFrameworkCore.Update.ReaderModificationCommandBatch.ExecuteAsync(IRelationalConnection connection, CancellationToken cancellationToken)
   at Microsoft.EntityFrameworkCore.Update.ReaderModificationCommandBatch.ExecuteAsync(IRelationalConnection connection, CancellationToken cancellationToken)
   at Microsoft.EntityFrameworkCore.SqlServer.Update.Internal.SqlServerModificationCommandBatch.ExecuteAsync(IRelationalConnection connection, CancellationToken cancellationToken)
   at Microsoft.EntityFrameworkCore.Update.Internal.BatchExecutor.ExecuteAsync(IEnumerable`1 commandBatches, IRelationalConnection connection, CancellationToken cancellationToken)
   at Microsoft.EntityFrameworkCore.Update.Internal.BatchExecutor.ExecuteAsync(IEnumerable`1 commandBatches, IRelationalConnection connection, CancellationToken cancellationToken)
   at Microsoft.EntityFrameworkCore.Update.Internal.BatchExecutor.ExecuteAsync(IEnumerable`1 commandBatches, IRelationalConnection connection, CancellationToken cancellationToken)
   at Microsoft.EntityFrameworkCore.Storage.RelationalDatabase.SaveChangesAsync(IList`1 entries, CancellationToken cancellationToken)
   at Microsoft.EntityFrameworkCore.ChangeTracking.Internal.StateManager.SaveChangesAsync(IList`1 entriesToSave, CancellationToken cancellationToken)
   at Microsoft.EntityFrameworkCore.ChangeTracking.Internal.StateManager.SaveChangesAsync(StateManager stateManager, Boolean acceptAllChangesOnSuccess, CancellationToken cancellationToken)
   at Microsoft.EntityFrameworkCore.SqlServer.Storage.Internal.SqlServerExecutionStrategy.ExecuteAsync[TState,TResult](TState state, Func`4 operation, Func`4 verifySucceeded, CancellationToken cancellationToken)
   at Microsoft.EntityFrameworkCore.DbContext.SaveChangesAsync(Boolean acceptAllChangesOnSuccess, CancellationToken cancellationToken)
   at Microsoft.EntityFrameworkCore.DbContext.SaveChangesAsync(Boolean acceptAllChangesOnSuccess, CancellationToken cancellationToken)
   at HospitalSystem.Infrastructure.Repositories.UnitOfWork.SaveChangesAsync(CancellationToken cancellationToken) in G:\DEPI\HospitalSystem.Infrastructure\Repositories\UnitOfWork.cs:line 37
   at HospitalSystem.Application.Services.DoctorService.SetScheduleAsync(Guid doctorId, SetDoctorScheduleRequest request, CancellationToken cancellationToken) in G:\DEPI\HospitalSystem.Application\Services\DoctorService.cs:line 125
   at HospitalSystem.API.Controllers.DoctorsController.SetSchedule(Guid id, SetDoctorScheduleRequest request, CancellationToken cancellationToken) in G:\DEPI\HospitalSystem.API\Controllers\DoctorsController.cs:line 185
   at lambda_method522(Closure, Object)
   at Microsoft.AspNetCore.Mvc.Infrastructure.ActionMethodExecutor.AwaitableObjectResultExecutor.Execute(ActionContext actionContext, IActionResultTypeMapper mapper, ObjectMethodExecutor executor, Object controller, Object[] arguments)
   at Microsoft.AspNetCore.Mvc.Infrastructure.ControllerActionInvoker.<InvokeActionMethodAsync>g__Awaited|12_0(ControllerActionInvoker invoker, ValueTask`1 actionResultValueTask)
   at Microsoft.AspNetCore.Mvc.Infrastructure.ControllerActionInvoker.<InvokeNextActionFilterAsync>g__Awaited|10_0(ControllerActionInvoker invoker, Task lastTask, State next, Scope scope, Object state, Boolean isCompleted)
   at Microsoft.AspNetCore.Mvc.Infrastructure.ControllerActionInvoker.Rethrow(ActionExecutedContextSealed context)
   at Microsoft.AspNetCore.Mvc.Infrastructure.ControllerActionInvoker.Next(State& next, Scope& scope, Object& state, Boolean& isCompleted)
   at Microsoft.AspNetCore.Mvc.Infrastructure.ControllerActionInvoker.<InvokeInnerFilterAsync>g__Awaited|13_0(ControllerActionInvoker invoker, Task lastTask, State next, Scope scope, Object state, Boolean isCompleted)
   at Microsoft.AspNetCore.Mvc.Infrastructure.ResourceInvoker.<InvokeFilterPipelineAsync>g__Awaited|20_0(ResourceInvoker invoker, Task lastTask, State next, Scope scope, Object state, Boolean isCompleted)
   at Microsoft.AspNetCore.Mvc.Infrastructure.ResourceInvoker.<InvokeAsync>g__Awaited|17_0(ResourceInvoker invoker, Task task, IDisposable scope)
   at Microsoft.AspNetCore.Mvc.Infrastructure.ResourceInvoker.<InvokeAsync>g__Awaited|17_0(ResourceInvoker invoker, Task task, IDisposable scope)
   at Microsoft.AspNetCore.Authorization.AuthorizationMiddleware.Invoke(HttpContext context)
   at Microsoft.AspNetCore.Authentication.AuthenticationMiddleware.Invoke(HttpContext context)
   at Swashbuckle.AspNetCore.SwaggerUI.SwaggerUIMiddleware.Invoke(HttpContext httpContext)
   at Swashbuckle.AspNetCore.Swagger.SwaggerMiddleware.Invoke(HttpContext httpContext, ISwaggerProvider swaggerProvider)
   at HospitalSystem.API.Middleware.RequestLoggingMiddleware.InvokeAsync(HttpContext context) in G:\DEPI\HospitalSystem.API\Middleware\RequestLoggingMiddleware.cs:line 19
   at HospitalSystem.API.Middleware.ExceptionHandlingMiddleware.InvokeAsync(HttpContext context) in G:\DEPI\HospitalSystem.API\Middleware\ExceptionHandlingMiddleware.cs:line 24
2026-06-28 20:22:44.544 +03:00 [INF] Executed DbCommand (1ms) [Parameters=[@p='?' (DbType = Guid)], CommandType='"Text"', CommandTimeout='30']
SELECT TOP(1) [d].[Id], [d].[DepartmentId], [d].[FullName], [d].[IsActive], [d].[Phone], [d].[Specialization], [d].[UserId]
FROM [Doctors] AS [d]
WHERE [d].[Id] = @p
2026-06-28 20:22:44.548 +03:00 [INF] Executed DbCommand (2ms) [Parameters=[], CommandType='"Text"', CommandTimeout='30']
SELECT [d].[Id], [d].[AppointmentDurationMinutes], [d].[DayOfWeek], [d].[DoctorId], [d].[EndTime], [d].[IsActive], [d].[StartTime]
FROM [DoctorSchedules] AS [d]
2026-06-28 20:22:44.559 +03:00 [INF] Executed DbCommand (4ms) [Parameters=[@p6='?' (DbType = Guid), @p0='?' (DbType = Int32), @p1='?' (DbType = Int32), @p2='?' (DbType = Guid), @p3='?' (DbType = Time), @p4='?' (DbType = Boolean), @p5='?' (DbType = Time), @p13='?' (DbType = Guid), @p7='?' (DbType = Int32), @p8='?' (DbType = Int32), @p9='?' (DbType = Guid), @p10='?' (DbType = Time), @p11='?' (DbType = Boolean), @p12='?' (DbType = Time), @p20='?' (DbType = Guid), @p14='?' (DbType = Int32), @p15='?' (DbType = Int32), @p16='?' (DbType = Guid), @p17='?' (DbType = Time), @p18='?' (DbType = Boolean), @p19='?' (DbType = Time), @p27='?' (DbType = Guid), @p21='?' (DbType = Int32), @p22='?' (DbType = Int32), @p23='?' (DbType = Guid), @p24='?' (DbType = Time), @p25='?' (DbType = Boolean), @p26='?' (DbType = Time), @p34='?' (DbType = Guid), @p28='?' (DbType = Int32), @p29='?' (DbType = Int32), @p30='?' (DbType = Guid), @p31='?' (DbType = Time), @p32='?' (DbType = Boolean), @p33='?' (DbType = Time), @p35='?' (DbType = Guid), @p36='?' (DbType = Int32), @p37='?' (DbType = Int32), @p38='?' (DbType = Guid), @p39='?' (DbType = Time), @p40='?' (DbType = Boolean), @p41='?' (DbType = Time)], CommandType='"Text"', CommandTimeout='30']
SET NOCOUNT ON;
UPDATE [DoctorSchedules] SET [AppointmentDurationMinutes] = @p0, [DayOfWeek] = @p1, [DoctorId] = @p2, [EndTime] = @p3, [IsActive] = @p4, [StartTime] = @p5
OUTPUT 1
WHERE [Id] = @p6;
UPDATE [DoctorSchedules] SET [AppointmentDurationMinutes] = @p7, [DayOfWeek] = @p8, [DoctorId] = @p9, [EndTime] = @p10, [IsActive] = @p11, [StartTime] = @p12
OUTPUT 1
WHERE [Id] = @p13;
UPDATE [DoctorSchedules] SET [AppointmentDurationMinutes] = @p14, [DayOfWeek] = @p15, [DoctorId] = @p16, [EndTime] = @p17, [IsActive] = @p18, [StartTime] = @p19
OUTPUT 1
WHERE [Id] = @p20;
UPDATE [DoctorSchedules] SET [AppointmentDurationMinutes] = @p21, [DayOfWeek] = @p22, [DoctorId] = @p23, [EndTime] = @p24, [IsActive] = @p25, [StartTime] = @p26
OUTPUT 1
WHERE [Id] = @p27;
UPDATE [DoctorSchedules] SET [AppointmentDurationMinutes] = @p28, [DayOfWeek] = @p29, [DoctorId] = @p30, [EndTime] = @p31, [IsActive] = @p32, [StartTime] = @p33
OUTPUT 1
WHERE [Id] = @p34;
INSERT INTO [DoctorSchedules] ([Id], [AppointmentDurationMinutes], [DayOfWeek], [DoctorId], [EndTime], [IsActive], [StartTime])
VALUES (@p35, @p36, @p37, @p38, @p39, @p40, @p41);
2026-06-28 20:22:44.566 +03:00 [ERR] An exception occurred in the database while saving changes for context type 'HospitalSystem.Infrastructure.Persistence.HospitalDbContext'.
Microsoft.EntityFrameworkCore.DbUpdateException: An error occurred while saving the entity changes. See the inner exception for details.
 ---> Microsoft.Data.SqlClient.SqlException (0x80131904): Cannot insert duplicate key row in object 'dbo.DoctorSchedules' with unique index 'IX_DoctorSchedules_DoctorId_DayOfWeek'. The duplicate key value is (eea5306b-9d0d-474f-b644-e334fdedcbe6, 1).
   at Microsoft.Data.SqlClient.SqlConnection.OnError(SqlException exception, Boolean breakConnection, Action`1 wrapCloseInAction)
   at Microsoft.Data.SqlClient.SqlInternalConnection.OnError(SqlException exception, Boolean breakConnection, Action`1 wrapCloseInAction)
   at Microsoft.Data.SqlClient.TdsParser.ThrowExceptionAndWarning(TdsParserStateObject stateObj, SqlCommand command, Boolean callerHasConnectionLock, Boolean asyncClose)
   at Microsoft.Data.SqlClient.TdsParser.TryRun(RunBehavior runBehavior, SqlCommand cmdHandler, SqlDataReader dataStream, BulkCopySimpleResultSet bulkCopyHandler, TdsParserStateObject stateObj, Boolean& dataReady)
   at Microsoft.Data.SqlClient.SqlDataReader.TryHasMoreRows(Boolean& moreRows)
   at Microsoft.Data.SqlClient.SqlDataReader.TryHasMoreResults(Boolean& moreResults)
   at Microsoft.Data.SqlClient.SqlDataReader.TryNextResult(Boolean& more)
   at Microsoft.Data.SqlClient.SqlDataReader.NextResultAsyncExecute(Task task, Object state)
   at Microsoft.Data.SqlClient.SqlDataReader.InvokeAsyncCall[T](SqlDataReaderBaseAsyncCallContext`1 context)
--- End of stack trace from previous location ---
   at Microsoft.EntityFrameworkCore.Update.AffectedCountModificationCommandBatch.ConsumeAsync(RelationalDataReader reader, CancellationToken cancellationToken)
ClientConnectionId:0eaef420-b89c-463b-998d-c4b7e642f5e2
Error Number:2601,State:1,Class:14
   --- End of inner exception stack trace ---
   at Microsoft.EntityFrameworkCore.Update.AffectedCountModificationCommandBatch.ConsumeAsync(RelationalDataReader reader, CancellationToken cancellationToken)
   at Microsoft.EntityFrameworkCore.Update.ReaderModificationCommandBatch.ExecuteAsync(IRelationalConnection connection, CancellationToken cancellationToken)
   at Microsoft.EntityFrameworkCore.Update.ReaderModificationCommandBatch.ExecuteAsync(IRelationalConnection connection, CancellationToken cancellationToken)
   at Microsoft.EntityFrameworkCore.SqlServer.Update.Internal.SqlServerModificationCommandBatch.ExecuteAsync(IRelationalConnection connection, CancellationToken cancellationToken)
   at Microsoft.EntityFrameworkCore.Update.Internal.BatchExecutor.ExecuteAsync(IEnumerable`1 commandBatches, IRelationalConnection connection, CancellationToken cancellationToken)
   at Microsoft.EntityFrameworkCore.Update.Internal.BatchExecutor.ExecuteAsync(IEnumerable`1 commandBatches, IRelationalConnection connection, CancellationToken cancellationToken)
   at Microsoft.EntityFrameworkCore.Update.Internal.BatchExecutor.ExecuteAsync(IEnumerable`1 commandBatches, IRelationalConnection connection, CancellationToken cancellationToken)
   at Microsoft.EntityFrameworkCore.Storage.RelationalDatabase.SaveChangesAsync(IList`1 entries, CancellationToken cancellationToken)
   at Microsoft.EntityFrameworkCore.ChangeTracking.Internal.StateManager.SaveChangesAsync(IList`1 entriesToSave, CancellationToken cancellationToken)
   at Microsoft.EntityFrameworkCore.ChangeTracking.Internal.StateManager.SaveChangesAsync(StateManager stateManager, Boolean acceptAllChangesOnSuccess, CancellationToken cancellationToken)
   at Microsoft.EntityFrameworkCore.SqlServer.Storage.Internal.SqlServerExecutionStrategy.ExecuteAsync[TState,TResult](TState state, Func`4 operation, Func`4 verifySucceeded, CancellationToken cancellationToken)
   at Microsoft.EntityFrameworkCore.DbContext.SaveChangesAsync(Boolean acceptAllChangesOnSuccess, CancellationToken cancellationToken)
Microsoft.EntityFrameworkCore.DbUpdateException: An error occurred while saving the entity changes. See the inner exception for details.
 ---> Microsoft.Data.SqlClient.SqlException (0x80131904): Cannot insert duplicate key row in object 'dbo.DoctorSchedules' with unique index 'IX_DoctorSchedules_DoctorId_DayOfWeek'. The duplicate key value is (eea5306b-9d0d-474f-b644-e334fdedcbe6, 1).
   at Microsoft.Data.SqlClient.SqlConnection.OnError(SqlException exception, Boolean breakConnection, Action`1 wrapCloseInAction)
   at Microsoft.Data.SqlClient.SqlInternalConnection.OnError(SqlException exception, Boolean breakConnection, Action`1 wrapCloseInAction)
   at Microsoft.Data.SqlClient.TdsParser.ThrowExceptionAndWarning(TdsParserStateObject stateObj, SqlCommand command, Boolean callerHasConnectionLock, Boolean asyncClose)
   at Microsoft.Data.SqlClient.TdsParser.TryRun(RunBehavior runBehavior, SqlCommand cmdHandler, SqlDataReader dataStream, BulkCopySimpleResultSet bulkCopyHandler, TdsParserStateObject stateObj, Boolean& dataReady)
   at Microsoft.Data.SqlClient.SqlDataReader.TryHasMoreRows(Boolean& moreRows)
   at Microsoft.Data.SqlClient.SqlDataReader.TryHasMoreResults(Boolean& moreResults)
   at Microsoft.Data.SqlClient.SqlDataReader.TryNextResult(Boolean& more)
   at Microsoft.Data.SqlClient.SqlDataReader.NextResultAsyncExecute(Task task, Object state)
   at Microsoft.Data.SqlClient.SqlDataReader.InvokeAsyncCall[T](SqlDataReaderBaseAsyncCallContext`1 context)
--- End of stack trace from previous location ---
   at Microsoft.EntityFrameworkCore.Update.AffectedCountModificationCommandBatch.ConsumeAsync(RelationalDataReader reader, CancellationToken cancellationToken)
ClientConnectionId:0eaef420-b89c-463b-998d-c4b7e642f5e2
Error Number:2601,State:1,Class:14
   --- End of inner exception stack trace ---
   at Microsoft.EntityFrameworkCore.Update.AffectedCountModificationCommandBatch.ConsumeAsync(RelationalDataReader reader, CancellationToken cancellationToken)
   at Microsoft.EntityFrameworkCore.Update.ReaderModificationCommandBatch.ExecuteAsync(IRelationalConnection connection, CancellationToken cancellationToken)
   at Microsoft.EntityFrameworkCore.Update.ReaderModificationCommandBatch.ExecuteAsync(IRelationalConnection connection, CancellationToken cancellationToken)
   at Microsoft.EntityFrameworkCore.SqlServer.Update.Internal.SqlServerModificationCommandBatch.ExecuteAsync(IRelationalConnection connection, CancellationToken cancellationToken)
   at Microsoft.EntityFrameworkCore.Update.Internal.BatchExecutor.ExecuteAsync(IEnumerable`1 commandBatches, IRelationalConnection connection, CancellationToken cancellationToken)
   at Microsoft.EntityFrameworkCore.Update.Internal.BatchExecutor.ExecuteAsync(IEnumerable`1 commandBatches, IRelationalConnection connection, CancellationToken cancellationToken)
   at Microsoft.EntityFrameworkCore.Update.Internal.BatchExecutor.ExecuteAsync(IEnumerable`1 commandBatches, IRelationalConnection connection, CancellationToken cancellationToken)
   at Microsoft.EntityFrameworkCore.Storage.RelationalDatabase.SaveChangesAsync(IList`1 entries, CancellationToken cancellationToken)
   at Microsoft.EntityFrameworkCore.ChangeTracking.Internal.StateManager.SaveChangesAsync(IList`1 entriesToSave, CancellationToken cancellationToken)
   at Microsoft.EntityFrameworkCore.ChangeTracking.Internal.StateManager.SaveChangesAsync(StateManager stateManager, Boolean acceptAllChangesOnSuccess, CancellationToken cancellationToken)
   at Microsoft.EntityFrameworkCore.SqlServer.Storage.Internal.SqlServerExecutionStrategy.ExecuteAsync[TState,TResult](TState state, Func`4 operation, Func`4 verifySucceeded, CancellationToken cancellationToken)
   at Microsoft.EntityFrameworkCore.DbContext.SaveChangesAsync(Boolean acceptAllChangesOnSuccess, CancellationToken cancellationToken)
2026-06-28 20:22:44.572 +03:00 [ERR] Unhandled exception occurred.
Microsoft.EntityFrameworkCore.DbUpdateException: An error occurred while saving the entity changes. See the inner exception for details.
 ---> Microsoft.Data.SqlClient.SqlException (0x80131904): Cannot insert duplicate key row in object 'dbo.DoctorSchedules' with unique index 'IX_DoctorSchedules_DoctorId_DayOfWeek'. The duplicate key value is (eea5306b-9d0d-474f-b644-e334fdedcbe6, 1).
   at Microsoft.Data.SqlClient.SqlConnection.OnError(SqlException exception, Boolean breakConnection, Action`1 wrapCloseInAction)
   at Microsoft.Data.SqlClient.SqlInternalConnection.OnError(SqlException exception, Boolean breakConnection, Action`1 wrapCloseInAction)
   at Microsoft.Data.SqlClient.TdsParser.ThrowExceptionAndWarning(TdsParserStateObject stateObj, SqlCommand command, Boolean callerHasConnectionLock, Boolean asyncClose)
   at Microsoft.Data.SqlClient.TdsParser.TryRun(RunBehavior runBehavior, SqlCommand cmdHandler, SqlDataReader dataStream, BulkCopySimpleResultSet bulkCopyHandler, TdsParserStateObject stateObj, Boolean& dataReady)
   at Microsoft.Data.SqlClient.SqlDataReader.TryHasMoreRows(Boolean& moreRows)
   at Microsoft.Data.SqlClient.SqlDataReader.TryHasMoreResults(Boolean& moreResults)
   at Microsoft.Data.SqlClient.SqlDataReader.TryNextResult(Boolean& more)
   at Microsoft.Data.SqlClient.SqlDataReader.NextResultAsyncExecute(Task task, Object state)
   at Microsoft.Data.SqlClient.SqlDataReader.InvokeAsyncCall[T](SqlDataReaderBaseAsyncCallContext`1 context)
--- End of stack trace from previous location ---
   at Microsoft.EntityFrameworkCore.Update.AffectedCountModificationCommandBatch.ConsumeAsync(RelationalDataReader reader, CancellationToken cancellationToken)
ClientConnectionId:0eaef420-b89c-463b-998d-c4b7e642f5e2
Error Number:2601,State:1,Class:14
   --- End of inner exception stack trace ---
   at Microsoft.EntityFrameworkCore.Update.AffectedCountModificationCommandBatch.ConsumeAsync(RelationalDataReader reader, CancellationToken cancellationToken)
   at Microsoft.EntityFrameworkCore.Update.ReaderModificationCommandBatch.ExecuteAsync(IRelationalConnection connection, CancellationToken cancellationToken)
   at Microsoft.EntityFrameworkCore.Update.ReaderModificationCommandBatch.ExecuteAsync(IRelationalConnection connection, CancellationToken cancellationToken)
   at Microsoft.EntityFrameworkCore.SqlServer.Update.Internal.SqlServerModificationCommandBatch.ExecuteAsync(IRelationalConnection connection, CancellationToken cancellationToken)
   at Microsoft.EntityFrameworkCore.Update.Internal.BatchExecutor.ExecuteAsync(IEnumerable`1 commandBatches, IRelationalConnection connection, CancellationToken cancellationToken)
   at Microsoft.EntityFrameworkCore.Update.Internal.BatchExecutor.ExecuteAsync(IEnumerable`1 commandBatches, IRelationalConnection connection, CancellationToken cancellationToken)
   at Microsoft.EntityFrameworkCore.Update.Internal.BatchExecutor.ExecuteAsync(IEnumerable`1 commandBatches, IRelationalConnection connection, CancellationToken cancellationToken)
   at Microsoft.EntityFrameworkCore.Storage.RelationalDatabase.SaveChangesAsync(IList`1 entries, CancellationToken cancellationToken)
   at Microsoft.EntityFrameworkCore.ChangeTracking.Internal.StateManager.SaveChangesAsync(IList`1 entriesToSave, CancellationToken cancellationToken)
   at Microsoft.EntityFrameworkCore.ChangeTracking.Internal.StateManager.SaveChangesAsync(StateManager stateManager, Boolean acceptAllChangesOnSuccess, CancellationToken cancellationToken)
   at Microsoft.EntityFrameworkCore.SqlServer.Storage.Internal.SqlServerExecutionStrategy.ExecuteAsync[TState,TResult](TState state, Func`4 operation, Func`4 verifySucceeded, CancellationToken cancellationToken)
   at Microsoft.EntityFrameworkCore.DbContext.SaveChangesAsync(Boolean acceptAllChangesOnSuccess, CancellationToken cancellationToken)
   at Microsoft.EntityFrameworkCore.DbContext.SaveChangesAsync(Boolean acceptAllChangesOnSuccess, CancellationToken cancellationToken)
   at HospitalSystem.Infrastructure.Repositories.UnitOfWork.SaveChangesAsync(CancellationToken cancellationToken) in G:\DEPI\HospitalSystem.Infrastructure\Repositories\UnitOfWork.cs:line 37
   at HospitalSystem.Application.Services.DoctorService.SetScheduleAsync(Guid doctorId, SetDoctorScheduleRequest request, CancellationToken cancellationToken) in G:\DEPI\HospitalSystem.Application\Services\DoctorService.cs:line 125
   at HospitalSystem.API.Controllers.DoctorsController.SetSchedule(Guid id, SetDoctorScheduleRequest request, CancellationToken cancellationToken) in G:\DEPI\HospitalSystem.API\Controllers\DoctorsController.cs:line 185
   at lambda_method522(Closure, Object)
   at Microsoft.AspNetCore.Mvc.Infrastructure.ActionMethodExecutor.AwaitableObjectResultExecutor.Execute(ActionContext actionContext, IActionResultTypeMapper mapper, ObjectMethodExecutor executor, Object controller, Object[] arguments)
   at Microsoft.AspNetCore.Mvc.Infrastructure.ControllerActionInvoker.<InvokeActionMethodAsync>g__Awaited|12_0(ControllerActionInvoker invoker, ValueTask`1 actionResultValueTask)
   at Microsoft.AspNetCore.Mvc.Infrastructure.ControllerActionInvoker.<InvokeNextActionFilterAsync>g__Awaited|10_0(ControllerActionInvoker invoker, Task lastTask, State next, Scope scope, Object state, Boolean isCompleted)
   at Microsoft.AspNetCore.Mvc.Infrastructure.ControllerActionInvoker.Rethrow(ActionExecutedContextSealed context)
   at Microsoft.AspNetCore.Mvc.Infrastructure.ControllerActionInvoker.Next(State& next, Scope& scope, Object& state, Boolean& isCompleted)
   at Microsoft.AspNetCore.Mvc.Infrastructure.ControllerActionInvoker.<InvokeInnerFilterAsync>g__Awaited|13_0(ControllerActionInvoker invoker, Task lastTask, State next, Scope scope, Object state, Boolean isCompleted)
   at Microsoft.AspNetCore.Mvc.Infrastructure.ResourceInvoker.<InvokeFilterPipelineAsync>g__Awaited|20_0(ResourceInvoker invoker, Task lastTask, State next, Scope scope, Object state, Boolean isCompleted)
   at Microsoft.AspNetCore.Mvc.Infrastructure.ResourceInvoker.<InvokeAsync>g__Awaited|17_0(ResourceInvoker invoker, Task task, IDisposable scope)
   at Microsoft.AspNetCore.Mvc.Infrastructure.ResourceInvoker.<InvokeAsync>g__Awaited|17_0(ResourceInvoker invoker, Task task, IDisposable scope)
   at Microsoft.AspNetCore.Authorization.AuthorizationMiddleware.Invoke(HttpContext context)
   at Microsoft.AspNetCore.Authentication.AuthenticationMiddleware.Invoke(HttpContext context)
   at Swashbuckle.AspNetCore.SwaggerUI.SwaggerUIMiddleware.Invoke(HttpContext httpContext)
   at Swashbuckle.AspNetCore.Swagger.SwaggerMiddleware.Invoke(HttpContext httpContext, ISwaggerProvider swaggerProvider)
   at HospitalSystem.API.Middleware.RequestLoggingMiddleware.InvokeAsync(HttpContext context) in G:\DEPI\HospitalSystem.API\Middleware\RequestLoggingMiddleware.cs:line 19
   at HospitalSystem.API.Middleware.ExceptionHandlingMiddleware.InvokeAsync(HttpContext context) in G:\DEPI\HospitalSystem.API\Middleware\ExceptionHandlingMiddleware.cs:line 24
2026-06-28 20:22:49.241 +03:00 [INF] HTTP OPTIONS /api/doctors/eea5306b-9d0d-474f-b644-e334fdedcbe6/schedule responded 204 in 0ms
2026-06-28 20:22:49.260 +03:00 [INF] Executed DbCommand (1ms) [Parameters=[@p='?' (DbType = Guid)], CommandType='"Text"', CommandTimeout='30']
SELECT TOP(1) [d].[Id], [d].[DepartmentId], [d].[FullName], [d].[IsActive], [d].[Phone], [d].[Specialization], [d].[UserId]
FROM [Doctors] AS [d]
WHERE [d].[Id] = @p
2026-06-28 20:22:49.262 +03:00 [INF] Executed DbCommand (1ms) [Parameters=[], CommandType='"Text"', CommandTimeout='30']
SELECT [d].[Id], [d].[AppointmentDurationMinutes], [d].[DayOfWeek], [d].[DoctorId], [d].[EndTime], [d].[IsActive], [d].[StartTime]
FROM [DoctorSchedules] AS [d]
2026-06-28 20:22:49.272 +03:00 [INF] Executed DbCommand (4ms) [Parameters=[@p6='?' (DbType = Guid), @p0='?' (DbType = Int32), @p1='?' (DbType = Int32), @p2='?' (DbType = Guid), @p3='?' (DbType = Time), @p4='?' (DbType = Boolean), @p5='?' (DbType = Time), @p13='?' (DbType = Guid), @p7='?' (DbType = Int32), @p8='?' (DbType = Int32), @p9='?' (DbType = Guid), @p10='?' (DbType = Time), @p11='?' (DbType = Boolean), @p12='?' (DbType = Time), @p20='?' (DbType = Guid), @p14='?' (DbType = Int32), @p15='?' (DbType = Int32), @p16='?' (DbType = Guid), @p17='?' (DbType = Time), @p18='?' (DbType = Boolean), @p19='?' (DbType = Time), @p27='?' (DbType = Guid), @p21='?' (DbType = Int32), @p22='?' (DbType = Int32), @p23='?' (DbType = Guid), @p24='?' (DbType = Time), @p25='?' (DbType = Boolean), @p26='?' (DbType = Time), @p34='?' (DbType = Guid), @p28='?' (DbType = Int32), @p29='?' (DbType = Int32), @p30='?' (DbType = Guid), @p31='?' (DbType = Time), @p32='?' (DbType = Boolean), @p33='?' (DbType = Time), @p35='?' (DbType = Guid), @p36='?' (DbType = Int32), @p37='?' (DbType = Int32), @p38='?' (DbType = Guid), @p39='?' (DbType = Time), @p40='?' (DbType = Boolean), @p41='?' (DbType = Time)], CommandType='"Text"', CommandTimeout='30']
SET NOCOUNT ON;
UPDATE [DoctorSchedules] SET [AppointmentDurationMinutes] = @p0, [DayOfWeek] = @p1, [DoctorId] = @p2, [EndTime] = @p3, [IsActive] = @p4, [StartTime] = @p5
OUTPUT 1
WHERE [Id] = @p6;
UPDATE [DoctorSchedules] SET [AppointmentDurationMinutes] = @p7, [DayOfWeek] = @p8, [DoctorId] = @p9, [EndTime] = @p10, [IsActive] = @p11, [StartTime] = @p12
OUTPUT 1
WHERE [Id] = @p13;
UPDATE [DoctorSchedules] SET [AppointmentDurationMinutes] = @p14, [DayOfWeek] = @p15, [DoctorId] = @p16, [EndTime] = @p17, [IsActive] = @p18, [StartTime] = @p19
OUTPUT 1
WHERE [Id] = @p20;
UPDATE [DoctorSchedules] SET [AppointmentDurationMinutes] = @p21, [DayOfWeek] = @p22, [DoctorId] = @p23, [EndTime] = @p24, [IsActive] = @p25, [StartTime] = @p26
OUTPUT 1
WHERE [Id] = @p27;
UPDATE [DoctorSchedules] SET [AppointmentDurationMinutes] = @p28, [DayOfWeek] = @p29, [DoctorId] = @p30, [EndTime] = @p31, [IsActive] = @p32, [StartTime] = @p33
OUTPUT 1
WHERE [Id] = @p34;
INSERT INTO [DoctorSchedules] ([Id], [AppointmentDurationMinutes], [DayOfWeek], [DoctorId], [EndTime], [IsActive], [StartTime])
VALUES (@p35, @p36, @p37, @p38, @p39, @p40, @p41);
2026-06-28 20:22:49.276 +03:00 [ERR] An exception occurred in the database while saving changes for context type 'HospitalSystem.Infrastructure.Persistence.HospitalDbContext'.
Microsoft.EntityFrameworkCore.DbUpdateException: An error occurred while saving the entity changes. See the inner exception for details.
 ---> Microsoft.Data.SqlClient.SqlException (0x80131904): Cannot insert duplicate key row in object 'dbo.DoctorSchedules' with unique index 'IX_DoctorSchedules_DoctorId_DayOfWeek'. The duplicate key value is (eea5306b-9d0d-474f-b644-e334fdedcbe6, 1).
   at Microsoft.Data.SqlClient.SqlConnection.OnError(SqlException exception, Boolean breakConnection, Action`1 wrapCloseInAction)
   at Microsoft.Data.SqlClient.SqlInternalConnection.OnError(SqlException exception, Boolean breakConnection, Action`1 wrapCloseInAction)
   at Microsoft.Data.SqlClient.TdsParser.ThrowExceptionAndWarning(TdsParserStateObject stateObj, SqlCommand command, Boolean callerHasConnectionLock, Boolean asyncClose)
   at Microsoft.Data.SqlClient.TdsParser.TryRun(RunBehavior runBehavior, SqlCommand cmdHandler, SqlDataReader dataStream, BulkCopySimpleResultSet bulkCopyHandler, TdsParserStateObject stateObj, Boolean& dataReady)
   at Microsoft.Data.SqlClient.SqlDataReader.TryHasMoreRows(Boolean& moreRows)
   at Microsoft.Data.SqlClient.SqlDataReader.TryHasMoreResults(Boolean& moreResults)
   at Microsoft.Data.SqlClient.SqlDataReader.TryNextResult(Boolean& more)
   at Microsoft.Data.SqlClient.SqlDataReader.NextResultAsyncExecute(Task task, Object state)
   at Microsoft.Data.SqlClient.SqlDataReader.InvokeAsyncCall[T](SqlDataReaderBaseAsyncCallContext`1 context)
--- End of stack trace from previous location ---
   at Microsoft.EntityFrameworkCore.Update.AffectedCountModificationCommandBatch.ConsumeAsync(RelationalDataReader reader, CancellationToken cancellationToken)
ClientConnectionId:0eaef420-b89c-463b-998d-c4b7e642f5e2
Error Number:2601,State:1,Class:14
   --- End of inner exception stack trace ---
   at Microsoft.EntityFrameworkCore.Update.AffectedCountModificationCommandBatch.ConsumeAsync(RelationalDataReader reader, CancellationToken cancellationToken)
   at Microsoft.EntityFrameworkCore.Update.ReaderModificationCommandBatch.ExecuteAsync(IRelationalConnection connection, CancellationToken cancellationToken)
   at Microsoft.EntityFrameworkCore.Update.ReaderModificationCommandBatch.ExecuteAsync(IRelationalConnection connection, CancellationToken cancellationToken)
   at Microsoft.EntityFrameworkCore.SqlServer.Update.Internal.SqlServerModificationCommandBatch.ExecuteAsync(IRelationalConnection connection, CancellationToken cancellationToken)
   at Microsoft.EntityFrameworkCore.Update.Internal.BatchExecutor.ExecuteAsync(IEnumerable`1 commandBatches, IRelationalConnection connection, CancellationToken cancellationToken)
   at Microsoft.EntityFrameworkCore.Update.Internal.BatchExecutor.ExecuteAsync(IEnumerable`1 commandBatches, IRelationalConnection connection, CancellationToken cancellationToken)
   at Microsoft.EntityFrameworkCore.Update.Internal.BatchExecutor.ExecuteAsync(IEnumerable`1 commandBatches, IRelationalConnection connection, CancellationToken cancellationToken)
   at Microsoft.EntityFrameworkCore.Storage.RelationalDatabase.SaveChangesAsync(IList`1 entries, CancellationToken cancellationToken)
   at Microsoft.EntityFrameworkCore.ChangeTracking.Internal.StateManager.SaveChangesAsync(IList`1 entriesToSave, CancellationToken cancellationToken)
   at Microsoft.EntityFrameworkCore.ChangeTracking.Internal.StateManager.SaveChangesAsync(StateManager stateManager, Boolean acceptAllChangesOnSuccess, CancellationToken cancellationToken)
   at Microsoft.EntityFrameworkCore.SqlServer.Storage.Internal.SqlServerExecutionStrategy.ExecuteAsync[TState,TResult](TState state, Func`4 operation, Func`4 verifySucceeded, CancellationToken cancellationToken)
   at Microsoft.EntityFrameworkCore.DbContext.SaveChangesAsync(Boolean acceptAllChangesOnSuccess, CancellationToken cancellationToken)
Microsoft.EntityFrameworkCore.DbUpdateException: An error occurred while saving the entity changes. See the inner exception for details.
 ---> Microsoft.Data.SqlClient.SqlException (0x80131904): Cannot insert duplicate key row in object 'dbo.DoctorSchedules' with unique index 'IX_DoctorSchedules_DoctorId_DayOfWeek'. The duplicate key value is (eea5306b-9d0d-474f-b644-e334fdedcbe6, 1).
   at Microsoft.Data.SqlClient.SqlConnection.OnError(SqlException exception, Boolean breakConnection, Action`1 wrapCloseInAction)
   at Microsoft.Data.SqlClient.SqlInternalConnection.OnError(SqlException exception, Boolean breakConnection, Action`1 wrapCloseInAction)
   at Microsoft.Data.SqlClient.TdsParser.ThrowExceptionAndWarning(TdsParserStateObject stateObj, SqlCommand command, Boolean callerHasConnectionLock, Boolean asyncClose)
   at Microsoft.Data.SqlClient.TdsParser.TryRun(RunBehavior runBehavior, SqlCommand cmdHandler, SqlDataReader dataStream, BulkCopySimpleResultSet bulkCopyHandler, TdsParserStateObject stateObj, Boolean& dataReady)
   at Microsoft.Data.SqlClient.SqlDataReader.TryHasMoreRows(Boolean& moreRows)
   at Microsoft.Data.SqlClient.SqlDataReader.TryHasMoreResults(Boolean& moreResults)
   at Microsoft.Data.SqlClient.SqlDataReader.TryNextResult(Boolean& more)
   at Microsoft.Data.SqlClient.SqlDataReader.NextResultAsyncExecute(Task task, Object state)
   at Microsoft.Data.SqlClient.SqlDataReader.InvokeAsyncCall[T](SqlDataReaderBaseAsyncCallContext`1 context)
--- End of stack trace from previous location ---
   at Microsoft.EntityFrameworkCore.Update.AffectedCountModificationCommandBatch.ConsumeAsync(RelationalDataReader reader, CancellationToken cancellationToken)
ClientConnectionId:0eaef420-b89c-463b-998d-c4b7e642f5e2
Error Number:2601,State:1,Class:14
   --- End of inner exception stack trace ---
   at Microsoft.EntityFrameworkCore.Update.AffectedCountModificationCommandBatch.ConsumeAsync(RelationalDataReader reader, CancellationToken cancellationToken)
   at Microsoft.EntityFrameworkCore.Update.ReaderModificationCommandBatch.ExecuteAsync(IRelationalConnection connection, CancellationToken cancellationToken)
   at Microsoft.EntityFrameworkCore.Update.ReaderModificationCommandBatch.ExecuteAsync(IRelationalConnection connection, CancellationToken cancellationToken)
   at Microsoft.EntityFrameworkCore.SqlServer.Update.Internal.SqlServerModificationCommandBatch.ExecuteAsync(IRelationalConnection connection, CancellationToken cancellationToken)
   at Microsoft.EntityFrameworkCore.Update.Internal.BatchExecutor.ExecuteAsync(IEnumerable`1 commandBatches, IRelationalConnection connection, CancellationToken cancellationToken)
   at Microsoft.EntityFrameworkCore.Update.Internal.BatchExecutor.ExecuteAsync(IEnumerable`1 commandBatches, IRelationalConnection connection, CancellationToken cancellationToken)
   at Microsoft.EntityFrameworkCore.Update.Internal.BatchExecutor.ExecuteAsync(IEnumerable`1 commandBatches, IRelationalConnection connection, CancellationToken cancellationToken)
   at Microsoft.EntityFrameworkCore.Storage.RelationalDatabase.SaveChangesAsync(IList`1 entries, CancellationToken cancellationToken)
   at Microsoft.EntityFrameworkCore.ChangeTracking.Internal.StateManager.SaveChangesAsync(IList`1 entriesToSave, CancellationToken cancellationToken)
   at Microsoft.EntityFrameworkCore.ChangeTracking.Internal.StateManager.SaveChangesAsync(StateManager stateManager, Boolean acceptAllChangesOnSuccess, CancellationToken cancellationToken)
   at Microsoft.EntityFrameworkCore.SqlServer.Storage.Internal.SqlServerExecutionStrategy.ExecuteAsync[TState,TResult](TState state, Func`4 operation, Func`4 verifySucceeded, CancellationToken cancellationToken)
   at Microsoft.EntityFrameworkCore.DbContext.SaveChangesAsync(Boolean acceptAllChangesOnSuccess, CancellationToken cancellationToken)
2026-06-28 20:22:49.281 +03:00 [ERR] Unhandled exception occurred.
Microsoft.EntityFrameworkCore.DbUpdateException: An error occurred while saving the entity changes. See the inner exception for details.
 ---> Microsoft.Data.SqlClient.SqlException (0x80131904): Cannot insert duplicate key row in object 'dbo.DoctorSchedules' with unique index 'IX_DoctorSchedules_DoctorId_DayOfWeek'. The duplicate key value is (eea5306b-9d0d-474f-b644-e334fdedcbe6, 1).
   at Microsoft.Data.SqlClient.SqlConnection.OnError(SqlException exception, Boolean breakConnection, Action`1 wrapCloseInAction)
   at Microsoft.Data.SqlClient.SqlInternalConnection.OnError(SqlException exception, Boolean breakConnection, Action`1 wrapCloseInAction)
   at Microsoft.Data.SqlClient.TdsParser.ThrowExceptionAndWarning(TdsParserStateObject stateObj, SqlCommand command, Boolean callerHasConnectionLock, Boolean asyncClose)
   at Microsoft.Data.SqlClient.TdsParser.TryRun(RunBehavior runBehavior, SqlCommand cmdHandler, SqlDataReader dataStream, BulkCopySimpleResultSet bulkCopyHandler, TdsParserStateObject stateObj, Boolean& dataReady)
   at Microsoft.Data.SqlClient.SqlDataReader.TryHasMoreRows(Boolean& moreRows)
   at Microsoft.Data.SqlClient.SqlDataReader.TryHasMoreResults(Boolean& moreResults)
   at Microsoft.Data.SqlClient.SqlDataReader.TryNextResult(Boolean& more)
   at Microsoft.Data.SqlClient.SqlDataReader.NextResultAsyncExecute(Task task, Object state)
   at Microsoft.Data.SqlClient.SqlDataReader.InvokeAsyncCall[T](SqlDataReaderBaseAsyncCallContext`1 context)
--- End of stack trace from previous location ---
   at Microsoft.EntityFrameworkCore.Update.AffectedCountModificationCommandBatch.ConsumeAsync(RelationalDataReader reader, CancellationToken cancellationToken)
ClientConnectionId:0eaef420-b89c-463b-998d-c4b7e642f5e2
Error Number:2601,State:1,Class:14
   --- End of inner exception stack trace ---
   at Microsoft.EntityFrameworkCore.Update.AffectedCountModificationCommandBatch.ConsumeAsync(RelationalDataReader reader, CancellationToken cancellationToken)
   at Microsoft.EntityFrameworkCore.Update.ReaderModificationCommandBatch.ExecuteAsync(IRelationalConnection connection, CancellationToken cancellationToken)
   at Microsoft.EntityFrameworkCore.Update.ReaderModificationCommandBatch.ExecuteAsync(IRelationalConnection connection, CancellationToken cancellationToken)
   at Microsoft.EntityFrameworkCore.SqlServer.Update.Internal.SqlServerModificationCommandBatch.ExecuteAsync(IRelationalConnection connection, CancellationToken cancellationToken)
   at Microsoft.EntityFrameworkCore.Update.Internal.BatchExecutor.ExecuteAsync(IEnumerable`1 commandBatches, IRelationalConnection connection, CancellationToken cancellationToken)
   at Microsoft.EntityFrameworkCore.Update.Internal.BatchExecutor.ExecuteAsync(IEnumerable`1 commandBatches, IRelationalConnection connection, CancellationToken cancellationToken)
   at Microsoft.EntityFrameworkCore.Update.Internal.BatchExecutor.ExecuteAsync(IEnumerable`1 commandBatches, IRelationalConnection connection, CancellationToken cancellationToken)
   at Microsoft.EntityFrameworkCore.Storage.RelationalDatabase.SaveChangesAsync(IList`1 entries, CancellationToken cancellationToken)
   at Microsoft.EntityFrameworkCore.ChangeTracking.Internal.StateManager.SaveChangesAsync(IList`1 entriesToSave, CancellationToken cancellationToken)
   at Microsoft.EntityFrameworkCore.ChangeTracking.Internal.StateManager.SaveChangesAsync(StateManager stateManager, Boolean acceptAllChangesOnSuccess, CancellationToken cancellationToken)
   at Microsoft.EntityFrameworkCore.SqlServer.Storage.Internal.SqlServerExecutionStrategy.ExecuteAsync[TState,TResult](TState state, Func`4 operation, Func`4 verifySucceeded, CancellationToken cancellationToken)
   at Microsoft.EntityFrameworkCore.DbContext.SaveChangesAsync(Boolean acceptAllChangesOnSuccess, CancellationToken cancellationToken)
   at Microsoft.EntityFrameworkCore.DbContext.SaveChangesAsync(Boolean acceptAllChangesOnSuccess, CancellationToken cancellationToken)
   at HospitalSystem.Infrastructure.Repositories.UnitOfWork.SaveChangesAsync(CancellationToken cancellationToken) in G:\DEPI\HospitalSystem.Infrastructure\Repositories\UnitOfWork.cs:line 37
   at HospitalSystem.Application.Services.DoctorService.SetScheduleAsync(Guid doctorId, SetDoctorScheduleRequest request, CancellationToken cancellationToken) in G:\DEPI\HospitalSystem.Application\Services\DoctorService.cs:line 125
   at HospitalSystem.API.Controllers.DoctorsController.SetSchedule(Guid id, SetDoctorScheduleRequest request, CancellationToken cancellationToken) in G:\DEPI\HospitalSystem.API\Controllers\DoctorsController.cs:line 185
   at lambda_method522(Closure, Object)
   at Microsoft.AspNetCore.Mvc.Infrastructure.ActionMethodExecutor.AwaitableObjectResultExecutor.Execute(ActionContext actionContext, IActionResultTypeMapper mapper, ObjectMethodExecutor executor, Object controller, Object[] arguments)
   at Microsoft.AspNetCore.Mvc.Infrastructure.ControllerActionInvoker.<InvokeActionMethodAsync>g__Awaited|12_0(ControllerActionInvoker invoker, ValueTask`1 actionResultValueTask)
   at Microsoft.AspNetCore.Mvc.Infrastructure.ControllerActionInvoker.<InvokeNextActionFilterAsync>g__Awaited|10_0(ControllerActionInvoker invoker, Task lastTask, State next, Scope scope, Object state, Boolean isCompleted)
   at Microsoft.AspNetCore.Mvc.Infrastructure.ControllerActionInvoker.Rethrow(ActionExecutedContextSealed context)
   at Microsoft.AspNetCore.Mvc.Infrastructure.ControllerActionInvoker.Next(State& next, Scope& scope, Object& state, Boolean& isCompleted)
   at Microsoft.AspNetCore.Mvc.Infrastructure.ControllerActionInvoker.<InvokeInnerFilterAsync>g__Awaited|13_0(ControllerActionInvoker invoker, Task lastTask, State next, Scope scope, Object state, Boolean isCompleted)
   at Microsoft.AspNetCore.Mvc.Infrastructure.ResourceInvoker.<InvokeFilterPipelineAsync>g__Awaited|20_0(ResourceInvoker invoker, Task lastTask, State next, Scope scope, Object state, Boolean isCompleted)
   at Microsoft.AspNetCore.Mvc.Infrastructure.ResourceInvoker.<InvokeAsync>g__Awaited|17_0(ResourceInvoker invoker, Task task, IDisposable scope)
   at Microsoft.AspNetCore.Mvc.Infrastructure.ResourceInvoker.<InvokeAsync>g__Awaited|17_0(ResourceInvoker invoker, Task task, IDisposable scope)
   at Microsoft.AspNetCore.Authorization.AuthorizationMiddleware.Invoke(HttpContext context)
   at Microsoft.AspNetCore.Authentication.AuthenticationMiddleware.Invoke(HttpContext context)
   at Swashbuckle.AspNetCore.SwaggerUI.SwaggerUIMiddleware.Invoke(HttpContext httpContext)
   at Swashbuckle.AspNetCore.Swagger.SwaggerMiddleware.Invoke(HttpContext httpContext, ISwaggerProvider swaggerProvider)
   at HospitalSystem.API.Middleware.RequestLoggingMiddleware.InvokeAsync(HttpContext context) in G:\DEPI\HospitalSystem.API\Middleware\RequestLoggingMiddleware.cs:line 19
   at HospitalSystem.API.Middleware.ExceptionHandlingMiddleware.InvokeAsync(HttpContext context) in G:\DEPI\HospitalSystem.API\Middleware\ExceptionHandlingMiddleware.cs:line 24
2026-06-28 20:22:51.274 +03:00 [INF] Executed DbCommand (2ms) [Parameters=[@p='?' (DbType = Guid)], CommandType='"Text"', CommandTimeout='30']
SELECT TOP(1) [d].[Id], [d].[DepartmentId], [d].[FullName], [d].[IsActive], [d].[Phone], [d].[Specialization], [d].[UserId]
FROM [Doctors] AS [d]
WHERE [d].[Id] = @p
2026-06-28 20:22:51.277 +03:00 [INF] Executed DbCommand (1ms) [Parameters=[], CommandType='"Text"', CommandTimeout='30']
SELECT [d].[Id], [d].[AppointmentDurationMinutes], [d].[DayOfWeek], [d].[DoctorId], [d].[EndTime], [d].[IsActive], [d].[StartTime]
FROM [DoctorSchedules] AS [d]
2026-06-28 20:22:51.287 +03:00 [INF] Executed DbCommand (4ms) [Parameters=[@p6='?' (DbType = Guid), @p0='?' (DbType = Int32), @p1='?' (DbType = Int32), @p2='?' (DbType = Guid), @p3='?' (DbType = Time), @p4='?' (DbType = Boolean), @p5='?' (DbType = Time), @p13='?' (DbType = Guid), @p7='?' (DbType = Int32), @p8='?' (DbType = Int32), @p9='?' (DbType = Guid), @p10='?' (DbType = Time), @p11='?' (DbType = Boolean), @p12='?' (DbType = Time), @p20='?' (DbType = Guid), @p14='?' (DbType = Int32), @p15='?' (DbType = Int32), @p16='?' (DbType = Guid), @p17='?' (DbType = Time), @p18='?' (DbType = Boolean), @p19='?' (DbType = Time), @p27='?' (DbType = Guid), @p21='?' (DbType = Int32), @p22='?' (DbType = Int32), @p23='?' (DbType = Guid), @p24='?' (DbType = Time), @p25='?' (DbType = Boolean), @p26='?' (DbType = Time), @p34='?' (DbType = Guid), @p28='?' (DbType = Int32), @p29='?' (DbType = Int32), @p30='?' (DbType = Guid), @p31='?' (DbType = Time), @p32='?' (DbType = Boolean), @p33='?' (DbType = Time), @p35='?' (DbType = Guid), @p36='?' (DbType = Int32), @p37='?' (DbType = Int32), @p38='?' (DbType = Guid), @p39='?' (DbType = Time), @p40='?' (DbType = Boolean), @p41='?' (DbType = Time)], CommandType='"Text"', CommandTimeout='30']
SET NOCOUNT ON;
UPDATE [DoctorSchedules] SET [AppointmentDurationMinutes] = @p0, [DayOfWeek] = @p1, [DoctorId] = @p2, [EndTime] = @p3, [IsActive] = @p4, [StartTime] = @p5
OUTPUT 1
WHERE [Id] = @p6;
UPDATE [DoctorSchedules] SET [AppointmentDurationMinutes] = @p7, [DayOfWeek] = @p8, [DoctorId] = @p9, [EndTime] = @p10, [IsActive] = @p11, [StartTime] = @p12
OUTPUT 1
WHERE [Id] = @p13;
UPDATE [DoctorSchedules] SET [AppointmentDurationMinutes] = @p14, [DayOfWeek] = @p15, [DoctorId] = @p16, [EndTime] = @p17, [IsActive] = @p18, [StartTime] = @p19
OUTPUT 1
WHERE [Id] = @p20;
UPDATE [DoctorSchedules] SET [AppointmentDurationMinutes] = @p21, [DayOfWeek] = @p22, [DoctorId] = @p23, [EndTime] = @p24, [IsActive] = @p25, [StartTime] = @p26
OUTPUT 1
WHERE [Id] = @p27;
UPDATE [DoctorSchedules] SET [AppointmentDurationMinutes] = @p28, [DayOfWeek] = @p29, [DoctorId] = @p30, [EndTime] = @p31, [IsActive] = @p32, [StartTime] = @p33
OUTPUT 1
WHERE [Id] = @p34;
INSERT INTO [DoctorSchedules] ([Id], [AppointmentDurationMinutes], [DayOfWeek], [DoctorId], [EndTime], [IsActive], [StartTime])
VALUES (@p35, @p36, @p37, @p38, @p39, @p40, @p41);
2026-06-28 20:22:51.291 +03:00 [ERR] An exception occurred in the database while saving changes for context type 'HospitalSystem.Infrastructure.Persistence.HospitalDbContext'.
Microsoft.EntityFrameworkCore.DbUpdateException: An error occurred while saving the entity changes. See the inner exception for details.
 ---> Microsoft.Data.SqlClient.SqlException (0x80131904): Cannot insert duplicate key row in object 'dbo.DoctorSchedules' with unique index 'IX_DoctorSchedules_DoctorId_DayOfWeek'. The duplicate key value is (eea5306b-9d0d-474f-b644-e334fdedcbe6, 1).
   at Microsoft.Data.SqlClient.SqlConnection.OnError(SqlException exception, Boolean breakConnection, Action`1 wrapCloseInAction)
   at Microsoft.Data.SqlClient.SqlInternalConnection.OnError(SqlException exception, Boolean breakConnection, Action`1 wrapCloseInAction)
   at Microsoft.Data.SqlClient.TdsParser.ThrowExceptionAndWarning(TdsParserStateObject stateObj, SqlCommand command, Boolean callerHasConnectionLock, Boolean asyncClose)
   at Microsoft.Data.SqlClient.TdsParser.TryRun(RunBehavior runBehavior, SqlCommand cmdHandler, SqlDataReader dataStream, BulkCopySimpleResultSet bulkCopyHandler, TdsParserStateObject stateObj, Boolean& dataReady)
   at Microsoft.Data.SqlClient.SqlDataReader.TryHasMoreRows(Boolean& moreRows)
   at Microsoft.Data.SqlClient.SqlDataReader.TryHasMoreResults(Boolean& moreResults)
   at Microsoft.Data.SqlClient.SqlDataReader.TryNextResult(Boolean& more)
   at Microsoft.Data.SqlClient.SqlDataReader.NextResultAsyncExecute(Task task, Object state)
   at Microsoft.Data.SqlClient.SqlDataReader.InvokeAsyncCall[T](SqlDataReaderBaseAsyncCallContext`1 context)
--- End of stack trace from previous location ---
   at Microsoft.EntityFrameworkCore.Update.AffectedCountModificationCommandBatch.ConsumeAsync(RelationalDataReader reader, CancellationToken cancellationToken)
ClientConnectionId:0eaef420-b89c-463b-998d-c4b7e642f5e2
Error Number:2601,State:1,Class:14
   --- End of inner exception stack trace ---
   at Microsoft.EntityFrameworkCore.Update.AffectedCountModificationCommandBatch.ConsumeAsync(RelationalDataReader reader, CancellationToken cancellationToken)
   at Microsoft.EntityFrameworkCore.Update.ReaderModificationCommandBatch.ExecuteAsync(IRelationalConnection connection, CancellationToken cancellationToken)
   at Microsoft.EntityFrameworkCore.Update.ReaderModificationCommandBatch.ExecuteAsync(IRelationalConnection connection, CancellationToken cancellationToken)
   at Microsoft.EntityFrameworkCore.SqlServer.Update.Internal.SqlServerModificationCommandBatch.ExecuteAsync(IRelationalConnection connection, CancellationToken cancellationToken)
   at Microsoft.EntityFrameworkCore.Update.Internal.BatchExecutor.ExecuteAsync(IEnumerable`1 commandBatches, IRelationalConnection connection, CancellationToken cancellationToken)
   at Microsoft.EntityFrameworkCore.Update.Internal.BatchExecutor.ExecuteAsync(IEnumerable`1 commandBatches, IRelationalConnection connection, CancellationToken cancellationToken)
   at Microsoft.EntityFrameworkCore.Update.Internal.BatchExecutor.ExecuteAsync(IEnumerable`1 commandBatches, IRelationalConnection connection, CancellationToken cancellationToken)
   at Microsoft.EntityFrameworkCore.Storage.RelationalDatabase.SaveChangesAsync(IList`1 entries, CancellationToken cancellationToken)
   at Microsoft.EntityFrameworkCore.ChangeTracking.Internal.StateManager.SaveChangesAsync(IList`1 entriesToSave, CancellationToken cancellationToken)
   at Microsoft.EntityFrameworkCore.ChangeTracking.Internal.StateManager.SaveChangesAsync(StateManager stateManager, Boolean acceptAllChangesOnSuccess, CancellationToken cancellationToken)
   at Microsoft.EntityFrameworkCore.SqlServer.Storage.Internal.SqlServerExecutionStrategy.ExecuteAsync[TState,TResult](TState state, Func`4 operation, Func`4 verifySucceeded, CancellationToken cancellationToken)
   at Microsoft.EntityFrameworkCore.DbContext.SaveChangesAsync(Boolean acceptAllChangesOnSuccess, CancellationToken cancellationToken)
Microsoft.EntityFrameworkCore.DbUpdateException: An error occurred while saving the entity changes. See the inner exception for details.
 ---> Microsoft.Data.SqlClient.SqlException (0x80131904): Cannot insert duplicate key row in object 'dbo.DoctorSchedules' with unique index 'IX_DoctorSchedules_DoctorId_DayOfWeek'. The duplicate key value is (eea5306b-9d0d-474f-b644-e334fdedcbe6, 1).
   at Microsoft.Data.SqlClient.SqlConnection.OnError(SqlException exception, Boolean breakConnection, Action`1 wrapCloseInAction)
   at Microsoft.Data.SqlClient.SqlInternalConnection.OnError(SqlException exception, Boolean breakConnection, Action`1 wrapCloseInAction)
   at Microsoft.Data.SqlClient.TdsParser.ThrowExceptionAndWarning(TdsParserStateObject stateObj, SqlCommand command, Boolean callerHasConnectionLock, Boolean asyncClose)
   at Microsoft.Data.SqlClient.TdsParser.TryRun(RunBehavior runBehavior, SqlCommand cmdHandler, SqlDataReader dataStream, BulkCopySimpleResultSet bulkCopyHandler, TdsParserStateObject stateObj, Boolean& dataReady)
   at Microsoft.Data.SqlClient.SqlDataReader.TryHasMoreRows(Boolean& moreRows)
   at Microsoft.Data.SqlClient.SqlDataReader.TryHasMoreResults(Boolean& moreResults)
   at Microsoft.Data.SqlClient.SqlDataReader.TryNextResult(Boolean& more)
   at Microsoft.Data.SqlClient.SqlDataReader.NextResultAsyncExecute(Task task, Object state)
   at Microsoft.Data.SqlClient.SqlDataReader.InvokeAsyncCall[T](SqlDataReaderBaseAsyncCallContext`1 context)
--- End of stack trace from previous location ---
   at Microsoft.EntityFrameworkCore.Update.AffectedCountModificationCommandBatch.ConsumeAsync(RelationalDataReader reader, CancellationToken cancellationToken)
ClientConnectionId:0eaef420-b89c-463b-998d-c4b7e642f5e2
Error Number:2601,State:1,Class:14
   --- End of inner exception stack trace ---
   at Microsoft.EntityFrameworkCore.Update.AffectedCountModificationCommandBatch.ConsumeAsync(RelationalDataReader reader, CancellationToken cancellationToken)
   at Microsoft.EntityFrameworkCore.Update.ReaderModificationCommandBatch.ExecuteAsync(IRelationalConnection connection, CancellationToken cancellationToken)
   at Microsoft.EntityFrameworkCore.Update.ReaderModificationCommandBatch.ExecuteAsync(IRelationalConnection connection, CancellationToken cancellationToken)
   at Microsoft.EntityFrameworkCore.SqlServer.Update.Internal.SqlServerModificationCommandBatch.ExecuteAsync(IRelationalConnection connection, CancellationToken cancellationToken)
   at Microsoft.EntityFrameworkCore.Update.Internal.BatchExecutor.ExecuteAsync(IEnumerable`1 commandBatches, IRelationalConnection connection, CancellationToken cancellationToken)
   at Microsoft.EntityFrameworkCore.Update.Internal.BatchExecutor.ExecuteAsync(IEnumerable`1 commandBatches, IRelationalConnection connection, CancellationToken cancellationToken)
   at Microsoft.EntityFrameworkCore.Update.Internal.BatchExecutor.ExecuteAsync(IEnumerable`1 commandBatches, IRelationalConnection connection, CancellationToken cancellationToken)
   at Microsoft.EntityFrameworkCore.Storage.RelationalDatabase.SaveChangesAsync(IList`1 entries, CancellationToken cancellationToken)
   at Microsoft.EntityFrameworkCore.ChangeTracking.Internal.StateManager.SaveChangesAsync(IList`1 entriesToSave, CancellationToken cancellationToken)
   at Microsoft.EntityFrameworkCore.ChangeTracking.Internal.StateManager.SaveChangesAsync(StateManager stateManager, Boolean acceptAllChangesOnSuccess, CancellationToken cancellationToken)
   at Microsoft.EntityFrameworkCore.SqlServer.Storage.Internal.SqlServerExecutionStrategy.ExecuteAsync[TState,TResult](TState state, Func`4 operation, Func`4 verifySucceeded, CancellationToken cancellationToken)
   at Microsoft.EntityFrameworkCore.DbContext.SaveChangesAsync(Boolean acceptAllChangesOnSuccess, CancellationToken cancellationToken)
2026-06-28 20:22:51.296 +03:00 [ERR] Unhandled exception occurred.
Microsoft.EntityFrameworkCore.DbUpdateException: An error occurred while saving the entity changes. See the inner exception for details.
 ---> Microsoft.Data.SqlClient.SqlException (0x80131904): Cannot insert duplicate key row in object 'dbo.DoctorSchedules' with unique index 'IX_DoctorSchedules_DoctorId_DayOfWeek'. The duplicate key value is (eea5306b-9d0d-474f-b644-e334fdedcbe6, 1).
   at Microsoft.Data.SqlClient.SqlConnection.OnError(SqlException exception, Boolean breakConnection, Action`1 wrapCloseInAction)
   at Microsoft.Data.SqlClient.SqlInternalConnection.OnError(SqlException exception, Boolean breakConnection, Action`1 wrapCloseInAction)
   at Microsoft.Data.SqlClient.TdsParser.ThrowExceptionAndWarning(TdsParserStateObject stateObj, SqlCommand command, Boolean callerHasConnectionLock, Boolean asyncClose)
   at Microsoft.Data.SqlClient.TdsParser.TryRun(RunBehavior runBehavior, SqlCommand cmdHandler, SqlDataReader dataStream, BulkCopySimpleResultSet bulkCopyHandler, TdsParserStateObject stateObj, Boolean& dataReady)
   at Microsoft.Data.SqlClient.SqlDataReader.TryHasMoreRows(Boolean& moreRows)
   at Microsoft.Data.SqlClient.SqlDataReader.TryHasMoreResults(Boolean& moreResults)
   at Microsoft.Data.SqlClient.SqlDataReader.TryNextResult(Boolean& more)
   at Microsoft.Data.SqlClient.SqlDataReader.NextResultAsyncExecute(Task task, Object state)
   at Microsoft.Data.SqlClient.SqlDataReader.InvokeAsyncCall[T](SqlDataReaderBaseAsyncCallContext`1 context)
--- End of stack trace from previous location ---
   at Microsoft.EntityFrameworkCore.Update.AffectedCountModificationCommandBatch.ConsumeAsync(RelationalDataReader reader, CancellationToken cancellationToken)
ClientConnectionId:0eaef420-b89c-463b-998d-c4b7e642f5e2
Error Number:2601,State:1,Class:14
   --- End of inner exception stack trace ---
   at Microsoft.EntityFrameworkCore.Update.AffectedCountModificationCommandBatch.ConsumeAsync(RelationalDataReader reader, CancellationToken cancellationToken)
   at Microsoft.EntityFrameworkCore.Update.ReaderModificationCommandBatch.ExecuteAsync(IRelationalConnection connection, CancellationToken cancellationToken)
   at Microsoft.EntityFrameworkCore.Update.ReaderModificationCommandBatch.ExecuteAsync(IRelationalConnection connection, CancellationToken cancellationToken)
   at Microsoft.EntityFrameworkCore.SqlServer.Update.Internal.SqlServerModificationCommandBatch.ExecuteAsync(IRelationalConnection connection, CancellationToken cancellationToken)
   at Microsoft.EntityFrameworkCore.Update.Internal.BatchExecutor.ExecuteAsync(IEnumerable`1 commandBatches, IRelationalConnection connection, CancellationToken cancellationToken)
   at Microsoft.EntityFrameworkCore.Update.Internal.BatchExecutor.ExecuteAsync(IEnumerable`1 commandBatches, IRelationalConnection connection, CancellationToken cancellationToken)
   at Microsoft.EntityFrameworkCore.Update.Internal.BatchExecutor.ExecuteAsync(IEnumerable`1 commandBatches, IRelationalConnection connection, CancellationToken cancellationToken)
   at Microsoft.EntityFrameworkCore.Storage.RelationalDatabase.SaveChangesAsync(IList`1 entries, CancellationToken cancellationToken)
   at Microsoft.EntityFrameworkCore.ChangeTracking.Internal.StateManager.SaveChangesAsync(IList`1 entriesToSave, CancellationToken cancellationToken)
   at Microsoft.EntityFrameworkCore.ChangeTracking.Internal.StateManager.SaveChangesAsync(StateManager stateManager, Boolean acceptAllChangesOnSuccess, CancellationToken cancellationToken)
   at Microsoft.EntityFrameworkCore.SqlServer.Storage.Internal.SqlServerExecutionStrategy.ExecuteAsync[TState,TResult](TState state, Func`4 operation, Func`4 verifySucceeded, CancellationToken cancellationToken)
   at Microsoft.EntityFrameworkCore.DbContext.SaveChangesAsync(Boolean acceptAllChangesOnSuccess, CancellationToken cancellationToken)
   at Microsoft.EntityFrameworkCore.DbContext.SaveChangesAsync(Boolean acceptAllChangesOnSuccess, CancellationToken cancellationToken)
   at HospitalSystem.Infrastructure.Repositories.UnitOfWork.SaveChangesAsync(CancellationToken cancellationToken) in G:\DEPI\HospitalSystem.Infrastructure\Repositories\UnitOfWork.cs:line 37
   at HospitalSystem.Application.Services.DoctorService.SetScheduleAsync(Guid doctorId, SetDoctorScheduleRequest request, CancellationToken cancellationToken) in G:\DEPI\HospitalSystem.Application\Services\DoctorService.cs:line 125
   at HospitalSystem.API.Controllers.DoctorsController.SetSchedule(Guid id, SetDoctorScheduleRequest request, CancellationToken cancellationToken) in G:\DEPI\HospitalSystem.API\Controllers\DoctorsController.cs:line 185
   at lambda_method522(Closure, Object)
   at Microsoft.AspNetCore.Mvc.Infrastructure.ActionMethodExecutor.AwaitableObjectResultExecutor.Execute(ActionContext actionContext, IActionResultTypeMapper mapper, ObjectMethodExecutor executor, Object controller, Object[] arguments)
   at Microsoft.AspNetCore.Mvc.Infrastructure.ControllerActionInvoker.<InvokeActionMethodAsync>g__Awaited|12_0(ControllerActionInvoker invoker, ValueTask`1 actionResultValueTask)
   at Microsoft.AspNetCore.Mvc.Infrastructure.ControllerActionInvoker.<InvokeNextActionFilterAsync>g__Awaited|10_0(ControllerActionInvoker invoker, Task lastTask, State next, Scope scope, Object state, Boolean isCompleted)
   at Microsoft.AspNetCore.Mvc.Infrastructure.ControllerActionInvoker.Rethrow(ActionExecutedContextSealed context)
   at Microsoft.AspNetCore.Mvc.Infrastructure.ControllerActionInvoker.Next(State& next, Scope& scope, Object& state, Boolean& isCompleted)
   at Microsoft.AspNetCore.Mvc.Infrastructure.ControllerActionInvoker.<InvokeInnerFilterAsync>g__Awaited|13_0(ControllerActionInvoker invoker, Task lastTask, State next, Scope scope, Object state, Boolean isCompleted)
   at Microsoft.AspNetCore.Mvc.Infrastructure.ResourceInvoker.<InvokeFilterPipelineAsync>g__Awaited|20_0(ResourceInvoker invoker, Task lastTask, State next, Scope scope, Object state, Boolean isCompleted)
   at Microsoft.AspNetCore.Mvc.Infrastructure.ResourceInvoker.<InvokeAsync>g__Awaited|17_0(ResourceInvoker invoker, Task task, IDisposable scope)
   at Microsoft.AspNetCore.Mvc.Infrastructure.ResourceInvoker.<InvokeAsync>g__Awaited|17_0(ResourceInvoker invoker, Task task, IDisposable scope)
   at Microsoft.AspNetCore.Authorization.AuthorizationMiddleware.Invoke(HttpContext context)
   at Microsoft.AspNetCore.Authentication.AuthenticationMiddleware.Invoke(HttpContext context)
   at Swashbuckle.AspNetCore.SwaggerUI.SwaggerUIMiddleware.Invoke(HttpContext httpContext)
   at Swashbuckle.AspNetCore.Swagger.SwaggerMiddleware.Invoke(HttpContext httpContext, ISwaggerProvider swaggerProvider)
   at HospitalSystem.API.Middleware.RequestLoggingMiddleware.InvokeAsync(HttpContext context) in G:\DEPI\HospitalSystem.API\Middleware\RequestLoggingMiddleware.cs:line 19
   at HospitalSystem.API.Middleware.ExceptionHandlingMiddleware.InvokeAsync(HttpContext context) in G:\DEPI\HospitalSystem.API\Middleware\ExceptionHandlingMiddleware.cs:line 24
2026-06-28 20:22:52.261 +03:00 [INF] Executed DbCommand (1ms) [Parameters=[@p='?' (DbType = Guid)], CommandType='"Text"', CommandTimeout='30']
SELECT TOP(1) [d].[Id], [d].[DepartmentId], [d].[FullName], [d].[IsActive], [d].[Phone], [d].[Specialization], [d].[UserId]
FROM [Doctors] AS [d]
WHERE [d].[Id] = @p
2026-06-28 20:22:52.263 +03:00 [INF] Executed DbCommand (1ms) [Parameters=[], CommandType='"Text"', CommandTimeout='30']
SELECT [d].[Id], [d].[AppointmentDurationMinutes], [d].[DayOfWeek], [d].[DoctorId], [d].[EndTime], [d].[IsActive], [d].[StartTime]
FROM [DoctorSchedules] AS [d]
2026-06-28 20:22:52.271 +03:00 [INF] Executed DbCommand (4ms) [Parameters=[@p6='?' (DbType = Guid), @p0='?' (DbType = Int32), @p1='?' (DbType = Int32), @p2='?' (DbType = Guid), @p3='?' (DbType = Time), @p4='?' (DbType = Boolean), @p5='?' (DbType = Time), @p13='?' (DbType = Guid), @p7='?' (DbType = Int32), @p8='?' (DbType = Int32), @p9='?' (DbType = Guid), @p10='?' (DbType = Time), @p11='?' (DbType = Boolean), @p12='?' (DbType = Time), @p20='?' (DbType = Guid), @p14='?' (DbType = Int32), @p15='?' (DbType = Int32), @p16='?' (DbType = Guid), @p17='?' (DbType = Time), @p18='?' (DbType = Boolean), @p19='?' (DbType = Time), @p27='?' (DbType = Guid), @p21='?' (DbType = Int32), @p22='?' (DbType = Int32), @p23='?' (DbType = Guid), @p24='?' (DbType = Time), @p25='?' (DbType = Boolean), @p26='?' (DbType = Time), @p34='?' (DbType = Guid), @p28='?' (DbType = Int32), @p29='?' (DbType = Int32), @p30='?' (DbType = Guid), @p31='?' (DbType = Time), @p32='?' (DbType = Boolean), @p33='?' (DbType = Time), @p35='?' (DbType = Guid), @p36='?' (DbType = Int32), @p37='?' (DbType = Int32), @p38='?' (DbType = Guid), @p39='?' (DbType = Time), @p40='?' (DbType = Boolean), @p41='?' (DbType = Time)], CommandType='"Text"', CommandTimeout='30']
SET NOCOUNT ON;
UPDATE [DoctorSchedules] SET [AppointmentDurationMinutes] = @p0, [DayOfWeek] = @p1, [DoctorId] = @p2, [EndTime] = @p3, [IsActive] = @p4, [StartTime] = @p5
OUTPUT 1
WHERE [Id] = @p6;
UPDATE [DoctorSchedules] SET [AppointmentDurationMinutes] = @p7, [DayOfWeek] = @p8, [DoctorId] = @p9, [EndTime] = @p10, [IsActive] = @p11, [StartTime] = @p12
OUTPUT 1
WHERE [Id] = @p13;
UPDATE [DoctorSchedules] SET [AppointmentDurationMinutes] = @p14, [DayOfWeek] = @p15, [DoctorId] = @p16, [EndTime] = @p17, [IsActive] = @p18, [StartTime] = @p19
OUTPUT 1
WHERE [Id] = @p20;
UPDATE [DoctorSchedules] SET [AppointmentDurationMinutes] = @p21, [DayOfWeek] = @p22, [DoctorId] = @p23, [EndTime] = @p24, [IsActive] = @p25, [StartTime] = @p26
OUTPUT 1
WHERE [Id] = @p27;
UPDATE [DoctorSchedules] SET [AppointmentDurationMinutes] = @p28, [DayOfWeek] = @p29, [DoctorId] = @p30, [EndTime] = @p31, [IsActive] = @p32, [StartTime] = @p33
OUTPUT 1
WHERE [Id] = @p34;
INSERT INTO [DoctorSchedules] ([Id], [AppointmentDurationMinutes], [DayOfWeek], [DoctorId], [EndTime], [IsActive], [StartTime])
VALUES (@p35, @p36, @p37, @p38, @p39, @p40, @p41);
2026-06-28 20:22:52.275 +03:00 [ERR] An exception occurred in the database while saving changes for context type 'HospitalSystem.Infrastructure.Persistence.HospitalDbContext'.
Microsoft.EntityFrameworkCore.DbUpdateException: An error occurred while saving the entity changes. See the inner exception for details.
 ---> Microsoft.Data.SqlClient.SqlException (0x80131904): Cannot insert duplicate key row in object 'dbo.DoctorSchedules' with unique index 'IX_DoctorSchedules_DoctorId_DayOfWeek'. The duplicate key value is (eea5306b-9d0d-474f-b644-e334fdedcbe6, 1).
   at Microsoft.Data.SqlClient.SqlConnection.OnError(SqlException exception, Boolean breakConnection, Action`1 wrapCloseInAction)
   at Microsoft.Data.SqlClient.SqlInternalConnection.OnError(SqlException exception, Boolean breakConnection, Action`1 wrapCloseInAction)
   at Microsoft.Data.SqlClient.TdsParser.ThrowExceptionAndWarning(TdsParserStateObject stateObj, SqlCommand command, Boolean callerHasConnectionLock, Boolean asyncClose)
   at Microsoft.Data.SqlClient.TdsParser.TryRun(RunBehavior runBehavior, SqlCommand cmdHandler, SqlDataReader dataStream, BulkCopySimpleResultSet bulkCopyHandler, TdsParserStateObject stateObj, Boolean& dataReady)
   at Microsoft.Data.SqlClient.SqlDataReader.TryHasMoreRows(Boolean& moreRows)
   at Microsoft.Data.SqlClient.SqlDataReader.TryHasMoreResults(Boolean& moreResults)
   at Microsoft.Data.SqlClient.SqlDataReader.TryNextResult(Boolean& more)
   at Microsoft.Data.SqlClient.SqlDataReader.NextResultAsyncExecute(Task task, Object state)
   at Microsoft.Data.SqlClient.SqlDataReader.InvokeAsyncCall[T](SqlDataReaderBaseAsyncCallContext`1 context)
--- End of stack trace from previous location ---
   at Microsoft.EntityFrameworkCore.Update.AffectedCountModificationCommandBatch.ConsumeAsync(RelationalDataReader reader, CancellationToken cancellationToken)
ClientConnectionId:0eaef420-b89c-463b-998d-c4b7e642f5e2
Error Number:2601,State:1,Class:14
   --- End of inner exception stack trace ---
   at Microsoft.EntityFrameworkCore.Update.AffectedCountModificationCommandBatch.ConsumeAsync(RelationalDataReader reader, CancellationToken cancellationToken)
   at Microsoft.EntityFrameworkCore.Update.ReaderModificationCommandBatch.ExecuteAsync(IRelationalConnection connection, CancellationToken cancellationToken)
   at Microsoft.EntityFrameworkCore.Update.ReaderModificationCommandBatch.ExecuteAsync(IRelationalConnection connection, CancellationToken cancellationToken)
   at Microsoft.EntityFrameworkCore.SqlServer.Update.Internal.SqlServerModificationCommandBatch.ExecuteAsync(IRelationalConnection connection, CancellationToken cancellationToken)
   at Microsoft.EntityFrameworkCore.Update.Internal.BatchExecutor.ExecuteAsync(IEnumerable`1 commandBatches, IRelationalConnection connection, CancellationToken cancellationToken)
   at Microsoft.EntityFrameworkCore.Update.Internal.BatchExecutor.ExecuteAsync(IEnumerable`1 commandBatches, IRelationalConnection connection, CancellationToken cancellationToken)
   at Microsoft.EntityFrameworkCore.Update.Internal.BatchExecutor.ExecuteAsync(IEnumerable`1 commandBatches, IRelationalConnection connection, CancellationToken cancellationToken)
   at Microsoft.EntityFrameworkCore.Storage.RelationalDatabase.SaveChangesAsync(IList`1 entries, CancellationToken cancellationToken)
   at Microsoft.EntityFrameworkCore.ChangeTracking.Internal.StateManager.SaveChangesAsync(IList`1 entriesToSave, CancellationToken cancellationToken)
   at Microsoft.EntityFrameworkCore.ChangeTracking.Internal.StateManager.SaveChangesAsync(StateManager stateManager, Boolean acceptAllChangesOnSuccess, CancellationToken cancellationToken)
   at Microsoft.EntityFrameworkCore.SqlServer.Storage.Internal.SqlServerExecutionStrategy.ExecuteAsync[TState,TResult](TState state, Func`4 operation, Func`4 verifySucceeded, CancellationToken cancellationToken)
   at Microsoft.EntityFrameworkCore.DbContext.SaveChangesAsync(Boolean acceptAllChangesOnSuccess, CancellationToken cancellationToken)
Microsoft.EntityFrameworkCore.DbUpdateException: An error occurred while saving the entity changes. See the inner exception for details.
 ---> Microsoft.Data.SqlClient.SqlException (0x80131904): Cannot insert duplicate key row in object 'dbo.DoctorSchedules' with unique index 'IX_DoctorSchedules_DoctorId_DayOfWeek'. The duplicate key value is (eea5306b-9d0d-474f-b644-e334fdedcbe6, 1).
   at Microsoft.Data.SqlClient.SqlConnection.OnError(SqlException exception, Boolean breakConnection, Action`1 wrapCloseInAction)
   at Microsoft.Data.SqlClient.SqlInternalConnection.OnError(SqlException exception, Boolean breakConnection, Action`1 wrapCloseInAction)
   at Microsoft.Data.SqlClient.TdsParser.ThrowExceptionAndWarning(TdsParserStateObject stateObj, SqlCommand command, Boolean callerHasConnectionLock, Boolean asyncClose)
   at Microsoft.Data.SqlClient.TdsParser.TryRun(RunBehavior runBehavior, SqlCommand cmdHandler, SqlDataReader dataStream, BulkCopySimpleResultSet bulkCopyHandler, TdsParserStateObject stateObj, Boolean& dataReady)
   at Microsoft.Data.SqlClient.SqlDataReader.TryHasMoreRows(Boolean& moreRows)
   at Microsoft.Data.SqlClient.SqlDataReader.TryHasMoreResults(Boolean& moreResults)
   at Microsoft.Data.SqlClient.SqlDataReader.TryNextResult(Boolean& more)
   at Microsoft.Data.SqlClient.SqlDataReader.NextResultAsyncExecute(Task task, Object state)
   at Microsoft.Data.SqlClient.SqlDataReader.InvokeAsyncCall[T](SqlDataReaderBaseAsyncCallContext`1 context)
--- End of stack trace from previous location ---
   at Microsoft.EntityFrameworkCore.Update.AffectedCountModificationCommandBatch.ConsumeAsync(RelationalDataReader reader, CancellationToken cancellationToken)
ClientConnectionId:0eaef420-b89c-463b-998d-c4b7e642f5e2
Error Number:2601,State:1,Class:14
   --- End of inner exception stack trace ---
   at Microsoft.EntityFrameworkCore.Update.AffectedCountModificationCommandBatch.ConsumeAsync(RelationalDataReader reader, CancellationToken cancellationToken)
   at Microsoft.EntityFrameworkCore.Update.ReaderModificationCommandBatch.ExecuteAsync(IRelationalConnection connection, CancellationToken cancellationToken)
   at Microsoft.EntityFrameworkCore.Update.ReaderModificationCommandBatch.ExecuteAsync(IRelationalConnection connection, CancellationToken cancellationToken)
   at Microsoft.EntityFrameworkCore.SqlServer.Update.Internal.SqlServerModificationCommandBatch.ExecuteAsync(IRelationalConnection connection, CancellationToken cancellationToken)
   at Microsoft.EntityFrameworkCore.Update.Internal.BatchExecutor.ExecuteAsync(IEnumerable`1 commandBatches, IRelationalConnection connection, CancellationToken cancellationToken)
   at Microsoft.EntityFrameworkCore.Update.Internal.BatchExecutor.ExecuteAsync(IEnumerable`1 commandBatches, IRelationalConnection connection, CancellationToken cancellationToken)
   at Microsoft.EntityFrameworkCore.Update.Internal.BatchExecutor.ExecuteAsync(IEnumerable`1 commandBatches, IRelationalConnection connection, CancellationToken cancellationToken)
   at Microsoft.EntityFrameworkCore.Storage.RelationalDatabase.SaveChangesAsync(IList`1 entries, CancellationToken cancellationToken)
   at Microsoft.EntityFrameworkCore.ChangeTracking.Internal.StateManager.SaveChangesAsync(IList`1 entriesToSave, CancellationToken cancellationToken)
   at Microsoft.EntityFrameworkCore.ChangeTracking.Internal.StateManager.SaveChangesAsync(StateManager stateManager, Boolean acceptAllChangesOnSuccess, CancellationToken cancellationToken)
   at Microsoft.EntityFrameworkCore.SqlServer.Storage.Internal.SqlServerExecutionStrategy.ExecuteAsync[TState,TResult](TState state, Func`4 operation, Func`4 verifySucceeded, CancellationToken cancellationToken)
   at Microsoft.EntityFrameworkCore.DbContext.SaveChangesAsync(Boolean acceptAllChangesOnSuccess, CancellationToken cancellationToken)
2026-06-28 20:22:52.281 +03:00 [ERR] Unhandled exception occurred.
Microsoft.EntityFrameworkCore.DbUpdateException: An error occurred while saving the entity changes. See the inner exception for details.
 ---> Microsoft.Data.SqlClient.SqlException (0x80131904): Cannot insert duplicate key row in object 'dbo.DoctorSchedules' with unique index 'IX_DoctorSchedules_DoctorId_DayOfWeek'. The duplicate key value is (eea5306b-9d0d-474f-b644-e334fdedcbe6, 1).
   at Microsoft.Data.SqlClient.SqlConnection.OnError(SqlException exception, Boolean breakConnection, Action`1 wrapCloseInAction)
   at Microsoft.Data.SqlClient.SqlInternalConnection.OnError(SqlException exception, Boolean breakConnection, Action`1 wrapCloseInAction)
   at Microsoft.Data.SqlClient.TdsParser.ThrowExceptionAndWarning(TdsParserStateObject stateObj, SqlCommand command, Boolean callerHasConnectionLock, Boolean asyncClose)
   at Microsoft.Data.SqlClient.TdsParser.TryRun(RunBehavior runBehavior, SqlCommand cmdHandler, SqlDataReader dataStream, BulkCopySimpleResultSet bulkCopyHandler, TdsParserStateObject stateObj, Boolean& dataReady)
   at Microsoft.Data.SqlClient.SqlDataReader.TryHasMoreRows(Boolean& moreRows)
   at Microsoft.Data.SqlClient.SqlDataReader.TryHasMoreResults(Boolean& moreResults)
   at Microsoft.Data.SqlClient.SqlDataReader.TryNextResult(Boolean& more)
   at Microsoft.Data.SqlClient.SqlDataReader.NextResultAsyncExecute(Task task, Object state)
   at Microsoft.Data.SqlClient.SqlDataReader.InvokeAsyncCall[T](SqlDataReaderBaseAsyncCallContext`1 context)
--- End of stack trace from previous location ---
   at Microsoft.EntityFrameworkCore.Update.AffectedCountModificationCommandBatch.ConsumeAsync(RelationalDataReader reader, CancellationToken cancellationToken)
ClientConnectionId:0eaef420-b89c-463b-998d-c4b7e642f5e2
Error Number:2601,State:1,Class:14
   --- End of inner exception stack trace ---
   at Microsoft.EntityFrameworkCore.Update.AffectedCountModificationCommandBatch.ConsumeAsync(RelationalDataReader reader, CancellationToken cancellationToken)
   at Microsoft.EntityFrameworkCore.Update.ReaderModificationCommandBatch.ExecuteAsync(IRelationalConnection connection, CancellationToken cancellationToken)
   at Microsoft.EntityFrameworkCore.Update.ReaderModificationCommandBatch.ExecuteAsync(IRelationalConnection connection, CancellationToken cancellationToken)
   at Microsoft.EntityFrameworkCore.SqlServer.Update.Internal.SqlServerModificationCommandBatch.ExecuteAsync(IRelationalConnection connection, CancellationToken cancellationToken)
   at Microsoft.EntityFrameworkCore.Update.Internal.BatchExecutor.ExecuteAsync(IEnumerable`1 commandBatches, IRelationalConnection connection, CancellationToken cancellationToken)
   at Microsoft.EntityFrameworkCore.Update.Internal.BatchExecutor.ExecuteAsync(IEnumerable`1 commandBatches, IRelationalConnection connection, CancellationToken cancellationToken)
   at Microsoft.EntityFrameworkCore.Update.Internal.BatchExecutor.ExecuteAsync(IEnumerable`1 commandBatches, IRelationalConnection connection, CancellationToken cancellationToken)
   at Microsoft.EntityFrameworkCore.Storage.RelationalDatabase.SaveChangesAsync(IList`1 entries, CancellationToken cancellationToken)
   at Microsoft.EntityFrameworkCore.ChangeTracking.Internal.StateManager.SaveChangesAsync(IList`1 entriesToSave, CancellationToken cancellationToken)
   at Microsoft.EntityFrameworkCore.ChangeTracking.Internal.StateManager.SaveChangesAsync(StateManager stateManager, Boolean acceptAllChangesOnSuccess, CancellationToken cancellationToken)
   at Microsoft.EntityFrameworkCore.SqlServer.Storage.Internal.SqlServerExecutionStrategy.ExecuteAsync[TState,TResult](TState state, Func`4 operation, Func`4 verifySucceeded, CancellationToken cancellationToken)
   at Microsoft.EntityFrameworkCore.DbContext.SaveChangesAsync(Boolean acceptAllChangesOnSuccess, CancellationToken cancellationToken)
   at Microsoft.EntityFrameworkCore.DbContext.SaveChangesAsync(Boolean acceptAllChangesOnSuccess, CancellationToken cancellationToken)
   at HospitalSystem.Infrastructure.Repositories.UnitOfWork.SaveChangesAsync(CancellationToken cancellationToken) in G:\DEPI\HospitalSystem.Infrastructure\Repositories\UnitOfWork.cs:line 37
   at HospitalSystem.Application.Services.DoctorService.SetScheduleAsync(Guid doctorId, SetDoctorScheduleRequest request, CancellationToken cancellationToken) in G:\DEPI\HospitalSystem.Application\Services\DoctorService.cs:line 125
   at HospitalSystem.API.Controllers.DoctorsController.SetSchedule(Guid id, SetDoctorScheduleRequest request, CancellationToken cancellationToken) in G:\DEPI\HospitalSystem.API\Controllers\DoctorsController.cs:line 185
   at lambda_method522(Closure, Object)
   at Microsoft.AspNetCore.Mvc.Infrastructure.ActionMethodExecutor.AwaitableObjectResultExecutor.Execute(ActionContext actionContext, IActionResultTypeMapper mapper, ObjectMethodExecutor executor, Object controller, Object[] arguments)
   at Microsoft.AspNetCore.Mvc.Infrastructure.ControllerActionInvoker.<InvokeActionMethodAsync>g__Awaited|12_0(ControllerActionInvoker invoker, ValueTask`1 actionResultValueTask)
   at Microsoft.AspNetCore.Mvc.Infrastructure.ControllerActionInvoker.<InvokeNextActionFilterAsync>g__Awaited|10_0(ControllerActionInvoker invoker, Task lastTask, State next, Scope scope, Object state, Boolean isCompleted)
   at Microsoft.AspNetCore.Mvc.Infrastructure.ControllerActionInvoker.Rethrow(ActionExecutedContextSealed context)
   at Microsoft.AspNetCore.Mvc.Infrastructure.ControllerActionInvoker.Next(State& next, Scope& scope, Object& state, Boolean& isCompleted)
   at Microsoft.AspNetCore.Mvc.Infrastructure.ControllerActionInvoker.<InvokeInnerFilterAsync>g__Awaited|13_0(ControllerActionInvoker invoker, Task lastTask, State next, Scope scope, Object state, Boolean isCompleted)
   at Microsoft.AspNetCore.Mvc.Infrastructure.ResourceInvoker.<InvokeFilterPipelineAsync>g__Awaited|20_0(ResourceInvoker invoker, Task lastTask, State next, Scope scope, Object state, Boolean isCompleted)
   at Microsoft.AspNetCore.Mvc.Infrastructure.ResourceInvoker.<InvokeAsync>g__Awaited|17_0(ResourceInvoker invoker, Task task, IDisposable scope)
   at Microsoft.AspNetCore.Mvc.Infrastructure.ResourceInvoker.<InvokeAsync>g__Awaited|17_0(ResourceInvoker invoker, Task task, IDisposable scope)
   at Microsoft.AspNetCore.Authorization.AuthorizationMiddleware.Invoke(HttpContext context)
   at Microsoft.AspNetCore.Authentication.AuthenticationMiddleware.Invoke(HttpContext context)
   at Swashbuckle.AspNetCore.SwaggerUI.SwaggerUIMiddleware.Invoke(HttpContext httpContext)
   at Swashbuckle.AspNetCore.Swagger.SwaggerMiddleware.Invoke(HttpContext httpContext, ISwaggerProvider swaggerProvider)
   at HospitalSystem.API.Middleware.RequestLoggingMiddleware.InvokeAsync(HttpContext context) in G:\DEPI\HospitalSystem.API\Middleware\RequestLoggingMiddleware.cs:line 19
   at HospitalSystem.API.Middleware.ExceptionHandlingMiddleware.InvokeAsync(HttpContext context) in G:\DEPI\HospitalSystem.API\Middleware\ExceptionHandlingMiddleware.cs:line 24
2026-06-28 20:22:53.888 +03:00 [INF] Executed DbCommand (1ms) [Parameters=[@p='?' (DbType = Guid)], CommandType='"Text"', CommandTimeout='30']
SELECT TOP(1) [d].[Id], [d].[DepartmentId], [d].[FullName], [d].[IsActive], [d].[Phone], [d].[Specialization], [d].[UserId]
FROM [Doctors] AS [d]
WHERE [d].[Id] = @p
2026-06-28 20:22:53.890 +03:00 [INF] Executed DbCommand (1ms) [Parameters=[], CommandType='"Text"', CommandTimeout='30']
SELECT [d].[Id], [d].[AppointmentDurationMinutes], [d].[DayOfWeek], [d].[DoctorId], [d].[EndTime], [d].[IsActive], [d].[StartTime]
FROM [DoctorSchedules] AS [d]
2026-06-28 20:22:53.899 +03:00 [INF] Executed DbCommand (4ms) [Parameters=[@p6='?' (DbType = Guid), @p0='?' (DbType = Int32), @p1='?' (DbType = Int32), @p2='?' (DbType = Guid), @p3='?' (DbType = Time), @p4='?' (DbType = Boolean), @p5='?' (DbType = Time), @p13='?' (DbType = Guid), @p7='?' (DbType = Int32), @p8='?' (DbType = Int32), @p9='?' (DbType = Guid), @p10='?' (DbType = Time), @p11='?' (DbType = Boolean), @p12='?' (DbType = Time), @p20='?' (DbType = Guid), @p14='?' (DbType = Int32), @p15='?' (DbType = Int32), @p16='?' (DbType = Guid), @p17='?' (DbType = Time), @p18='?' (DbType = Boolean), @p19='?' (DbType = Time), @p27='?' (DbType = Guid), @p21='?' (DbType = Int32), @p22='?' (DbType = Int32), @p23='?' (DbType = Guid), @p24='?' (DbType = Time), @p25='?' (DbType = Boolean), @p26='?' (DbType = Time), @p34='?' (DbType = Guid), @p28='?' (DbType = Int32), @p29='?' (DbType = Int32), @p30='?' (DbType = Guid), @p31='?' (DbType = Time), @p32='?' (DbType = Boolean), @p33='?' (DbType = Time), @p35='?' (DbType = Guid), @p36='?' (DbType = Int32), @p37='?' (DbType = Int32), @p38='?' (DbType = Guid), @p39='?' (DbType = Time), @p40='?' (DbType = Boolean), @p41='?' (DbType = Time)], CommandType='"Text"', CommandTimeout='30']
SET NOCOUNT ON;
UPDATE [DoctorSchedules] SET [AppointmentDurationMinutes] = @p0, [DayOfWeek] = @p1, [DoctorId] = @p2, [EndTime] = @p3, [IsActive] = @p4, [StartTime] = @p5
OUTPUT 1
WHERE [Id] = @p6;
UPDATE [DoctorSchedules] SET [AppointmentDurationMinutes] = @p7, [DayOfWeek] = @p8, [DoctorId] = @p9, [EndTime] = @p10, [IsActive] = @p11, [StartTime] = @p12
OUTPUT 1
WHERE [Id] = @p13;
UPDATE [DoctorSchedules] SET [AppointmentDurationMinutes] = @p14, [DayOfWeek] = @p15, [DoctorId] = @p16, [EndTime] = @p17, [IsActive] = @p18, [StartTime] = @p19
OUTPUT 1
WHERE [Id] = @p20;
UPDATE [DoctorSchedules] SET [AppointmentDurationMinutes] = @p21, [DayOfWeek] = @p22, [DoctorId] = @p23, [EndTime] = @p24, [IsActive] = @p25, [StartTime] = @p26
OUTPUT 1
WHERE [Id] = @p27;
UPDATE [DoctorSchedules] SET [AppointmentDurationMinutes] = @p28, [DayOfWeek] = @p29, [DoctorId] = @p30, [EndTime] = @p31, [IsActive] = @p32, [StartTime] = @p33
OUTPUT 1
WHERE [Id] = @p34;
INSERT INTO [DoctorSchedules] ([Id], [AppointmentDurationMinutes], [DayOfWeek], [DoctorId], [EndTime], [IsActive], [StartTime])
VALUES (@p35, @p36, @p37, @p38, @p39, @p40, @p41);
2026-06-28 20:22:53.904 +03:00 [ERR] An exception occurred in the database while saving changes for context type 'HospitalSystem.Infrastructure.Persistence.HospitalDbContext'.
Microsoft.EntityFrameworkCore.DbUpdateException: An error occurred while saving the entity changes. See the inner exception for details.
 ---> Microsoft.Data.SqlClient.SqlException (0x80131904): Cannot insert duplicate key row in object 'dbo.DoctorSchedules' with unique index 'IX_DoctorSchedules_DoctorId_DayOfWeek'. The duplicate key value is (eea5306b-9d0d-474f-b644-e334fdedcbe6, 1).
   at Microsoft.Data.SqlClient.SqlConnection.OnError(SqlException exception, Boolean breakConnection, Action`1 wrapCloseInAction)
   at Microsoft.Data.SqlClient.SqlInternalConnection.OnError(SqlException exception, Boolean breakConnection, Action`1 wrapCloseInAction)
   at Microsoft.Data.SqlClient.TdsParser.ThrowExceptionAndWarning(TdsParserStateObject stateObj, SqlCommand command, Boolean callerHasConnectionLock, Boolean asyncClose)
   at Microsoft.Data.SqlClient.TdsParser.TryRun(RunBehavior runBehavior, SqlCommand cmdHandler, SqlDataReader dataStream, BulkCopySimpleResultSet bulkCopyHandler, TdsParserStateObject stateObj, Boolean& dataReady)
   at Microsoft.Data.SqlClient.SqlDataReader.TryHasMoreRows(Boolean& moreRows)
   at Microsoft.Data.SqlClient.SqlDataReader.TryHasMoreResults(Boolean& moreResults)
   at Microsoft.Data.SqlClient.SqlDataReader.TryNextResult(Boolean& more)
   at Microsoft.Data.SqlClient.SqlDataReader.NextResultAsyncExecute(Task task, Object state)
   at Microsoft.Data.SqlClient.SqlDataReader.InvokeAsyncCall[T](SqlDataReaderBaseAsyncCallContext`1 context)
--- End of stack trace from previous location ---
   at Microsoft.EntityFrameworkCore.Update.AffectedCountModificationCommandBatch.ConsumeAsync(RelationalDataReader reader, CancellationToken cancellationToken)
ClientConnectionId:0eaef420-b89c-463b-998d-c4b7e642f5e2
Error Number:2601,State:1,Class:14
   --- End of inner exception stack trace ---
   at Microsoft.EntityFrameworkCore.Update.AffectedCountModificationCommandBatch.ConsumeAsync(RelationalDataReader reader, CancellationToken cancellationToken)
   at Microsoft.EntityFrameworkCore.Update.ReaderModificationCommandBatch.ExecuteAsync(IRelationalConnection connection, CancellationToken cancellationToken)
   at Microsoft.EntityFrameworkCore.Update.ReaderModificationCommandBatch.ExecuteAsync(IRelationalConnection connection, CancellationToken cancellationToken)
   at Microsoft.EntityFrameworkCore.SqlServer.Update.Internal.SqlServerModificationCommandBatch.ExecuteAsync(IRelationalConnection connection, CancellationToken cancellationToken)
   at Microsoft.EntityFrameworkCore.Update.Internal.BatchExecutor.ExecuteAsync(IEnumerable`1 commandBatches, IRelationalConnection connection, CancellationToken cancellationToken)
   at Microsoft.EntityFrameworkCore.Update.Internal.BatchExecutor.ExecuteAsync(IEnumerable`1 commandBatches, IRelationalConnection connection, CancellationToken cancellationToken)
   at Microsoft.EntityFrameworkCore.Update.Internal.BatchExecutor.ExecuteAsync(IEnumerable`1 commandBatches, IRelationalConnection connection, CancellationToken cancellationToken)
   at Microsoft.EntityFrameworkCore.Storage.RelationalDatabase.SaveChangesAsync(IList`1 entries, CancellationToken cancellationToken)
   at Microsoft.EntityFrameworkCore.ChangeTracking.Internal.StateManager.SaveChangesAsync(IList`1 entriesToSave, CancellationToken cancellationToken)
   at Microsoft.EntityFrameworkCore.ChangeTracking.Internal.StateManager.SaveChangesAsync(StateManager stateManager, Boolean acceptAllChangesOnSuccess, CancellationToken cancellationToken)
   at Microsoft.EntityFrameworkCore.SqlServer.Storage.Internal.SqlServerExecutionStrategy.ExecuteAsync[TState,TResult](TState state, Func`4 operation, Func`4 verifySucceeded, CancellationToken cancellationToken)
   at Microsoft.EntityFrameworkCore.DbContext.SaveChangesAsync(Boolean acceptAllChangesOnSuccess, CancellationToken cancellationToken)
Microsoft.EntityFrameworkCore.DbUpdateException: An error occurred while saving the entity changes. See the inner exception for details.
 ---> Microsoft.Data.SqlClient.SqlException (0x80131904): Cannot insert duplicate key row in object 'dbo.DoctorSchedules' with unique index 'IX_DoctorSchedules_DoctorId_DayOfWeek'. The duplicate key value is (eea5306b-9d0d-474f-b644-e334fdedcbe6, 1).
   at Microsoft.Data.SqlClient.SqlConnection.OnError(SqlException exception, Boolean breakConnection, Action`1 wrapCloseInAction)
   at Microsoft.Data.SqlClient.SqlInternalConnection.OnError(SqlException exception, Boolean breakConnection, Action`1 wrapCloseInAction)
   at Microsoft.Data.SqlClient.TdsParser.ThrowExceptionAndWarning(TdsParserStateObject stateObj, SqlCommand command, Boolean callerHasConnectionLock, Boolean asyncClose)
   at Microsoft.Data.SqlClient.TdsParser.TryRun(RunBehavior runBehavior, SqlCommand cmdHandler, SqlDataReader dataStream, BulkCopySimpleResultSet bulkCopyHandler, TdsParserStateObject stateObj, Boolean& dataReady)
   at Microsoft.Data.SqlClient.SqlDataReader.TryHasMoreRows(Boolean& moreRows)
   at Microsoft.Data.SqlClient.SqlDataReader.TryHasMoreResults(Boolean& moreResults)
   at Microsoft.Data.SqlClient.SqlDataReader.TryNextResult(Boolean& more)
   at Microsoft.Data.SqlClient.SqlDataReader.NextResultAsyncExecute(Task task, Object state)
   at Microsoft.Data.SqlClient.SqlDataReader.InvokeAsyncCall[T](SqlDataReaderBaseAsyncCallContext`1 context)
--- End of stack trace from previous location ---
   at Microsoft.EntityFrameworkCore.Update.AffectedCountModificationCommandBatch.ConsumeAsync(RelationalDataReader reader, CancellationToken cancellationToken)
ClientConnectionId:0eaef420-b89c-463b-998d-c4b7e642f5e2
Error Number:2601,State:1,Class:14
   --- End of inner exception stack trace ---
   at Microsoft.EntityFrameworkCore.Update.AffectedCountModificationCommandBatch.ConsumeAsync(RelationalDataReader reader, CancellationToken cancellationToken)
   at Microsoft.EntityFrameworkCore.Update.ReaderModificationCommandBatch.ExecuteAsync(IRelationalConnection connection, CancellationToken cancellationToken)
   at Microsoft.EntityFrameworkCore.Update.ReaderModificationCommandBatch.ExecuteAsync(IRelationalConnection connection, CancellationToken cancellationToken)
   at Microsoft.EntityFrameworkCore.SqlServer.Update.Internal.SqlServerModificationCommandBatch.ExecuteAsync(IRelationalConnection connection, CancellationToken cancellationToken)
   at Microsoft.EntityFrameworkCore.Update.Internal.BatchExecutor.ExecuteAsync(IEnumerable`1 commandBatches, IRelationalConnection connection, CancellationToken cancellationToken)
   at Microsoft.EntityFrameworkCore.Update.Internal.BatchExecutor.ExecuteAsync(IEnumerable`1 commandBatches, IRelationalConnection connection, CancellationToken cancellationToken)
   at Microsoft.EntityFrameworkCore.Update.Internal.BatchExecutor.ExecuteAsync(IEnumerable`1 commandBatches, IRelationalConnection connection, CancellationToken cancellationToken)
   at Microsoft.EntityFrameworkCore.Storage.RelationalDatabase.SaveChangesAsync(IList`1 entries, CancellationToken cancellationToken)
   at Microsoft.EntityFrameworkCore.ChangeTracking.Internal.StateManager.SaveChangesAsync(IList`1 entriesToSave, CancellationToken cancellationToken)
   at Microsoft.EntityFrameworkCore.ChangeTracking.Internal.StateManager.SaveChangesAsync(StateManager stateManager, Boolean acceptAllChangesOnSuccess, CancellationToken cancellationToken)
   at Microsoft.EntityFrameworkCore.SqlServer.Storage.Internal.SqlServerExecutionStrategy.ExecuteAsync[TState,TResult](TState state, Func`4 operation, Func`4 verifySucceeded, CancellationToken cancellationToken)
   at Microsoft.EntityFrameworkCore.DbContext.SaveChangesAsync(Boolean acceptAllChangesOnSuccess, CancellationToken cancellationToken)
2026-06-28 20:22:53.909 +03:00 [ERR] Unhandled exception occurred.
Microsoft.EntityFrameworkCore.DbUpdateException: An error occurred while saving the entity changes. See the inner exception for details.
 ---> Microsoft.Data.SqlClient.SqlException (0x80131904): Cannot insert duplicate key row in object 'dbo.DoctorSchedules' with unique index 'IX_DoctorSchedules_DoctorId_DayOfWeek'. The duplicate key value is (eea5306b-9d0d-474f-b644-e334fdedcbe6, 1).
   at Microsoft.Data.SqlClient.SqlConnection.OnError(SqlException exception, Boolean breakConnection, Action`1 wrapCloseInAction)
   at Microsoft.Data.SqlClient.SqlInternalConnection.OnError(SqlException exception, Boolean breakConnection, Action`1 wrapCloseInAction)
   at Microsoft.Data.SqlClient.TdsParser.ThrowExceptionAndWarning(TdsParserStateObject stateObj, SqlCommand command, Boolean callerHasConnectionLock, Boolean asyncClose)
   at Microsoft.Data.SqlClient.TdsParser.TryRun(RunBehavior runBehavior, SqlCommand cmdHandler, SqlDataReader dataStream, BulkCopySimpleResultSet bulkCopyHandler, TdsParserStateObject stateObj, Boolean& dataReady)
   at Microsoft.Data.SqlClient.SqlDataReader.TryHasMoreRows(Boolean& moreRows)
   at Microsoft.Data.SqlClient.SqlDataReader.TryHasMoreResults(Boolean& moreResults)
   at Microsoft.Data.SqlClient.SqlDataReader.TryNextResult(Boolean& more)
   at Microsoft.Data.SqlClient.SqlDataReader.NextResultAsyncExecute(Task task, Object state)
   at Microsoft.Data.SqlClient.SqlDataReader.InvokeAsyncCall[T](SqlDataReaderBaseAsyncCallContext`1 context)
--- End of stack trace from previous location ---
   at Microsoft.EntityFrameworkCore.Update.AffectedCountModificationCommandBatch.ConsumeAsync(RelationalDataReader reader, CancellationToken cancellationToken)
ClientConnectionId:0eaef420-b89c-463b-998d-c4b7e642f5e2
Error Number:2601,State:1,Class:14
   --- End of inner exception stack trace ---
   at Microsoft.EntityFrameworkCore.Update.AffectedCountModificationCommandBatch.ConsumeAsync(RelationalDataReader reader, CancellationToken cancellationToken)
   at Microsoft.EntityFrameworkCore.Update.ReaderModificationCommandBatch.ExecuteAsync(IRelationalConnection connection, CancellationToken cancellationToken)
   at Microsoft.EntityFrameworkCore.Update.ReaderModificationCommandBatch.ExecuteAsync(IRelationalConnection connection, CancellationToken cancellationToken)
   at Microsoft.EntityFrameworkCore.SqlServer.Update.Internal.SqlServerModificationCommandBatch.ExecuteAsync(IRelationalConnection connection, CancellationToken cancellationToken)
   at Microsoft.EntityFrameworkCore.Update.Internal.BatchExecutor.ExecuteAsync(IEnumerable`1 commandBatches, IRelationalConnection connection, CancellationToken cancellationToken)
   at Microsoft.EntityFrameworkCore.Update.Internal.BatchExecutor.ExecuteAsync(IEnumerable`1 commandBatches, IRelationalConnection connection, CancellationToken cancellationToken)
   at Microsoft.EntityFrameworkCore.Update.Internal.BatchExecutor.ExecuteAsync(IEnumerable`1 commandBatches, IRelationalConnection connection, CancellationToken cancellationToken)
   at Microsoft.EntityFrameworkCore.Storage.RelationalDatabase.SaveChangesAsync(IList`1 entries, CancellationToken cancellationToken)
   at Microsoft.EntityFrameworkCore.ChangeTracking.Internal.StateManager.SaveChangesAsync(IList`1 entriesToSave, CancellationToken cancellationToken)
   at Microsoft.EntityFrameworkCore.ChangeTracking.Internal.StateManager.SaveChangesAsync(StateManager stateManager, Boolean acceptAllChangesOnSuccess, CancellationToken cancellationToken)
   at Microsoft.EntityFrameworkCore.SqlServer.Storage.Internal.SqlServerExecutionStrategy.ExecuteAsync[TState,TResult](TState state, Func`4 operation, Func`4 verifySucceeded, CancellationToken cancellationToken)
   at Microsoft.EntityFrameworkCore.DbContext.SaveChangesAsync(Boolean acceptAllChangesOnSuccess, CancellationToken cancellationToken)
   at Microsoft.EntityFrameworkCore.DbContext.SaveChangesAsync(Boolean acceptAllChangesOnSuccess, CancellationToken cancellationToken)
   at HospitalSystem.Infrastructure.Repositories.UnitOfWork.SaveChangesAsync(CancellationToken cancellationToken) in G:\DEPI\HospitalSystem.Infrastructure\Repositories\UnitOfWork.cs:line 37
   at HospitalSystem.Application.Services.DoctorService.SetScheduleAsync(Guid doctorId, SetDoctorScheduleRequest request, CancellationToken cancellationToken) in G:\DEPI\HospitalSystem.Application\Services\DoctorService.cs:line 125
   at HospitalSystem.API.Controllers.DoctorsController.SetSchedule(Guid id, SetDoctorScheduleRequest request, CancellationToken cancellationToken) in G:\DEPI\HospitalSystem.API\Controllers\DoctorsController.cs:line 185
   at lambda_method522(Closure, Object)
   at Microsoft.AspNetCore.Mvc.Infrastructure.ActionMethodExecutor.AwaitableObjectResultExecutor.Execute(ActionContext actionContext, IActionResultTypeMapper mapper, ObjectMethodExecutor executor, Object controller, Object[] arguments)
   at Microsoft.AspNetCore.Mvc.Infrastructure.ControllerActionInvoker.<InvokeActionMethodAsync>g__Awaited|12_0(ControllerActionInvoker invoker, ValueTask`1 actionResultValueTask)
   at Microsoft.AspNetCore.Mvc.Infrastructure.ControllerActionInvoker.<InvokeNextActionFilterAsync>g__Awaited|10_0(ControllerActionInvoker invoker, Task lastTask, State next, Scope scope, Object state, Boolean isCompleted)
   at Microsoft.AspNetCore.Mvc.Infrastructure.ControllerActionInvoker.Rethrow(ActionExecutedContextSealed context)
   at Microsoft.AspNetCore.Mvc.Infrastructure.ControllerActionInvoker.Next(State& next, Scope& scope, Object& state, Boolean& isCompleted)
   at Microsoft.AspNetCore.Mvc.Infrastructure.ControllerActionInvoker.<InvokeInnerFilterAsync>g__Awaited|13_0(ControllerActionInvoker invoker, Task lastTask, State next, Scope scope, Object state, Boolean isCompleted)
   at Microsoft.AspNetCore.Mvc.Infrastructure.ResourceInvoker.<InvokeFilterPipelineAsync>g__Awaited|20_0(ResourceInvoker invoker, Task lastTask, State next, Scope scope, Object state, Boolean isCompleted)
   at Microsoft.AspNetCore.Mvc.Infrastructure.ResourceInvoker.<InvokeAsync>g__Awaited|17_0(ResourceInvoker invoker, Task task, IDisposable scope)
   at Microsoft.AspNetCore.Mvc.Infrastructure.ResourceInvoker.<InvokeAsync>g__Awaited|17_0(ResourceInvoker invoker, Task task, IDisposable scope)
   at Microsoft.AspNetCore.Authorization.AuthorizationMiddleware.Invoke(HttpContext context)
   at Microsoft.AspNetCore.Authentication.AuthenticationMiddleware.Invoke(HttpContext context)
   at Swashbuckle.AspNetCore.SwaggerUI.SwaggerUIMiddleware.Invoke(HttpContext httpContext)
   at Swashbuckle.AspNetCore.Swagger.SwaggerMiddleware.Invoke(HttpContext httpContext, ISwaggerProvider swaggerProvider)
   at HospitalSystem.API.Middleware.RequestLoggingMiddleware.InvokeAsync(HttpContext context) in G:\DEPI\HospitalSystem.API\Middleware\RequestLoggingMiddleware.cs:line 19
   at HospitalSystem.API.Middleware.ExceptionHandlingMiddleware.InvokeAsync(HttpContext context) in G:\DEPI\HospitalSystem.API\Middleware\ExceptionHandlingMiddleware.cs:line 24
2026-06-28 20:22:58.136 +03:00 [INF] HTTP OPTIONS /api/doctors/eea5306b-9d0d-474f-b644-e334fdedcbe6/schedule responded 204 in 0ms
2026-06-28 20:22:58.153 +03:00 [INF] Executed DbCommand (1ms) [Parameters=[@p='?' (DbType = Guid)], CommandType='"Text"', CommandTimeout='30']
SELECT TOP(1) [d].[Id], [d].[DepartmentId], [d].[FullName], [d].[IsActive], [d].[Phone], [d].[Specialization], [d].[UserId]
FROM [Doctors] AS [d]
WHERE [d].[Id] = @p
2026-06-28 20:22:58.155 +03:00 [INF] Executed DbCommand (1ms) [Parameters=[], CommandType='"Text"', CommandTimeout='30']
SELECT [d].[Id], [d].[AppointmentDurationMinutes], [d].[DayOfWeek], [d].[DoctorId], [d].[EndTime], [d].[IsActive], [d].[StartTime]
FROM [DoctorSchedules] AS [d]
2026-06-28 20:22:58.164 +03:00 [INF] Executed DbCommand (4ms) [Parameters=[@p6='?' (DbType = Guid), @p0='?' (DbType = Int32), @p1='?' (DbType = Int32), @p2='?' (DbType = Guid), @p3='?' (DbType = Time), @p4='?' (DbType = Boolean), @p5='?' (DbType = Time), @p13='?' (DbType = Guid), @p7='?' (DbType = Int32), @p8='?' (DbType = Int32), @p9='?' (DbType = Guid), @p10='?' (DbType = Time), @p11='?' (DbType = Boolean), @p12='?' (DbType = Time), @p20='?' (DbType = Guid), @p14='?' (DbType = Int32), @p15='?' (DbType = Int32), @p16='?' (DbType = Guid), @p17='?' (DbType = Time), @p18='?' (DbType = Boolean), @p19='?' (DbType = Time), @p27='?' (DbType = Guid), @p21='?' (DbType = Int32), @p22='?' (DbType = Int32), @p23='?' (DbType = Guid), @p24='?' (DbType = Time), @p25='?' (DbType = Boolean), @p26='?' (DbType = Time), @p34='?' (DbType = Guid), @p28='?' (DbType = Int32), @p29='?' (DbType = Int32), @p30='?' (DbType = Guid), @p31='?' (DbType = Time), @p32='?' (DbType = Boolean), @p33='?' (DbType = Time), @p35='?' (DbType = Guid), @p36='?' (DbType = Int32), @p37='?' (DbType = Int32), @p38='?' (DbType = Guid), @p39='?' (DbType = Time), @p40='?' (DbType = Boolean), @p41='?' (DbType = Time)], CommandType='"Text"', CommandTimeout='30']
SET NOCOUNT ON;
UPDATE [DoctorSchedules] SET [AppointmentDurationMinutes] = @p0, [DayOfWeek] = @p1, [DoctorId] = @p2, [EndTime] = @p3, [IsActive] = @p4, [StartTime] = @p5
OUTPUT 1
WHERE [Id] = @p6;
UPDATE [DoctorSchedules] SET [AppointmentDurationMinutes] = @p7, [DayOfWeek] = @p8, [DoctorId] = @p9, [EndTime] = @p10, [IsActive] = @p11, [StartTime] = @p12
OUTPUT 1
WHERE [Id] = @p13;
UPDATE [DoctorSchedules] SET [AppointmentDurationMinutes] = @p14, [DayOfWeek] = @p15, [DoctorId] = @p16, [EndTime] = @p17, [IsActive] = @p18, [StartTime] = @p19
OUTPUT 1
WHERE [Id] = @p20;
UPDATE [DoctorSchedules] SET [AppointmentDurationMinutes] = @p21, [DayOfWeek] = @p22, [DoctorId] = @p23, [EndTime] = @p24, [IsActive] = @p25, [StartTime] = @p26
OUTPUT 1
WHERE [Id] = @p27;
UPDATE [DoctorSchedules] SET [AppointmentDurationMinutes] = @p28, [DayOfWeek] = @p29, [DoctorId] = @p30, [EndTime] = @p31, [IsActive] = @p32, [StartTime] = @p33
OUTPUT 1
WHERE [Id] = @p34;
INSERT INTO [DoctorSchedules] ([Id], [AppointmentDurationMinutes], [DayOfWeek], [DoctorId], [EndTime], [IsActive], [StartTime])
VALUES (@p35, @p36, @p37, @p38, @p39, @p40, @p41);
2026-06-28 20:22:58.169 +03:00 [ERR] An exception occurred in the database while saving changes for context type 'HospitalSystem.Infrastructure.Persistence.HospitalDbContext'.
Microsoft.EntityFrameworkCore.DbUpdateException: An error occurred while saving the entity changes. See the inner exception for details.
 ---> Microsoft.Data.SqlClient.SqlException (0x80131904): Cannot insert duplicate key row in object 'dbo.DoctorSchedules' with unique index 'IX_DoctorSchedules_DoctorId_DayOfWeek'. The duplicate key value is (eea5306b-9d0d-474f-b644-e334fdedcbe6, 1).
   at Microsoft.Data.SqlClient.SqlConnection.OnError(SqlException exception, Boolean breakConnection, Action`1 wrapCloseInAction)
   at Microsoft.Data.SqlClient.SqlInternalConnection.OnError(SqlException exception, Boolean breakConnection, Action`1 wrapCloseInAction)
   at Microsoft.Data.SqlClient.TdsParser.ThrowExceptionAndWarning(TdsParserStateObject stateObj, SqlCommand command, Boolean callerHasConnectionLock, Boolean asyncClose)
   at Microsoft.Data.SqlClient.TdsParser.TryRun(RunBehavior runBehavior, SqlCommand cmdHandler, SqlDataReader dataStream, BulkCopySimpleResultSet bulkCopyHandler, TdsParserStateObject stateObj, Boolean& dataReady)
   at Microsoft.Data.SqlClient.SqlDataReader.TryHasMoreRows(Boolean& moreRows)
   at Microsoft.Data.SqlClient.SqlDataReader.TryHasMoreResults(Boolean& moreResults)
   at Microsoft.Data.SqlClient.SqlDataReader.TryNextResult(Boolean& more)
   at Microsoft.Data.SqlClient.SqlDataReader.NextResultAsyncExecute(Task task, Object state)
   at Microsoft.Data.SqlClient.SqlDataReader.InvokeAsyncCall[T](SqlDataReaderBaseAsyncCallContext`1 context)
--- End of stack trace from previous location ---
   at Microsoft.EntityFrameworkCore.Update.AffectedCountModificationCommandBatch.ConsumeAsync(RelationalDataReader reader, CancellationToken cancellationToken)
ClientConnectionId:0eaef420-b89c-463b-998d-c4b7e642f5e2
Error Number:2601,State:1,Class:14
   --- End of inner exception stack trace ---
   at Microsoft.EntityFrameworkCore.Update.AffectedCountModificationCommandBatch.ConsumeAsync(RelationalDataReader reader, CancellationToken cancellationToken)
   at Microsoft.EntityFrameworkCore.Update.ReaderModificationCommandBatch.ExecuteAsync(IRelationalConnection connection, CancellationToken cancellationToken)
   at Microsoft.EntityFrameworkCore.Update.ReaderModificationCommandBatch.ExecuteAsync(IRelationalConnection connection, CancellationToken cancellationToken)
   at Microsoft.EntityFrameworkCore.SqlServer.Update.Internal.SqlServerModificationCommandBatch.ExecuteAsync(IRelationalConnection connection, CancellationToken cancellationToken)
   at Microsoft.EntityFrameworkCore.Update.Internal.BatchExecutor.ExecuteAsync(IEnumerable`1 commandBatches, IRelationalConnection connection, CancellationToken cancellationToken)
   at Microsoft.EntityFrameworkCore.Update.Internal.BatchExecutor.ExecuteAsync(IEnumerable`1 commandBatches, IRelationalConnection connection, CancellationToken cancellationToken)
   at Microsoft.EntityFrameworkCore.Update.Internal.BatchExecutor.ExecuteAsync(IEnumerable`1 commandBatches, IRelationalConnection connection, CancellationToken cancellationToken)
   at Microsoft.EntityFrameworkCore.Storage.RelationalDatabase.SaveChangesAsync(IList`1 entries, CancellationToken cancellationToken)
   at Microsoft.EntityFrameworkCore.ChangeTracking.Internal.StateManager.SaveChangesAsync(IList`1 entriesToSave, CancellationToken cancellationToken)
   at Microsoft.EntityFrameworkCore.ChangeTracking.Internal.StateManager.SaveChangesAsync(StateManager stateManager, Boolean acceptAllChangesOnSuccess, CancellationToken cancellationToken)
   at Microsoft.EntityFrameworkCore.SqlServer.Storage.Internal.SqlServerExecutionStrategy.ExecuteAsync[TState,TResult](TState state, Func`4 operation, Func`4 verifySucceeded, CancellationToken cancellationToken)
   at Microsoft.EntityFrameworkCore.DbContext.SaveChangesAsync(Boolean acceptAllChangesOnSuccess, CancellationToken cancellationToken)
Microsoft.EntityFrameworkCore.DbUpdateException: An error occurred while saving the entity changes. See the inner exception for details.
 ---> Microsoft.Data.SqlClient.SqlException (0x80131904): Cannot insert duplicate key row in object 'dbo.DoctorSchedules' with unique index 'IX_DoctorSchedules_DoctorId_DayOfWeek'. The duplicate key value is (eea5306b-9d0d-474f-b644-e334fdedcbe6, 1).
   at Microsoft.Data.SqlClient.SqlConnection.OnError(SqlException exception, Boolean breakConnection, Action`1 wrapCloseInAction)
   at Microsoft.Data.SqlClient.SqlInternalConnection.OnError(SqlException exception, Boolean breakConnection, Action`1 wrapCloseInAction)
   at Microsoft.Data.SqlClient.TdsParser.ThrowExceptionAndWarning(TdsParserStateObject stateObj, SqlCommand command, Boolean callerHasConnectionLock, Boolean asyncClose)
   at Microsoft.Data.SqlClient.TdsParser.TryRun(RunBehavior runBehavior, SqlCommand cmdHandler, SqlDataReader dataStream, BulkCopySimpleResultSet bulkCopyHandler, TdsParserStateObject stateObj, Boolean& dataReady)
   at Microsoft.Data.SqlClient.SqlDataReader.TryHasMoreRows(Boolean& moreRows)
   at Microsoft.Data.SqlClient.SqlDataReader.TryHasMoreResults(Boolean& moreResults)
   at Microsoft.Data.SqlClient.SqlDataReader.TryNextResult(Boolean& more)
   at Microsoft.Data.SqlClient.SqlDataReader.NextResultAsyncExecute(Task task, Object state)
   at Microsoft.Data.SqlClient.SqlDataReader.InvokeAsyncCall[T](SqlDataReaderBaseAsyncCallContext`1 context)
--- End of stack trace from previous location ---
   at Microsoft.EntityFrameworkCore.Update.AffectedCountModificationCommandBatch.ConsumeAsync(RelationalDataReader reader, CancellationToken cancellationToken)
ClientConnectionId:0eaef420-b89c-463b-998d-c4b7e642f5e2
Error Number:2601,State:1,Class:14
   --- End of inner exception stack trace ---
   at Microsoft.EntityFrameworkCore.Update.AffectedCountModificationCommandBatch.ConsumeAsync(RelationalDataReader reader, CancellationToken cancellationToken)
   at Microsoft.EntityFrameworkCore.Update.ReaderModificationCommandBatch.ExecuteAsync(IRelationalConnection connection, CancellationToken cancellationToken)
   at Microsoft.EntityFrameworkCore.Update.ReaderModificationCommandBatch.ExecuteAsync(IRelationalConnection connection, CancellationToken cancellationToken)
   at Microsoft.EntityFrameworkCore.SqlServer.Update.Internal.SqlServerModificationCommandBatch.ExecuteAsync(IRelationalConnection connection, CancellationToken cancellationToken)
   at Microsoft.EntityFrameworkCore.Update.Internal.BatchExecutor.ExecuteAsync(IEnumerable`1 commandBatches, IRelationalConnection connection, CancellationToken cancellationToken)
   at Microsoft.EntityFrameworkCore.Update.Internal.BatchExecutor.ExecuteAsync(IEnumerable`1 commandBatches, IRelationalConnection connection, CancellationToken cancellationToken)
   at Microsoft.EntityFrameworkCore.Update.Internal.BatchExecutor.ExecuteAsync(IEnumerable`1 commandBatches, IRelationalConnection connection, CancellationToken cancellationToken)
   at Microsoft.EntityFrameworkCore.Storage.RelationalDatabase.SaveChangesAsync(IList`1 entries, CancellationToken cancellationToken)
   at Microsoft.EntityFrameworkCore.ChangeTracking.Internal.StateManager.SaveChangesAsync(IList`1 entriesToSave, CancellationToken cancellationToken)
   at Microsoft.EntityFrameworkCore.ChangeTracking.Internal.StateManager.SaveChangesAsync(StateManager stateManager, Boolean acceptAllChangesOnSuccess, CancellationToken cancellationToken)
   at Microsoft.EntityFrameworkCore.SqlServer.Storage.Internal.SqlServerExecutionStrategy.ExecuteAsync[TState,TResult](TState state, Func`4 operation, Func`4 verifySucceeded, CancellationToken cancellationToken)
   at Microsoft.EntityFrameworkCore.DbContext.SaveChangesAsync(Boolean acceptAllChangesOnSuccess, CancellationToken cancellationToken)
2026-06-28 20:22:58.174 +03:00 [ERR] Unhandled exception occurred.
Microsoft.EntityFrameworkCore.DbUpdateException: An error occurred while saving the entity changes. See the inner exception for details.
 ---> Microsoft.Data.SqlClient.SqlException (0x80131904): Cannot insert duplicate key row in object 'dbo.DoctorSchedules' with unique index 'IX_DoctorSchedules_DoctorId_DayOfWeek'. The duplicate key value is (eea5306b-9d0d-474f-b644-e334fdedcbe6, 1).
   at Microsoft.Data.SqlClient.SqlConnection.OnError(SqlException exception, Boolean breakConnection, Action`1 wrapCloseInAction)
   at Microsoft.Data.SqlClient.SqlInternalConnection.OnError(SqlException exception, Boolean breakConnection, Action`1 wrapCloseInAction)
   at Microsoft.Data.SqlClient.TdsParser.ThrowExceptionAndWarning(TdsParserStateObject stateObj, SqlCommand command, Boolean callerHasConnectionLock, Boolean asyncClose)
   at Microsoft.Data.SqlClient.TdsParser.TryRun(RunBehavior runBehavior, SqlCommand cmdHandler, SqlDataReader dataStream, BulkCopySimpleResultSet bulkCopyHandler, TdsParserStateObject stateObj, Boolean& dataReady)
   at Microsoft.Data.SqlClient.SqlDataReader.TryHasMoreRows(Boolean& moreRows)
   at Microsoft.Data.SqlClient.SqlDataReader.TryHasMoreResults(Boolean& moreResults)
   at Microsoft.Data.SqlClient.SqlDataReader.TryNextResult(Boolean& more)
   at Microsoft.Data.SqlClient.SqlDataReader.NextResultAsyncExecute(Task task, Object state)
   at Microsoft.Data.SqlClient.SqlDataReader.InvokeAsyncCall[T](SqlDataReaderBaseAsyncCallContext`1 context)
--- End of stack trace from previous location ---
   at Microsoft.EntityFrameworkCore.Update.AffectedCountModificationCommandBatch.ConsumeAsync(RelationalDataReader reader, CancellationToken cancellationToken)
ClientConnectionId:0eaef420-b89c-463b-998d-c4b7e642f5e2
Error Number:2601,State:1,Class:14
   --- End of inner exception stack trace ---
   at Microsoft.EntityFrameworkCore.Update.AffectedCountModificationCommandBatch.ConsumeAsync(RelationalDataReader reader, CancellationToken cancellationToken)
   at Microsoft.EntityFrameworkCore.Update.ReaderModificationCommandBatch.ExecuteAsync(IRelationalConnection connection, CancellationToken cancellationToken)
   at Microsoft.EntityFrameworkCore.Update.ReaderModificationCommandBatch.ExecuteAsync(IRelationalConnection connection, CancellationToken cancellationToken)
   at Microsoft.EntityFrameworkCore.SqlServer.Update.Internal.SqlServerModificationCommandBatch.ExecuteAsync(IRelationalConnection connection, CancellationToken cancellationToken)
   at Microsoft.EntityFrameworkCore.Update.Internal.BatchExecutor.ExecuteAsync(IEnumerable`1 commandBatches, IRelationalConnection connection, CancellationToken cancellationToken)
   at Microsoft.EntityFrameworkCore.Update.Internal.BatchExecutor.ExecuteAsync(IEnumerable`1 commandBatches, IRelationalConnection connection, CancellationToken cancellationToken)
   at Microsoft.EntityFrameworkCore.Update.Internal.BatchExecutor.ExecuteAsync(IEnumerable`1 commandBatches, IRelationalConnection connection, CancellationToken cancellationToken)
   at Microsoft.EntityFrameworkCore.Storage.RelationalDatabase.SaveChangesAsync(IList`1 entries, CancellationToken cancellationToken)
   at Microsoft.EntityFrameworkCore.ChangeTracking.Internal.StateManager.SaveChangesAsync(IList`1 entriesToSave, CancellationToken cancellationToken)
   at Microsoft.EntityFrameworkCore.ChangeTracking.Internal.StateManager.SaveChangesAsync(StateManager stateManager, Boolean acceptAllChangesOnSuccess, CancellationToken cancellationToken)
   at Microsoft.EntityFrameworkCore.SqlServer.Storage.Internal.SqlServerExecutionStrategy.ExecuteAsync[TState,TResult](TState state, Func`4 operation, Func`4 verifySucceeded, CancellationToken cancellationToken)
   at Microsoft.EntityFrameworkCore.DbContext.SaveChangesAsync(Boolean acceptAllChangesOnSuccess, CancellationToken cancellationToken)
   at Microsoft.EntityFrameworkCore.DbContext.SaveChangesAsync(Boolean acceptAllChangesOnSuccess, CancellationToken cancellationToken)
   at HospitalSystem.Infrastructure.Repositories.UnitOfWork.SaveChangesAsync(CancellationToken cancellationToken) in G:\DEPI\HospitalSystem.Infrastructure\Repositories\UnitOfWork.cs:line 37
   at HospitalSystem.Application.Services.DoctorService.SetScheduleAsync(Guid doctorId, SetDoctorScheduleRequest request, CancellationToken cancellationToken) in G:\DEPI\HospitalSystem.Application\Services\DoctorService.cs:line 125
   at HospitalSystem.API.Controllers.DoctorsController.SetSchedule(Guid id, SetDoctorScheduleRequest request, CancellationToken cancellationToken) in G:\DEPI\HospitalSystem.API\Controllers\DoctorsController.cs:line 185
   at lambda_method522(Closure, Object)
   at Microsoft.AspNetCore.Mvc.Infrastructure.ActionMethodExecutor.AwaitableObjectResultExecutor.Execute(ActionContext actionContext, IActionResultTypeMapper mapper, ObjectMethodExecutor executor, Object controller, Object[] arguments)
   at Microsoft.AspNetCore.Mvc.Infrastructure.ControllerActionInvoker.<InvokeActionMethodAsync>g__Awaited|12_0(ControllerActionInvoker invoker, ValueTask`1 actionResultValueTask)
   at Microsoft.AspNetCore.Mvc.Infrastructure.ControllerActionInvoker.<InvokeNextActionFilterAsync>g__Awaited|10_0(ControllerActionInvoker invoker, Task lastTask, State next, Scope scope, Object state, Boolean isCompleted)
   at Microsoft.AspNetCore.Mvc.Infrastructure.ControllerActionInvoker.Rethrow(ActionExecutedContextSealed context)
   at Microsoft.AspNetCore.Mvc.Infrastructure.ControllerActionInvoker.Next(State& next, Scope& scope, Object& state, Boolean& isCompleted)
   at Microsoft.AspNetCore.Mvc.Infrastructure.ControllerActionInvoker.<InvokeInnerFilterAsync>g__Awaited|13_0(ControllerActionInvoker invoker, Task lastTask, State next, Scope scope, Object state, Boolean isCompleted)
   at Microsoft.AspNetCore.Mvc.Infrastructure.ResourceInvoker.<InvokeFilterPipelineAsync>g__Awaited|20_0(ResourceInvoker invoker, Task lastTask, State next, Scope scope, Object state, Boolean isCompleted)
   at Microsoft.AspNetCore.Mvc.Infrastructure.ResourceInvoker.<InvokeAsync>g__Awaited|17_0(ResourceInvoker invoker, Task task, IDisposable scope)
   at Microsoft.AspNetCore.Mvc.Infrastructure.ResourceInvoker.<InvokeAsync>g__Awaited|17_0(ResourceInvoker invoker, Task task, IDisposable scope)
   at Microsoft.AspNetCore.Authorization.AuthorizationMiddleware.Invoke(HttpContext context)
   at Microsoft.AspNetCore.Authentication.AuthenticationMiddleware.Invoke(HttpContext context)
   at Swashbuckle.AspNetCore.SwaggerUI.SwaggerUIMiddleware.Invoke(HttpContext httpContext)
   at Swashbuckle.AspNetCore.Swagger.SwaggerMiddleware.Invoke(HttpContext httpContext, ISwaggerProvider swaggerProvider)
   at HospitalSystem.API.Middleware.RequestLoggingMiddleware.InvokeAsync(HttpContext context) in G:\DEPI\HospitalSystem.API\Middleware\RequestLoggingMiddleware.cs:line 19
   at HospitalSystem.API.Middleware.ExceptionHandlingMiddleware.InvokeAsync(HttpContext context) in G:\DEPI\HospitalSystem.API\Middleware\ExceptionHandlingMiddleware.cs:line 24
2026-06-28 20:22:59.373 +03:00 [INF] Executed DbCommand (2ms) [Parameters=[@p='?' (DbType = Guid)], CommandType='"Text"', CommandTimeout='30']
SELECT TOP(1) [d].[Id], [d].[DepartmentId], [d].[FullName], [d].[IsActive], [d].[Phone], [d].[Specialization], [d].[UserId]
FROM [Doctors] AS [d]
WHERE [d].[Id] = @p
2026-06-28 20:22:59.376 +03:00 [INF] Executed DbCommand (1ms) [Parameters=[], CommandType='"Text"', CommandTimeout='30']
SELECT [d].[Id], [d].[AppointmentDurationMinutes], [d].[DayOfWeek], [d].[DoctorId], [d].[EndTime], [d].[IsActive], [d].[StartTime]
FROM [DoctorSchedules] AS [d]
2026-06-28 20:22:59.383 +03:00 [INF] Executed DbCommand (3ms) [Parameters=[@p6='?' (DbType = Guid), @p0='?' (DbType = Int32), @p1='?' (DbType = Int32), @p2='?' (DbType = Guid), @p3='?' (DbType = Time), @p4='?' (DbType = Boolean), @p5='?' (DbType = Time), @p13='?' (DbType = Guid), @p7='?' (DbType = Int32), @p8='?' (DbType = Int32), @p9='?' (DbType = Guid), @p10='?' (DbType = Time), @p11='?' (DbType = Boolean), @p12='?' (DbType = Time), @p20='?' (DbType = Guid), @p14='?' (DbType = Int32), @p15='?' (DbType = Int32), @p16='?' (DbType = Guid), @p17='?' (DbType = Time), @p18='?' (DbType = Boolean), @p19='?' (DbType = Time), @p27='?' (DbType = Guid), @p21='?' (DbType = Int32), @p22='?' (DbType = Int32), @p23='?' (DbType = Guid), @p24='?' (DbType = Time), @p25='?' (DbType = Boolean), @p26='?' (DbType = Time), @p34='?' (DbType = Guid), @p28='?' (DbType = Int32), @p29='?' (DbType = Int32), @p30='?' (DbType = Guid), @p31='?' (DbType = Time), @p32='?' (DbType = Boolean), @p33='?' (DbType = Time), @p35='?' (DbType = Guid), @p36='?' (DbType = Int32), @p37='?' (DbType = Int32), @p38='?' (DbType = Guid), @p39='?' (DbType = Time), @p40='?' (DbType = Boolean), @p41='?' (DbType = Time)], CommandType='"Text"', CommandTimeout='30']
SET NOCOUNT ON;
UPDATE [DoctorSchedules] SET [AppointmentDurationMinutes] = @p0, [DayOfWeek] = @p1, [DoctorId] = @p2, [EndTime] = @p3, [IsActive] = @p4, [StartTime] = @p5
OUTPUT 1
WHERE [Id] = @p6;
UPDATE [DoctorSchedules] SET [AppointmentDurationMinutes] = @p7, [DayOfWeek] = @p8, [DoctorId] = @p9, [EndTime] = @p10, [IsActive] = @p11, [StartTime] = @p12
OUTPUT 1
WHERE [Id] = @p13;
UPDATE [DoctorSchedules] SET [AppointmentDurationMinutes] = @p14, [DayOfWeek] = @p15, [DoctorId] = @p16, [EndTime] = @p17, [IsActive] = @p18, [StartTime] = @p19
OUTPUT 1
WHERE [Id] = @p20;
UPDATE [DoctorSchedules] SET [AppointmentDurationMinutes] = @p21, [DayOfWeek] = @p22, [DoctorId] = @p23, [EndTime] = @p24, [IsActive] = @p25, [StartTime] = @p26
OUTPUT 1
WHERE [Id] = @p27;
UPDATE [DoctorSchedules] SET [AppointmentDurationMinutes] = @p28, [DayOfWeek] = @p29, [DoctorId] = @p30, [EndTime] = @p31, [IsActive] = @p32, [StartTime] = @p33
OUTPUT 1
WHERE [Id] = @p34;
INSERT INTO [DoctorSchedules] ([Id], [AppointmentDurationMinutes], [DayOfWeek], [DoctorId], [EndTime], [IsActive], [StartTime])
VALUES (@p35, @p36, @p37, @p38, @p39, @p40, @p41);
2026-06-28 20:22:59.386 +03:00 [ERR] An exception occurred in the database while saving changes for context type 'HospitalSystem.Infrastructure.Persistence.HospitalDbContext'.
Microsoft.EntityFrameworkCore.DbUpdateException: An error occurred while saving the entity changes. See the inner exception for details.
 ---> Microsoft.Data.SqlClient.SqlException (0x80131904): Cannot insert duplicate key row in object 'dbo.DoctorSchedules' with unique index 'IX_DoctorSchedules_DoctorId_DayOfWeek'. The duplicate key value is (eea5306b-9d0d-474f-b644-e334fdedcbe6, 1).
   at Microsoft.Data.SqlClient.SqlConnection.OnError(SqlException exception, Boolean breakConnection, Action`1 wrapCloseInAction)
   at Microsoft.Data.SqlClient.SqlInternalConnection.OnError(SqlException exception, Boolean breakConnection, Action`1 wrapCloseInAction)
   at Microsoft.Data.SqlClient.TdsParser.ThrowExceptionAndWarning(TdsParserStateObject stateObj, SqlCommand command, Boolean callerHasConnectionLock, Boolean asyncClose)
   at Microsoft.Data.SqlClient.TdsParser.TryRun(RunBehavior runBehavior, SqlCommand cmdHandler, SqlDataReader dataStream, BulkCopySimpleResultSet bulkCopyHandler, TdsParserStateObject stateObj, Boolean& dataReady)
   at Microsoft.Data.SqlClient.SqlDataReader.TryHasMoreRows(Boolean& moreRows)
   at Microsoft.Data.SqlClient.SqlDataReader.TryHasMoreResults(Boolean& moreResults)
   at Microsoft.Data.SqlClient.SqlDataReader.TryNextResult(Boolean& more)
   at Microsoft.Data.SqlClient.SqlDataReader.NextResultAsyncExecute(Task task, Object state)
   at Microsoft.Data.SqlClient.SqlDataReader.InvokeAsyncCall[T](SqlDataReaderBaseAsyncCallContext`1 context)
--- End of stack trace from previous location ---
   at Microsoft.EntityFrameworkCore.Update.AffectedCountModificationCommandBatch.ConsumeAsync(RelationalDataReader reader, CancellationToken cancellationToken)
ClientConnectionId:0eaef420-b89c-463b-998d-c4b7e642f5e2
Error Number:2601,State:1,Class:14
   --- End of inner exception stack trace ---
   at Microsoft.EntityFrameworkCore.Update.AffectedCountModificationCommandBatch.ConsumeAsync(RelationalDataReader reader, CancellationToken cancellationToken)
   at Microsoft.EntityFrameworkCore.Update.ReaderModificationCommandBatch.ExecuteAsync(IRelationalConnection connection, CancellationToken cancellationToken)
   at Microsoft.EntityFrameworkCore.Update.ReaderModificationCommandBatch.ExecuteAsync(IRelationalConnection connection, CancellationToken cancellationToken)
   at Microsoft.EntityFrameworkCore.SqlServer.Update.Internal.SqlServerModificationCommandBatch.ExecuteAsync(IRelationalConnection connection, CancellationToken cancellationToken)
   at Microsoft.EntityFrameworkCore.Update.Internal.BatchExecutor.ExecuteAsync(IEnumerable`1 commandBatches, IRelationalConnection connection, CancellationToken cancellationToken)
   at Microsoft.EntityFrameworkCore.Update.Internal.BatchExecutor.ExecuteAsync(IEnumerable`1 commandBatches, IRelationalConnection connection, CancellationToken cancellationToken)
   at Microsoft.EntityFrameworkCore.Update.Internal.BatchExecutor.ExecuteAsync(IEnumerable`1 commandBatches, IRelationalConnection connection, CancellationToken cancellationToken)
   at Microsoft.EntityFrameworkCore.Storage.RelationalDatabase.SaveChangesAsync(IList`1 entries, CancellationToken cancellationToken)
   at Microsoft.EntityFrameworkCore.ChangeTracking.Internal.StateManager.SaveChangesAsync(IList`1 entriesToSave, CancellationToken cancellationToken)
   at Microsoft.EntityFrameworkCore.ChangeTracking.Internal.StateManager.SaveChangesAsync(StateManager stateManager, Boolean acceptAllChangesOnSuccess, CancellationToken cancellationToken)
   at Microsoft.EntityFrameworkCore.SqlServer.Storage.Internal.SqlServerExecutionStrategy.ExecuteAsync[TState,TResult](TState state, Func`4 operation, Func`4 verifySucceeded, CancellationToken cancellationToken)
   at Microsoft.EntityFrameworkCore.DbContext.SaveChangesAsync(Boolean acceptAllChangesOnSuccess, CancellationToken cancellationToken)
Microsoft.EntityFrameworkCore.DbUpdateException: An error occurred while saving the entity changes. See the inner exception for details.
 ---> Microsoft.Data.SqlClient.SqlException (0x80131904): Cannot insert duplicate key row in object 'dbo.DoctorSchedules' with unique index 'IX_DoctorSchedules_DoctorId_DayOfWeek'. The duplicate key value is (eea5306b-9d0d-474f-b644-e334fdedcbe6, 1).
   at Microsoft.Data.SqlClient.SqlConnection.OnError(SqlException exception, Boolean breakConnection, Action`1 wrapCloseInAction)
   at Microsoft.Data.SqlClient.SqlInternalConnection.OnError(SqlException exception, Boolean breakConnection, Action`1 wrapCloseInAction)
   at Microsoft.Data.SqlClient.TdsParser.ThrowExceptionAndWarning(TdsParserStateObject stateObj, SqlCommand command, Boolean callerHasConnectionLock, Boolean asyncClose)
   at Microsoft.Data.SqlClient.TdsParser.TryRun(RunBehavior runBehavior, SqlCommand cmdHandler, SqlDataReader dataStream, BulkCopySimpleResultSet bulkCopyHandler, TdsParserStateObject stateObj, Boolean& dataReady)
   at Microsoft.Data.SqlClient.SqlDataReader.TryHasMoreRows(Boolean& moreRows)
   at Microsoft.Data.SqlClient.SqlDataReader.TryHasMoreResults(Boolean& moreResults)
   at Microsoft.Data.SqlClient.SqlDataReader.TryNextResult(Boolean& more)
   at Microsoft.Data.SqlClient.SqlDataReader.NextResultAsyncExecute(Task task, Object state)
   at Microsoft.Data.SqlClient.SqlDataReader.InvokeAsyncCall[T](SqlDataReaderBaseAsyncCallContext`1 context)
--- End of stack trace from previous location ---
   at Microsoft.EntityFrameworkCore.Update.AffectedCountModificationCommandBatch.ConsumeAsync(RelationalDataReader reader, CancellationToken cancellationToken)
ClientConnectionId:0eaef420-b89c-463b-998d-c4b7e642f5e2
Error Number:2601,State:1,Class:14
   --- End of inner exception stack trace ---
   at Microsoft.EntityFrameworkCore.Update.AffectedCountModificationCommandBatch.ConsumeAsync(RelationalDataReader reader, CancellationToken cancellationToken)
   at Microsoft.EntityFrameworkCore.Update.ReaderModificationCommandBatch.ExecuteAsync(IRelationalConnection connection, CancellationToken cancellationToken)
   at Microsoft.EntityFrameworkCore.Update.ReaderModificationCommandBatch.ExecuteAsync(IRelationalConnection connection, CancellationToken cancellationToken)
   at Microsoft.EntityFrameworkCore.SqlServer.Update.Internal.SqlServerModificationCommandBatch.ExecuteAsync(IRelationalConnection connection, CancellationToken cancellationToken)
   at Microsoft.EntityFrameworkCore.Update.Internal.BatchExecutor.ExecuteAsync(IEnumerable`1 commandBatches, IRelationalConnection connection, CancellationToken cancellationToken)
   at Microsoft.EntityFrameworkCore.Update.Internal.BatchExecutor.ExecuteAsync(IEnumerable`1 commandBatches, IRelationalConnection connection, CancellationToken cancellationToken)
   at Microsoft.EntityFrameworkCore.Update.Internal.BatchExecutor.ExecuteAsync(IEnumerable`1 commandBatches, IRelationalConnection connection, CancellationToken cancellationToken)
   at Microsoft.EntityFrameworkCore.Storage.RelationalDatabase.SaveChangesAsync(IList`1 entries, CancellationToken cancellationToken)
   at Microsoft.EntityFrameworkCore.ChangeTracking.Internal.StateManager.SaveChangesAsync(IList`1 entriesToSave, CancellationToken cancellationToken)
   at Microsoft.EntityFrameworkCore.ChangeTracking.Internal.StateManager.SaveChangesAsync(StateManager stateManager, Boolean acceptAllChangesOnSuccess, CancellationToken cancellationToken)
   at Microsoft.EntityFrameworkCore.SqlServer.Storage.Internal.SqlServerExecutionStrategy.ExecuteAsync[TState,TResult](TState state, Func`4 operation, Func`4 verifySucceeded, CancellationToken cancellationToken)
   at Microsoft.EntityFrameworkCore.DbContext.SaveChangesAsync(Boolean acceptAllChangesOnSuccess, CancellationToken cancellationToken)
2026-06-28 20:22:59.391 +03:00 [ERR] Unhandled exception occurred.
Microsoft.EntityFrameworkCore.DbUpdateException: An error occurred while saving the entity changes. See the inner exception for details.
 ---> Microsoft.Data.SqlClient.SqlException (0x80131904): Cannot insert duplicate key row in object 'dbo.DoctorSchedules' with unique index 'IX_DoctorSchedules_DoctorId_DayOfWeek'. The duplicate key value is (eea5306b-9d0d-474f-b644-e334fdedcbe6, 1).
   at Microsoft.Data.SqlClient.SqlConnection.OnError(SqlException exception, Boolean breakConnection, Action`1 wrapCloseInAction)
   at Microsoft.Data.SqlClient.SqlInternalConnection.OnError(SqlException exception, Boolean breakConnection, Action`1 wrapCloseInAction)
   at Microsoft.Data.SqlClient.TdsParser.ThrowExceptionAndWarning(TdsParserStateObject stateObj, SqlCommand command, Boolean callerHasConnectionLock, Boolean asyncClose)
   at Microsoft.Data.SqlClient.TdsParser.TryRun(RunBehavior runBehavior, SqlCommand cmdHandler, SqlDataReader dataStream, BulkCopySimpleResultSet bulkCopyHandler, TdsParserStateObject stateObj, Boolean& dataReady)
   at Microsoft.Data.SqlClient.SqlDataReader.TryHasMoreRows(Boolean& moreRows)
   at Microsoft.Data.SqlClient.SqlDataReader.TryHasMoreResults(Boolean& moreResults)
   at Microsoft.Data.SqlClient.SqlDataReader.TryNextResult(Boolean& more)
   at Microsoft.Data.SqlClient.SqlDataReader.NextResultAsyncExecute(Task task, Object state)
   at Microsoft.Data.SqlClient.SqlDataReader.InvokeAsyncCall[T](SqlDataReaderBaseAsyncCallContext`1 context)
--- End of stack trace from previous location ---
   at Microsoft.EntityFrameworkCore.Update.AffectedCountModificationCommandBatch.ConsumeAsync(RelationalDataReader reader, CancellationToken cancellationToken)
ClientConnectionId:0eaef420-b89c-463b-998d-c4b7e642f5e2
Error Number:2601,State:1,Class:14
   --- End of inner exception stack trace ---
   at Microsoft.EntityFrameworkCore.Update.AffectedCountModificationCommandBatch.ConsumeAsync(RelationalDataReader reader, CancellationToken cancellationToken)
   at Microsoft.EntityFrameworkCore.Update.ReaderModificationCommandBatch.ExecuteAsync(IRelationalConnection connection, CancellationToken cancellationToken)
   at Microsoft.EntityFrameworkCore.Update.ReaderModificationCommandBatch.ExecuteAsync(IRelationalConnection connection, CancellationToken cancellationToken)
   at Microsoft.EntityFrameworkCore.SqlServer.Update.Internal.SqlServerModificationCommandBatch.ExecuteAsync(IRelationalConnection connection, CancellationToken cancellationToken)
   at Microsoft.EntityFrameworkCore.Update.Internal.BatchExecutor.ExecuteAsync(IEnumerable`1 commandBatches, IRelationalConnection connection, CancellationToken cancellationToken)
   at Microsoft.EntityFrameworkCore.Update.Internal.BatchExecutor.ExecuteAsync(IEnumerable`1 commandBatches, IRelationalConnection connection, CancellationToken cancellationToken)
   at Microsoft.EntityFrameworkCore.Update.Internal.BatchExecutor.ExecuteAsync(IEnumerable`1 commandBatches, IRelationalConnection connection, CancellationToken cancellationToken)
   at Microsoft.EntityFrameworkCore.Storage.RelationalDatabase.SaveChangesAsync(IList`1 entries, CancellationToken cancellationToken)
   at Microsoft.EntityFrameworkCore.ChangeTracking.Internal.StateManager.SaveChangesAsync(IList`1 entriesToSave, CancellationToken cancellationToken)
   at Microsoft.EntityFrameworkCore.ChangeTracking.Internal.StateManager.SaveChangesAsync(StateManager stateManager, Boolean acceptAllChangesOnSuccess, CancellationToken cancellationToken)
   at Microsoft.EntityFrameworkCore.SqlServer.Storage.Internal.SqlServerExecutionStrategy.ExecuteAsync[TState,TResult](TState state, Func`4 operation, Func`4 verifySucceeded, CancellationToken cancellationToken)
   at Microsoft.EntityFrameworkCore.DbContext.SaveChangesAsync(Boolean acceptAllChangesOnSuccess, CancellationToken cancellationToken)
   at Microsoft.EntityFrameworkCore.DbContext.SaveChangesAsync(Boolean acceptAllChangesOnSuccess, CancellationToken cancellationToken)
   at HospitalSystem.Infrastructure.Repositories.UnitOfWork.SaveChangesAsync(CancellationToken cancellationToken) in G:\DEPI\HospitalSystem.Infrastructure\Repositories\UnitOfWork.cs:line 37
   at HospitalSystem.Application.Services.DoctorService.SetScheduleAsync(Guid doctorId, SetDoctorScheduleRequest request, CancellationToken cancellationToken) in G:\DEPI\HospitalSystem.Application\Services\DoctorService.cs:line 125
   at HospitalSystem.API.Controllers.DoctorsController.SetSchedule(Guid id, SetDoctorScheduleRequest request, CancellationToken cancellationToken) in G:\DEPI\HospitalSystem.API\Controllers\DoctorsController.cs:line 185
   at lambda_method522(Closure, Object)
   at Microsoft.AspNetCore.Mvc.Infrastructure.ActionMethodExecutor.AwaitableObjectResultExecutor.Execute(ActionContext actionContext, IActionResultTypeMapper mapper, ObjectMethodExecutor executor, Object controller, Object[] arguments)
   at Microsoft.AspNetCore.Mvc.Infrastructure.ControllerActionInvoker.<InvokeActionMethodAsync>g__Awaited|12_0(ControllerActionInvoker invoker, ValueTask`1 actionResultValueTask)
   at Microsoft.AspNetCore.Mvc.Infrastructure.ControllerActionInvoker.<InvokeNextActionFilterAsync>g__Awaited|10_0(ControllerActionInvoker invoker, Task lastTask, State next, Scope scope, Object state, Boolean isCompleted)
   at Microsoft.AspNetCore.Mvc.Infrastructure.ControllerActionInvoker.Rethrow(ActionExecutedContextSealed context)
   at Microsoft.AspNetCore.Mvc.Infrastructure.ControllerActionInvoker.Next(State& next, Scope& scope, Object& state, Boolean& isCompleted)
   at Microsoft.AspNetCore.Mvc.Infrastructure.ControllerActionInvoker.<InvokeInnerFilterAsync>g__Awaited|13_0(ControllerActionInvoker invoker, Task lastTask, State next, Scope scope, Object state, Boolean isCompleted)
   at Microsoft.AspNetCore.Mvc.Infrastructure.ResourceInvoker.<InvokeFilterPipelineAsync>g__Awaited|20_0(ResourceInvoker invoker, Task lastTask, State next, Scope scope, Object state, Boolean isCompleted)
   at Microsoft.AspNetCore.Mvc.Infrastructure.ResourceInvoker.<InvokeAsync>g__Awaited|17_0(ResourceInvoker invoker, Task task, IDisposable scope)
   at Microsoft.AspNetCore.Mvc.Infrastructure.ResourceInvoker.<InvokeAsync>g__Awaited|17_0(ResourceInvoker invoker, Task task, IDisposable scope)
   at Microsoft.AspNetCore.Authorization.AuthorizationMiddleware.Invoke(HttpContext context)
   at Microsoft.AspNetCore.Authentication.AuthenticationMiddleware.Invoke(HttpContext context)
   at Swashbuckle.AspNetCore.SwaggerUI.SwaggerUIMiddleware.Invoke(HttpContext httpContext)
   at Swashbuckle.AspNetCore.Swagger.SwaggerMiddleware.Invoke(HttpContext httpContext, ISwaggerProvider swaggerProvider)
   at HospitalSystem.API.Middleware.RequestLoggingMiddleware.InvokeAsync(HttpContext context) in G:\DEPI\HospitalSystem.API\Middleware\RequestLoggingMiddleware.cs:line 19
   at HospitalSystem.API.Middleware.ExceptionHandlingMiddleware.InvokeAsync(HttpContext context) in G:\DEPI\HospitalSystem.API\Middleware\ExceptionHandlingMiddleware.cs:line 24
2026-06-28 20:23:00.606 +03:00 [INF] Executed DbCommand (1ms) [Parameters=[@p='?' (DbType = Guid)], CommandType='"Text"', CommandTimeout='30']
SELECT TOP(1) [d].[Id], [d].[DepartmentId], [d].[FullName], [d].[IsActive], [d].[Phone], [d].[Specialization], [d].[UserId]
FROM [Doctors] AS [d]
WHERE [d].[Id] = @p
2026-06-28 20:23:00.608 +03:00 [INF] Executed DbCommand (1ms) [Parameters=[], CommandType='"Text"', CommandTimeout='30']
SELECT [d].[Id], [d].[AppointmentDurationMinutes], [d].[DayOfWeek], [d].[DoctorId], [d].[EndTime], [d].[IsActive], [d].[StartTime]
FROM [DoctorSchedules] AS [d]
2026-06-28 20:23:00.615 +03:00 [INF] Executed DbCommand (3ms) [Parameters=[@p6='?' (DbType = Guid), @p0='?' (DbType = Int32), @p1='?' (DbType = Int32), @p2='?' (DbType = Guid), @p3='?' (DbType = Time), @p4='?' (DbType = Boolean), @p5='?' (DbType = Time), @p13='?' (DbType = Guid), @p7='?' (DbType = Int32), @p8='?' (DbType = Int32), @p9='?' (DbType = Guid), @p10='?' (DbType = Time), @p11='?' (DbType = Boolean), @p12='?' (DbType = Time), @p20='?' (DbType = Guid), @p14='?' (DbType = Int32), @p15='?' (DbType = Int32), @p16='?' (DbType = Guid), @p17='?' (DbType = Time), @p18='?' (DbType = Boolean), @p19='?' (DbType = Time), @p27='?' (DbType = Guid), @p21='?' (DbType = Int32), @p22='?' (DbType = Int32), @p23='?' (DbType = Guid), @p24='?' (DbType = Time), @p25='?' (DbType = Boolean), @p26='?' (DbType = Time), @p34='?' (DbType = Guid), @p28='?' (DbType = Int32), @p29='?' (DbType = Int32), @p30='?' (DbType = Guid), @p31='?' (DbType = Time), @p32='?' (DbType = Boolean), @p33='?' (DbType = Time), @p35='?' (DbType = Guid), @p36='?' (DbType = Int32), @p37='?' (DbType = Int32), @p38='?' (DbType = Guid), @p39='?' (DbType = Time), @p40='?' (DbType = Boolean), @p41='?' (DbType = Time)], CommandType='"Text"', CommandTimeout='30']
SET NOCOUNT ON;
UPDATE [DoctorSchedules] SET [AppointmentDurationMinutes] = @p0, [DayOfWeek] = @p1, [DoctorId] = @p2, [EndTime] = @p3, [IsActive] = @p4, [StartTime] = @p5
OUTPUT 1
WHERE [Id] = @p6;
UPDATE [DoctorSchedules] SET [AppointmentDurationMinutes] = @p7, [DayOfWeek] = @p8, [DoctorId] = @p9, [EndTime] = @p10, [IsActive] = @p11, [StartTime] = @p12
OUTPUT 1
WHERE [Id] = @p13;
UPDATE [DoctorSchedules] SET [AppointmentDurationMinutes] = @p14, [DayOfWeek] = @p15, [DoctorId] = @p16, [EndTime] = @p17, [IsActive] = @p18, [StartTime] = @p19
OUTPUT 1
WHERE [Id] = @p20;
UPDATE [DoctorSchedules] SET [AppointmentDurationMinutes] = @p21, [DayOfWeek] = @p22, [DoctorId] = @p23, [EndTime] = @p24, [IsActive] = @p25, [StartTime] = @p26
OUTPUT 1
WHERE [Id] = @p27;
UPDATE [DoctorSchedules] SET [AppointmentDurationMinutes] = @p28, [DayOfWeek] = @p29, [DoctorId] = @p30, [EndTime] = @p31, [IsActive] = @p32, [StartTime] = @p33
OUTPUT 1
WHERE [Id] = @p34;
INSERT INTO [DoctorSchedules] ([Id], [AppointmentDurationMinutes], [DayOfWeek], [DoctorId], [EndTime], [IsActive], [StartTime])
VALUES (@p35, @p36, @p37, @p38, @p39, @p40, @p41);
2026-06-28 20:23:00.618 +03:00 [ERR] An exception occurred in the database while saving changes for context type 'HospitalSystem.Infrastructure.Persistence.HospitalDbContext'.
Microsoft.EntityFrameworkCore.DbUpdateException: An error occurred while saving the entity changes. See the inner exception for details.
 ---> Microsoft.Data.SqlClient.SqlException (0x80131904): Cannot insert duplicate key row in object 'dbo.DoctorSchedules' with unique index 'IX_DoctorSchedules_DoctorId_DayOfWeek'. The duplicate key value is (eea5306b-9d0d-474f-b644-e334fdedcbe6, 1).
   at Microsoft.Data.SqlClient.SqlConnection.OnError(SqlException exception, Boolean breakConnection, Action`1 wrapCloseInAction)
   at Microsoft.Data.SqlClient.SqlInternalConnection.OnError(SqlException exception, Boolean breakConnection, Action`1 wrapCloseInAction)
   at Microsoft.Data.SqlClient.TdsParser.ThrowExceptionAndWarning(TdsParserStateObject stateObj, SqlCommand command, Boolean callerHasConnectionLock, Boolean asyncClose)
   at Microsoft.Data.SqlClient.TdsParser.TryRun(RunBehavior runBehavior, SqlCommand cmdHandler, SqlDataReader dataStream, BulkCopySimpleResultSet bulkCopyHandler, TdsParserStateObject stateObj, Boolean& dataReady)
   at Microsoft.Data.SqlClient.SqlDataReader.TryHasMoreRows(Boolean& moreRows)
   at Microsoft.Data.SqlClient.SqlDataReader.TryHasMoreResults(Boolean& moreResults)
   at Microsoft.Data.SqlClient.SqlDataReader.TryNextResult(Boolean& more)
   at Microsoft.Data.SqlClient.SqlDataReader.NextResultAsyncExecute(Task task, Object state)
   at Microsoft.Data.SqlClient.SqlDataReader.InvokeAsyncCall[T](SqlDataReaderBaseAsyncCallContext`1 context)
--- End of stack trace from previous location ---
   at Microsoft.EntityFrameworkCore.Update.AffectedCountModificationCommandBatch.ConsumeAsync(RelationalDataReader reader, CancellationToken cancellationToken)
ClientConnectionId:0eaef420-b89c-463b-998d-c4b7e642f5e2
Error Number:2601,State:1,Class:14
   --- End of inner exception stack trace ---
   at Microsoft.EntityFrameworkCore.Update.AffectedCountModificationCommandBatch.ConsumeAsync(RelationalDataReader reader, CancellationToken cancellationToken)
   at Microsoft.EntityFrameworkCore.Update.ReaderModificationCommandBatch.ExecuteAsync(IRelationalConnection connection, CancellationToken cancellationToken)
   at Microsoft.EntityFrameworkCore.Update.ReaderModificationCommandBatch.ExecuteAsync(IRelationalConnection connection, CancellationToken cancellationToken)
   at Microsoft.EntityFrameworkCore.SqlServer.Update.Internal.SqlServerModificationCommandBatch.ExecuteAsync(IRelationalConnection connection, CancellationToken cancellationToken)
   at Microsoft.EntityFrameworkCore.Update.Internal.BatchExecutor.ExecuteAsync(IEnumerable`1 commandBatches, IRelationalConnection connection, CancellationToken cancellationToken)
   at Microsoft.EntityFrameworkCore.Update.Internal.BatchExecutor.ExecuteAsync(IEnumerable`1 commandBatches, IRelationalConnection connection, CancellationToken cancellationToken)
   at Microsoft.EntityFrameworkCore.Update.Internal.BatchExecutor.ExecuteAsync(IEnumerable`1 commandBatches, IRelationalConnection connection, CancellationToken cancellationToken)
   at Microsoft.EntityFrameworkCore.Storage.RelationalDatabase.SaveChangesAsync(IList`1 entries, CancellationToken cancellationToken)
   at Microsoft.EntityFrameworkCore.ChangeTracking.Internal.StateManager.SaveChangesAsync(IList`1 entriesToSave, CancellationToken cancellationToken)
   at Microsoft.EntityFrameworkCore.ChangeTracking.Internal.StateManager.SaveChangesAsync(StateManager stateManager, Boolean acceptAllChangesOnSuccess, CancellationToken cancellationToken)
   at Microsoft.EntityFrameworkCore.SqlServer.Storage.Internal.SqlServerExecutionStrategy.ExecuteAsync[TState,TResult](TState state, Func`4 operation, Func`4 verifySucceeded, CancellationToken cancellationToken)
   at Microsoft.EntityFrameworkCore.DbContext.SaveChangesAsync(Boolean acceptAllChangesOnSuccess, CancellationToken cancellationToken)
Microsoft.EntityFrameworkCore.DbUpdateException: An error occurred while saving the entity changes. See the inner exception for details.
 ---> Microsoft.Data.SqlClient.SqlException (0x80131904): Cannot insert duplicate key row in object 'dbo.DoctorSchedules' with unique index 'IX_DoctorSchedules_DoctorId_DayOfWeek'. The duplicate key value is (eea5306b-9d0d-474f-b644-e334fdedcbe6, 1).
   at Microsoft.Data.SqlClient.SqlConnection.OnError(SqlException exception, Boolean breakConnection, Action`1 wrapCloseInAction)
   at Microsoft.Data.SqlClient.SqlInternalConnection.OnError(SqlException exception, Boolean breakConnection, Action`1 wrapCloseInAction)
   at Microsoft.Data.SqlClient.TdsParser.ThrowExceptionAndWarning(TdsParserStateObject stateObj, SqlCommand command, Boolean callerHasConnectionLock, Boolean asyncClose)
   at Microsoft.Data.SqlClient.TdsParser.TryRun(RunBehavior runBehavior, SqlCommand cmdHandler, SqlDataReader dataStream, BulkCopySimpleResultSet bulkCopyHandler, TdsParserStateObject stateObj, Boolean& dataReady)
   at Microsoft.Data.SqlClient.SqlDataReader.TryHasMoreRows(Boolean& moreRows)
   at Microsoft.Data.SqlClient.SqlDataReader.TryHasMoreResults(Boolean& moreResults)
   at Microsoft.Data.SqlClient.SqlDataReader.TryNextResult(Boolean& more)
   at Microsoft.Data.SqlClient.SqlDataReader.NextResultAsyncExecute(Task task, Object state)
   at Microsoft.Data.SqlClient.SqlDataReader.InvokeAsyncCall[T](SqlDataReaderBaseAsyncCallContext`1 context)
--- End of stack trace from previous location ---
   at Microsoft.EntityFrameworkCore.Update.AffectedCountModificationCommandBatch.ConsumeAsync(RelationalDataReader reader, CancellationToken cancellationToken)
ClientConnectionId:0eaef420-b89c-463b-998d-c4b7e642f5e2
Error Number:2601,State:1,Class:14
   --- End of inner exception stack trace ---
   at Microsoft.EntityFrameworkCore.Update.AffectedCountModificationCommandBatch.ConsumeAsync(RelationalDataReader reader, CancellationToken cancellationToken)
   at Microsoft.EntityFrameworkCore.Update.ReaderModificationCommandBatch.ExecuteAsync(IRelationalConnection connection, CancellationToken cancellationToken)
   at Microsoft.EntityFrameworkCore.Update.ReaderModificationCommandBatch.ExecuteAsync(IRelationalConnection connection, CancellationToken cancellationToken)
   at Microsoft.EntityFrameworkCore.SqlServer.Update.Internal.SqlServerModificationCommandBatch.ExecuteAsync(IRelationalConnection connection, CancellationToken cancellationToken)
   at Microsoft.EntityFrameworkCore.Update.Internal.BatchExecutor.ExecuteAsync(IEnumerable`1 commandBatches, IRelationalConnection connection, CancellationToken cancellationToken)
   at Microsoft.EntityFrameworkCore.Update.Internal.BatchExecutor.ExecuteAsync(IEnumerable`1 commandBatches, IRelationalConnection connection, CancellationToken cancellationToken)
   at Microsoft.EntityFrameworkCore.Update.Internal.BatchExecutor.ExecuteAsync(IEnumerable`1 commandBatches, IRelationalConnection connection, CancellationToken cancellationToken)
   at Microsoft.EntityFrameworkCore.Storage.RelationalDatabase.SaveChangesAsync(IList`1 entries, CancellationToken cancellationToken)
   at Microsoft.EntityFrameworkCore.ChangeTracking.Internal.StateManager.SaveChangesAsync(IList`1 entriesToSave, CancellationToken cancellationToken)
   at Microsoft.EntityFrameworkCore.ChangeTracking.Internal.StateManager.SaveChangesAsync(StateManager stateManager, Boolean acceptAllChangesOnSuccess, CancellationToken cancellationToken)
   at Microsoft.EntityFrameworkCore.SqlServer.Storage.Internal.SqlServerExecutionStrategy.ExecuteAsync[TState,TResult](TState state, Func`4 operation, Func`4 verifySucceeded, CancellationToken cancellationToken)
   at Microsoft.EntityFrameworkCore.DbContext.SaveChangesAsync(Boolean acceptAllChangesOnSuccess, CancellationToken cancellationToken)
2026-06-28 20:23:00.623 +03:00 [ERR] Unhandled exception occurred.
Microsoft.EntityFrameworkCore.DbUpdateException: An error occurred while saving the entity changes. See the inner exception for details.
 ---> Microsoft.Data.SqlClient.SqlException (0x80131904): Cannot insert duplicate key row in object 'dbo.DoctorSchedules' with unique index 'IX_DoctorSchedules_DoctorId_DayOfWeek'. The duplicate key value is (eea5306b-9d0d-474f-b644-e334fdedcbe6, 1).
   at Microsoft.Data.SqlClient.SqlConnection.OnError(SqlException exception, Boolean breakConnection, Action`1 wrapCloseInAction)
   at Microsoft.Data.SqlClient.SqlInternalConnection.OnError(SqlException exception, Boolean breakConnection, Action`1 wrapCloseInAction)
   at Microsoft.Data.SqlClient.TdsParser.ThrowExceptionAndWarning(TdsParserStateObject stateObj, SqlCommand command, Boolean callerHasConnectionLock, Boolean asyncClose)
   at Microsoft.Data.SqlClient.TdsParser.TryRun(RunBehavior runBehavior, SqlCommand cmdHandler, SqlDataReader dataStream, BulkCopySimpleResultSet bulkCopyHandler, TdsParserStateObject stateObj, Boolean& dataReady)
   at Microsoft.Data.SqlClient.SqlDataReader.TryHasMoreRows(Boolean& moreRows)
   at Microsoft.Data.SqlClient.SqlDataReader.TryHasMoreResults(Boolean& moreResults)
   at Microsoft.Data.SqlClient.SqlDataReader.TryNextResult(Boolean& more)
   at Microsoft.Data.SqlClient.SqlDataReader.NextResultAsyncExecute(Task task, Object state)
   at Microsoft.Data.SqlClient.SqlDataReader.InvokeAsyncCall[T](SqlDataReaderBaseAsyncCallContext`1 context)
--- End of stack trace from previous location ---
   at Microsoft.EntityFrameworkCore.Update.AffectedCountModificationCommandBatch.ConsumeAsync(RelationalDataReader reader, CancellationToken cancellationToken)
ClientConnectionId:0eaef420-b89c-463b-998d-c4b7e642f5e2
Error Number:2601,State:1,Class:14
   --- End of inner exception stack trace ---
   at Microsoft.EntityFrameworkCore.Update.AffectedCountModificationCommandBatch.ConsumeAsync(RelationalDataReader reader, CancellationToken cancellationToken)
   at Microsoft.EntityFrameworkCore.Update.ReaderModificationCommandBatch.ExecuteAsync(IRelationalConnection connection, CancellationToken cancellationToken)
   at Microsoft.EntityFrameworkCore.Update.ReaderModificationCommandBatch.ExecuteAsync(IRelationalConnection connection, CancellationToken cancellationToken)
   at Microsoft.EntityFrameworkCore.SqlServer.Update.Internal.SqlServerModificationCommandBatch.ExecuteAsync(IRelationalConnection connection, CancellationToken cancellationToken)
   at Microsoft.EntityFrameworkCore.Update.Internal.BatchExecutor.ExecuteAsync(IEnumerable`1 commandBatches, IRelationalConnection connection, CancellationToken cancellationToken)
   at Microsoft.EntityFrameworkCore.Update.Internal.BatchExecutor.ExecuteAsync(IEnumerable`1 commandBatches, IRelationalConnection connection, CancellationToken cancellationToken)
   at Microsoft.EntityFrameworkCore.Update.Internal.BatchExecutor.ExecuteAsync(IEnumerable`1 commandBatches, IRelationalConnection connection, CancellationToken cancellationToken)
   at Microsoft.EntityFrameworkCore.Storage.RelationalDatabase.SaveChangesAsync(IList`1 entries, CancellationToken cancellationToken)
   at Microsoft.EntityFrameworkCore.ChangeTracking.Internal.StateManager.SaveChangesAsync(IList`1 entriesToSave, CancellationToken cancellationToken)
   at Microsoft.EntityFrameworkCore.ChangeTracking.Internal.StateManager.SaveChangesAsync(StateManager stateManager, Boolean acceptAllChangesOnSuccess, CancellationToken cancellationToken)
   at Microsoft.EntityFrameworkCore.SqlServer.Storage.Internal.SqlServerExecutionStrategy.ExecuteAsync[TState,TResult](TState state, Func`4 operation, Func`4 verifySucceeded, CancellationToken cancellationToken)
   at Microsoft.EntityFrameworkCore.DbContext.SaveChangesAsync(Boolean acceptAllChangesOnSuccess, CancellationToken cancellationToken)
   at Microsoft.EntityFrameworkCore.DbContext.SaveChangesAsync(Boolean acceptAllChangesOnSuccess, CancellationToken cancellationToken)
   at HospitalSystem.Infrastructure.Repositories.UnitOfWork.SaveChangesAsync(CancellationToken cancellationToken) in G:\DEPI\HospitalSystem.Infrastructure\Repositories\UnitOfWork.cs:line 37
   at HospitalSystem.Application.Services.DoctorService.SetScheduleAsync(Guid doctorId, SetDoctorScheduleRequest request, CancellationToken cancellationToken) in G:\DEPI\HospitalSystem.Application\Services\DoctorService.cs:line 125
   at HospitalSystem.API.Controllers.DoctorsController.SetSchedule(Guid id, SetDoctorScheduleRequest request, CancellationToken cancellationToken) in G:\DEPI\HospitalSystem.API\Controllers\DoctorsController.cs:line 185
   at lambda_method522(Closure, Object)
   at Microsoft.AspNetCore.Mvc.Infrastructure.ActionMethodExecutor.AwaitableObjectResultExecutor.Execute(ActionContext actionContext, IActionResultTypeMapper mapper, ObjectMethodExecutor executor, Object controller, Object[] arguments)
   at Microsoft.AspNetCore.Mvc.Infrastructure.ControllerActionInvoker.<InvokeActionMethodAsync>g__Awaited|12_0(ControllerActionInvoker invoker, ValueTask`1 actionResultValueTask)
   at Microsoft.AspNetCore.Mvc.Infrastructure.ControllerActionInvoker.<InvokeNextActionFilterAsync>g__Awaited|10_0(ControllerActionInvoker invoker, Task lastTask, State next, Scope scope, Object state, Boolean isCompleted)
   at Microsoft.AspNetCore.Mvc.Infrastructure.ControllerActionInvoker.Rethrow(ActionExecutedContextSealed context)
   at Microsoft.AspNetCore.Mvc.Infrastructure.ControllerActionInvoker.Next(State& next, Scope& scope, Object& state, Boolean& isCompleted)
   at Microsoft.AspNetCore.Mvc.Infrastructure.ControllerActionInvoker.<InvokeInnerFilterAsync>g__Awaited|13_0(ControllerActionInvoker invoker, Task lastTask, State next, Scope scope, Object state, Boolean isCompleted)
   at Microsoft.AspNetCore.Mvc.Infrastructure.ResourceInvoker.<InvokeFilterPipelineAsync>g__Awaited|20_0(ResourceInvoker invoker, Task lastTask, State next, Scope scope, Object state, Boolean isCompleted)
   at Microsoft.AspNetCore.Mvc.Infrastructure.ResourceInvoker.<InvokeAsync>g__Awaited|17_0(ResourceInvoker invoker, Task task, IDisposable scope)
   at Microsoft.AspNetCore.Mvc.Infrastructure.ResourceInvoker.<InvokeAsync>g__Awaited|17_0(ResourceInvoker invoker, Task task, IDisposable scope)
   at Microsoft.AspNetCore.Authorization.AuthorizationMiddleware.Invoke(HttpContext context)
   at Microsoft.AspNetCore.Authentication.AuthenticationMiddleware.Invoke(HttpContext context)
   at Swashbuckle.AspNetCore.SwaggerUI.SwaggerUIMiddleware.Invoke(HttpContext httpContext)
   at Swashbuckle.AspNetCore.Swagger.SwaggerMiddleware.Invoke(HttpContext httpContext, ISwaggerProvider swaggerProvider)
   at HospitalSystem.API.Middleware.RequestLoggingMiddleware.InvokeAsync(HttpContext context) in G:\DEPI\HospitalSystem.API\Middleware\RequestLoggingMiddleware.cs:line 19
   at HospitalSystem.API.Middleware.ExceptionHandlingMiddleware.InvokeAsync(HttpContext context) in G:\DEPI\HospitalSystem.API\Middleware\ExceptionHandlingMiddleware.cs:line 24
2026-06-28 20:23:03.572 +03:00 [INF] HTTP OPTIONS /api/receptionists responded 204 in 0ms
2026-06-28 20:23:03.588 +03:00 [INF] Executed DbCommand (1ms) [Parameters=[], CommandType='"Text"', CommandTimeout='30']
SELECT [r].[Id], [r].[FullName], [r].[IsActive], [r].[Phone], [r].[UserId]
FROM [Receptionists] AS [r]
2026-06-28 20:23:03.591 +03:00 [INF] HTTP GET /api/receptionists responded 200 in 12ms
2026-06-28 20:23:07.055 +03:00 [INF] HTTP OPTIONS /api/departments responded 204 in 0ms
2026-06-28 20:23:07.060 +03:00 [INF] Executed DbCommand (1ms) [Parameters=[], CommandType='"Text"', CommandTimeout='30']
SELECT [d].[Id], [d].[Description], [d].[IsActive], [d].[Name]
FROM [Departments] AS [d]
2026-06-28 20:23:07.061 +03:00 [INF] HTTP GET /api/departments responded 200 in 3ms
2026-06-28 20:23:07.877 +03:00 [INF] HTTP OPTIONS /api/doctors responded 204 in 0ms
2026-06-28 20:23:07.878 +03:00 [INF] HTTP OPTIONS /api/departments responded 204 in 0ms
2026-06-28 20:23:07.890 +03:00 [INF] Executed DbCommand (1ms) [Parameters=[], CommandType='"Text"', CommandTimeout='30']
SELECT [d].[Id], [d].[DepartmentId], [d].[FullName], [d].[IsActive], [d].[Phone], [d].[Specialization], [d].[UserId]
FROM [Doctors] AS [d]
2026-06-28 20:23:07.892 +03:00 [INF] Executed DbCommand (2ms) [Parameters=[], CommandType='"Text"', CommandTimeout='30']
SELECT [d].[Id], [d].[Description], [d].[IsActive], [d].[Name]
FROM [Departments] AS [d]
2026-06-28 20:23:07.894 +03:00 [INF] HTTP GET /api/departments responded 200 in 6ms
2026-06-28 20:23:07.894 +03:00 [INF] Executed DbCommand (1ms) [Parameters=[@p='?' (DbType = Guid)], CommandType='"Text"', CommandTimeout='30']
SELECT TOP(1) [d].[Id], [d].[Description], [d].[IsActive], [d].[Name]
FROM [Departments] AS [d]
WHERE [d].[Id] = @p
2026-06-28 20:23:07.897 +03:00 [INF] Executed DbCommand (1ms) [Parameters=[@p='?' (DbType = Guid)], CommandType='"Text"', CommandTimeout='30']
SELECT TOP(1) [d].[Id], [d].[Description], [d].[IsActive], [d].[Name]
FROM [Departments] AS [d]
WHERE [d].[Id] = @p
2026-06-28 20:23:07.899 +03:00 [INF] HTTP GET /api/doctors responded 200 in 13ms
2026-06-28 20:23:15.931 +03:00 [INF] HTTP OPTIONS /api/doctors responded 204 in 0ms
2026-06-28 20:23:15.932 +03:00 [INF] HTTP OPTIONS /api/doctors/eea5306b-9d0d-474f-b644-e334fdedcbe6/schedule responded 204 in 0ms
2026-06-28 20:23:15.943 +03:00 [INF] Executed DbCommand (1ms) [Parameters=[@p='?' (DbType = Guid)], CommandType='"Text"', CommandTimeout='30']
SELECT TOP(1) [d].[Id], [d].[DepartmentId], [d].[FullName], [d].[IsActive], [d].[Phone], [d].[Specialization], [d].[UserId]
FROM [Doctors] AS [d]
WHERE [d].[Id] = @p
2026-06-28 20:23:15.943 +03:00 [INF] Executed DbCommand (1ms) [Parameters=[], CommandType='"Text"', CommandTimeout='30']
SELECT [d].[Id], [d].[DepartmentId], [d].[FullName], [d].[IsActive], [d].[Phone], [d].[Specialization], [d].[UserId]
FROM [Doctors] AS [d]
2026-06-28 20:23:15.945 +03:00 [INF] Executed DbCommand (1ms) [Parameters=[], CommandType='"Text"', CommandTimeout='30']
SELECT [d].[Id], [d].[AppointmentDurationMinutes], [d].[DayOfWeek], [d].[DoctorId], [d].[EndTime], [d].[IsActive], [d].[StartTime]
FROM [DoctorSchedules] AS [d]
2026-06-28 20:23:15.945 +03:00 [INF] Executed DbCommand (1ms) [Parameters=[@p='?' (DbType = Guid)], CommandType='"Text"', CommandTimeout='30']
SELECT TOP(1) [d].[Id], [d].[Description], [d].[IsActive], [d].[Name]
FROM [Departments] AS [d]
WHERE [d].[Id] = @p
2026-06-28 20:23:15.946 +03:00 [INF] HTTP GET /api/doctors/eea5306b-9d0d-474f-b644-e334fdedcbe6/schedule responded 200 in 5ms
2026-06-28 20:23:15.947 +03:00 [INF] Executed DbCommand (1ms) [Parameters=[@p='?' (DbType = Guid)], CommandType='"Text"', CommandTimeout='30']
SELECT TOP(1) [d].[Id], [d].[Description], [d].[IsActive], [d].[Name]
FROM [Departments] AS [d]
WHERE [d].[Id] = @p
2026-06-28 20:23:15.947 +03:00 [INF] HTTP GET /api/doctors responded 200 in 7ms
2026-06-28 20:23:26.566 +03:00 [INF] HTTP OPTIONS /api/auth/login responded 204 in 0ms
2026-06-28 20:23:26.592 +03:00 [INF] Executed DbCommand (1ms) [Parameters=[], CommandType='"Text"', CommandTimeout='30']
SELECT [u].[Id], [u].[CreatedAt], [u].[Email], [u].[IsActive], [u].[PasswordHash], [u].[Role]
FROM [Users] AS [u]
2026-06-28 20:23:27.177 +03:00 [INF] HTTP POST /api/auth/login responded 200 in 596ms
2026-06-28 20:23:27.226 +03:00 [INF] HTTP OPTIONS /api/patient/profile responded 204 in 0ms
2026-06-28 20:23:27.274 +03:00 [INF] Executed DbCommand (1ms) [Parameters=[], CommandType='"Text"', CommandTimeout='30']
SELECT [p].[Id], [p].[Address], [p].[BloodType], [p].[CreatedAt], [p].[DateOfBirth], [p].[Email], [p].[FullName], [p].[Gender], [p].[NationalId], [p].[Phone], [p].[UserId]
FROM [Patients] AS [p]
2026-06-28 20:23:27.275 +03:00 [INF] HTTP GET /api/patient/profile responded 200 in 35ms
2026-06-28 20:23:34.926 +03:00 [INF] HTTP OPTIONS /api/patient/appointments responded 204 in 0ms
2026-06-28 20:23:34.943 +03:00 [INF] Executed DbCommand (0ms) [Parameters=[], CommandType='"Text"', CommandTimeout='30']
SELECT [p].[Id], [p].[Address], [p].[BloodType], [p].[CreatedAt], [p].[DateOfBirth], [p].[Email], [p].[FullName], [p].[Gender], [p].[NationalId], [p].[Phone], [p].[UserId]
FROM [Patients] AS [p]
2026-06-28 20:23:34.958 +03:00 [INF] Executed DbCommand (3ms) [Parameters=[@patientId='?' (DbType = Guid)], CommandType='"Text"', CommandTimeout='30']
SELECT [a].[Id], [a].[AppointmentDate], [a].[CreatedAt], [a].[CreatedByReceptionistId], [a].[DoctorId], [a].[EndTime], [a].[Notes], [a].[PatientId], [a].[StartTime], [a].[Status], [a].[UpdatedAt]
FROM [Appointments] AS [a]
WHERE [a].[PatientId] = @patientId
ORDER BY [a].[AppointmentDate] DESC, [a].[StartTime] DESC
2026-06-28 20:23:34.959 +03:00 [INF] HTTP GET /api/patient/appointments responded 200 in 29ms
2026-06-28 20:23:47.710 +03:00 [INF] HTTP OPTIONS /api/auth/login responded 204 in 0ms
2026-06-28 20:23:47.741 +03:00 [INF] Executed DbCommand (2ms) [Parameters=[], CommandType='"Text"', CommandTimeout='30']
SELECT [u].[Id], [u].[CreatedAt], [u].[Email], [u].[IsActive], [u].[PasswordHash], [u].[Role]
FROM [Users] AS [u]
2026-06-28 20:23:48.412 +03:00 [INF] HTTP POST /api/auth/login responded 200 in 676ms
2026-06-28 20:23:48.435 +03:00 [INF] HTTP OPTIONS /api/doctor/schedule responded 204 in 0ms
2026-06-28 20:23:48.463 +03:00 [INF] Executed DbCommand (1ms) [Parameters=[], CommandType='"Text"', CommandTimeout='30']
SELECT [d].[Id], [d].[DepartmentId], [d].[FullName], [d].[IsActive], [d].[Phone], [d].[Specialization], [d].[UserId]
FROM [Doctors] AS [d]
2026-06-28 20:23:48.466 +03:00 [INF] Executed DbCommand (1ms) [Parameters=[@p='?' (DbType = Guid)], CommandType='"Text"', CommandTimeout='30']
SELECT TOP(1) [d].[Id], [d].[Description], [d].[IsActive], [d].[Name]
FROM [Departments] AS [d]
WHERE [d].[Id] = @p
2026-06-28 20:23:48.468 +03:00 [INF] Executed DbCommand (1ms) [Parameters=[@doctorId='?' (DbType = Guid), @date='?' (DbType = Date)], CommandType='"Text"', CommandTimeout='30']
SELECT [a].[Id], [a].[AppointmentDate], [a].[CreatedAt], [a].[CreatedByReceptionistId], [a].[DoctorId], [a].[EndTime], [a].[Notes], [a].[PatientId], [a].[StartTime], [a].[Status], [a].[UpdatedAt]
FROM [Appointments] AS [a]
WHERE [a].[DoctorId] = @doctorId AND [a].[AppointmentDate] = @date
ORDER BY [a].[StartTime]
2026-06-28 20:23:48.469 +03:00 [INF] HTTP GET /api/doctor/schedule responded 200 in 29ms
2026-06-28 20:24:41.660 +03:00 [INF] HTTP OPTIONS /api/auth/login responded 204 in 0ms
2026-06-28 20:24:41.676 +03:00 [INF] Executed DbCommand (3ms) [Parameters=[], CommandType='"Text"', CommandTimeout='30']
SELECT [u].[Id], [u].[CreatedAt], [u].[Email], [u].[IsActive], [u].[PasswordHash], [u].[Role]
FROM [Users] AS [u]
2026-06-28 20:24:42.246 +03:00 [INF] HTTP POST /api/auth/login responded 200 in 578ms
2026-06-28 20:24:42.276 +03:00 [INF] HTTP OPTIONS /api/departments responded 204 in 0ms
2026-06-28 20:24:42.281 +03:00 [INF] Executed DbCommand (1ms) [Parameters=[], CommandType='"Text"', CommandTimeout='30']
SELECT [d].[Id], [d].[Description], [d].[IsActive], [d].[Name]
FROM [Departments] AS [d]
2026-06-28 20:24:42.282 +03:00 [INF] HTTP GET /api/departments responded 200 in 3ms
2026-06-28 20:24:51.933 +03:00 [INF] HTTP OPTIONS /api/doctors responded 204 in 0ms
2026-06-28 20:24:51.940 +03:00 [INF] HTTP OPTIONS /api/departments responded 204 in 0ms
2026-06-28 20:24:51.959 +03:00 [INF] Executed DbCommand (2ms) [Parameters=[], CommandType='"Text"', CommandTimeout='30']
SELECT [d].[Id], [d].[DepartmentId], [d].[FullName], [d].[IsActive], [d].[Phone], [d].[Specialization], [d].[UserId]
FROM [Doctors] AS [d]
2026-06-28 20:24:51.962 +03:00 [INF] Executed DbCommand (2ms) [Parameters=[], CommandType='"Text"', CommandTimeout='30']
SELECT [d].[Id], [d].[Description], [d].[IsActive], [d].[Name]
FROM [Departments] AS [d]
2026-06-28 20:24:51.964 +03:00 [INF] Executed DbCommand (2ms) [Parameters=[@p='?' (DbType = Guid)], CommandType='"Text"', CommandTimeout='30']
SELECT TOP(1) [d].[Id], [d].[Description], [d].[IsActive], [d].[Name]
FROM [Departments] AS [d]
WHERE [d].[Id] = @p
2026-06-28 20:24:51.964 +03:00 [INF] HTTP GET /api/departments responded 200 in 8ms
2026-06-28 20:24:51.969 +03:00 [INF] Executed DbCommand (2ms) [Parameters=[@p='?' (DbType = Guid)], CommandType='"Text"', CommandTimeout='30']
SELECT TOP(1) [d].[Id], [d].[Description], [d].[IsActive], [d].[Name]
FROM [Departments] AS [d]
WHERE [d].[Id] = @p
2026-06-28 20:24:51.970 +03:00 [INF] HTTP GET /api/doctors responded 200 in 16ms
2026-06-28 20:24:53.127 +03:00 [INF] HTTP OPTIONS /api/receptionists responded 204 in 0ms
2026-06-28 20:24:53.143 +03:00 [INF] Executed DbCommand (1ms) [Parameters=[], CommandType='"Text"', CommandTimeout='30']
SELECT [r].[Id], [r].[FullName], [r].[IsActive], [r].[Phone], [r].[UserId]
FROM [Receptionists] AS [r]
2026-06-28 20:24:53.144 +03:00 [INF] HTTP GET /api/receptionists responded 200 in 7ms
2026-06-28 20:25:27.985 +03:00 [INF] HTTP OPTIONS /api/departments responded 204 in 0ms
2026-06-28 20:25:28.007 +03:00 [INF] Executed DbCommand (4ms) [Parameters=[], CommandType='"Text"', CommandTimeout='30']
SELECT [d].[Id], [d].[Description], [d].[IsActive], [d].[Name]
FROM [Departments] AS [d]
2026-06-28 20:25:28.009 +03:00 [INF] HTTP GET /api/departments responded 200 in 9ms
2026-06-28 20:25:32.458 +03:00 [INF] HTTP OPTIONS /api/receptionists responded 204 in 0ms
2026-06-28 20:25:32.473 +03:00 [INF] Executed DbCommand (1ms) [Parameters=[], CommandType='"Text"', CommandTimeout='30']
SELECT [r].[Id], [r].[FullName], [r].[IsActive], [r].[Phone], [r].[UserId]
FROM [Receptionists] AS [r]
2026-06-28 20:25:32.474 +03:00 [INF] HTTP GET /api/receptionists responded 200 in 7ms
2026-06-28 20:25:33.389 +03:00 [INF] HTTP OPTIONS /api/doctors responded 204 in 0ms
2026-06-28 20:25:33.389 +03:00 [INF] HTTP OPTIONS /api/departments responded 204 in 0ms
2026-06-28 20:25:33.398 +03:00 [INF] Executed DbCommand (1ms) [Parameters=[], CommandType='"Text"', CommandTimeout='30']
SELECT [d].[Id], [d].[Description], [d].[IsActive], [d].[Name]
FROM [Departments] AS [d]
2026-06-28 20:25:33.398 +03:00 [INF] Executed DbCommand (2ms) [Parameters=[], CommandType='"Text"', CommandTimeout='30']
SELECT [d].[Id], [d].[DepartmentId], [d].[FullName], [d].[IsActive], [d].[Phone], [d].[Specialization], [d].[UserId]
FROM [Doctors] AS [d]
2026-06-28 20:25:33.399 +03:00 [INF] HTTP GET /api/departments responded 200 in 3ms
2026-06-28 20:25:33.400 +03:00 [INF] Executed DbCommand (1ms) [Parameters=[@p='?' (DbType = Guid)], CommandType='"Text"', CommandTimeout='30']
SELECT TOP(1) [d].[Id], [d].[Description], [d].[IsActive], [d].[Name]
FROM [Departments] AS [d]
WHERE [d].[Id] = @p
2026-06-28 20:25:33.403 +03:00 [INF] Executed DbCommand (1ms) [Parameters=[@p='?' (DbType = Guid)], CommandType='"Text"', CommandTimeout='30']
SELECT TOP(1) [d].[Id], [d].[Description], [d].[IsActive], [d].[Name]
FROM [Departments] AS [d]
WHERE [d].[Id] = @p
2026-06-28 20:25:33.403 +03:00 [INF] HTTP GET /api/doctors responded 200 in 8ms
2026-06-28 20:29:22.055 +03:00 [INF] HTTP GET /swagger responded 301 in 0ms
2026-06-28 20:29:22.246 +03:00 [INF] HTTP GET /swagger/index.html responded 200 in 183ms
2026-06-28 20:29:22.306 +03:00 [INF] HTTP GET /swagger/index.js responded 200 in 1ms
2026-06-28 20:29:22.313 +03:00 [INF] HTTP GET /swagger/index.css responded 200 in 14ms
2026-06-28 20:29:22.313 +03:00 [INF] HTTP GET /swagger/swagger-ui.css responded 200 in 16ms
2026-06-28 20:29:22.324 +03:00 [INF] HTTP GET /swagger/swagger-ui-standalone-preset.js responded 200 in 21ms
2026-06-28 20:29:22.325 +03:00 [INF] HTTP GET /swagger/swagger-ui-bundle.js responded 200 in 22ms
2026-06-28 20:29:22.915 +03:00 [INF] HTTP GET /swagger/favicon-32x32.png responded 200 in 2ms
2026-06-28 20:29:23.778 +03:00 [INF] HTTP GET /swagger/v1/swagger.json responded 200 in 890ms
2026-06-28 20:36:07.455 +03:00 [INF] HTTP OPTIONS /api/auth/login responded 204 in 0ms
2026-06-28 20:36:09.386 +03:00 [INF] Executed DbCommand (10ms) [Parameters=[], CommandType='"Text"', CommandTimeout='30']
SELECT [u].[Id], [u].[CreatedAt], [u].[Email], [u].[IsActive], [u].[PasswordHash], [u].[Role]
FROM [Users] AS [u]
2026-06-28 20:36:09.575 +03:00 [INF] HTTP POST /api/auth/login responded 200 in 2113ms
2026-06-28 20:36:09.593 +03:00 [INF] HTTP OPTIONS /api/departments responded 204 in 0ms
2026-06-28 20:36:09.599 +03:00 [INF] Executed DbCommand (3ms) [Parameters=[], CommandType='"Text"', CommandTimeout='30']
SELECT [d].[Id], [d].[Description], [d].[IsActive], [d].[Name]
FROM [Departments] AS [d]
2026-06-28 20:36:09.600 +03:00 [INF] HTTP GET /api/departments responded 200 in 4ms
2026-06-28 20:36:15.852 +03:00 [INF] HTTP OPTIONS /api/doctors responded 204 in 0ms
2026-06-28 20:36:15.856 +03:00 [INF] HTTP OPTIONS /api/departments responded 204 in 0ms
2026-06-28 20:36:15.877 +03:00 [INF] Executed DbCommand (9ms) [Parameters=[], CommandType='"Text"', CommandTimeout='30']
SELECT [d].[Id], [d].[DepartmentId], [d].[FullName], [d].[IsActive], [d].[Phone], [d].[Specialization], [d].[UserId]
FROM [Doctors] AS [d]
2026-06-28 20:36:15.889 +03:00 [INF] Executed DbCommand (2ms) [Parameters=[], CommandType='"Text"', CommandTimeout='30']
SELECT [d].[Id], [d].[Description], [d].[IsActive], [d].[Name]
FROM [Departments] AS [d]
2026-06-28 20:36:15.889 +03:00 [INF] Executed DbCommand (10ms) [Parameters=[@p='?' (DbType = Guid)], CommandType='"Text"', CommandTimeout='30']
SELECT TOP(1) [d].[Id], [d].[Description], [d].[IsActive], [d].[Name]
FROM [Departments] AS [d]
WHERE [d].[Id] = @p
2026-06-28 20:36:15.891 +03:00 [INF] HTTP GET /api/departments responded 200 in 25ms
2026-06-28 20:36:15.893 +03:00 [INF] Executed DbCommand (2ms) [Parameters=[@p='?' (DbType = Guid)], CommandType='"Text"', CommandTimeout='30']
SELECT TOP(1) [d].[Id], [d].[Description], [d].[IsActive], [d].[Name]
FROM [Departments] AS [d]
WHERE [d].[Id] = @p
2026-06-28 20:36:15.894 +03:00 [INF] HTTP GET /api/doctors responded 200 in 29ms
2026-06-28 20:36:18.044 +03:00 [INF] HTTP OPTIONS /api/doctors responded 204 in 0ms
2026-06-28 20:36:18.046 +03:00 [INF] HTTP OPTIONS /api/doctors/eea5306b-9d0d-474f-b644-e334fdedcbe6/schedule responded 204 in 0ms
2026-06-28 20:36:18.059 +03:00 [INF] Executed DbCommand (1ms) [Parameters=[], CommandType='"Text"', CommandTimeout='30']
SELECT [d].[Id], [d].[DepartmentId], [d].[FullName], [d].[IsActive], [d].[Phone], [d].[Specialization], [d].[UserId]
FROM [Doctors] AS [d]
2026-06-28 20:36:18.062 +03:00 [INF] Executed DbCommand (1ms) [Parameters=[@p='?' (DbType = Guid)], CommandType='"Text"', CommandTimeout='30']
SELECT TOP(1) [d].[Id], [d].[Description], [d].[IsActive], [d].[Name]
FROM [Departments] AS [d]
WHERE [d].[Id] = @p
2026-06-28 20:36:18.065 +03:00 [INF] Executed DbCommand (2ms) [Parameters=[@p='?' (DbType = Guid)], CommandType='"Text"', CommandTimeout='30']
SELECT TOP(1) [d].[Id], [d].[Description], [d].[IsActive], [d].[Name]
FROM [Departments] AS [d]
WHERE [d].[Id] = @p
2026-06-28 20:36:18.066 +03:00 [INF] HTTP GET /api/doctors responded 200 in 11ms
2026-06-28 20:36:18.068 +03:00 [INF] Executed DbCommand (10ms) [Parameters=[@p='?' (DbType = Guid)], CommandType='"Text"', CommandTimeout='30']
SELECT TOP(1) [d].[Id], [d].[DepartmentId], [d].[FullName], [d].[IsActive], [d].[Phone], [d].[Specialization], [d].[UserId]
FROM [Doctors] AS [d]
WHERE [d].[Id] = @p
2026-06-28 20:36:18.077 +03:00 [INF] Executed DbCommand (9ms) [Parameters=[], CommandType='"Text"', CommandTimeout='30']
SELECT [d].[Id], [d].[AppointmentDurationMinutes], [d].[DayOfWeek], [d].[DoctorId], [d].[EndTime], [d].[IsActive], [d].[StartTime]
FROM [DoctorSchedules] AS [d]
2026-06-28 20:36:18.079 +03:00 [INF] HTTP GET /api/doctors/eea5306b-9d0d-474f-b644-e334fdedcbe6/schedule responded 200 in 24ms
2026-06-28 20:36:24.103 +03:00 [INF] HTTP OPTIONS /api/doctors/eea5306b-9d0d-474f-b644-e334fdedcbe6/schedule responded 204 in 0ms
2026-06-28 20:36:24.115 +03:00 [INF] Executed DbCommand (1ms) [Parameters=[@p='?' (DbType = Guid)], CommandType='"Text"', CommandTimeout='30']
SELECT TOP(1) [d].[Id], [d].[DepartmentId], [d].[FullName], [d].[IsActive], [d].[Phone], [d].[Specialization], [d].[UserId]
FROM [Doctors] AS [d]
WHERE [d].[Id] = @p
2026-06-28 20:36:24.117 +03:00 [INF] Executed DbCommand (1ms) [Parameters=[], CommandType='"Text"', CommandTimeout='30']
SELECT [d].[Id], [d].[AppointmentDurationMinutes], [d].[DayOfWeek], [d].[DoctorId], [d].[EndTime], [d].[IsActive], [d].[StartTime]
FROM [DoctorSchedules] AS [d]
2026-06-28 20:36:24.203 +03:00 [INF] Executed DbCommand (81ms) [Parameters=[@p6='?' (DbType = Guid), @p0='?' (DbType = Int32), @p1='?' (DbType = Int32), @p2='?' (DbType = Guid), @p3='?' (DbType = Time), @p4='?' (DbType = Boolean), @p5='?' (DbType = Time), @p13='?' (DbType = Guid), @p7='?' (DbType = Int32), @p8='?' (DbType = Int32), @p9='?' (DbType = Guid), @p10='?' (DbType = Time), @p11='?' (DbType = Boolean), @p12='?' (DbType = Time), @p20='?' (DbType = Guid), @p14='?' (DbType = Int32), @p15='?' (DbType = Int32), @p16='?' (DbType = Guid), @p17='?' (DbType = Time), @p18='?' (DbType = Boolean), @p19='?' (DbType = Time), @p27='?' (DbType = Guid), @p21='?' (DbType = Int32), @p22='?' (DbType = Int32), @p23='?' (DbType = Guid), @p24='?' (DbType = Time), @p25='?' (DbType = Boolean), @p26='?' (DbType = Time), @p34='?' (DbType = Guid), @p28='?' (DbType = Int32), @p29='?' (DbType = Int32), @p30='?' (DbType = Guid), @p31='?' (DbType = Time), @p32='?' (DbType = Boolean), @p33='?' (DbType = Time), @p35='?' (DbType = Guid), @p36='?' (DbType = Int32), @p37='?' (DbType = Int32), @p38='?' (DbType = Guid), @p39='?' (DbType = Time), @p40='?' (DbType = Boolean), @p41='?' (DbType = Time)], CommandType='"Text"', CommandTimeout='30']
SET NOCOUNT ON;
UPDATE [DoctorSchedules] SET [AppointmentDurationMinutes] = @p0, [DayOfWeek] = @p1, [DoctorId] = @p2, [EndTime] = @p3, [IsActive] = @p4, [StartTime] = @p5
OUTPUT 1
WHERE [Id] = @p6;
UPDATE [DoctorSchedules] SET [AppointmentDurationMinutes] = @p7, [DayOfWeek] = @p8, [DoctorId] = @p9, [EndTime] = @p10, [IsActive] = @p11, [StartTime] = @p12
OUTPUT 1
WHERE [Id] = @p13;
UPDATE [DoctorSchedules] SET [AppointmentDurationMinutes] = @p14, [DayOfWeek] = @p15, [DoctorId] = @p16, [EndTime] = @p17, [IsActive] = @p18, [StartTime] = @p19
OUTPUT 1
WHERE [Id] = @p20;
UPDATE [DoctorSchedules] SET [AppointmentDurationMinutes] = @p21, [DayOfWeek] = @p22, [DoctorId] = @p23, [EndTime] = @p24, [IsActive] = @p25, [StartTime] = @p26
OUTPUT 1
WHERE [Id] = @p27;
UPDATE [DoctorSchedules] SET [AppointmentDurationMinutes] = @p28, [DayOfWeek] = @p29, [DoctorId] = @p30, [EndTime] = @p31, [IsActive] = @p32, [StartTime] = @p33
OUTPUT 1
WHERE [Id] = @p34;
INSERT INTO [DoctorSchedules] ([Id], [AppointmentDurationMinutes], [DayOfWeek], [DoctorId], [EndTime], [IsActive], [StartTime])
VALUES (@p35, @p36, @p37, @p38, @p39, @p40, @p41);
2026-06-28 20:36:24.209 +03:00 [ERR] An exception occurred in the database while saving changes for context type 'HospitalSystem.Infrastructure.Persistence.HospitalDbContext'.
Microsoft.EntityFrameworkCore.DbUpdateException: An error occurred while saving the entity changes. See the inner exception for details.
 ---> Microsoft.Data.SqlClient.SqlException (0x80131904): Cannot insert duplicate key row in object 'dbo.DoctorSchedules' with unique index 'IX_DoctorSchedules_DoctorId_DayOfWeek'. The duplicate key value is (eea5306b-9d0d-474f-b644-e334fdedcbe6, 1).
   at Microsoft.Data.SqlClient.SqlConnection.OnError(SqlException exception, Boolean breakConnection, Action`1 wrapCloseInAction)
   at Microsoft.Data.SqlClient.SqlInternalConnection.OnError(SqlException exception, Boolean breakConnection, Action`1 wrapCloseInAction)
   at Microsoft.Data.SqlClient.TdsParser.ThrowExceptionAndWarning(TdsParserStateObject stateObj, SqlCommand command, Boolean callerHasConnectionLock, Boolean asyncClose)
   at Microsoft.Data.SqlClient.TdsParser.TryRun(RunBehavior runBehavior, SqlCommand cmdHandler, SqlDataReader dataStream, BulkCopySimpleResultSet bulkCopyHandler, TdsParserStateObject stateObj, Boolean& dataReady)
   at Microsoft.Data.SqlClient.SqlDataReader.TryHasMoreRows(Boolean& moreRows)
   at Microsoft.Data.SqlClient.SqlDataReader.TryHasMoreResults(Boolean& moreResults)
   at Microsoft.Data.SqlClient.SqlDataReader.TryNextResult(Boolean& more)
   at Microsoft.Data.SqlClient.SqlDataReader.NextResultAsyncExecute(Task task, Object state)
   at Microsoft.Data.SqlClient.SqlDataReader.InvokeAsyncCall[T](SqlDataReaderBaseAsyncCallContext`1 context)
--- End of stack trace from previous location ---
   at Microsoft.EntityFrameworkCore.Update.AffectedCountModificationCommandBatch.ConsumeAsync(RelationalDataReader reader, CancellationToken cancellationToken)
ClientConnectionId:d47379a9-c2ac-46d8-ab15-0a5f9100792e
Error Number:2601,State:1,Class:14
   --- End of inner exception stack trace ---
   at Microsoft.EntityFrameworkCore.Update.AffectedCountModificationCommandBatch.ConsumeAsync(RelationalDataReader reader, CancellationToken cancellationToken)
   at Microsoft.EntityFrameworkCore.Update.ReaderModificationCommandBatch.ExecuteAsync(IRelationalConnection connection, CancellationToken cancellationToken)
   at Microsoft.EntityFrameworkCore.Update.ReaderModificationCommandBatch.ExecuteAsync(IRelationalConnection connection, CancellationToken cancellationToken)
   at Microsoft.EntityFrameworkCore.SqlServer.Update.Internal.SqlServerModificationCommandBatch.ExecuteAsync(IRelationalConnection connection, CancellationToken cancellationToken)
   at Microsoft.EntityFrameworkCore.Update.Internal.BatchExecutor.ExecuteAsync(IEnumerable`1 commandBatches, IRelationalConnection connection, CancellationToken cancellationToken)
   at Microsoft.EntityFrameworkCore.Update.Internal.BatchExecutor.ExecuteAsync(IEnumerable`1 commandBatches, IRelationalConnection connection, CancellationToken cancellationToken)
   at Microsoft.EntityFrameworkCore.Update.Internal.BatchExecutor.ExecuteAsync(IEnumerable`1 commandBatches, IRelationalConnection connection, CancellationToken cancellationToken)
   at Microsoft.EntityFrameworkCore.Storage.RelationalDatabase.SaveChangesAsync(IList`1 entries, CancellationToken cancellationToken)
   at Microsoft.EntityFrameworkCore.ChangeTracking.Internal.StateManager.SaveChangesAsync(IList`1 entriesToSave, CancellationToken cancellationToken)
   at Microsoft.EntityFrameworkCore.ChangeTracking.Internal.StateManager.SaveChangesAsync(StateManager stateManager, Boolean acceptAllChangesOnSuccess, CancellationToken cancellationToken)
   at Microsoft.EntityFrameworkCore.SqlServer.Storage.Internal.SqlServerExecutionStrategy.ExecuteAsync[TState,TResult](TState state, Func`4 operation, Func`4 verifySucceeded, CancellationToken cancellationToken)
   at Microsoft.EntityFrameworkCore.DbContext.SaveChangesAsync(Boolean acceptAllChangesOnSuccess, CancellationToken cancellationToken)
Microsoft.EntityFrameworkCore.DbUpdateException: An error occurred while saving the entity changes. See the inner exception for details.
 ---> Microsoft.Data.SqlClient.SqlException (0x80131904): Cannot insert duplicate key row in object 'dbo.DoctorSchedules' with unique index 'IX_DoctorSchedules_DoctorId_DayOfWeek'. The duplicate key value is (eea5306b-9d0d-474f-b644-e334fdedcbe6, 1).
   at Microsoft.Data.SqlClient.SqlConnection.OnError(SqlException exception, Boolean breakConnection, Action`1 wrapCloseInAction)
   at Microsoft.Data.SqlClient.SqlInternalConnection.OnError(SqlException exception, Boolean breakConnection, Action`1 wrapCloseInAction)
   at Microsoft.Data.SqlClient.TdsParser.ThrowExceptionAndWarning(TdsParserStateObject stateObj, SqlCommand command, Boolean callerHasConnectionLock, Boolean asyncClose)
   at Microsoft.Data.SqlClient.TdsParser.TryRun(RunBehavior runBehavior, SqlCommand cmdHandler, SqlDataReader dataStream, BulkCopySimpleResultSet bulkCopyHandler, TdsParserStateObject stateObj, Boolean& dataReady)
   at Microsoft.Data.SqlClient.SqlDataReader.TryHasMoreRows(Boolean& moreRows)
   at Microsoft.Data.SqlClient.SqlDataReader.TryHasMoreResults(Boolean& moreResults)
   at Microsoft.Data.SqlClient.SqlDataReader.TryNextResult(Boolean& more)
   at Microsoft.Data.SqlClient.SqlDataReader.NextResultAsyncExecute(Task task, Object state)
   at Microsoft.Data.SqlClient.SqlDataReader.InvokeAsyncCall[T](SqlDataReaderBaseAsyncCallContext`1 context)
--- End of stack trace from previous location ---
   at Microsoft.EntityFrameworkCore.Update.AffectedCountModificationCommandBatch.ConsumeAsync(RelationalDataReader reader, CancellationToken cancellationToken)
ClientConnectionId:d47379a9-c2ac-46d8-ab15-0a5f9100792e
Error Number:2601,State:1,Class:14
   --- End of inner exception stack trace ---
   at Microsoft.EntityFrameworkCore.Update.AffectedCountModificationCommandBatch.ConsumeAsync(RelationalDataReader reader, CancellationToken cancellationToken)
   at Microsoft.EntityFrameworkCore.Update.ReaderModificationCommandBatch.ExecuteAsync(IRelationalConnection connection, CancellationToken cancellationToken)
   at Microsoft.EntityFrameworkCore.Update.ReaderModificationCommandBatch.ExecuteAsync(IRelationalConnection connection, CancellationToken cancellationToken)
   at Microsoft.EntityFrameworkCore.SqlServer.Update.Internal.SqlServerModificationCommandBatch.ExecuteAsync(IRelationalConnection connection, CancellationToken cancellationToken)
   at Microsoft.EntityFrameworkCore.Update.Internal.BatchExecutor.ExecuteAsync(IEnumerable`1 commandBatches, IRelationalConnection connection, CancellationToken cancellationToken)
   at Microsoft.EntityFrameworkCore.Update.Internal.BatchExecutor.ExecuteAsync(IEnumerable`1 commandBatches, IRelationalConnection connection, CancellationToken cancellationToken)
   at Microsoft.EntityFrameworkCore.Update.Internal.BatchExecutor.ExecuteAsync(IEnumerable`1 commandBatches, IRelationalConnection connection, CancellationToken cancellationToken)
   at Microsoft.EntityFrameworkCore.Storage.RelationalDatabase.SaveChangesAsync(IList`1 entries, CancellationToken cancellationToken)
   at Microsoft.EntityFrameworkCore.ChangeTracking.Internal.StateManager.SaveChangesAsync(IList`1 entriesToSave, CancellationToken cancellationToken)
   at Microsoft.EntityFrameworkCore.ChangeTracking.Internal.StateManager.SaveChangesAsync(StateManager stateManager, Boolean acceptAllChangesOnSuccess, CancellationToken cancellationToken)
   at Microsoft.EntityFrameworkCore.SqlServer.Storage.Internal.SqlServerExecutionStrategy.ExecuteAsync[TState,TResult](TState state, Func`4 operation, Func`4 verifySucceeded, CancellationToken cancellationToken)
   at Microsoft.EntityFrameworkCore.DbContext.SaveChangesAsync(Boolean acceptAllChangesOnSuccess, CancellationToken cancellationToken)
2026-06-28 20:36:24.213 +03:00 [ERR] Unhandled exception occurred.
Microsoft.EntityFrameworkCore.DbUpdateException: An error occurred while saving the entity changes. See the inner exception for details.
 ---> Microsoft.Data.SqlClient.SqlException (0x80131904): Cannot insert duplicate key row in object 'dbo.DoctorSchedules' with unique index 'IX_DoctorSchedules_DoctorId_DayOfWeek'. The duplicate key value is (eea5306b-9d0d-474f-b644-e334fdedcbe6, 1).
   at Microsoft.Data.SqlClient.SqlConnection.OnError(SqlException exception, Boolean breakConnection, Action`1 wrapCloseInAction)
   at Microsoft.Data.SqlClient.SqlInternalConnection.OnError(SqlException exception, Boolean breakConnection, Action`1 wrapCloseInAction)
   at Microsoft.Data.SqlClient.TdsParser.ThrowExceptionAndWarning(TdsParserStateObject stateObj, SqlCommand command, Boolean callerHasConnectionLock, Boolean asyncClose)
   at Microsoft.Data.SqlClient.TdsParser.TryRun(RunBehavior runBehavior, SqlCommand cmdHandler, SqlDataReader dataStream, BulkCopySimpleResultSet bulkCopyHandler, TdsParserStateObject stateObj, Boolean& dataReady)
   at Microsoft.Data.SqlClient.SqlDataReader.TryHasMoreRows(Boolean& moreRows)
   at Microsoft.Data.SqlClient.SqlDataReader.TryHasMoreResults(Boolean& moreResults)
   at Microsoft.Data.SqlClient.SqlDataReader.TryNextResult(Boolean& more)
   at Microsoft.Data.SqlClient.SqlDataReader.NextResultAsyncExecute(Task task, Object state)
   at Microsoft.Data.SqlClient.SqlDataReader.InvokeAsyncCall[T](SqlDataReaderBaseAsyncCallContext`1 context)
--- End of stack trace from previous location ---
   at Microsoft.EntityFrameworkCore.Update.AffectedCountModificationCommandBatch.ConsumeAsync(RelationalDataReader reader, CancellationToken cancellationToken)
ClientConnectionId:d47379a9-c2ac-46d8-ab15-0a5f9100792e
Error Number:2601,State:1,Class:14
   --- End of inner exception stack trace ---
   at Microsoft.EntityFrameworkCore.Update.AffectedCountModificationCommandBatch.ConsumeAsync(RelationalDataReader reader, CancellationToken cancellationToken)
   at Microsoft.EntityFrameworkCore.Update.ReaderModificationCommandBatch.ExecuteAsync(IRelationalConnection connection, CancellationToken cancellationToken)
   at Microsoft.EntityFrameworkCore.Update.ReaderModificationCommandBatch.ExecuteAsync(IRelationalConnection connection, CancellationToken cancellationToken)
   at Microsoft.EntityFrameworkCore.SqlServer.Update.Internal.SqlServerModificationCommandBatch.ExecuteAsync(IRelationalConnection connection, CancellationToken cancellationToken)
   at Microsoft.EntityFrameworkCore.Update.Internal.BatchExecutor.ExecuteAsync(IEnumerable`1 commandBatches, IRelationalConnection connection, CancellationToken cancellationToken)
   at Microsoft.EntityFrameworkCore.Update.Internal.BatchExecutor.ExecuteAsync(IEnumerable`1 commandBatches, IRelationalConnection connection, CancellationToken cancellationToken)
   at Microsoft.EntityFrameworkCore.Update.Internal.BatchExecutor.ExecuteAsync(IEnumerable`1 commandBatches, IRelationalConnection connection, CancellationToken cancellationToken)
   at Microsoft.EntityFrameworkCore.Storage.RelationalDatabase.SaveChangesAsync(IList`1 entries, CancellationToken cancellationToken)
   at Microsoft.EntityFrameworkCore.ChangeTracking.Internal.StateManager.SaveChangesAsync(IList`1 entriesToSave, CancellationToken cancellationToken)
   at Microsoft.EntityFrameworkCore.ChangeTracking.Internal.StateManager.SaveChangesAsync(StateManager stateManager, Boolean acceptAllChangesOnSuccess, CancellationToken cancellationToken)
   at Microsoft.EntityFrameworkCore.SqlServer.Storage.Internal.SqlServerExecutionStrategy.ExecuteAsync[TState,TResult](TState state, Func`4 operation, Func`4 verifySucceeded, CancellationToken cancellationToken)
   at Microsoft.EntityFrameworkCore.DbContext.SaveChangesAsync(Boolean acceptAllChangesOnSuccess, CancellationToken cancellationToken)
   at Microsoft.EntityFrameworkCore.DbContext.SaveChangesAsync(Boolean acceptAllChangesOnSuccess, CancellationToken cancellationToken)
   at HospitalSystem.Infrastructure.Repositories.UnitOfWork.SaveChangesAsync(CancellationToken cancellationToken) in G:\DEPI\HospitalSystem.Infrastructure\Repositories\UnitOfWork.cs:line 37
   at HospitalSystem.Application.Services.DoctorService.SetScheduleAsync(Guid doctorId, SetDoctorScheduleRequest request, CancellationToken cancellationToken) in G:\DEPI\HospitalSystem.Application\Services\DoctorService.cs:line 125
   at HospitalSystem.API.Controllers.DoctorsController.SetSchedule(Guid id, SetDoctorScheduleRequest request, CancellationToken cancellationToken) in G:\DEPI\HospitalSystem.API\Controllers\DoctorsController.cs:line 185
   at lambda_method522(Closure, Object)
   at Microsoft.AspNetCore.Mvc.Infrastructure.ActionMethodExecutor.AwaitableObjectResultExecutor.Execute(ActionContext actionContext, IActionResultTypeMapper mapper, ObjectMethodExecutor executor, Object controller, Object[] arguments)
   at Microsoft.AspNetCore.Mvc.Infrastructure.ControllerActionInvoker.<InvokeActionMethodAsync>g__Awaited|12_0(ControllerActionInvoker invoker, ValueTask`1 actionResultValueTask)
   at Microsoft.AspNetCore.Mvc.Infrastructure.ControllerActionInvoker.<InvokeNextActionFilterAsync>g__Awaited|10_0(ControllerActionInvoker invoker, Task lastTask, State next, Scope scope, Object state, Boolean isCompleted)
   at Microsoft.AspNetCore.Mvc.Infrastructure.ControllerActionInvoker.Rethrow(ActionExecutedContextSealed context)
   at Microsoft.AspNetCore.Mvc.Infrastructure.ControllerActionInvoker.Next(State& next, Scope& scope, Object& state, Boolean& isCompleted)
   at Microsoft.AspNetCore.Mvc.Infrastructure.ControllerActionInvoker.<InvokeInnerFilterAsync>g__Awaited|13_0(ControllerActionInvoker invoker, Task lastTask, State next, Scope scope, Object state, Boolean isCompleted)
   at Microsoft.AspNetCore.Mvc.Infrastructure.ResourceInvoker.<InvokeFilterPipelineAsync>g__Awaited|20_0(ResourceInvoker invoker, Task lastTask, State next, Scope scope, Object state, Boolean isCompleted)
   at Microsoft.AspNetCore.Mvc.Infrastructure.ResourceInvoker.<InvokeAsync>g__Awaited|17_0(ResourceInvoker invoker, Task task, IDisposable scope)
   at Microsoft.AspNetCore.Mvc.Infrastructure.ResourceInvoker.<InvokeAsync>g__Awaited|17_0(ResourceInvoker invoker, Task task, IDisposable scope)
   at Microsoft.AspNetCore.Authorization.AuthorizationMiddleware.Invoke(HttpContext context)
   at Microsoft.AspNetCore.Authentication.AuthenticationMiddleware.Invoke(HttpContext context)
   at Swashbuckle.AspNetCore.SwaggerUI.SwaggerUIMiddleware.Invoke(HttpContext httpContext)
   at Swashbuckle.AspNetCore.Swagger.SwaggerMiddleware.Invoke(HttpContext httpContext, ISwaggerProvider swaggerProvider)
   at HospitalSystem.API.Middleware.RequestLoggingMiddleware.InvokeAsync(HttpContext context) in G:\DEPI\HospitalSystem.API\Middleware\RequestLoggingMiddleware.cs:line 19
   at HospitalSystem.API.Middleware.ExceptionHandlingMiddleware.InvokeAsync(HttpContext context) in G:\DEPI\HospitalSystem.API\Middleware\ExceptionHandlingMiddleware.cs:line 24
2026-06-28 20:36:32.661 +03:00 [INF] HTTP OPTIONS /api/doctors/eea5306b-9d0d-474f-b644-e334fdedcbe6/schedule responded 204 in 0ms
2026-06-28 20:36:32.680 +03:00 [INF] Executed DbCommand (2ms) [Parameters=[@p='?' (DbType = Guid)], CommandType='"Text"', CommandTimeout='30']
SELECT TOP(1) [d].[Id], [d].[DepartmentId], [d].[FullName], [d].[IsActive], [d].[Phone], [d].[Specialization], [d].[UserId]
FROM [Doctors] AS [d]
WHERE [d].[Id] = @p
2026-06-28 20:36:32.682 +03:00 [INF] Executed DbCommand (1ms) [Parameters=[], CommandType='"Text"', CommandTimeout='30']
SELECT [d].[Id], [d].[AppointmentDurationMinutes], [d].[DayOfWeek], [d].[DoctorId], [d].[EndTime], [d].[IsActive], [d].[StartTime]
FROM [DoctorSchedules] AS [d]
2026-06-28 20:36:32.694 +03:00 [INF] Executed DbCommand (6ms) [Parameters=[@p6='?' (DbType = Guid), @p0='?' (DbType = Int32), @p1='?' (DbType = Int32), @p2='?' (DbType = Guid), @p3='?' (DbType = Time), @p4='?' (DbType = Boolean), @p5='?' (DbType = Time), @p13='?' (DbType = Guid), @p7='?' (DbType = Int32), @p8='?' (DbType = Int32), @p9='?' (DbType = Guid), @p10='?' (DbType = Time), @p11='?' (DbType = Boolean), @p12='?' (DbType = Time), @p20='?' (DbType = Guid), @p14='?' (DbType = Int32), @p15='?' (DbType = Int32), @p16='?' (DbType = Guid), @p17='?' (DbType = Time), @p18='?' (DbType = Boolean), @p19='?' (DbType = Time), @p27='?' (DbType = Guid), @p21='?' (DbType = Int32), @p22='?' (DbType = Int32), @p23='?' (DbType = Guid), @p24='?' (DbType = Time), @p25='?' (DbType = Boolean), @p26='?' (DbType = Time), @p34='?' (DbType = Guid), @p28='?' (DbType = Int32), @p29='?' (DbType = Int32), @p30='?' (DbType = Guid), @p31='?' (DbType = Time), @p32='?' (DbType = Boolean), @p33='?' (DbType = Time), @p35='?' (DbType = Guid), @p36='?' (DbType = Int32), @p37='?' (DbType = Int32), @p38='?' (DbType = Guid), @p39='?' (DbType = Time), @p40='?' (DbType = Boolean), @p41='?' (DbType = Time)], CommandType='"Text"', CommandTimeout='30']
SET NOCOUNT ON;
UPDATE [DoctorSchedules] SET [AppointmentDurationMinutes] = @p0, [DayOfWeek] = @p1, [DoctorId] = @p2, [EndTime] = @p3, [IsActive] = @p4, [StartTime] = @p5
OUTPUT 1
WHERE [Id] = @p6;
UPDATE [DoctorSchedules] SET [AppointmentDurationMinutes] = @p7, [DayOfWeek] = @p8, [DoctorId] = @p9, [EndTime] = @p10, [IsActive] = @p11, [StartTime] = @p12
OUTPUT 1
WHERE [Id] = @p13;
UPDATE [DoctorSchedules] SET [AppointmentDurationMinutes] = @p14, [DayOfWeek] = @p15, [DoctorId] = @p16, [EndTime] = @p17, [IsActive] = @p18, [StartTime] = @p19
OUTPUT 1
WHERE [Id] = @p20;
UPDATE [DoctorSchedules] SET [AppointmentDurationMinutes] = @p21, [DayOfWeek] = @p22, [DoctorId] = @p23, [EndTime] = @p24, [IsActive] = @p25, [StartTime] = @p26
OUTPUT 1
WHERE [Id] = @p27;
UPDATE [DoctorSchedules] SET [AppointmentDurationMinutes] = @p28, [DayOfWeek] = @p29, [DoctorId] = @p30, [EndTime] = @p31, [IsActive] = @p32, [StartTime] = @p33
OUTPUT 1
WHERE [Id] = @p34;
INSERT INTO [DoctorSchedules] ([Id], [AppointmentDurationMinutes], [DayOfWeek], [DoctorId], [EndTime], [IsActive], [StartTime])
VALUES (@p35, @p36, @p37, @p38, @p39, @p40, @p41);
2026-06-28 20:36:32.701 +03:00 [ERR] An exception occurred in the database while saving changes for context type 'HospitalSystem.Infrastructure.Persistence.HospitalDbContext'.
Microsoft.EntityFrameworkCore.DbUpdateException: An error occurred while saving the entity changes. See the inner exception for details.
 ---> Microsoft.Data.SqlClient.SqlException (0x80131904): Cannot insert duplicate key row in object 'dbo.DoctorSchedules' with unique index 'IX_DoctorSchedules_DoctorId_DayOfWeek'. The duplicate key value is (eea5306b-9d0d-474f-b644-e334fdedcbe6, 1).
   at Microsoft.Data.SqlClient.SqlConnection.OnError(SqlException exception, Boolean breakConnection, Action`1 wrapCloseInAction)
   at Microsoft.Data.SqlClient.SqlInternalConnection.OnError(SqlException exception, Boolean breakConnection, Action`1 wrapCloseInAction)
   at Microsoft.Data.SqlClient.TdsParser.ThrowExceptionAndWarning(TdsParserStateObject stateObj, SqlCommand command, Boolean callerHasConnectionLock, Boolean asyncClose)
   at Microsoft.Data.SqlClient.TdsParser.TryRun(RunBehavior runBehavior, SqlCommand cmdHandler, SqlDataReader dataStream, BulkCopySimpleResultSet bulkCopyHandler, TdsParserStateObject stateObj, Boolean& dataReady)
   at Microsoft.Data.SqlClient.SqlDataReader.TryHasMoreRows(Boolean& moreRows)
   at Microsoft.Data.SqlClient.SqlDataReader.TryHasMoreResults(Boolean& moreResults)
   at Microsoft.Data.SqlClient.SqlDataReader.TryNextResult(Boolean& more)
   at Microsoft.Data.SqlClient.SqlDataReader.NextResultAsyncExecute(Task task, Object state)
   at Microsoft.Data.SqlClient.SqlDataReader.InvokeAsyncCall[T](SqlDataReaderBaseAsyncCallContext`1 context)
--- End of stack trace from previous location ---
   at Microsoft.EntityFrameworkCore.Update.AffectedCountModificationCommandBatch.ConsumeAsync(RelationalDataReader reader, CancellationToken cancellationToken)
ClientConnectionId:d47379a9-c2ac-46d8-ab15-0a5f9100792e
Error Number:2601,State:1,Class:14
   --- End of inner exception stack trace ---
   at Microsoft.EntityFrameworkCore.Update.AffectedCountModificationCommandBatch.ConsumeAsync(RelationalDataReader reader, CancellationToken cancellationToken)
   at Microsoft.EntityFrameworkCore.Update.ReaderModificationCommandBatch.ExecuteAsync(IRelationalConnection connection, CancellationToken cancellationToken)
   at Microsoft.EntityFrameworkCore.Update.ReaderModificationCommandBatch.ExecuteAsync(IRelationalConnection connection, CancellationToken cancellationToken)
   at Microsoft.EntityFrameworkCore.SqlServer.Update.Internal.SqlServerModificationCommandBatch.ExecuteAsync(IRelationalConnection connection, CancellationToken cancellationToken)
   at Microsoft.EntityFrameworkCore.Update.Internal.BatchExecutor.ExecuteAsync(IEnumerable`1 commandBatches, IRelationalConnection connection, CancellationToken cancellationToken)
   at Microsoft.EntityFrameworkCore.Update.Internal.BatchExecutor.ExecuteAsync(IEnumerable`1 commandBatches, IRelationalConnection connection, CancellationToken cancellationToken)
   at Microsoft.EntityFrameworkCore.Update.Internal.BatchExecutor.ExecuteAsync(IEnumerable`1 commandBatches, IRelationalConnection connection, CancellationToken cancellationToken)
   at Microsoft.EntityFrameworkCore.Storage.RelationalDatabase.SaveChangesAsync(IList`1 entries, CancellationToken cancellationToken)
   at Microsoft.EntityFrameworkCore.ChangeTracking.Internal.StateManager.SaveChangesAsync(IList`1 entriesToSave, CancellationToken cancellationToken)
   at Microsoft.EntityFrameworkCore.ChangeTracking.Internal.StateManager.SaveChangesAsync(StateManager stateManager, Boolean acceptAllChangesOnSuccess, CancellationToken cancellationToken)
   at Microsoft.EntityFrameworkCore.SqlServer.Storage.Internal.SqlServerExecutionStrategy.ExecuteAsync[TState,TResult](TState state, Func`4 operation, Func`4 verifySucceeded, CancellationToken cancellationToken)
   at Microsoft.EntityFrameworkCore.DbContext.SaveChangesAsync(Boolean acceptAllChangesOnSuccess, CancellationToken cancellationToken)
Microsoft.EntityFrameworkCore.DbUpdateException: An error occurred while saving the entity changes. See the inner exception for details.
 ---> Microsoft.Data.SqlClient.SqlException (0x80131904): Cannot insert duplicate key row in object 'dbo.DoctorSchedules' with unique index 'IX_DoctorSchedules_DoctorId_DayOfWeek'. The duplicate key value is (eea5306b-9d0d-474f-b644-e334fdedcbe6, 1).
   at Microsoft.Data.SqlClient.SqlConnection.OnError(SqlException exception, Boolean breakConnection, Action`1 wrapCloseInAction)
   at Microsoft.Data.SqlClient.SqlInternalConnection.OnError(SqlException exception, Boolean breakConnection, Action`1 wrapCloseInAction)
   at Microsoft.Data.SqlClient.TdsParser.ThrowExceptionAndWarning(TdsParserStateObject stateObj, SqlCommand command, Boolean callerHasConnectionLock, Boolean asyncClose)
   at Microsoft.Data.SqlClient.TdsParser.TryRun(RunBehavior runBehavior, SqlCommand cmdHandler, SqlDataReader dataStream, BulkCopySimpleResultSet bulkCopyHandler, TdsParserStateObject stateObj, Boolean& dataReady)
   at Microsoft.Data.SqlClient.SqlDataReader.TryHasMoreRows(Boolean& moreRows)
   at Microsoft.Data.SqlClient.SqlDataReader.TryHasMoreResults(Boolean& moreResults)
   at Microsoft.Data.SqlClient.SqlDataReader.TryNextResult(Boolean& more)
   at Microsoft.Data.SqlClient.SqlDataReader.NextResultAsyncExecute(Task task, Object state)
   at Microsoft.Data.SqlClient.SqlDataReader.InvokeAsyncCall[T](SqlDataReaderBaseAsyncCallContext`1 context)
--- End of stack trace from previous location ---
   at Microsoft.EntityFrameworkCore.Update.AffectedCountModificationCommandBatch.ConsumeAsync(RelationalDataReader reader, CancellationToken cancellationToken)
ClientConnectionId:d47379a9-c2ac-46d8-ab15-0a5f9100792e
Error Number:2601,State:1,Class:14
   --- End of inner exception stack trace ---
   at Microsoft.EntityFrameworkCore.Update.AffectedCountModificationCommandBatch.ConsumeAsync(RelationalDataReader reader, CancellationToken cancellationToken)
   at Microsoft.EntityFrameworkCore.Update.ReaderModificationCommandBatch.ExecuteAsync(IRelationalConnection connection, CancellationToken cancellationToken)
   at Microsoft.EntityFrameworkCore.Update.ReaderModificationCommandBatch.ExecuteAsync(IRelationalConnection connection, CancellationToken cancellationToken)
   at Microsoft.EntityFrameworkCore.SqlServer.Update.Internal.SqlServerModificationCommandBatch.ExecuteAsync(IRelationalConnection connection, CancellationToken cancellationToken)
   at Microsoft.EntityFrameworkCore.Update.Internal.BatchExecutor.ExecuteAsync(IEnumerable`1 commandBatches, IRelationalConnection connection, CancellationToken cancellationToken)
   at Microsoft.EntityFrameworkCore.Update.Internal.BatchExecutor.ExecuteAsync(IEnumerable`1 commandBatches, IRelationalConnection connection, CancellationToken cancellationToken)
   at Microsoft.EntityFrameworkCore.Update.Internal.BatchExecutor.ExecuteAsync(IEnumerable`1 commandBatches, IRelationalConnection connection, CancellationToken cancellationToken)
   at Microsoft.EntityFrameworkCore.Storage.RelationalDatabase.SaveChangesAsync(IList`1 entries, CancellationToken cancellationToken)
   at Microsoft.EntityFrameworkCore.ChangeTracking.Internal.StateManager.SaveChangesAsync(IList`1 entriesToSave, CancellationToken cancellationToken)
   at Microsoft.EntityFrameworkCore.ChangeTracking.Internal.StateManager.SaveChangesAsync(StateManager stateManager, Boolean acceptAllChangesOnSuccess, CancellationToken cancellationToken)
   at Microsoft.EntityFrameworkCore.SqlServer.Storage.Internal.SqlServerExecutionStrategy.ExecuteAsync[TState,TResult](TState state, Func`4 operation, Func`4 verifySucceeded, CancellationToken cancellationToken)
   at Microsoft.EntityFrameworkCore.DbContext.SaveChangesAsync(Boolean acceptAllChangesOnSuccess, CancellationToken cancellationToken)
2026-06-28 20:36:32.710 +03:00 [ERR] Unhandled exception occurred.
Microsoft.EntityFrameworkCore.DbUpdateException: An error occurred while saving the entity changes. See the inner exception for details.
 ---> Microsoft.Data.SqlClient.SqlException (0x80131904): Cannot insert duplicate key row in object 'dbo.DoctorSchedules' with unique index 'IX_DoctorSchedules_DoctorId_DayOfWeek'. The duplicate key value is (eea5306b-9d0d-474f-b644-e334fdedcbe6, 1).
   at Microsoft.Data.SqlClient.SqlConnection.OnError(SqlException exception, Boolean breakConnection, Action`1 wrapCloseInAction)
   at Microsoft.Data.SqlClient.SqlInternalConnection.OnError(SqlException exception, Boolean breakConnection, Action`1 wrapCloseInAction)
   at Microsoft.Data.SqlClient.TdsParser.ThrowExceptionAndWarning(TdsParserStateObject stateObj, SqlCommand command, Boolean callerHasConnectionLock, Boolean asyncClose)
   at Microsoft.Data.SqlClient.TdsParser.TryRun(RunBehavior runBehavior, SqlCommand cmdHandler, SqlDataReader dataStream, BulkCopySimpleResultSet bulkCopyHandler, TdsParserStateObject stateObj, Boolean& dataReady)
   at Microsoft.Data.SqlClient.SqlDataReader.TryHasMoreRows(Boolean& moreRows)
   at Microsoft.Data.SqlClient.SqlDataReader.TryHasMoreResults(Boolean& moreResults)
   at Microsoft.Data.SqlClient.SqlDataReader.TryNextResult(Boolean& more)
   at Microsoft.Data.SqlClient.SqlDataReader.NextResultAsyncExecute(Task task, Object state)
   at Microsoft.Data.SqlClient.SqlDataReader.InvokeAsyncCall[T](SqlDataReaderBaseAsyncCallContext`1 context)
--- End of stack trace from previous location ---
   at Microsoft.EntityFrameworkCore.Update.AffectedCountModificationCommandBatch.ConsumeAsync(RelationalDataReader reader, CancellationToken cancellationToken)
ClientConnectionId:d47379a9-c2ac-46d8-ab15-0a5f9100792e
Error Number:2601,State:1,Class:14
   --- End of inner exception stack trace ---
   at Microsoft.EntityFrameworkCore.Update.AffectedCountModificationCommandBatch.ConsumeAsync(RelationalDataReader reader, CancellationToken cancellationToken)
   at Microsoft.EntityFrameworkCore.Update.ReaderModificationCommandBatch.ExecuteAsync(IRelationalConnection connection, CancellationToken cancellationToken)
   at Microsoft.EntityFrameworkCore.Update.ReaderModificationCommandBatch.ExecuteAsync(IRelationalConnection connection, CancellationToken cancellationToken)
   at Microsoft.EntityFrameworkCore.SqlServer.Update.Internal.SqlServerModificationCommandBatch.ExecuteAsync(IRelationalConnection connection, CancellationToken cancellationToken)
   at Microsoft.EntityFrameworkCore.Update.Internal.BatchExecutor.ExecuteAsync(IEnumerable`1 commandBatches, IRelationalConnection connection, CancellationToken cancellationToken)
   at Microsoft.EntityFrameworkCore.Update.Internal.BatchExecutor.ExecuteAsync(IEnumerable`1 commandBatches, IRelationalConnection connection, CancellationToken cancellationToken)
   at Microsoft.EntityFrameworkCore.Update.Internal.BatchExecutor.ExecuteAsync(IEnumerable`1 commandBatches, IRelationalConnection connection, CancellationToken cancellationToken)
   at Microsoft.EntityFrameworkCore.Storage.RelationalDatabase.SaveChangesAsync(IList`1 entries, CancellationToken cancellationToken)
   at Microsoft.EntityFrameworkCore.ChangeTracking.Internal.StateManager.SaveChangesAsync(IList`1 entriesToSave, CancellationToken cancellationToken)
   at Microsoft.EntityFrameworkCore.ChangeTracking.Internal.StateManager.SaveChangesAsync(StateManager stateManager, Boolean acceptAllChangesOnSuccess, CancellationToken cancellationToken)
   at Microsoft.EntityFrameworkCore.SqlServer.Storage.Internal.SqlServerExecutionStrategy.ExecuteAsync[TState,TResult](TState state, Func`4 operation, Func`4 verifySucceeded, CancellationToken cancellationToken)
   at Microsoft.EntityFrameworkCore.DbContext.SaveChangesAsync(Boolean acceptAllChangesOnSuccess, CancellationToken cancellationToken)
   at Microsoft.EntityFrameworkCore.DbContext.SaveChangesAsync(Boolean acceptAllChangesOnSuccess, CancellationToken cancellationToken)
   at HospitalSystem.Infrastructure.Repositories.UnitOfWork.SaveChangesAsync(CancellationToken cancellationToken) in G:\DEPI\HospitalSystem.Infrastructure\Repositories\UnitOfWork.cs:line 37
   at HospitalSystem.Application.Services.DoctorService.SetScheduleAsync(Guid doctorId, SetDoctorScheduleRequest request, CancellationToken cancellationToken) in G:\DEPI\HospitalSystem.Application\Services\DoctorService.cs:line 125
   at HospitalSystem.API.Controllers.DoctorsController.SetSchedule(Guid id, SetDoctorScheduleRequest request, CancellationToken cancellationToken) in G:\DEPI\HospitalSystem.API\Controllers\DoctorsController.cs:line 185
   at lambda_method522(Closure, Object)
   at Microsoft.AspNetCore.Mvc.Infrastructure.ActionMethodExecutor.AwaitableObjectResultExecutor.Execute(ActionContext actionContext, IActionResultTypeMapper mapper, ObjectMethodExecutor executor, Object controller, Object[] arguments)
   at Microsoft.AspNetCore.Mvc.Infrastructure.ControllerActionInvoker.<InvokeActionMethodAsync>g__Awaited|12_0(ControllerActionInvoker invoker, ValueTask`1 actionResultValueTask)
   at Microsoft.AspNetCore.Mvc.Infrastructure.ControllerActionInvoker.<InvokeNextActionFilterAsync>g__Awaited|10_0(ControllerActionInvoker invoker, Task lastTask, State next, Scope scope, Object state, Boolean isCompleted)
   at Microsoft.AspNetCore.Mvc.Infrastructure.ControllerActionInvoker.Rethrow(ActionExecutedContextSealed context)
   at Microsoft.AspNetCore.Mvc.Infrastructure.ControllerActionInvoker.Next(State& next, Scope& scope, Object& state, Boolean& isCompleted)
   at Microsoft.AspNetCore.Mvc.Infrastructure.ControllerActionInvoker.<InvokeInnerFilterAsync>g__Awaited|13_0(ControllerActionInvoker invoker, Task lastTask, State next, Scope scope, Object state, Boolean isCompleted)
   at Microsoft.AspNetCore.Mvc.Infrastructure.ResourceInvoker.<InvokeFilterPipelineAsync>g__Awaited|20_0(ResourceInvoker invoker, Task lastTask, State next, Scope scope, Object state, Boolean isCompleted)
   at Microsoft.AspNetCore.Mvc.Infrastructure.ResourceInvoker.<InvokeAsync>g__Awaited|17_0(ResourceInvoker invoker, Task task, IDisposable scope)
   at Microsoft.AspNetCore.Mvc.Infrastructure.ResourceInvoker.<InvokeAsync>g__Awaited|17_0(ResourceInvoker invoker, Task task, IDisposable scope)
   at Microsoft.AspNetCore.Authorization.AuthorizationMiddleware.Invoke(HttpContext context)
   at Microsoft.AspNetCore.Authentication.AuthenticationMiddleware.Invoke(HttpContext context)
   at Swashbuckle.AspNetCore.SwaggerUI.SwaggerUIMiddleware.Invoke(HttpContext httpContext)
   at Swashbuckle.AspNetCore.Swagger.SwaggerMiddleware.Invoke(HttpContext httpContext, ISwaggerProvider swaggerProvider)
   at HospitalSystem.API.Middleware.RequestLoggingMiddleware.InvokeAsync(HttpContext context) in G:\DEPI\HospitalSystem.API\Middleware\RequestLoggingMiddleware.cs:line 19
   at HospitalSystem.API.Middleware.ExceptionHandlingMiddleware.InvokeAsync(HttpContext context) in G:\DEPI\HospitalSystem.API\Middleware\ExceptionHandlingMiddleware.cs:line 24
2026-06-28 20:36:32.932 +03:00 [INF] Executed DbCommand (1ms) [Parameters=[@p='?' (DbType = Guid)], CommandType='"Text"', CommandTimeout='30']
SELECT TOP(1) [d].[Id], [d].[DepartmentId], [d].[FullName], [d].[IsActive], [d].[Phone], [d].[Specialization], [d].[UserId]
FROM [Doctors] AS [d]
WHERE [d].[Id] = @p
2026-06-28 20:36:32.934 +03:00 [INF] Executed DbCommand (1ms) [Parameters=[], CommandType='"Text"', CommandTimeout='30']
SELECT [d].[Id], [d].[AppointmentDurationMinutes], [d].[DayOfWeek], [d].[DoctorId], [d].[EndTime], [d].[IsActive], [d].[StartTime]
FROM [DoctorSchedules] AS [d]
2026-06-28 20:36:32.943 +03:00 [INF] Executed DbCommand (4ms) [Parameters=[@p6='?' (DbType = Guid), @p0='?' (DbType = Int32), @p1='?' (DbType = Int32), @p2='?' (DbType = Guid), @p3='?' (DbType = Time), @p4='?' (DbType = Boolean), @p5='?' (DbType = Time), @p13='?' (DbType = Guid), @p7='?' (DbType = Int32), @p8='?' (DbType = Int32), @p9='?' (DbType = Guid), @p10='?' (DbType = Time), @p11='?' (DbType = Boolean), @p12='?' (DbType = Time), @p20='?' (DbType = Guid), @p14='?' (DbType = Int32), @p15='?' (DbType = Int32), @p16='?' (DbType = Guid), @p17='?' (DbType = Time), @p18='?' (DbType = Boolean), @p19='?' (DbType = Time), @p27='?' (DbType = Guid), @p21='?' (DbType = Int32), @p22='?' (DbType = Int32), @p23='?' (DbType = Guid), @p24='?' (DbType = Time), @p25='?' (DbType = Boolean), @p26='?' (DbType = Time), @p34='?' (DbType = Guid), @p28='?' (DbType = Int32), @p29='?' (DbType = Int32), @p30='?' (DbType = Guid), @p31='?' (DbType = Time), @p32='?' (DbType = Boolean), @p33='?' (DbType = Time), @p35='?' (DbType = Guid), @p36='?' (DbType = Int32), @p37='?' (DbType = Int32), @p38='?' (DbType = Guid), @p39='?' (DbType = Time), @p40='?' (DbType = Boolean), @p41='?' (DbType = Time)], CommandType='"Text"', CommandTimeout='30']
SET NOCOUNT ON;
UPDATE [DoctorSchedules] SET [AppointmentDurationMinutes] = @p0, [DayOfWeek] = @p1, [DoctorId] = @p2, [EndTime] = @p3, [IsActive] = @p4, [StartTime] = @p5
OUTPUT 1
WHERE [Id] = @p6;
UPDATE [DoctorSchedules] SET [AppointmentDurationMinutes] = @p7, [DayOfWeek] = @p8, [DoctorId] = @p9, [EndTime] = @p10, [IsActive] = @p11, [StartTime] = @p12
OUTPUT 1
WHERE [Id] = @p13;
UPDATE [DoctorSchedules] SET [AppointmentDurationMinutes] = @p14, [DayOfWeek] = @p15, [DoctorId] = @p16, [EndTime] = @p17, [IsActive] = @p18, [StartTime] = @p19
OUTPUT 1
WHERE [Id] = @p20;
UPDATE [DoctorSchedules] SET [AppointmentDurationMinutes] = @p21, [DayOfWeek] = @p22, [DoctorId] = @p23, [EndTime] = @p24, [IsActive] = @p25, [StartTime] = @p26
OUTPUT 1
WHERE [Id] = @p27;
UPDATE [DoctorSchedules] SET [AppointmentDurationMinutes] = @p28, [DayOfWeek] = @p29, [DoctorId] = @p30, [EndTime] = @p31, [IsActive] = @p32, [StartTime] = @p33
OUTPUT 1
WHERE [Id] = @p34;
INSERT INTO [DoctorSchedules] ([Id], [AppointmentDurationMinutes], [DayOfWeek], [DoctorId], [EndTime], [IsActive], [StartTime])
VALUES (@p35, @p36, @p37, @p38, @p39, @p40, @p41);
2026-06-28 20:36:32.948 +03:00 [ERR] An exception occurred in the database while saving changes for context type 'HospitalSystem.Infrastructure.Persistence.HospitalDbContext'.
Microsoft.EntityFrameworkCore.DbUpdateException: An error occurred while saving the entity changes. See the inner exception for details.
 ---> Microsoft.Data.SqlClient.SqlException (0x80131904): Cannot insert duplicate key row in object 'dbo.DoctorSchedules' with unique index 'IX_DoctorSchedules_DoctorId_DayOfWeek'. The duplicate key value is (eea5306b-9d0d-474f-b644-e334fdedcbe6, 1).
   at Microsoft.Data.SqlClient.SqlConnection.OnError(SqlException exception, Boolean breakConnection, Action`1 wrapCloseInAction)
   at Microsoft.Data.SqlClient.SqlInternalConnection.OnError(SqlException exception, Boolean breakConnection, Action`1 wrapCloseInAction)
   at Microsoft.Data.SqlClient.TdsParser.ThrowExceptionAndWarning(TdsParserStateObject stateObj, SqlCommand command, Boolean callerHasConnectionLock, Boolean asyncClose)
   at Microsoft.Data.SqlClient.TdsParser.TryRun(RunBehavior runBehavior, SqlCommand cmdHandler, SqlDataReader dataStream, BulkCopySimpleResultSet bulkCopyHandler, TdsParserStateObject stateObj, Boolean& dataReady)
   at Microsoft.Data.SqlClient.SqlDataReader.TryHasMoreRows(Boolean& moreRows)
   at Microsoft.Data.SqlClient.SqlDataReader.TryHasMoreResults(Boolean& moreResults)
   at Microsoft.Data.SqlClient.SqlDataReader.TryNextResult(Boolean& more)
   at Microsoft.Data.SqlClient.SqlDataReader.NextResultAsyncExecute(Task task, Object state)
   at Microsoft.Data.SqlClient.SqlDataReader.InvokeAsyncCall[T](SqlDataReaderBaseAsyncCallContext`1 context)
--- End of stack trace from previous location ---
   at Microsoft.EntityFrameworkCore.Update.AffectedCountModificationCommandBatch.ConsumeAsync(RelationalDataReader reader, CancellationToken cancellationToken)
ClientConnectionId:d47379a9-c2ac-46d8-ab15-0a5f9100792e
Error Number:2601,State:1,Class:14
   --- End of inner exception stack trace ---
   at Microsoft.EntityFrameworkCore.Update.AffectedCountModificationCommandBatch.ConsumeAsync(RelationalDataReader reader, CancellationToken cancellationToken)
   at Microsoft.EntityFrameworkCore.Update.ReaderModificationCommandBatch.ExecuteAsync(IRelationalConnection connection, CancellationToken cancellationToken)
   at Microsoft.EntityFrameworkCore.Update.ReaderModificationCommandBatch.ExecuteAsync(IRelationalConnection connection, CancellationToken cancellationToken)
   at Microsoft.EntityFrameworkCore.SqlServer.Update.Internal.SqlServerModificationCommandBatch.ExecuteAsync(IRelationalConnection connection, CancellationToken cancellationToken)
   at Microsoft.EntityFrameworkCore.Update.Internal.BatchExecutor.ExecuteAsync(IEnumerable`1 commandBatches, IRelationalConnection connection, CancellationToken cancellationToken)
   at Microsoft.EntityFrameworkCore.Update.Internal.BatchExecutor.ExecuteAsync(IEnumerable`1 commandBatches, IRelationalConnection connection, CancellationToken cancellationToken)
   at Microsoft.EntityFrameworkCore.Update.Internal.BatchExecutor.ExecuteAsync(IEnumerable`1 commandBatches, IRelationalConnection connection, CancellationToken cancellationToken)
   at Microsoft.EntityFrameworkCore.Storage.RelationalDatabase.SaveChangesAsync(IList`1 entries, CancellationToken cancellationToken)
   at Microsoft.EntityFrameworkCore.ChangeTracking.Internal.StateManager.SaveChangesAsync(IList`1 entriesToSave, CancellationToken cancellationToken)
   at Microsoft.EntityFrameworkCore.ChangeTracking.Internal.StateManager.SaveChangesAsync(StateManager stateManager, Boolean acceptAllChangesOnSuccess, CancellationToken cancellationToken)
   at Microsoft.EntityFrameworkCore.SqlServer.Storage.Internal.SqlServerExecutionStrategy.ExecuteAsync[TState,TResult](TState state, Func`4 operation, Func`4 verifySucceeded, CancellationToken cancellationToken)
   at Microsoft.EntityFrameworkCore.DbContext.SaveChangesAsync(Boolean acceptAllChangesOnSuccess, CancellationToken cancellationToken)
Microsoft.EntityFrameworkCore.DbUpdateException: An error occurred while saving the entity changes. See the inner exception for details.
 ---> Microsoft.Data.SqlClient.SqlException (0x80131904): Cannot insert duplicate key row in object 'dbo.DoctorSchedules' with unique index 'IX_DoctorSchedules_DoctorId_DayOfWeek'. The duplicate key value is (eea5306b-9d0d-474f-b644-e334fdedcbe6, 1).
   at Microsoft.Data.SqlClient.SqlConnection.OnError(SqlException exception, Boolean breakConnection, Action`1 wrapCloseInAction)
   at Microsoft.Data.SqlClient.SqlInternalConnection.OnError(SqlException exception, Boolean breakConnection, Action`1 wrapCloseInAction)
   at Microsoft.Data.SqlClient.TdsParser.ThrowExceptionAndWarning(TdsParserStateObject stateObj, SqlCommand command, Boolean callerHasConnectionLock, Boolean asyncClose)
   at Microsoft.Data.SqlClient.TdsParser.TryRun(RunBehavior runBehavior, SqlCommand cmdHandler, SqlDataReader dataStream, BulkCopySimpleResultSet bulkCopyHandler, TdsParserStateObject stateObj, Boolean& dataReady)
   at Microsoft.Data.SqlClient.SqlDataReader.TryHasMoreRows(Boolean& moreRows)
   at Microsoft.Data.SqlClient.SqlDataReader.TryHasMoreResults(Boolean& moreResults)
   at Microsoft.Data.SqlClient.SqlDataReader.TryNextResult(Boolean& more)
   at Microsoft.Data.SqlClient.SqlDataReader.NextResultAsyncExecute(Task task, Object state)
   at Microsoft.Data.SqlClient.SqlDataReader.InvokeAsyncCall[T](SqlDataReaderBaseAsyncCallContext`1 context)
--- End of stack trace from previous location ---
   at Microsoft.EntityFrameworkCore.Update.AffectedCountModificationCommandBatch.ConsumeAsync(RelationalDataReader reader, CancellationToken cancellationToken)
ClientConnectionId:d47379a9-c2ac-46d8-ab15-0a5f9100792e
Error Number:2601,State:1,Class:14
   --- End of inner exception stack trace ---
   at Microsoft.EntityFrameworkCore.Update.AffectedCountModificationCommandBatch.ConsumeAsync(RelationalDataReader reader, CancellationToken cancellationToken)
   at Microsoft.EntityFrameworkCore.Update.ReaderModificationCommandBatch.ExecuteAsync(IRelationalConnection connection, CancellationToken cancellationToken)
   at Microsoft.EntityFrameworkCore.Update.ReaderModificationCommandBatch.ExecuteAsync(IRelationalConnection connection, CancellationToken cancellationToken)
   at Microsoft.EntityFrameworkCore.SqlServer.Update.Internal.SqlServerModificationCommandBatch.ExecuteAsync(IRelationalConnection connection, CancellationToken cancellationToken)
   at Microsoft.EntityFrameworkCore.Update.Internal.BatchExecutor.ExecuteAsync(IEnumerable`1 commandBatches, IRelationalConnection connection, CancellationToken cancellationToken)
   at Microsoft.EntityFrameworkCore.Update.Internal.BatchExecutor.ExecuteAsync(IEnumerable`1 commandBatches, IRelationalConnection connection, CancellationToken cancellationToken)
   at Microsoft.EntityFrameworkCore.Update.Internal.BatchExecutor.ExecuteAsync(IEnumerable`1 commandBatches, IRelationalConnection connection, CancellationToken cancellationToken)
   at Microsoft.EntityFrameworkCore.Storage.RelationalDatabase.SaveChangesAsync(IList`1 entries, CancellationToken cancellationToken)
   at Microsoft.EntityFrameworkCore.ChangeTracking.Internal.StateManager.SaveChangesAsync(IList`1 entriesToSave, CancellationToken cancellationToken)
   at Microsoft.EntityFrameworkCore.ChangeTracking.Internal.StateManager.SaveChangesAsync(StateManager stateManager, Boolean acceptAllChangesOnSuccess, CancellationToken cancellationToken)
   at Microsoft.EntityFrameworkCore.SqlServer.Storage.Internal.SqlServerExecutionStrategy.ExecuteAsync[TState,TResult](TState state, Func`4 operation, Func`4 verifySucceeded, CancellationToken cancellationToken)
   at Microsoft.EntityFrameworkCore.DbContext.SaveChangesAsync(Boolean acceptAllChangesOnSuccess, CancellationToken cancellationToken)
2026-06-28 20:36:32.955 +03:00 [ERR] Unhandled exception occurred.
Microsoft.EntityFrameworkCore.DbUpdateException: An error occurred while saving the entity changes. See the inner exception for details.
 ---> Microsoft.Data.SqlClient.SqlException (0x80131904): Cannot insert duplicate key row in object 'dbo.DoctorSchedules' with unique index 'IX_DoctorSchedules_DoctorId_DayOfWeek'. The duplicate key value is (eea5306b-9d0d-474f-b644-e334fdedcbe6, 1).
   at Microsoft.Data.SqlClient.SqlConnection.OnError(SqlException exception, Boolean breakConnection, Action`1 wrapCloseInAction)
   at Microsoft.Data.SqlClient.SqlInternalConnection.OnError(SqlException exception, Boolean breakConnection, Action`1 wrapCloseInAction)
   at Microsoft.Data.SqlClient.TdsParser.ThrowExceptionAndWarning(TdsParserStateObject stateObj, SqlCommand command, Boolean callerHasConnectionLock, Boolean asyncClose)
   at Microsoft.Data.SqlClient.TdsParser.TryRun(RunBehavior runBehavior, SqlCommand cmdHandler, SqlDataReader dataStream, BulkCopySimpleResultSet bulkCopyHandler, TdsParserStateObject stateObj, Boolean& dataReady)
   at Microsoft.Data.SqlClient.SqlDataReader.TryHasMoreRows(Boolean& moreRows)
   at Microsoft.Data.SqlClient.SqlDataReader.TryHasMoreResults(Boolean& moreResults)
   at Microsoft.Data.SqlClient.SqlDataReader.TryNextResult(Boolean& more)
   at Microsoft.Data.SqlClient.SqlDataReader.NextResultAsyncExecute(Task task, Object state)
   at Microsoft.Data.SqlClient.SqlDataReader.InvokeAsyncCall[T](SqlDataReaderBaseAsyncCallContext`1 context)
--- End of stack trace from previous location ---
   at Microsoft.EntityFrameworkCore.Update.AffectedCountModificationCommandBatch.ConsumeAsync(RelationalDataReader reader, CancellationToken cancellationToken)
ClientConnectionId:d47379a9-c2ac-46d8-ab15-0a5f9100792e
Error Number:2601,State:1,Class:14
   --- End of inner exception stack trace ---
   at Microsoft.EntityFrameworkCore.Update.AffectedCountModificationCommandBatch.ConsumeAsync(RelationalDataReader reader, CancellationToken cancellationToken)
   at Microsoft.EntityFrameworkCore.Update.ReaderModificationCommandBatch.ExecuteAsync(IRelationalConnection connection, CancellationToken cancellationToken)
   at Microsoft.EntityFrameworkCore.Update.ReaderModificationCommandBatch.ExecuteAsync(IRelationalConnection connection, CancellationToken cancellationToken)
   at Microsoft.EntityFrameworkCore.SqlServer.Update.Internal.SqlServerModificationCommandBatch.ExecuteAsync(IRelationalConnection connection, CancellationToken cancellationToken)
   at Microsoft.EntityFrameworkCore.Update.Internal.BatchExecutor.ExecuteAsync(IEnumerable`1 commandBatches, IRelationalConnection connection, CancellationToken cancellationToken)
   at Microsoft.EntityFrameworkCore.Update.Internal.BatchExecutor.ExecuteAsync(IEnumerable`1 commandBatches, IRelationalConnection connection, CancellationToken cancellationToken)
   at Microsoft.EntityFrameworkCore.Update.Internal.BatchExecutor.ExecuteAsync(IEnumerable`1 commandBatches, IRelationalConnection connection, CancellationToken cancellationToken)
   at Microsoft.EntityFrameworkCore.Storage.RelationalDatabase.SaveChangesAsync(IList`1 entries, CancellationToken cancellationToken)
   at Microsoft.EntityFrameworkCore.ChangeTracking.Internal.StateManager.SaveChangesAsync(IList`1 entriesToSave, CancellationToken cancellationToken)
   at Microsoft.EntityFrameworkCore.ChangeTracking.Internal.StateManager.SaveChangesAsync(StateManager stateManager, Boolean acceptAllChangesOnSuccess, CancellationToken cancellationToken)
   at Microsoft.EntityFrameworkCore.SqlServer.Storage.Internal.SqlServerExecutionStrategy.ExecuteAsync[TState,TResult](TState state, Func`4 operation, Func`4 verifySucceeded, CancellationToken cancellationToken)
   at Microsoft.EntityFrameworkCore.DbContext.SaveChangesAsync(Boolean acceptAllChangesOnSuccess, CancellationToken cancellationToken)
   at Microsoft.EntityFrameworkCore.DbContext.SaveChangesAsync(Boolean acceptAllChangesOnSuccess, CancellationToken cancellationToken)
   at HospitalSystem.Infrastructure.Repositories.UnitOfWork.SaveChangesAsync(CancellationToken cancellationToken) in G:\DEPI\HospitalSystem.Infrastructure\Repositories\UnitOfWork.cs:line 37
   at HospitalSystem.Application.Services.DoctorService.SetScheduleAsync(Guid doctorId, SetDoctorScheduleRequest request, CancellationToken cancellationToken) in G:\DEPI\HospitalSystem.Application\Services\DoctorService.cs:line 125
   at HospitalSystem.API.Controllers.DoctorsController.SetSchedule(Guid id, SetDoctorScheduleRequest request, CancellationToken cancellationToken) in G:\DEPI\HospitalSystem.API\Controllers\DoctorsController.cs:line 185
   at lambda_method522(Closure, Object)
   at Microsoft.AspNetCore.Mvc.Infrastructure.ActionMethodExecutor.AwaitableObjectResultExecutor.Execute(ActionContext actionContext, IActionResultTypeMapper mapper, ObjectMethodExecutor executor, Object controller, Object[] arguments)
   at Microsoft.AspNetCore.Mvc.Infrastructure.ControllerActionInvoker.<InvokeActionMethodAsync>g__Awaited|12_0(ControllerActionInvoker invoker, ValueTask`1 actionResultValueTask)
   at Microsoft.AspNetCore.Mvc.Infrastructure.ControllerActionInvoker.<InvokeNextActionFilterAsync>g__Awaited|10_0(ControllerActionInvoker invoker, Task lastTask, State next, Scope scope, Object state, Boolean isCompleted)
   at Microsoft.AspNetCore.Mvc.Infrastructure.ControllerActionInvoker.Rethrow(ActionExecutedContextSealed context)
   at Microsoft.AspNetCore.Mvc.Infrastructure.ControllerActionInvoker.Next(State& next, Scope& scope, Object& state, Boolean& isCompleted)
   at Microsoft.AspNetCore.Mvc.Infrastructure.ControllerActionInvoker.<InvokeInnerFilterAsync>g__Awaited|13_0(ControllerActionInvoker invoker, Task lastTask, State next, Scope scope, Object state, Boolean isCompleted)
   at Microsoft.AspNetCore.Mvc.Infrastructure.ResourceInvoker.<InvokeFilterPipelineAsync>g__Awaited|20_0(ResourceInvoker invoker, Task lastTask, State next, Scope scope, Object state, Boolean isCompleted)
   at Microsoft.AspNetCore.Mvc.Infrastructure.ResourceInvoker.<InvokeAsync>g__Awaited|17_0(ResourceInvoker invoker, Task task, IDisposable scope)
   at Microsoft.AspNetCore.Mvc.Infrastructure.ResourceInvoker.<InvokeAsync>g__Awaited|17_0(ResourceInvoker invoker, Task task, IDisposable scope)
   at Microsoft.AspNetCore.Authorization.AuthorizationMiddleware.Invoke(HttpContext context)
   at Microsoft.AspNetCore.Authentication.AuthenticationMiddleware.Invoke(HttpContext context)
   at Swashbuckle.AspNetCore.SwaggerUI.SwaggerUIMiddleware.Invoke(HttpContext httpContext)
   at Swashbuckle.AspNetCore.Swagger.SwaggerMiddleware.Invoke(HttpContext httpContext, ISwaggerProvider swaggerProvider)
   at HospitalSystem.API.Middleware.RequestLoggingMiddleware.InvokeAsync(HttpContext context) in G:\DEPI\HospitalSystem.API\Middleware\RequestLoggingMiddleware.cs:line 19
   at HospitalSystem.API.Middleware.ExceptionHandlingMiddleware.InvokeAsync(HttpContext context) in G:\DEPI\HospitalSystem.API\Middleware\ExceptionHandlingMiddleware.cs:line 24
2026-06-28 20:36:33.227 +03:00 [INF] Executed DbCommand (1ms) [Parameters=[@p='?' (DbType = Guid)], CommandType='"Text"', CommandTimeout='30']
SELECT TOP(1) [d].[Id], [d].[DepartmentId], [d].[FullName], [d].[IsActive], [d].[Phone], [d].[Specialization], [d].[UserId]
FROM [Doctors] AS [d]
WHERE [d].[Id] = @p
2026-06-28 20:36:33.228 +03:00 [INF] Executed DbCommand (1ms) [Parameters=[], CommandType='"Text"', CommandTimeout='30']
SELECT [d].[Id], [d].[AppointmentDurationMinutes], [d].[DayOfWeek], [d].[DoctorId], [d].[EndTime], [d].[IsActive], [d].[StartTime]
FROM [DoctorSchedules] AS [d]
2026-06-28 20:36:33.231 +03:00 [INF] Executed DbCommand (2ms) [Parameters=[@p6='?' (DbType = Guid), @p0='?' (DbType = Int32), @p1='?' (DbType = Int32), @p2='?' (DbType = Guid), @p3='?' (DbType = Time), @p4='?' (DbType = Boolean), @p5='?' (DbType = Time), @p13='?' (DbType = Guid), @p7='?' (DbType = Int32), @p8='?' (DbType = Int32), @p9='?' (DbType = Guid), @p10='?' (DbType = Time), @p11='?' (DbType = Boolean), @p12='?' (DbType = Time), @p20='?' (DbType = Guid), @p14='?' (DbType = Int32), @p15='?' (DbType = Int32), @p16='?' (DbType = Guid), @p17='?' (DbType = Time), @p18='?' (DbType = Boolean), @p19='?' (DbType = Time), @p27='?' (DbType = Guid), @p21='?' (DbType = Int32), @p22='?' (DbType = Int32), @p23='?' (DbType = Guid), @p24='?' (DbType = Time), @p25='?' (DbType = Boolean), @p26='?' (DbType = Time), @p34='?' (DbType = Guid), @p28='?' (DbType = Int32), @p29='?' (DbType = Int32), @p30='?' (DbType = Guid), @p31='?' (DbType = Time), @p32='?' (DbType = Boolean), @p33='?' (DbType = Time), @p35='?' (DbType = Guid), @p36='?' (DbType = Int32), @p37='?' (DbType = Int32), @p38='?' (DbType = Guid), @p39='?' (DbType = Time), @p40='?' (DbType = Boolean), @p41='?' (DbType = Time)], CommandType='"Text"', CommandTimeout='30']
SET NOCOUNT ON;
UPDATE [DoctorSchedules] SET [AppointmentDurationMinutes] = @p0, [DayOfWeek] = @p1, [DoctorId] = @p2, [EndTime] = @p3, [IsActive] = @p4, [StartTime] = @p5
OUTPUT 1
WHERE [Id] = @p6;
UPDATE [DoctorSchedules] SET [AppointmentDurationMinutes] = @p7, [DayOfWeek] = @p8, [DoctorId] = @p9, [EndTime] = @p10, [IsActive] = @p11, [StartTime] = @p12
OUTPUT 1
WHERE [Id] = @p13;
UPDATE [DoctorSchedules] SET [AppointmentDurationMinutes] = @p14, [DayOfWeek] = @p15, [DoctorId] = @p16, [EndTime] = @p17, [IsActive] = @p18, [StartTime] = @p19
OUTPUT 1
WHERE [Id] = @p20;
UPDATE [DoctorSchedules] SET [AppointmentDurationMinutes] = @p21, [DayOfWeek] = @p22, [DoctorId] = @p23, [EndTime] = @p24, [IsActive] = @p25, [StartTime] = @p26
OUTPUT 1
WHERE [Id] = @p27;
UPDATE [DoctorSchedules] SET [AppointmentDurationMinutes] = @p28, [DayOfWeek] = @p29, [DoctorId] = @p30, [EndTime] = @p31, [IsActive] = @p32, [StartTime] = @p33
OUTPUT 1
WHERE [Id] = @p34;
INSERT INTO [DoctorSchedules] ([Id], [AppointmentDurationMinutes], [DayOfWeek], [DoctorId], [EndTime], [IsActive], [StartTime])
VALUES (@p35, @p36, @p37, @p38, @p39, @p40, @p41);
2026-06-28 20:36:33.234 +03:00 [ERR] An exception occurred in the database while saving changes for context type 'HospitalSystem.Infrastructure.Persistence.HospitalDbContext'.
Microsoft.EntityFrameworkCore.DbUpdateException: An error occurred while saving the entity changes. See the inner exception for details.
 ---> Microsoft.Data.SqlClient.SqlException (0x80131904): Cannot insert duplicate key row in object 'dbo.DoctorSchedules' with unique index 'IX_DoctorSchedules_DoctorId_DayOfWeek'. The duplicate key value is (eea5306b-9d0d-474f-b644-e334fdedcbe6, 1).
   at Microsoft.Data.SqlClient.SqlConnection.OnError(SqlException exception, Boolean breakConnection, Action`1 wrapCloseInAction)
   at Microsoft.Data.SqlClient.SqlInternalConnection.OnError(SqlException exception, Boolean breakConnection, Action`1 wrapCloseInAction)
   at Microsoft.Data.SqlClient.TdsParser.ThrowExceptionAndWarning(TdsParserStateObject stateObj, SqlCommand command, Boolean callerHasConnectionLock, Boolean asyncClose)
   at Microsoft.Data.SqlClient.TdsParser.TryRun(RunBehavior runBehavior, SqlCommand cmdHandler, SqlDataReader dataStream, BulkCopySimpleResultSet bulkCopyHandler, TdsParserStateObject stateObj, Boolean& dataReady)
   at Microsoft.Data.SqlClient.SqlDataReader.TryHasMoreRows(Boolean& moreRows)
   at Microsoft.Data.SqlClient.SqlDataReader.TryHasMoreResults(Boolean& moreResults)
   at Microsoft.Data.SqlClient.SqlDataReader.TryNextResult(Boolean& more)
   at Microsoft.Data.SqlClient.SqlDataReader.NextResultAsyncExecute(Task task, Object state)
   at Microsoft.Data.SqlClient.SqlDataReader.InvokeAsyncCall[T](SqlDataReaderBaseAsyncCallContext`1 context)
--- End of stack trace from previous location ---
   at Microsoft.EntityFrameworkCore.Update.AffectedCountModificationCommandBatch.ConsumeAsync(RelationalDataReader reader, CancellationToken cancellationToken)
ClientConnectionId:d47379a9-c2ac-46d8-ab15-0a5f9100792e
Error Number:2601,State:1,Class:14
   --- End of inner exception stack trace ---
   at Microsoft.EntityFrameworkCore.Update.AffectedCountModificationCommandBatch.ConsumeAsync(RelationalDataReader reader, CancellationToken cancellationToken)
   at Microsoft.EntityFrameworkCore.Update.ReaderModificationCommandBatch.ExecuteAsync(IRelationalConnection connection, CancellationToken cancellationToken)
   at Microsoft.EntityFrameworkCore.Update.ReaderModificationCommandBatch.ExecuteAsync(IRelationalConnection connection, CancellationToken cancellationToken)
   at Microsoft.EntityFrameworkCore.SqlServer.Update.Internal.SqlServerModificationCommandBatch.ExecuteAsync(IRelationalConnection connection, CancellationToken cancellationToken)
   at Microsoft.EntityFrameworkCore.Update.Internal.BatchExecutor.ExecuteAsync(IEnumerable`1 commandBatches, IRelationalConnection connection, CancellationToken cancellationToken)
   at Microsoft.EntityFrameworkCore.Update.Internal.BatchExecutor.ExecuteAsync(IEnumerable`1 commandBatches, IRelationalConnection connection, CancellationToken cancellationToken)
   at Microsoft.EntityFrameworkCore.Update.Internal.BatchExecutor.ExecuteAsync(IEnumerable`1 commandBatches, IRelationalConnection connection, CancellationToken cancellationToken)
   at Microsoft.EntityFrameworkCore.Storage.RelationalDatabase.SaveChangesAsync(IList`1 entries, CancellationToken cancellationToken)
   at Microsoft.EntityFrameworkCore.ChangeTracking.Internal.StateManager.SaveChangesAsync(IList`1 entriesToSave, CancellationToken cancellationToken)
   at Microsoft.EntityFrameworkCore.ChangeTracking.Internal.StateManager.SaveChangesAsync(StateManager stateManager, Boolean acceptAllChangesOnSuccess, CancellationToken cancellationToken)
   at Microsoft.EntityFrameworkCore.SqlServer.Storage.Internal.SqlServerExecutionStrategy.ExecuteAsync[TState,TResult](TState state, Func`4 operation, Func`4 verifySucceeded, CancellationToken cancellationToken)
   at Microsoft.EntityFrameworkCore.DbContext.SaveChangesAsync(Boolean acceptAllChangesOnSuccess, CancellationToken cancellationToken)
Microsoft.EntityFrameworkCore.DbUpdateException: An error occurred while saving the entity changes. See the inner exception for details.
 ---> Microsoft.Data.SqlClient.SqlException (0x80131904): Cannot insert duplicate key row in object 'dbo.DoctorSchedules' with unique index 'IX_DoctorSchedules_DoctorId_DayOfWeek'. The duplicate key value is (eea5306b-9d0d-474f-b644-e334fdedcbe6, 1).
   at Microsoft.Data.SqlClient.SqlConnection.OnError(SqlException exception, Boolean breakConnection, Action`1 wrapCloseInAction)
   at Microsoft.Data.SqlClient.SqlInternalConnection.OnError(SqlException exception, Boolean breakConnection, Action`1 wrapCloseInAction)
   at Microsoft.Data.SqlClient.TdsParser.ThrowExceptionAndWarning(TdsParserStateObject stateObj, SqlCommand command, Boolean callerHasConnectionLock, Boolean asyncClose)
   at Microsoft.Data.SqlClient.TdsParser.TryRun(RunBehavior runBehavior, SqlCommand cmdHandler, SqlDataReader dataStream, BulkCopySimpleResultSet bulkCopyHandler, TdsParserStateObject stateObj, Boolean& dataReady)
   at Microsoft.Data.SqlClient.SqlDataReader.TryHasMoreRows(Boolean& moreRows)
   at Microsoft.Data.SqlClient.SqlDataReader.TryHasMoreResults(Boolean& moreResults)
   at Microsoft.Data.SqlClient.SqlDataReader.TryNextResult(Boolean& more)
   at Microsoft.Data.SqlClient.SqlDataReader.NextResultAsyncExecute(Task task, Object state)
   at Microsoft.Data.SqlClient.SqlDataReader.InvokeAsyncCall[T](SqlDataReaderBaseAsyncCallContext`1 context)
--- End of stack trace from previous location ---
   at Microsoft.EntityFrameworkCore.Update.AffectedCountModificationCommandBatch.ConsumeAsync(RelationalDataReader reader, CancellationToken cancellationToken)
ClientConnectionId:d47379a9-c2ac-46d8-ab15-0a5f9100792e
Error Number:2601,State:1,Class:14
   --- End of inner exception stack trace ---
   at Microsoft.EntityFrameworkCore.Update.AffectedCountModificationCommandBatch.ConsumeAsync(RelationalDataReader reader, CancellationToken cancellationToken)
   at Microsoft.EntityFrameworkCore.Update.ReaderModificationCommandBatch.ExecuteAsync(IRelationalConnection connection, CancellationToken cancellationToken)
   at Microsoft.EntityFrameworkCore.Update.ReaderModificationCommandBatch.ExecuteAsync(IRelationalConnection connection, CancellationToken cancellationToken)
   at Microsoft.EntityFrameworkCore.SqlServer.Update.Internal.SqlServerModificationCommandBatch.ExecuteAsync(IRelationalConnection connection, CancellationToken cancellationToken)
   at Microsoft.EntityFrameworkCore.Update.Internal.BatchExecutor.ExecuteAsync(IEnumerable`1 commandBatches, IRelationalConnection connection, CancellationToken cancellationToken)
   at Microsoft.EntityFrameworkCore.Update.Internal.BatchExecutor.ExecuteAsync(IEnumerable`1 commandBatches, IRelationalConnection connection, CancellationToken cancellationToken)
   at Microsoft.EntityFrameworkCore.Update.Internal.BatchExecutor.ExecuteAsync(IEnumerable`1 commandBatches, IRelationalConnection connection, CancellationToken cancellationToken)
   at Microsoft.EntityFrameworkCore.Storage.RelationalDatabase.SaveChangesAsync(IList`1 entries, CancellationToken cancellationToken)
   at Microsoft.EntityFrameworkCore.ChangeTracking.Internal.StateManager.SaveChangesAsync(IList`1 entriesToSave, CancellationToken cancellationToken)
   at Microsoft.EntityFrameworkCore.ChangeTracking.Internal.StateManager.SaveChangesAsync(StateManager stateManager, Boolean acceptAllChangesOnSuccess, CancellationToken cancellationToken)
   at Microsoft.EntityFrameworkCore.SqlServer.Storage.Internal.SqlServerExecutionStrategy.ExecuteAsync[TState,TResult](TState state, Func`4 operation, Func`4 verifySucceeded, CancellationToken cancellationToken)
   at Microsoft.EntityFrameworkCore.DbContext.SaveChangesAsync(Boolean acceptAllChangesOnSuccess, CancellationToken cancellationToken)
2026-06-28 20:36:33.237 +03:00 [ERR] Unhandled exception occurred.
Microsoft.EntityFrameworkCore.DbUpdateException: An error occurred while saving the entity changes. See the inner exception for details.
 ---> Microsoft.Data.SqlClient.SqlException (0x80131904): Cannot insert duplicate key row in object 'dbo.DoctorSchedules' with unique index 'IX_DoctorSchedules_DoctorId_DayOfWeek'. The duplicate key value is (eea5306b-9d0d-474f-b644-e334fdedcbe6, 1).
   at Microsoft.Data.SqlClient.SqlConnection.OnError(SqlException exception, Boolean breakConnection, Action`1 wrapCloseInAction)
   at Microsoft.Data.SqlClient.SqlInternalConnection.OnError(SqlException exception, Boolean breakConnection, Action`1 wrapCloseInAction)
   at Microsoft.Data.SqlClient.TdsParser.ThrowExceptionAndWarning(TdsParserStateObject stateObj, SqlCommand command, Boolean callerHasConnectionLock, Boolean asyncClose)
   at Microsoft.Data.SqlClient.TdsParser.TryRun(RunBehavior runBehavior, SqlCommand cmdHandler, SqlDataReader dataStream, BulkCopySimpleResultSet bulkCopyHandler, TdsParserStateObject stateObj, Boolean& dataReady)
   at Microsoft.Data.SqlClient.SqlDataReader.TryHasMoreRows(Boolean& moreRows)
   at Microsoft.Data.SqlClient.SqlDataReader.TryHasMoreResults(Boolean& moreResults)
   at Microsoft.Data.SqlClient.SqlDataReader.TryNextResult(Boolean& more)
   at Microsoft.Data.SqlClient.SqlDataReader.NextResultAsyncExecute(Task task, Object state)
   at Microsoft.Data.SqlClient.SqlDataReader.InvokeAsyncCall[T](SqlDataReaderBaseAsyncCallContext`1 context)
--- End of stack trace from previous location ---
   at Microsoft.EntityFrameworkCore.Update.AffectedCountModificationCommandBatch.ConsumeAsync(RelationalDataReader reader, CancellationToken cancellationToken)
ClientConnectionId:d47379a9-c2ac-46d8-ab15-0a5f9100792e
Error Number:2601,State:1,Class:14
   --- End of inner exception stack trace ---
   at Microsoft.EntityFrameworkCore.Update.AffectedCountModificationCommandBatch.ConsumeAsync(RelationalDataReader reader, CancellationToken cancellationToken)
   at Microsoft.EntityFrameworkCore.Update.ReaderModificationCommandBatch.ExecuteAsync(IRelationalConnection connection, CancellationToken cancellationToken)
   at Microsoft.EntityFrameworkCore.Update.ReaderModificationCommandBatch.ExecuteAsync(IRelationalConnection connection, CancellationToken cancellationToken)
   at Microsoft.EntityFrameworkCore.SqlServer.Update.Internal.SqlServerModificationCommandBatch.ExecuteAsync(IRelationalConnection connection, CancellationToken cancellationToken)
   at Microsoft.EntityFrameworkCore.Update.Internal.BatchExecutor.ExecuteAsync(IEnumerable`1 commandBatches, IRelationalConnection connection, CancellationToken cancellationToken)
   at Microsoft.EntityFrameworkCore.Update.Internal.BatchExecutor.ExecuteAsync(IEnumerable`1 commandBatches, IRelationalConnection connection, CancellationToken cancellationToken)
   at Microsoft.EntityFrameworkCore.Update.Internal.BatchExecutor.ExecuteAsync(IEnumerable`1 commandBatches, IRelationalConnection connection, CancellationToken cancellationToken)
   at Microsoft.EntityFrameworkCore.Storage.RelationalDatabase.SaveChangesAsync(IList`1 entries, CancellationToken cancellationToken)
   at Microsoft.EntityFrameworkCore.ChangeTracking.Internal.StateManager.SaveChangesAsync(IList`1 entriesToSave, CancellationToken cancellationToken)
   at Microsoft.EntityFrameworkCore.ChangeTracking.Internal.StateManager.SaveChangesAsync(StateManager stateManager, Boolean acceptAllChangesOnSuccess, CancellationToken cancellationToken)
   at Microsoft.EntityFrameworkCore.SqlServer.Storage.Internal.SqlServerExecutionStrategy.ExecuteAsync[TState,TResult](TState state, Func`4 operation, Func`4 verifySucceeded, CancellationToken cancellationToken)
   at Microsoft.EntityFrameworkCore.DbContext.SaveChangesAsync(Boolean acceptAllChangesOnSuccess, CancellationToken cancellationToken)
   at Microsoft.EntityFrameworkCore.DbContext.SaveChangesAsync(Boolean acceptAllChangesOnSuccess, CancellationToken cancellationToken)
   at HospitalSystem.Infrastructure.Repositories.UnitOfWork.SaveChangesAsync(CancellationToken cancellationToken) in G:\DEPI\HospitalSystem.Infrastructure\Repositories\UnitOfWork.cs:line 37
   at HospitalSystem.Application.Services.DoctorService.SetScheduleAsync(Guid doctorId, SetDoctorScheduleRequest request, CancellationToken cancellationToken) in G:\DEPI\HospitalSystem.Application\Services\DoctorService.cs:line 125
   at HospitalSystem.API.Controllers.DoctorsController.SetSchedule(Guid id, SetDoctorScheduleRequest request, CancellationToken cancellationToken) in G:\DEPI\HospitalSystem.API\Controllers\DoctorsController.cs:line 185
   at lambda_method522(Closure, Object)
   at Microsoft.AspNetCore.Mvc.Infrastructure.ActionMethodExecutor.AwaitableObjectResultExecutor.Execute(ActionContext actionContext, IActionResultTypeMapper mapper, ObjectMethodExecutor executor, Object controller, Object[] arguments)
   at Microsoft.AspNetCore.Mvc.Infrastructure.ControllerActionInvoker.<InvokeActionMethodAsync>g__Awaited|12_0(ControllerActionInvoker invoker, ValueTask`1 actionResultValueTask)
   at Microsoft.AspNetCore.Mvc.Infrastructure.ControllerActionInvoker.<InvokeNextActionFilterAsync>g__Awaited|10_0(ControllerActionInvoker invoker, Task lastTask, State next, Scope scope, Object state, Boolean isCompleted)
   at Microsoft.AspNetCore.Mvc.Infrastructure.ControllerActionInvoker.Rethrow(ActionExecutedContextSealed context)
   at Microsoft.AspNetCore.Mvc.Infrastructure.ControllerActionInvoker.Next(State& next, Scope& scope, Object& state, Boolean& isCompleted)
   at Microsoft.AspNetCore.Mvc.Infrastructure.ControllerActionInvoker.<InvokeInnerFilterAsync>g__Awaited|13_0(ControllerActionInvoker invoker, Task lastTask, State next, Scope scope, Object state, Boolean isCompleted)
   at Microsoft.AspNetCore.Mvc.Infrastructure.ResourceInvoker.<InvokeFilterPipelineAsync>g__Awaited|20_0(ResourceInvoker invoker, Task lastTask, State next, Scope scope, Object state, Boolean isCompleted)
   at Microsoft.AspNetCore.Mvc.Infrastructure.ResourceInvoker.<InvokeAsync>g__Awaited|17_0(ResourceInvoker invoker, Task task, IDisposable scope)
   at Microsoft.AspNetCore.Mvc.Infrastructure.ResourceInvoker.<InvokeAsync>g__Awaited|17_0(ResourceInvoker invoker, Task task, IDisposable scope)
   at Microsoft.AspNetCore.Authorization.AuthorizationMiddleware.Invoke(HttpContext context)
   at Microsoft.AspNetCore.Authentication.AuthenticationMiddleware.Invoke(HttpContext context)
   at Swashbuckle.AspNetCore.SwaggerUI.SwaggerUIMiddleware.Invoke(HttpContext httpContext)
   at Swashbuckle.AspNetCore.Swagger.SwaggerMiddleware.Invoke(HttpContext httpContext, ISwaggerProvider swaggerProvider)
   at HospitalSystem.API.Middleware.RequestLoggingMiddleware.InvokeAsync(HttpContext context) in G:\DEPI\HospitalSystem.API\Middleware\RequestLoggingMiddleware.cs:line 19
   at HospitalSystem.API.Middleware.ExceptionHandlingMiddleware.InvokeAsync(HttpContext context) in G:\DEPI\HospitalSystem.API\Middleware\ExceptionHandlingMiddleware.cs:line 24
2026-06-28 20:36:33.376 +03:00 [INF] Executed DbCommand (1ms) [Parameters=[@p='?' (DbType = Guid)], CommandType='"Text"', CommandTimeout='30']
SELECT TOP(1) [d].[Id], [d].[DepartmentId], [d].[FullName], [d].[IsActive], [d].[Phone], [d].[Specialization], [d].[UserId]
FROM [Doctors] AS [d]
WHERE [d].[Id] = @p
2026-06-28 20:36:33.378 +03:00 [INF] Executed DbCommand (1ms) [Parameters=[], CommandType='"Text"', CommandTimeout='30']
SELECT [d].[Id], [d].[AppointmentDurationMinutes], [d].[DayOfWeek], [d].[DoctorId], [d].[EndTime], [d].[IsActive], [d].[StartTime]
FROM [DoctorSchedules] AS [d]
2026-06-28 20:36:33.383 +03:00 [INF] Executed DbCommand (3ms) [Parameters=[@p6='?' (DbType = Guid), @p0='?' (DbType = Int32), @p1='?' (DbType = Int32), @p2='?' (DbType = Guid), @p3='?' (DbType = Time), @p4='?' (DbType = Boolean), @p5='?' (DbType = Time), @p13='?' (DbType = Guid), @p7='?' (DbType = Int32), @p8='?' (DbType = Int32), @p9='?' (DbType = Guid), @p10='?' (DbType = Time), @p11='?' (DbType = Boolean), @p12='?' (DbType = Time), @p20='?' (DbType = Guid), @p14='?' (DbType = Int32), @p15='?' (DbType = Int32), @p16='?' (DbType = Guid), @p17='?' (DbType = Time), @p18='?' (DbType = Boolean), @p19='?' (DbType = Time), @p27='?' (DbType = Guid), @p21='?' (DbType = Int32), @p22='?' (DbType = Int32), @p23='?' (DbType = Guid), @p24='?' (DbType = Time), @p25='?' (DbType = Boolean), @p26='?' (DbType = Time), @p34='?' (DbType = Guid), @p28='?' (DbType = Int32), @p29='?' (DbType = Int32), @p30='?' (DbType = Guid), @p31='?' (DbType = Time), @p32='?' (DbType = Boolean), @p33='?' (DbType = Time), @p35='?' (DbType = Guid), @p36='?' (DbType = Int32), @p37='?' (DbType = Int32), @p38='?' (DbType = Guid), @p39='?' (DbType = Time), @p40='?' (DbType = Boolean), @p41='?' (DbType = Time)], CommandType='"Text"', CommandTimeout='30']
SET NOCOUNT ON;
UPDATE [DoctorSchedules] SET [AppointmentDurationMinutes] = @p0, [DayOfWeek] = @p1, [DoctorId] = @p2, [EndTime] = @p3, [IsActive] = @p4, [StartTime] = @p5
OUTPUT 1
WHERE [Id] = @p6;
UPDATE [DoctorSchedules] SET [AppointmentDurationMinutes] = @p7, [DayOfWeek] = @p8, [DoctorId] = @p9, [EndTime] = @p10, [IsActive] = @p11, [StartTime] = @p12
OUTPUT 1
WHERE [Id] = @p13;
UPDATE [DoctorSchedules] SET [AppointmentDurationMinutes] = @p14, [DayOfWeek] = @p15, [DoctorId] = @p16, [EndTime] = @p17, [IsActive] = @p18, [StartTime] = @p19
OUTPUT 1
WHERE [Id] = @p20;
UPDATE [DoctorSchedules] SET [AppointmentDurationMinutes] = @p21, [DayOfWeek] = @p22, [DoctorId] = @p23, [EndTime] = @p24, [IsActive] = @p25, [StartTime] = @p26
OUTPUT 1
WHERE [Id] = @p27;
UPDATE [DoctorSchedules] SET [AppointmentDurationMinutes] = @p28, [DayOfWeek] = @p29, [DoctorId] = @p30, [EndTime] = @p31, [IsActive] = @p32, [StartTime] = @p33
OUTPUT 1
WHERE [Id] = @p34;
INSERT INTO [DoctorSchedules] ([Id], [AppointmentDurationMinutes], [DayOfWeek], [DoctorId], [EndTime], [IsActive], [StartTime])
VALUES (@p35, @p36, @p37, @p38, @p39, @p40, @p41);
2026-06-28 20:36:33.386 +03:00 [ERR] An exception occurred in the database while saving changes for context type 'HospitalSystem.Infrastructure.Persistence.HospitalDbContext'.
Microsoft.EntityFrameworkCore.DbUpdateException: An error occurred while saving the entity changes. See the inner exception for details.
 ---> Microsoft.Data.SqlClient.SqlException (0x80131904): Cannot insert duplicate key row in object 'dbo.DoctorSchedules' with unique index 'IX_DoctorSchedules_DoctorId_DayOfWeek'. The duplicate key value is (eea5306b-9d0d-474f-b644-e334fdedcbe6, 1).
   at Microsoft.Data.SqlClient.SqlConnection.OnError(SqlException exception, Boolean breakConnection, Action`1 wrapCloseInAction)
   at Microsoft.Data.SqlClient.SqlInternalConnection.OnError(SqlException exception, Boolean breakConnection, Action`1 wrapCloseInAction)
   at Microsoft.Data.SqlClient.TdsParser.ThrowExceptionAndWarning(TdsParserStateObject stateObj, SqlCommand command, Boolean callerHasConnectionLock, Boolean asyncClose)
   at Microsoft.Data.SqlClient.TdsParser.TryRun(RunBehavior runBehavior, SqlCommand cmdHandler, SqlDataReader dataStream, BulkCopySimpleResultSet bulkCopyHandler, TdsParserStateObject stateObj, Boolean& dataReady)
   at Microsoft.Data.SqlClient.SqlDataReader.TryHasMoreRows(Boolean& moreRows)
   at Microsoft.Data.SqlClient.SqlDataReader.TryHasMoreResults(Boolean& moreResults)
   at Microsoft.Data.SqlClient.SqlDataReader.TryNextResult(Boolean& more)
   at Microsoft.Data.SqlClient.SqlDataReader.NextResultAsyncExecute(Task task, Object state)
   at Microsoft.Data.SqlClient.SqlDataReader.InvokeAsyncCall[T](SqlDataReaderBaseAsyncCallContext`1 context)
--- End of stack trace from previous location ---
   at Microsoft.EntityFrameworkCore.Update.AffectedCountModificationCommandBatch.ConsumeAsync(RelationalDataReader reader, CancellationToken cancellationToken)
ClientConnectionId:d47379a9-c2ac-46d8-ab15-0a5f9100792e
Error Number:2601,State:1,Class:14
   --- End of inner exception stack trace ---
   at Microsoft.EntityFrameworkCore.Update.AffectedCountModificationCommandBatch.ConsumeAsync(RelationalDataReader reader, CancellationToken cancellationToken)
   at Microsoft.EntityFrameworkCore.Update.ReaderModificationCommandBatch.ExecuteAsync(IRelationalConnection connection, CancellationToken cancellationToken)
   at Microsoft.EntityFrameworkCore.Update.ReaderModificationCommandBatch.ExecuteAsync(IRelationalConnection connection, CancellationToken cancellationToken)
   at Microsoft.EntityFrameworkCore.SqlServer.Update.Internal.SqlServerModificationCommandBatch.ExecuteAsync(IRelationalConnection connection, CancellationToken cancellationToken)
   at Microsoft.EntityFrameworkCore.Update.Internal.BatchExecutor.ExecuteAsync(IEnumerable`1 commandBatches, IRelationalConnection connection, CancellationToken cancellationToken)
   at Microsoft.EntityFrameworkCore.Update.Internal.BatchExecutor.ExecuteAsync(IEnumerable`1 commandBatches, IRelationalConnection connection, CancellationToken cancellationToken)
   at Microsoft.EntityFrameworkCore.Update.Internal.BatchExecutor.ExecuteAsync(IEnumerable`1 commandBatches, IRelationalConnection connection, CancellationToken cancellationToken)
   at Microsoft.EntityFrameworkCore.Storage.RelationalDatabase.SaveChangesAsync(IList`1 entries, CancellationToken cancellationToken)
   at Microsoft.EntityFrameworkCore.ChangeTracking.Internal.StateManager.SaveChangesAsync(IList`1 entriesToSave, CancellationToken cancellationToken)
   at Microsoft.EntityFrameworkCore.ChangeTracking.Internal.StateManager.SaveChangesAsync(StateManager stateManager, Boolean acceptAllChangesOnSuccess, CancellationToken cancellationToken)
   at Microsoft.EntityFrameworkCore.SqlServer.Storage.Internal.SqlServerExecutionStrategy.ExecuteAsync[TState,TResult](TState state, Func`4 operation, Func`4 verifySucceeded, CancellationToken cancellationToken)
   at Microsoft.EntityFrameworkCore.DbContext.SaveChangesAsync(Boolean acceptAllChangesOnSuccess, CancellationToken cancellationToken)
Microsoft.EntityFrameworkCore.DbUpdateException: An error occurred while saving the entity changes. See the inner exception for details.
 ---> Microsoft.Data.SqlClient.SqlException (0x80131904): Cannot insert duplicate key row in object 'dbo.DoctorSchedules' with unique index 'IX_DoctorSchedules_DoctorId_DayOfWeek'. The duplicate key value is (eea5306b-9d0d-474f-b644-e334fdedcbe6, 1).
   at Microsoft.Data.SqlClient.SqlConnection.OnError(SqlException exception, Boolean breakConnection, Action`1 wrapCloseInAction)
   at Microsoft.Data.SqlClient.SqlInternalConnection.OnError(SqlException exception, Boolean breakConnection, Action`1 wrapCloseInAction)
   at Microsoft.Data.SqlClient.TdsParser.ThrowExceptionAndWarning(TdsParserStateObject stateObj, SqlCommand command, Boolean callerHasConnectionLock, Boolean asyncClose)
   at Microsoft.Data.SqlClient.TdsParser.TryRun(RunBehavior runBehavior, SqlCommand cmdHandler, SqlDataReader dataStream, BulkCopySimpleResultSet bulkCopyHandler, TdsParserStateObject stateObj, Boolean& dataReady)
   at Microsoft.Data.SqlClient.SqlDataReader.TryHasMoreRows(Boolean& moreRows)
   at Microsoft.Data.SqlClient.SqlDataReader.TryHasMoreResults(Boolean& moreResults)
   at Microsoft.Data.SqlClient.SqlDataReader.TryNextResult(Boolean& more)
   at Microsoft.Data.SqlClient.SqlDataReader.NextResultAsyncExecute(Task task, Object state)
   at Microsoft.Data.SqlClient.SqlDataReader.InvokeAsyncCall[T](SqlDataReaderBaseAsyncCallContext`1 context)
--- End of stack trace from previous location ---
   at Microsoft.EntityFrameworkCore.Update.AffectedCountModificationCommandBatch.ConsumeAsync(RelationalDataReader reader, CancellationToken cancellationToken)
ClientConnectionId:d47379a9-c2ac-46d8-ab15-0a5f9100792e
Error Number:2601,State:1,Class:14
   --- End of inner exception stack trace ---
   at Microsoft.EntityFrameworkCore.Update.AffectedCountModificationCommandBatch.ConsumeAsync(RelationalDataReader reader, CancellationToken cancellationToken)
   at Microsoft.EntityFrameworkCore.Update.ReaderModificationCommandBatch.ExecuteAsync(IRelationalConnection connection, CancellationToken cancellationToken)
   at Microsoft.EntityFrameworkCore.Update.ReaderModificationCommandBatch.ExecuteAsync(IRelationalConnection connection, CancellationToken cancellationToken)
   at Microsoft.EntityFrameworkCore.SqlServer.Update.Internal.SqlServerModificationCommandBatch.ExecuteAsync(IRelationalConnection connection, CancellationToken cancellationToken)
   at Microsoft.EntityFrameworkCore.Update.Internal.BatchExecutor.ExecuteAsync(IEnumerable`1 commandBatches, IRelationalConnection connection, CancellationToken cancellationToken)
   at Microsoft.EntityFrameworkCore.Update.Internal.BatchExecutor.ExecuteAsync(IEnumerable`1 commandBatches, IRelationalConnection connection, CancellationToken cancellationToken)
   at Microsoft.EntityFrameworkCore.Update.Internal.BatchExecutor.ExecuteAsync(IEnumerable`1 commandBatches, IRelationalConnection connection, CancellationToken cancellationToken)
   at Microsoft.EntityFrameworkCore.Storage.RelationalDatabase.SaveChangesAsync(IList`1 entries, CancellationToken cancellationToken)
   at Microsoft.EntityFrameworkCore.ChangeTracking.Internal.StateManager.SaveChangesAsync(IList`1 entriesToSave, CancellationToken cancellationToken)
   at Microsoft.EntityFrameworkCore.ChangeTracking.Internal.StateManager.SaveChangesAsync(StateManager stateManager, Boolean acceptAllChangesOnSuccess, CancellationToken cancellationToken)
   at Microsoft.EntityFrameworkCore.SqlServer.Storage.Internal.SqlServerExecutionStrategy.ExecuteAsync[TState,TResult](TState state, Func`4 operation, Func`4 verifySucceeded, CancellationToken cancellationToken)
   at Microsoft.EntityFrameworkCore.DbContext.SaveChangesAsync(Boolean acceptAllChangesOnSuccess, CancellationToken cancellationToken)
2026-06-28 20:36:33.390 +03:00 [ERR] Unhandled exception occurred.
Microsoft.EntityFrameworkCore.DbUpdateException: An error occurred while saving the entity changes. See the inner exception for details.
 ---> Microsoft.Data.SqlClient.SqlException (0x80131904): Cannot insert duplicate key row in object 'dbo.DoctorSchedules' with unique index 'IX_DoctorSchedules_DoctorId_DayOfWeek'. The duplicate key value is (eea5306b-9d0d-474f-b644-e334fdedcbe6, 1).
   at Microsoft.Data.SqlClient.SqlConnection.OnError(SqlException exception, Boolean breakConnection, Action`1 wrapCloseInAction)
   at Microsoft.Data.SqlClient.SqlInternalConnection.OnError(SqlException exception, Boolean breakConnection, Action`1 wrapCloseInAction)
   at Microsoft.Data.SqlClient.TdsParser.ThrowExceptionAndWarning(TdsParserStateObject stateObj, SqlCommand command, Boolean callerHasConnectionLock, Boolean asyncClose)
   at Microsoft.Data.SqlClient.TdsParser.TryRun(RunBehavior runBehavior, SqlCommand cmdHandler, SqlDataReader dataStream, BulkCopySimpleResultSet bulkCopyHandler, TdsParserStateObject stateObj, Boolean& dataReady)
   at Microsoft.Data.SqlClient.SqlDataReader.TryHasMoreRows(Boolean& moreRows)
   at Microsoft.Data.SqlClient.SqlDataReader.TryHasMoreResults(Boolean& moreResults)
   at Microsoft.Data.SqlClient.SqlDataReader.TryNextResult(Boolean& more)
   at Microsoft.Data.SqlClient.SqlDataReader.NextResultAsyncExecute(Task task, Object state)
   at Microsoft.Data.SqlClient.SqlDataReader.InvokeAsyncCall[T](SqlDataReaderBaseAsyncCallContext`1 context)
--- End of stack trace from previous location ---
   at Microsoft.EntityFrameworkCore.Update.AffectedCountModificationCommandBatch.ConsumeAsync(RelationalDataReader reader, CancellationToken cancellationToken)
ClientConnectionId:d47379a9-c2ac-46d8-ab15-0a5f9100792e
Error Number:2601,State:1,Class:14
   --- End of inner exception stack trace ---
   at Microsoft.EntityFrameworkCore.Update.AffectedCountModificationCommandBatch.ConsumeAsync(RelationalDataReader reader, CancellationToken cancellationToken)
   at Microsoft.EntityFrameworkCore.Update.ReaderModificationCommandBatch.ExecuteAsync(IRelationalConnection connection, CancellationToken cancellationToken)
   at Microsoft.EntityFrameworkCore.Update.ReaderModificationCommandBatch.ExecuteAsync(IRelationalConnection connection, CancellationToken cancellationToken)
   at Microsoft.EntityFrameworkCore.SqlServer.Update.Internal.SqlServerModificationCommandBatch.ExecuteAsync(IRelationalConnection connection, CancellationToken cancellationToken)
   at Microsoft.EntityFrameworkCore.Update.Internal.BatchExecutor.ExecuteAsync(IEnumerable`1 commandBatches, IRelationalConnection connection, CancellationToken cancellationToken)
   at Microsoft.EntityFrameworkCore.Update.Internal.BatchExecutor.ExecuteAsync(IEnumerable`1 commandBatches, IRelationalConnection connection, CancellationToken cancellationToken)
   at Microsoft.EntityFrameworkCore.Update.Internal.BatchExecutor.ExecuteAsync(IEnumerable`1 commandBatches, IRelationalConnection connection, CancellationToken cancellationToken)
   at Microsoft.EntityFrameworkCore.Storage.RelationalDatabase.SaveChangesAsync(IList`1 entries, CancellationToken cancellationToken)
   at Microsoft.EntityFrameworkCore.ChangeTracking.Internal.StateManager.SaveChangesAsync(IList`1 entriesToSave, CancellationToken cancellationToken)
   at Microsoft.EntityFrameworkCore.ChangeTracking.Internal.StateManager.SaveChangesAsync(StateManager stateManager, Boolean acceptAllChangesOnSuccess, CancellationToken cancellationToken)
   at Microsoft.EntityFrameworkCore.SqlServer.Storage.Internal.SqlServerExecutionStrategy.ExecuteAsync[TState,TResult](TState state, Func`4 operation, Func`4 verifySucceeded, CancellationToken cancellationToken)
   at Microsoft.EntityFrameworkCore.DbContext.SaveChangesAsync(Boolean acceptAllChangesOnSuccess, CancellationToken cancellationToken)
   at Microsoft.EntityFrameworkCore.DbContext.SaveChangesAsync(Boolean acceptAllChangesOnSuccess, CancellationToken cancellationToken)
   at HospitalSystem.Infrastructure.Repositories.UnitOfWork.SaveChangesAsync(CancellationToken cancellationToken) in G:\DEPI\HospitalSystem.Infrastructure\Repositories\UnitOfWork.cs:line 37
   at HospitalSystem.Application.Services.DoctorService.SetScheduleAsync(Guid doctorId, SetDoctorScheduleRequest request, CancellationToken cancellationToken) in G:\DEPI\HospitalSystem.Application\Services\DoctorService.cs:line 125
   at HospitalSystem.API.Controllers.DoctorsController.SetSchedule(Guid id, SetDoctorScheduleRequest request, CancellationToken cancellationToken) in G:\DEPI\HospitalSystem.API\Controllers\DoctorsController.cs:line 185
   at lambda_method522(Closure, Object)
   at Microsoft.AspNetCore.Mvc.Infrastructure.ActionMethodExecutor.AwaitableObjectResultExecutor.Execute(ActionContext actionContext, IActionResultTypeMapper mapper, ObjectMethodExecutor executor, Object controller, Object[] arguments)
   at Microsoft.AspNetCore.Mvc.Infrastructure.ControllerActionInvoker.<InvokeActionMethodAsync>g__Awaited|12_0(ControllerActionInvoker invoker, ValueTask`1 actionResultValueTask)
   at Microsoft.AspNetCore.Mvc.Infrastructure.ControllerActionInvoker.<InvokeNextActionFilterAsync>g__Awaited|10_0(ControllerActionInvoker invoker, Task lastTask, State next, Scope scope, Object state, Boolean isCompleted)
   at Microsoft.AspNetCore.Mvc.Infrastructure.ControllerActionInvoker.Rethrow(ActionExecutedContextSealed context)
   at Microsoft.AspNetCore.Mvc.Infrastructure.ControllerActionInvoker.Next(State& next, Scope& scope, Object& state, Boolean& isCompleted)
   at Microsoft.AspNetCore.Mvc.Infrastructure.ControllerActionInvoker.<InvokeInnerFilterAsync>g__Awaited|13_0(ControllerActionInvoker invoker, Task lastTask, State next, Scope scope, Object state, Boolean isCompleted)
   at Microsoft.AspNetCore.Mvc.Infrastructure.ResourceInvoker.<InvokeFilterPipelineAsync>g__Awaited|20_0(ResourceInvoker invoker, Task lastTask, State next, Scope scope, Object state, Boolean isCompleted)
   at Microsoft.AspNetCore.Mvc.Infrastructure.ResourceInvoker.<InvokeAsync>g__Awaited|17_0(ResourceInvoker invoker, Task task, IDisposable scope)
   at Microsoft.AspNetCore.Mvc.Infrastructure.ResourceInvoker.<InvokeAsync>g__Awaited|17_0(ResourceInvoker invoker, Task task, IDisposable scope)
   at Microsoft.AspNetCore.Authorization.AuthorizationMiddleware.Invoke(HttpContext context)
   at Microsoft.AspNetCore.Authentication.AuthenticationMiddleware.Invoke(HttpContext context)
   at Swashbuckle.AspNetCore.SwaggerUI.SwaggerUIMiddleware.Invoke(HttpContext httpContext)
   at Swashbuckle.AspNetCore.Swagger.SwaggerMiddleware.Invoke(HttpContext httpContext, ISwaggerProvider swaggerProvider)
   at HospitalSystem.API.Middleware.RequestLoggingMiddleware.InvokeAsync(HttpContext context) in G:\DEPI\HospitalSystem.API\Middleware\RequestLoggingMiddleware.cs:line 19
   at HospitalSystem.API.Middleware.ExceptionHandlingMiddleware.InvokeAsync(HttpContext context) in G:\DEPI\HospitalSystem.API\Middleware\ExceptionHandlingMiddleware.cs:line 24
2026-06-28 20:36:33.598 +03:00 [INF] Executed DbCommand (1ms) [Parameters=[@p='?' (DbType = Guid)], CommandType='"Text"', CommandTimeout='30']
SELECT TOP(1) [d].[Id], [d].[DepartmentId], [d].[FullName], [d].[IsActive], [d].[Phone], [d].[Specialization], [d].[UserId]
FROM [Doctors] AS [d]
WHERE [d].[Id] = @p
2026-06-28 20:36:33.600 +03:00 [INF] Executed DbCommand (1ms) [Parameters=[], CommandType='"Text"', CommandTimeout='30']
SELECT [d].[Id], [d].[AppointmentDurationMinutes], [d].[DayOfWeek], [d].[DoctorId], [d].[EndTime], [d].[IsActive], [d].[StartTime]
FROM [DoctorSchedules] AS [d]
2026-06-28 20:36:33.603 +03:00 [INF] Executed DbCommand (2ms) [Parameters=[@p6='?' (DbType = Guid), @p0='?' (DbType = Int32), @p1='?' (DbType = Int32), @p2='?' (DbType = Guid), @p3='?' (DbType = Time), @p4='?' (DbType = Boolean), @p5='?' (DbType = Time), @p13='?' (DbType = Guid), @p7='?' (DbType = Int32), @p8='?' (DbType = Int32), @p9='?' (DbType = Guid), @p10='?' (DbType = Time), @p11='?' (DbType = Boolean), @p12='?' (DbType = Time), @p20='?' (DbType = Guid), @p14='?' (DbType = Int32), @p15='?' (DbType = Int32), @p16='?' (DbType = Guid), @p17='?' (DbType = Time), @p18='?' (DbType = Boolean), @p19='?' (DbType = Time), @p27='?' (DbType = Guid), @p21='?' (DbType = Int32), @p22='?' (DbType = Int32), @p23='?' (DbType = Guid), @p24='?' (DbType = Time), @p25='?' (DbType = Boolean), @p26='?' (DbType = Time), @p34='?' (DbType = Guid), @p28='?' (DbType = Int32), @p29='?' (DbType = Int32), @p30='?' (DbType = Guid), @p31='?' (DbType = Time), @p32='?' (DbType = Boolean), @p33='?' (DbType = Time), @p35='?' (DbType = Guid), @p36='?' (DbType = Int32), @p37='?' (DbType = Int32), @p38='?' (DbType = Guid), @p39='?' (DbType = Time), @p40='?' (DbType = Boolean), @p41='?' (DbType = Time)], CommandType='"Text"', CommandTimeout='30']
SET NOCOUNT ON;
UPDATE [DoctorSchedules] SET [AppointmentDurationMinutes] = @p0, [DayOfWeek] = @p1, [DoctorId] = @p2, [EndTime] = @p3, [IsActive] = @p4, [StartTime] = @p5
OUTPUT 1
WHERE [Id] = @p6;
UPDATE [DoctorSchedules] SET [AppointmentDurationMinutes] = @p7, [DayOfWeek] = @p8, [DoctorId] = @p9, [EndTime] = @p10, [IsActive] = @p11, [StartTime] = @p12
OUTPUT 1
WHERE [Id] = @p13;
UPDATE [DoctorSchedules] SET [AppointmentDurationMinutes] = @p14, [DayOfWeek] = @p15, [DoctorId] = @p16, [EndTime] = @p17, [IsActive] = @p18, [StartTime] = @p19
OUTPUT 1
WHERE [Id] = @p20;
UPDATE [DoctorSchedules] SET [AppointmentDurationMinutes] = @p21, [DayOfWeek] = @p22, [DoctorId] = @p23, [EndTime] = @p24, [IsActive] = @p25, [StartTime] = @p26
OUTPUT 1
WHERE [Id] = @p27;
UPDATE [DoctorSchedules] SET [AppointmentDurationMinutes] = @p28, [DayOfWeek] = @p29, [DoctorId] = @p30, [EndTime] = @p31, [IsActive] = @p32, [StartTime] = @p33
OUTPUT 1
WHERE [Id] = @p34;
INSERT INTO [DoctorSchedules] ([Id], [AppointmentDurationMinutes], [DayOfWeek], [DoctorId], [EndTime], [IsActive], [StartTime])
VALUES (@p35, @p36, @p37, @p38, @p39, @p40, @p41);
2026-06-28 20:36:33.605 +03:00 [ERR] An exception occurred in the database while saving changes for context type 'HospitalSystem.Infrastructure.Persistence.HospitalDbContext'.
Microsoft.EntityFrameworkCore.DbUpdateException: An error occurred while saving the entity changes. See the inner exception for details.
 ---> Microsoft.Data.SqlClient.SqlException (0x80131904): Cannot insert duplicate key row in object 'dbo.DoctorSchedules' with unique index 'IX_DoctorSchedules_DoctorId_DayOfWeek'. The duplicate key value is (eea5306b-9d0d-474f-b644-e334fdedcbe6, 1).
   at Microsoft.Data.SqlClient.SqlConnection.OnError(SqlException exception, Boolean breakConnection, Action`1 wrapCloseInAction)
   at Microsoft.Data.SqlClient.SqlInternalConnection.OnError(SqlException exception, Boolean breakConnection, Action`1 wrapCloseInAction)
   at Microsoft.Data.SqlClient.TdsParser.ThrowExceptionAndWarning(TdsParserStateObject stateObj, SqlCommand command, Boolean callerHasConnectionLock, Boolean asyncClose)
   at Microsoft.Data.SqlClient.TdsParser.TryRun(RunBehavior runBehavior, SqlCommand cmdHandler, SqlDataReader dataStream, BulkCopySimpleResultSet bulkCopyHandler, TdsParserStateObject stateObj, Boolean& dataReady)
   at Microsoft.Data.SqlClient.SqlDataReader.TryHasMoreRows(Boolean& moreRows)
   at Microsoft.Data.SqlClient.SqlDataReader.TryHasMoreResults(Boolean& moreResults)
   at Microsoft.Data.SqlClient.SqlDataReader.TryNextResult(Boolean& more)
   at Microsoft.Data.SqlClient.SqlDataReader.NextResultAsyncExecute(Task task, Object state)
   at Microsoft.Data.SqlClient.SqlDataReader.InvokeAsyncCall[T](SqlDataReaderBaseAsyncCallContext`1 context)
--- End of stack trace from previous location ---
   at Microsoft.EntityFrameworkCore.Update.AffectedCountModificationCommandBatch.ConsumeAsync(RelationalDataReader reader, CancellationToken cancellationToken)
ClientConnectionId:d47379a9-c2ac-46d8-ab15-0a5f9100792e
Error Number:2601,State:1,Class:14
   --- End of inner exception stack trace ---
   at Microsoft.EntityFrameworkCore.Update.AffectedCountModificationCommandBatch.ConsumeAsync(RelationalDataReader reader, CancellationToken cancellationToken)
   at Microsoft.EntityFrameworkCore.Update.ReaderModificationCommandBatch.ExecuteAsync(IRelationalConnection connection, CancellationToken cancellationToken)
   at Microsoft.EntityFrameworkCore.Update.ReaderModificationCommandBatch.ExecuteAsync(IRelationalConnection connection, CancellationToken cancellationToken)
   at Microsoft.EntityFrameworkCore.SqlServer.Update.Internal.SqlServerModificationCommandBatch.ExecuteAsync(IRelationalConnection connection, CancellationToken cancellationToken)
   at Microsoft.EntityFrameworkCore.Update.Internal.BatchExecutor.ExecuteAsync(IEnumerable`1 commandBatches, IRelationalConnection connection, CancellationToken cancellationToken)
   at Microsoft.EntityFrameworkCore.Update.Internal.BatchExecutor.ExecuteAsync(IEnumerable`1 commandBatches, IRelationalConnection connection, CancellationToken cancellationToken)
   at Microsoft.EntityFrameworkCore.Update.Internal.BatchExecutor.ExecuteAsync(IEnumerable`1 commandBatches, IRelationalConnection connection, CancellationToken cancellationToken)
   at Microsoft.EntityFrameworkCore.Storage.RelationalDatabase.SaveChangesAsync(IList`1 entries, CancellationToken cancellationToken)
   at Microsoft.EntityFrameworkCore.ChangeTracking.Internal.StateManager.SaveChangesAsync(IList`1 entriesToSave, CancellationToken cancellationToken)
   at Microsoft.EntityFrameworkCore.ChangeTracking.Internal.StateManager.SaveChangesAsync(StateManager stateManager, Boolean acceptAllChangesOnSuccess, CancellationToken cancellationToken)
   at Microsoft.EntityFrameworkCore.SqlServer.Storage.Internal.SqlServerExecutionStrategy.ExecuteAsync[TState,TResult](TState state, Func`4 operation, Func`4 verifySucceeded, CancellationToken cancellationToken)
   at Microsoft.EntityFrameworkCore.DbContext.SaveChangesAsync(Boolean acceptAllChangesOnSuccess, CancellationToken cancellationToken)
Microsoft.EntityFrameworkCore.DbUpdateException: An error occurred while saving the entity changes. See the inner exception for details.
 ---> Microsoft.Data.SqlClient.SqlException (0x80131904): Cannot insert duplicate key row in object 'dbo.DoctorSchedules' with unique index 'IX_DoctorSchedules_DoctorId_DayOfWeek'. The duplicate key value is (eea5306b-9d0d-474f-b644-e334fdedcbe6, 1).
   at Microsoft.Data.SqlClient.SqlConnection.OnError(SqlException exception, Boolean breakConnection, Action`1 wrapCloseInAction)
   at Microsoft.Data.SqlClient.SqlInternalConnection.OnError(SqlException exception, Boolean breakConnection, Action`1 wrapCloseInAction)
   at Microsoft.Data.SqlClient.TdsParser.ThrowExceptionAndWarning(TdsParserStateObject stateObj, SqlCommand command, Boolean callerHasConnectionLock, Boolean asyncClose)
   at Microsoft.Data.SqlClient.TdsParser.TryRun(RunBehavior runBehavior, SqlCommand cmdHandler, SqlDataReader dataStream, BulkCopySimpleResultSet bulkCopyHandler, TdsParserStateObject stateObj, Boolean& dataReady)
   at Microsoft.Data.SqlClient.SqlDataReader.TryHasMoreRows(Boolean& moreRows)
   at Microsoft.Data.SqlClient.SqlDataReader.TryHasMoreResults(Boolean& moreResults)
   at Microsoft.Data.SqlClient.SqlDataReader.TryNextResult(Boolean& more)
   at Microsoft.Data.SqlClient.SqlDataReader.NextResultAsyncExecute(Task task, Object state)
   at Microsoft.Data.SqlClient.SqlDataReader.InvokeAsyncCall[T](SqlDataReaderBaseAsyncCallContext`1 context)
--- End of stack trace from previous location ---
   at Microsoft.EntityFrameworkCore.Update.AffectedCountModificationCommandBatch.ConsumeAsync(RelationalDataReader reader, CancellationToken cancellationToken)
ClientConnectionId:d47379a9-c2ac-46d8-ab15-0a5f9100792e
Error Number:2601,State:1,Class:14
   --- End of inner exception stack trace ---
   at Microsoft.EntityFrameworkCore.Update.AffectedCountModificationCommandBatch.ConsumeAsync(RelationalDataReader reader, CancellationToken cancellationToken)
   at Microsoft.EntityFrameworkCore.Update.ReaderModificationCommandBatch.ExecuteAsync(IRelationalConnection connection, CancellationToken cancellationToken)
   at Microsoft.EntityFrameworkCore.Update.ReaderModificationCommandBatch.ExecuteAsync(IRelationalConnection connection, CancellationToken cancellationToken)
   at Microsoft.EntityFrameworkCore.SqlServer.Update.Internal.SqlServerModificationCommandBatch.ExecuteAsync(IRelationalConnection connection, CancellationToken cancellationToken)
   at Microsoft.EntityFrameworkCore.Update.Internal.BatchExecutor.ExecuteAsync(IEnumerable`1 commandBatches, IRelationalConnection connection, CancellationToken cancellationToken)
   at Microsoft.EntityFrameworkCore.Update.Internal.BatchExecutor.ExecuteAsync(IEnumerable`1 commandBatches, IRelationalConnection connection, CancellationToken cancellationToken)
   at Microsoft.EntityFrameworkCore.Update.Internal.BatchExecutor.ExecuteAsync(IEnumerable`1 commandBatches, IRelationalConnection connection, CancellationToken cancellationToken)
   at Microsoft.EntityFrameworkCore.Storage.RelationalDatabase.SaveChangesAsync(IList`1 entries, CancellationToken cancellationToken)
   at Microsoft.EntityFrameworkCore.ChangeTracking.Internal.StateManager.SaveChangesAsync(IList`1 entriesToSave, CancellationToken cancellationToken)
   at Microsoft.EntityFrameworkCore.ChangeTracking.Internal.StateManager.SaveChangesAsync(StateManager stateManager, Boolean acceptAllChangesOnSuccess, CancellationToken cancellationToken)
   at Microsoft.EntityFrameworkCore.SqlServer.Storage.Internal.SqlServerExecutionStrategy.ExecuteAsync[TState,TResult](TState state, Func`4 operation, Func`4 verifySucceeded, CancellationToken cancellationToken)
   at Microsoft.EntityFrameworkCore.DbContext.SaveChangesAsync(Boolean acceptAllChangesOnSuccess, CancellationToken cancellationToken)
2026-06-28 20:36:33.607 +03:00 [ERR] Unhandled exception occurred.
Microsoft.EntityFrameworkCore.DbUpdateException: An error occurred while saving the entity changes. See the inner exception for details.
 ---> Microsoft.Data.SqlClient.SqlException (0x80131904): Cannot insert duplicate key row in object 'dbo.DoctorSchedules' with unique index 'IX_DoctorSchedules_DoctorId_DayOfWeek'. The duplicate key value is (eea5306b-9d0d-474f-b644-e334fdedcbe6, 1).
   at Microsoft.Data.SqlClient.SqlConnection.OnError(SqlException exception, Boolean breakConnection, Action`1 wrapCloseInAction)
   at Microsoft.Data.SqlClient.SqlInternalConnection.OnError(SqlException exception, Boolean breakConnection, Action`1 wrapCloseInAction)
   at Microsoft.Data.SqlClient.TdsParser.ThrowExceptionAndWarning(TdsParserStateObject stateObj, SqlCommand command, Boolean callerHasConnectionLock, Boolean asyncClose)
   at Microsoft.Data.SqlClient.TdsParser.TryRun(RunBehavior runBehavior, SqlCommand cmdHandler, SqlDataReader dataStream, BulkCopySimpleResultSet bulkCopyHandler, TdsParserStateObject stateObj, Boolean& dataReady)
   at Microsoft.Data.SqlClient.SqlDataReader.TryHasMoreRows(Boolean& moreRows)
   at Microsoft.Data.SqlClient.SqlDataReader.TryHasMoreResults(Boolean& moreResults)
   at Microsoft.Data.SqlClient.SqlDataReader.TryNextResult(Boolean& more)
   at Microsoft.Data.SqlClient.SqlDataReader.NextResultAsyncExecute(Task task, Object state)
   at Microsoft.Data.SqlClient.SqlDataReader.InvokeAsyncCall[T](SqlDataReaderBaseAsyncCallContext`1 context)
--- End of stack trace from previous location ---
   at Microsoft.EntityFrameworkCore.Update.AffectedCountModificationCommandBatch.ConsumeAsync(RelationalDataReader reader, CancellationToken cancellationToken)
ClientConnectionId:d47379a9-c2ac-46d8-ab15-0a5f9100792e
Error Number:2601,State:1,Class:14
   --- End of inner exception stack trace ---
   at Microsoft.EntityFrameworkCore.Update.AffectedCountModificationCommandBatch.ConsumeAsync(RelationalDataReader reader, CancellationToken cancellationToken)
   at Microsoft.EntityFrameworkCore.Update.ReaderModificationCommandBatch.ExecuteAsync(IRelationalConnection connection, CancellationToken cancellationToken)
   at Microsoft.EntityFrameworkCore.Update.ReaderModificationCommandBatch.ExecuteAsync(IRelationalConnection connection, CancellationToken cancellationToken)
   at Microsoft.EntityFrameworkCore.SqlServer.Update.Internal.SqlServerModificationCommandBatch.ExecuteAsync(IRelationalConnection connection, CancellationToken cancellationToken)
   at Microsoft.EntityFrameworkCore.Update.Internal.BatchExecutor.ExecuteAsync(IEnumerable`1 commandBatches, IRelationalConnection connection, CancellationToken cancellationToken)
   at Microsoft.EntityFrameworkCore.Update.Internal.BatchExecutor.ExecuteAsync(IEnumerable`1 commandBatches, IRelationalConnection connection, CancellationToken cancellationToken)
   at Microsoft.EntityFrameworkCore.Update.Internal.BatchExecutor.ExecuteAsync(IEnumerable`1 commandBatches, IRelationalConnection connection, CancellationToken cancellationToken)
   at Microsoft.EntityFrameworkCore.Storage.RelationalDatabase.SaveChangesAsync(IList`1 entries, CancellationToken cancellationToken)
   at Microsoft.EntityFrameworkCore.ChangeTracking.Internal.StateManager.SaveChangesAsync(IList`1 entriesToSave, CancellationToken cancellationToken)
   at Microsoft.EntityFrameworkCore.ChangeTracking.Internal.StateManager.SaveChangesAsync(StateManager stateManager, Boolean acceptAllChangesOnSuccess, CancellationToken cancellationToken)
   at Microsoft.EntityFrameworkCore.SqlServer.Storage.Internal.SqlServerExecutionStrategy.ExecuteAsync[TState,TResult](TState state, Func`4 operation, Func`4 verifySucceeded, CancellationToken cancellationToken)
   at Microsoft.EntityFrameworkCore.DbContext.SaveChangesAsync(Boolean acceptAllChangesOnSuccess, CancellationToken cancellationToken)
   at Microsoft.EntityFrameworkCore.DbContext.SaveChangesAsync(Boolean acceptAllChangesOnSuccess, CancellationToken cancellationToken)
   at HospitalSystem.Infrastructure.Repositories.UnitOfWork.SaveChangesAsync(CancellationToken cancellationToken) in G:\DEPI\HospitalSystem.Infrastructure\Repositories\UnitOfWork.cs:line 37
   at HospitalSystem.Application.Services.DoctorService.SetScheduleAsync(Guid doctorId, SetDoctorScheduleRequest request, CancellationToken cancellationToken) in G:\DEPI\HospitalSystem.Application\Services\DoctorService.cs:line 125
   at HospitalSystem.API.Controllers.DoctorsController.SetSchedule(Guid id, SetDoctorScheduleRequest request, CancellationToken cancellationToken) in G:\DEPI\HospitalSystem.API\Controllers\DoctorsController.cs:line 185
   at lambda_method522(Closure, Object)
   at Microsoft.AspNetCore.Mvc.Infrastructure.ActionMethodExecutor.AwaitableObjectResultExecutor.Execute(ActionContext actionContext, IActionResultTypeMapper mapper, ObjectMethodExecutor executor, Object controller, Object[] arguments)
   at Microsoft.AspNetCore.Mvc.Infrastructure.ControllerActionInvoker.<InvokeActionMethodAsync>g__Awaited|12_0(ControllerActionInvoker invoker, ValueTask`1 actionResultValueTask)
   at Microsoft.AspNetCore.Mvc.Infrastructure.ControllerActionInvoker.<InvokeNextActionFilterAsync>g__Awaited|10_0(ControllerActionInvoker invoker, Task lastTask, State next, Scope scope, Object state, Boolean isCompleted)
   at Microsoft.AspNetCore.Mvc.Infrastructure.ControllerActionInvoker.Rethrow(ActionExecutedContextSealed context)
   at Microsoft.AspNetCore.Mvc.Infrastructure.ControllerActionInvoker.Next(State& next, Scope& scope, Object& state, Boolean& isCompleted)
   at Microsoft.AspNetCore.Mvc.Infrastructure.ControllerActionInvoker.<InvokeInnerFilterAsync>g__Awaited|13_0(ControllerActionInvoker invoker, Task lastTask, State next, Scope scope, Object state, Boolean isCompleted)
   at Microsoft.AspNetCore.Mvc.Infrastructure.ResourceInvoker.<InvokeFilterPipelineAsync>g__Awaited|20_0(ResourceInvoker invoker, Task lastTask, State next, Scope scope, Object state, Boolean isCompleted)
   at Microsoft.AspNetCore.Mvc.Infrastructure.ResourceInvoker.<InvokeAsync>g__Awaited|17_0(ResourceInvoker invoker, Task task, IDisposable scope)
   at Microsoft.AspNetCore.Mvc.Infrastructure.ResourceInvoker.<InvokeAsync>g__Awaited|17_0(ResourceInvoker invoker, Task task, IDisposable scope)
   at Microsoft.AspNetCore.Authorization.AuthorizationMiddleware.Invoke(HttpContext context)
   at Microsoft.AspNetCore.Authentication.AuthenticationMiddleware.Invoke(HttpContext context)
   at Swashbuckle.AspNetCore.SwaggerUI.SwaggerUIMiddleware.Invoke(HttpContext httpContext)
   at Swashbuckle.AspNetCore.Swagger.SwaggerMiddleware.Invoke(HttpContext httpContext, ISwaggerProvider swaggerProvider)
   at HospitalSystem.API.Middleware.RequestLoggingMiddleware.InvokeAsync(HttpContext context) in G:\DEPI\HospitalSystem.API\Middleware\RequestLoggingMiddleware.cs:line 19
   at HospitalSystem.API.Middleware.ExceptionHandlingMiddleware.InvokeAsync(HttpContext context) in G:\DEPI\HospitalSystem.API\Middleware\ExceptionHandlingMiddleware.cs:line 24
2026-06-28 20:37:17.126 +03:00 [INF] HTTP OPTIONS /api/doctors responded 204 in 0ms
2026-06-28 20:37:17.136 +03:00 [INF] HTTP OPTIONS /api/doctors/eea5306b-9d0d-474f-b644-e334fdedcbe6/schedule responded 204 in 0ms
2026-06-28 20:37:17.146 +03:00 [INF] Executed DbCommand (2ms) [Parameters=[], CommandType='"Text"', CommandTimeout='30']
SELECT [d].[Id], [d].[DepartmentId], [d].[FullName], [d].[IsActive], [d].[Phone], [d].[Specialization], [d].[UserId]
FROM [Doctors] AS [d]
2026-06-28 20:37:17.150 +03:00 [INF] Executed DbCommand (2ms) [Parameters=[@p='?' (DbType = Guid)], CommandType='"Text"', CommandTimeout='30']
SELECT TOP(1) [d].[Id], [d].[Description], [d].[IsActive], [d].[Name]
FROM [Departments] AS [d]
WHERE [d].[Id] = @p
2026-06-28 20:37:17.151 +03:00 [INF] Executed DbCommand (3ms) [Parameters=[@p='?' (DbType = Guid)], CommandType='"Text"', CommandTimeout='30']
SELECT TOP(1) [d].[Id], [d].[DepartmentId], [d].[FullName], [d].[IsActive], [d].[Phone], [d].[Specialization], [d].[UserId]
FROM [Doctors] AS [d]
WHERE [d].[Id] = @p
2026-06-28 20:37:17.153 +03:00 [INF] Executed DbCommand (1ms) [Parameters=[@p='?' (DbType = Guid)], CommandType='"Text"', CommandTimeout='30']
SELECT TOP(1) [d].[Id], [d].[Description], [d].[IsActive], [d].[Name]
FROM [Departments] AS [d]
WHERE [d].[Id] = @p
2026-06-28 20:37:17.154 +03:00 [INF] Executed DbCommand (2ms) [Parameters=[], CommandType='"Text"', CommandTimeout='30']
SELECT [d].[Id], [d].[AppointmentDurationMinutes], [d].[DayOfWeek], [d].[DoctorId], [d].[EndTime], [d].[IsActive], [d].[StartTime]
FROM [DoctorSchedules] AS [d]
2026-06-28 20:37:17.155 +03:00 [INF] HTTP GET /api/doctors responded 200 in 13ms
2026-06-28 20:37:17.155 +03:00 [INF] HTTP GET /api/doctors/eea5306b-9d0d-474f-b644-e334fdedcbe6/schedule responded 200 in 10ms
2026-06-28 20:37:57.289 +03:00 [INF] HTTP OPTIONS /api/doctors responded 204 in 0ms
2026-06-28 20:37:57.294 +03:00 [INF] HTTP OPTIONS /api/doctors/eea5306b-9d0d-474f-b644-e334fdedcbe6/schedule responded 204 in 0ms
2026-06-28 20:37:57.306 +03:00 [INF] Executed DbCommand (1ms) [Parameters=[], CommandType='"Text"', CommandTimeout='30']
SELECT [d].[Id], [d].[DepartmentId], [d].[FullName], [d].[IsActive], [d].[Phone], [d].[Specialization], [d].[UserId]
FROM [Doctors] AS [d]
2026-06-28 20:37:57.306 +03:00 [INF] Executed DbCommand (1ms) [Parameters=[@p='?' (DbType = Guid)], CommandType='"Text"', CommandTimeout='30']
SELECT TOP(1) [d].[Id], [d].[DepartmentId], [d].[FullName], [d].[IsActive], [d].[Phone], [d].[Specialization], [d].[UserId]
FROM [Doctors] AS [d]
WHERE [d].[Id] = @p
2026-06-28 20:37:57.308 +03:00 [INF] Executed DbCommand (1ms) [Parameters=[@p='?' (DbType = Guid)], CommandType='"Text"', CommandTimeout='30']
SELECT TOP(1) [d].[Id], [d].[Description], [d].[IsActive], [d].[Name]
FROM [Departments] AS [d]
WHERE [d].[Id] = @p
2026-06-28 20:37:57.308 +03:00 [INF] Executed DbCommand (1ms) [Parameters=[], CommandType='"Text"', CommandTimeout='30']
SELECT [d].[Id], [d].[AppointmentDurationMinutes], [d].[DayOfWeek], [d].[DoctorId], [d].[EndTime], [d].[IsActive], [d].[StartTime]
FROM [DoctorSchedules] AS [d]
2026-06-28 20:37:57.309 +03:00 [INF] HTTP GET /api/doctors/eea5306b-9d0d-474f-b644-e334fdedcbe6/schedule responded 200 in 5ms
2026-06-28 20:37:57.310 +03:00 [INF] Executed DbCommand (1ms) [Parameters=[@p='?' (DbType = Guid)], CommandType='"Text"', CommandTimeout='30']
SELECT TOP(1) [d].[Id], [d].[Description], [d].[IsActive], [d].[Name]
FROM [Departments] AS [d]
WHERE [d].[Id] = @p
2026-06-28 20:37:57.311 +03:00 [INF] HTTP GET /api/doctors responded 200 in 8ms
2026-06-28 20:39:24.600 +03:00 [INF] HTTP OPTIONS /api/doctors responded 204 in 0ms
2026-06-28 20:39:24.625 +03:00 [INF] HTTP OPTIONS /api/doctors/eea5306b-9d0d-474f-b644-e334fdedcbe6/schedule responded 204 in 0ms
2026-06-28 20:39:24.650 +03:00 [INF] Executed DbCommand (2ms) [Parameters=[], CommandType='"Text"', CommandTimeout='30']
SELECT [d].[Id], [d].[DepartmentId], [d].[FullName], [d].[IsActive], [d].[Phone], [d].[Specialization], [d].[UserId]
FROM [Doctors] AS [d]
2026-06-28 20:39:24.654 +03:00 [INF] Executed DbCommand (2ms) [Parameters=[@p='?' (DbType = Guid)], CommandType='"Text"', CommandTimeout='30']
SELECT TOP(1) [d].[Id], [d].[DepartmentId], [d].[FullName], [d].[IsActive], [d].[Phone], [d].[Specialization], [d].[UserId]
FROM [Doctors] AS [d]
WHERE [d].[Id] = @p
2026-06-28 20:39:24.654 +03:00 [INF] Executed DbCommand (1ms) [Parameters=[@p='?' (DbType = Guid)], CommandType='"Text"', CommandTimeout='30']
SELECT TOP(1) [d].[Id], [d].[Description], [d].[IsActive], [d].[Name]
FROM [Departments] AS [d]
WHERE [d].[Id] = @p
2026-06-28 20:39:24.657 +03:00 [INF] Executed DbCommand (2ms) [Parameters=[], CommandType='"Text"', CommandTimeout='30']
SELECT [d].[Id], [d].[AppointmentDurationMinutes], [d].[DayOfWeek], [d].[DoctorId], [d].[EndTime], [d].[IsActive], [d].[StartTime]
FROM [DoctorSchedules] AS [d]
2026-06-28 20:39:24.658 +03:00 [INF] Executed DbCommand (1ms) [Parameters=[@p='?' (DbType = Guid)], CommandType='"Text"', CommandTimeout='30']
SELECT TOP(1) [d].[Id], [d].[Description], [d].[IsActive], [d].[Name]
FROM [Departments] AS [d]
WHERE [d].[Id] = @p
2026-06-28 20:39:24.659 +03:00 [INF] HTTP GET /api/doctors/eea5306b-9d0d-474f-b644-e334fdedcbe6/schedule responded 200 in 12ms
2026-06-28 20:39:24.660 +03:00 [INF] HTTP GET /api/doctors responded 200 in 17ms
2026-06-28 20:40:38.168 +03:00 [INF] HTTP OPTIONS /api/doctors responded 204 in 0ms
2026-06-28 20:40:38.172 +03:00 [INF] HTTP OPTIONS /api/doctors/eea5306b-9d0d-474f-b644-e334fdedcbe6/schedule responded 204 in 0ms
2026-06-28 20:40:38.198 +03:00 [INF] Executed DbCommand (2ms) [Parameters=[], CommandType='"Text"', CommandTimeout='30']
SELECT [d].[Id], [d].[DepartmentId], [d].[FullName], [d].[IsActive], [d].[Phone], [d].[Specialization], [d].[UserId]
FROM [Doctors] AS [d]
2026-06-28 20:40:38.200 +03:00 [INF] Executed DbCommand (2ms) [Parameters=[@p='?' (DbType = Guid)], CommandType='"Text"', CommandTimeout='30']
SELECT TOP(1) [d].[Id], [d].[DepartmentId], [d].[FullName], [d].[IsActive], [d].[Phone], [d].[Specialization], [d].[UserId]
FROM [Doctors] AS [d]
WHERE [d].[Id] = @p
2026-06-28 20:40:38.201 +03:00 [INF] Executed DbCommand (2ms) [Parameters=[@p='?' (DbType = Guid)], CommandType='"Text"', CommandTimeout='30']
SELECT TOP(1) [d].[Id], [d].[Description], [d].[IsActive], [d].[Name]
FROM [Departments] AS [d]
WHERE [d].[Id] = @p
2026-06-28 20:40:38.203 +03:00 [INF] Executed DbCommand (2ms) [Parameters=[], CommandType='"Text"', CommandTimeout='30']
SELECT [d].[Id], [d].[AppointmentDurationMinutes], [d].[DayOfWeek], [d].[DoctorId], [d].[EndTime], [d].[IsActive], [d].[StartTime]
FROM [DoctorSchedules] AS [d]
2026-06-28 20:40:38.227 +03:00 [INF] Executed DbCommand (24ms) [Parameters=[@p='?' (DbType = Guid)], CommandType='"Text"', CommandTimeout='30']
SELECT TOP(1) [d].[Id], [d].[Description], [d].[IsActive], [d].[Name]
FROM [Departments] AS [d]
WHERE [d].[Id] = @p
2026-06-28 20:40:38.228 +03:00 [INF] HTTP GET /api/doctors/eea5306b-9d0d-474f-b644-e334fdedcbe6/schedule responded 200 in 33ms
2026-06-28 20:40:38.228 +03:00 [INF] HTTP GET /api/doctors responded 200 in 38ms
2026-06-28 20:43:55.391 +03:00 [INF] Executed DbCommand (196ms) [Parameters=[], CommandType='"Text"', CommandTimeout='30']
SELECT 1
2026-06-28 20:43:55.684 +03:00 [INF] Acquiring an exclusive lock for migration application. See https://aka.ms/efcore-docs-migrations-lock for more information if this takes too long.
2026-06-28 20:43:55.798 +03:00 [INF] Executed DbCommand (101ms) [Parameters=[], CommandType='"Text"', CommandTimeout='30']
DECLARE @result int;
EXEC @result = sp_getapplock @Resource = '__EFMigrationsLock', @LockOwner = 'Session', @LockMode = 'Exclusive';
SELECT @result
2026-06-28 20:43:56.147 +03:00 [INF] Executed DbCommand (5ms) [Parameters=[], CommandType='"Text"', CommandTimeout='30']
IF OBJECT_ID(N'[__EFMigrationsHistory]') IS NULL
BEGIN
    CREATE TABLE [__EFMigrationsHistory] (
        [MigrationId] nvarchar(150) NOT NULL,
        [ProductVersion] nvarchar(32) NOT NULL,
        CONSTRAINT [PK___EFMigrationsHistory] PRIMARY KEY ([MigrationId])
    );
END;
2026-06-28 20:43:56.211 +03:00 [INF] Executed DbCommand (2ms) [Parameters=[], CommandType='"Text"', CommandTimeout='30']
SELECT 1
2026-06-28 20:43:56.215 +03:00 [INF] Executed DbCommand (1ms) [Parameters=[], CommandType='"Text"', CommandTimeout='30']
SELECT OBJECT_ID(N'[__EFMigrationsHistory]');
2026-06-28 20:43:56.254 +03:00 [INF] Executed DbCommand (23ms) [Parameters=[], CommandType='"Text"', CommandTimeout='30']
SELECT [MigrationId], [ProductVersion]
FROM [__EFMigrationsHistory]
ORDER BY [MigrationId];
2026-06-28 20:43:56.294 +03:00 [INF] No migrations were applied. The database is already up to date.
2026-06-28 20:43:56.312 +03:00 [INF] Executed DbCommand (12ms) [Parameters=[], CommandType='"Text"', CommandTimeout='30']
DECLARE @result int;
EXEC @result = sp_releaseapplock @Resource = '__EFMigrationsLock', @LockOwner = 'Session';
SELECT @result
2026-06-28 20:43:57.283 +03:00 [INF] Executed DbCommand (18ms) [Parameters=[], CommandType='"Text"', CommandTimeout='30']
SELECT CASE
    WHEN EXISTS (
        SELECT 1
        FROM [Users] AS [u]) THEN CAST(1 AS bit)
    ELSE CAST(0 AS bit)
END
2026-06-28 20:43:57.299 +03:00 [INF] Database already seeded. Ensuring demo accounts exist.
2026-06-28 20:43:57.586 +03:00 [INF] Executed DbCommand (6ms) [Parameters=[], CommandType='"Text"', CommandTimeout='30']
SELECT TOP(1) [u].[Id], [u].[CreatedAt], [u].[Email], [u].[IsActive], [u].[PasswordHash], [u].[Role]
FROM [Users] AS [u]
WHERE [u].[Email] = N'patient@hospital.com'
2026-06-28 20:43:57.969 +03:00 [INF] Executed DbCommand (62ms) [Parameters=[@patientUser_Id='?' (DbType = Guid)], CommandType='"Text"', CommandTimeout='30']
SELECT TOP(1) [p].[Id], [p].[Address], [p].[BloodType], [p].[CreatedAt], [p].[DateOfBirth], [p].[Email], [p].[FullName], [p].[Gender], [p].[NationalId], [p].[Phone], [p].[UserId]
FROM [Patients] AS [p]
WHERE [p].[UserId] = @patientUser_Id
2026-06-28 20:43:58.742 +03:00 [INF] Now listening on: http://localhost:5000
2026-06-28 20:43:58.743 +03:00 [INF] Application started. Press Ctrl+C to shut down.
2026-06-28 20:43:58.744 +03:00 [INF] Hosting environment: Development
2026-06-28 20:43:58.745 +03:00 [INF] Content root path: G:\DEPI\HospitalSystem.API
2026-06-28 20:44:17.002 +03:00 [WRN] Failed to determine the https port for redirect.
2026-06-28 20:44:17.059 +03:00 [INF] HTTP GET / responded 404 in 96ms
2026-06-28 20:44:22.717 +03:00 [INF] HTTP GET / responded 404 in 7ms
2026-06-28 20:44:28.089 +03:00 [INF] HTTP OPTIONS /api/doctors responded 204 in 8ms
2026-06-28 20:44:28.090 +03:00 [INF] HTTP OPTIONS /api/doctors/eea5306b-9d0d-474f-b644-e334fdedcbe6/schedule responded 204 in 8ms
2026-06-28 20:44:28.757 +03:00 [INF] Executed DbCommand (9ms) [Parameters=[], CommandType='"Text"', CommandTimeout='30']
SELECT [d].[Id], [d].[DepartmentId], [d].[FullName], [d].[IsActive], [d].[Phone], [d].[Specialization], [d].[UserId]
FROM [Doctors] AS [d]
2026-06-28 20:44:28.964 +03:00 [INF] Executed DbCommand (8ms) [Parameters=[@p='?' (DbType = Guid)], CommandType='"Text"', CommandTimeout='30']
SELECT TOP(1) [d].[Id], [d].[Description], [d].[IsActive], [d].[Name]
FROM [Departments] AS [d]
WHERE [d].[Id] = @p
2026-06-28 20:44:28.974 +03:00 [INF] Executed DbCommand (5ms) [Parameters=[@p='?' (DbType = Guid)], CommandType='"Text"', CommandTimeout='30']
SELECT TOP(1) [d].[Id], [d].[DepartmentId], [d].[FullName], [d].[IsActive], [d].[Phone], [d].[Specialization], [d].[UserId]
FROM [Doctors] AS [d]
WHERE [d].[Id] = @p
2026-06-28 20:44:29.003 +03:00 [INF] Executed DbCommand (5ms) [Parameters=[], CommandType='"Text"', CommandTimeout='30']
SELECT [d].[Id], [d].[AppointmentDurationMinutes], [d].[DayOfWeek], [d].[DoctorId], [d].[EndTime], [d].[IsActive], [d].[StartTime]
FROM [DoctorSchedules] AS [d]
2026-06-28 20:44:29.042 +03:00 [INF] Executed DbCommand (1ms) [Parameters=[@p='?' (DbType = Guid)], CommandType='"Text"', CommandTimeout='30']
SELECT TOP(1) [d].[Id], [d].[Description], [d].[IsActive], [d].[Name]
FROM [Departments] AS [d]
WHERE [d].[Id] = @p
2026-06-28 20:44:29.212 +03:00 [INF] HTTP GET /api/doctors responded 200 in 1113ms
2026-06-28 20:44:29.248 +03:00 [INF] HTTP GET /api/doctors/eea5306b-9d0d-474f-b644-e334fdedcbe6/schedule responded 200 in 1150ms
2026-06-28 20:44:30.581 +03:00 [INF] Executed DbCommand (1ms) [Parameters=[], CommandType='"Text"', CommandTimeout='30']
SELECT [d].[Id], [d].[DepartmentId], [d].[FullName], [d].[IsActive], [d].[Phone], [d].[Specialization], [d].[UserId]
FROM [Doctors] AS [d]
2026-06-28 20:44:30.581 +03:00 [INF] Executed DbCommand (1ms) [Parameters=[@p='?' (DbType = Guid)], CommandType='"Text"', CommandTimeout='30']
SELECT TOP(1) [d].[Id], [d].[DepartmentId], [d].[FullName], [d].[IsActive], [d].[Phone], [d].[Specialization], [d].[UserId]
FROM [Doctors] AS [d]
WHERE [d].[Id] = @p
2026-06-28 20:44:30.583 +03:00 [INF] Executed DbCommand (1ms) [Parameters=[], CommandType='"Text"', CommandTimeout='30']
SELECT [d].[Id], [d].[AppointmentDurationMinutes], [d].[DayOfWeek], [d].[DoctorId], [d].[EndTime], [d].[IsActive], [d].[StartTime]
FROM [DoctorSchedules] AS [d]
2026-06-28 20:44:30.584 +03:00 [INF] Executed DbCommand (1ms) [Parameters=[@p='?' (DbType = Guid)], CommandType='"Text"', CommandTimeout='30']
SELECT TOP(1) [d].[Id], [d].[Description], [d].[IsActive], [d].[Name]
FROM [Departments] AS [d]
WHERE [d].[Id] = @p
2026-06-28 20:44:30.585 +03:00 [INF] HTTP GET /api/doctors/eea5306b-9d0d-474f-b644-e334fdedcbe6/schedule responded 200 in 26ms
2026-06-28 20:44:30.586 +03:00 [INF] Executed DbCommand (1ms) [Parameters=[@p='?' (DbType = Guid)], CommandType='"Text"', CommandTimeout='30']
SELECT TOP(1) [d].[Id], [d].[Description], [d].[IsActive], [d].[Name]
FROM [Departments] AS [d]
WHERE [d].[Id] = @p
2026-06-28 20:44:30.588 +03:00 [INF] HTTP GET /api/doctors responded 200 in 28ms
2026-06-28 20:44:35.275 +03:00 [INF] HTTP OPTIONS /api/doctors/eea5306b-9d0d-474f-b644-e334fdedcbe6/schedule responded 204 in 0ms
2026-06-28 20:44:35.386 +03:00 [INF] Executed DbCommand (1ms) [Parameters=[@p='?' (DbType = Guid)], CommandType='"Text"', CommandTimeout='30']
SELECT TOP(1) [d].[Id], [d].[DepartmentId], [d].[FullName], [d].[IsActive], [d].[Phone], [d].[Specialization], [d].[UserId]
FROM [Doctors] AS [d]
WHERE [d].[Id] = @p
2026-06-28 20:44:35.389 +03:00 [INF] Executed DbCommand (1ms) [Parameters=[], CommandType='"Text"', CommandTimeout='30']
SELECT [d].[Id], [d].[AppointmentDurationMinutes], [d].[DayOfWeek], [d].[DoctorId], [d].[EndTime], [d].[IsActive], [d].[StartTime]
FROM [DoctorSchedules] AS [d]
2026-06-28 20:44:35.769 +03:00 [INF] Executed DbCommand (48ms) [Parameters=[@p6='?' (DbType = Guid), @p0='?' (DbType = Int32), @p1='?' (DbType = Int32), @p2='?' (DbType = Guid), @p3='?' (DbType = Time), @p4='?' (DbType = Boolean), @p5='?' (DbType = Time), @p13='?' (DbType = Guid), @p7='?' (DbType = Int32), @p8='?' (DbType = Int32), @p9='?' (DbType = Guid), @p10='?' (DbType = Time), @p11='?' (DbType = Boolean), @p12='?' (DbType = Time), @p20='?' (DbType = Guid), @p14='?' (DbType = Int32), @p15='?' (DbType = Int32), @p16='?' (DbType = Guid), @p17='?' (DbType = Time), @p18='?' (DbType = Boolean), @p19='?' (DbType = Time), @p27='?' (DbType = Guid), @p21='?' (DbType = Int32), @p22='?' (DbType = Int32), @p23='?' (DbType = Guid), @p24='?' (DbType = Time), @p25='?' (DbType = Boolean), @p26='?' (DbType = Time), @p34='?' (DbType = Guid), @p28='?' (DbType = Int32), @p29='?' (DbType = Int32), @p30='?' (DbType = Guid), @p31='?' (DbType = Time), @p32='?' (DbType = Boolean), @p33='?' (DbType = Time)], CommandType='"Text"', CommandTimeout='30']
SET NOCOUNT ON;
UPDATE [DoctorSchedules] SET [AppointmentDurationMinutes] = @p0, [DayOfWeek] = @p1, [DoctorId] = @p2, [EndTime] = @p3, [IsActive] = @p4, [StartTime] = @p5
OUTPUT 1
WHERE [Id] = @p6;
UPDATE [DoctorSchedules] SET [AppointmentDurationMinutes] = @p7, [DayOfWeek] = @p8, [DoctorId] = @p9, [EndTime] = @p10, [IsActive] = @p11, [StartTime] = @p12
OUTPUT 1
WHERE [Id] = @p13;
UPDATE [DoctorSchedules] SET [AppointmentDurationMinutes] = @p14, [DayOfWeek] = @p15, [DoctorId] = @p16, [EndTime] = @p17, [IsActive] = @p18, [StartTime] = @p19
OUTPUT 1
WHERE [Id] = @p20;
UPDATE [DoctorSchedules] SET [AppointmentDurationMinutes] = @p21, [DayOfWeek] = @p22, [DoctorId] = @p23, [EndTime] = @p24, [IsActive] = @p25, [StartTime] = @p26
OUTPUT 1
WHERE [Id] = @p27;
UPDATE [DoctorSchedules] SET [AppointmentDurationMinutes] = @p28, [DayOfWeek] = @p29, [DoctorId] = @p30, [EndTime] = @p31, [IsActive] = @p32, [StartTime] = @p33
OUTPUT 1
WHERE [Id] = @p34;
2026-06-28 20:44:35.826 +03:00 [INF] Executed DbCommand (2ms) [Parameters=[], CommandType='"Text"', CommandTimeout='30']
SELECT [d].[Id], [d].[AppointmentDurationMinutes], [d].[DayOfWeek], [d].[DoctorId], [d].[EndTime], [d].[IsActive], [d].[StartTime]
FROM [DoctorSchedules] AS [d]
2026-06-28 20:44:35.830 +03:00 [INF] HTTP POST /api/doctors/eea5306b-9d0d-474f-b644-e334fdedcbe6/schedule responded 200 in 550ms
2026-06-28 20:44:35.852 +03:00 [INF] Executed DbCommand (2ms) [Parameters=[@p='?' (DbType = Guid)], CommandType='"Text"', CommandTimeout='30']
SELECT TOP(1) [d].[Id], [d].[DepartmentId], [d].[FullName], [d].[IsActive], [d].[Phone], [d].[Specialization], [d].[UserId]
FROM [Doctors] AS [d]
WHERE [d].[Id] = @p
2026-06-28 20:44:35.855 +03:00 [INF] Executed DbCommand (1ms) [Parameters=[], CommandType='"Text"', CommandTimeout='30']
SELECT [d].[Id], [d].[AppointmentDurationMinutes], [d].[DayOfWeek], [d].[DoctorId], [d].[EndTime], [d].[IsActive], [d].[StartTime]
FROM [DoctorSchedules] AS [d]
2026-06-28 20:44:35.858 +03:00 [INF] HTTP GET /api/doctors/eea5306b-9d0d-474f-b644-e334fdedcbe6/schedule responded 200 in 14ms
2026-06-28 20:44:41.034 +03:00 [INF] HTTP OPTIONS /api/doctors responded 204 in 0ms
2026-06-28 20:44:41.036 +03:00 [INF] HTTP OPTIONS /api/departments responded 204 in 0ms
2026-06-28 20:44:41.053 +03:00 [INF] Executed DbCommand (1ms) [Parameters=[], CommandType='"Text"', CommandTimeout='30']
SELECT [d].[Id], [d].[DepartmentId], [d].[FullName], [d].[IsActive], [d].[Phone], [d].[Specialization], [d].[UserId]
FROM [Doctors] AS [d]
2026-06-28 20:44:41.059 +03:00 [INF] Executed DbCommand (1ms) [Parameters=[@p='?' (DbType = Guid)], CommandType='"Text"', CommandTimeout='30']
SELECT TOP(1) [d].[Id], [d].[Description], [d].[IsActive], [d].[Name]
FROM [Departments] AS [d]
WHERE [d].[Id] = @p
2026-06-28 20:44:41.063 +03:00 [INF] Executed DbCommand (1ms) [Parameters=[@p='?' (DbType = Guid)], CommandType='"Text"', CommandTimeout='30']
SELECT TOP(1) [d].[Id], [d].[Description], [d].[IsActive], [d].[Name]
FROM [Departments] AS [d]
WHERE [d].[Id] = @p
2026-06-28 20:44:41.065 +03:00 [INF] HTTP GET /api/doctors responded 200 in 18ms
2026-06-28 20:44:41.119 +03:00 [INF] Executed DbCommand (3ms) [Parameters=[], CommandType='"Text"', CommandTimeout='30']
SELECT [d].[Id], [d].[Description], [d].[IsActive], [d].[Name]
FROM [Departments] AS [d]
2026-06-28 20:44:41.141 +03:00 [INF] HTTP GET /api/departments responded 200 in 92ms
2026-06-28 20:44:41.906 +03:00 [INF] HTTP OPTIONS /api/departments responded 204 in 0ms
2026-06-28 20:44:41.918 +03:00 [INF] Executed DbCommand (1ms) [Parameters=[], CommandType='"Text"', CommandTimeout='30']
SELECT [d].[Id], [d].[Description], [d].[IsActive], [d].[Name]
FROM [Departments] AS [d]
2026-06-28 20:44:41.920 +03:00 [INF] HTTP GET /api/departments responded 200 in 7ms
2026-06-28 20:44:49.160 +03:00 [INF] HTTP OPTIONS /api/auth/login responded 204 in 0ms
2026-06-28 20:44:49.212 +03:00 [INF] Executed DbCommand (3ms) [Parameters=[], CommandType='"Text"', CommandTimeout='30']
SELECT [u].[Id], [u].[CreatedAt], [u].[Email], [u].[IsActive], [u].[PasswordHash], [u].[Role]
FROM [Users] AS [u]
2026-06-28 20:44:50.090 +03:00 [INF] HTTP POST /api/auth/login responded 200 in 924ms
2026-06-28 20:44:50.128 +03:00 [INF] HTTP OPTIONS /api/patients responded 204 in 0ms
2026-06-28 20:44:50.173 +03:00 [INF] Executed DbCommand (3ms) [Parameters=[], CommandType='"Text"', CommandTimeout='30']
SELECT [p].[Id], [p].[Address], [p].[BloodType], [p].[CreatedAt], [p].[DateOfBirth], [p].[Email], [p].[FullName], [p].[Gender], [p].[NationalId], [p].[Phone], [p].[UserId]
FROM [Patients] AS [p]
2026-06-28 20:44:50.230 +03:00 [INF] HTTP GET /api/patients responded 200 in 97ms
2026-06-28 20:44:55.712 +03:00 [INF] HTTP OPTIONS /api/patients responded 204 in 0ms
2026-06-28 20:44:55.731 +03:00 [INF] Executed DbCommand (2ms) [Parameters=[], CommandType='"Text"', CommandTimeout='30']
SELECT [p].[Id], [p].[Address], [p].[BloodType], [p].[CreatedAt], [p].[DateOfBirth], [p].[Email], [p].[FullName], [p].[Gender], [p].[NationalId], [p].[Phone], [p].[UserId]
FROM [Patients] AS [p]
2026-06-28 20:44:55.733 +03:00 [INF] HTTP GET /api/patients responded 200 in 13ms
2026-06-28 20:45:03.290 +03:00 [INF] HTTP OPTIONS /api/doctors/department/b7eb805e-1614-4a59-a61a-6084babacfc3 responded 204 in 0ms
2026-06-28 20:45:03.503 +03:00 [INF] Executed DbCommand (9ms) [Parameters=[@departmentId='?' (DbType = Guid)], CommandType='"Text"', CommandTimeout='30']
SELECT [d].[Id], [d].[DepartmentId], [d].[FullName], [d].[IsActive], [d].[Phone], [d].[Specialization], [d].[UserId], [d0].[Id], [d0].[Description], [d0].[IsActive], [d0].[Name]
FROM [Doctors] AS [d]
INNER JOIN [Departments] AS [d0] ON [d].[DepartmentId] = [d0].[Id]
WHERE [d].[DepartmentId] = @departmentId
2026-06-28 20:45:03.511 +03:00 [INF] HTTP GET /api/doctors/department/b7eb805e-1614-4a59-a61a-6084babacfc3 responded 200 in 213ms
2026-06-28 20:45:11.430 +03:00 [INF] HTTP OPTIONS /api/appointments/available-slots responded 204 in 0ms
2026-06-28 20:45:11.488 +03:00 [INF] Executed DbCommand (2ms) [Parameters=[], CommandType='"Text"', CommandTimeout='30']
SELECT [d].[Id], [d].[AppointmentDurationMinutes], [d].[DayOfWeek], [d].[DoctorId], [d].[EndTime], [d].[IsActive], [d].[StartTime]
FROM [DoctorSchedules] AS [d]
2026-06-28 20:45:11.562 +03:00 [INF] Executed DbCommand (20ms) [Parameters=[@doctorId='?' (DbType = Guid), @date='?' (DbType = Date)], CommandType='"Text"', CommandTimeout='30']
SELECT [a].[Id], [a].[AppointmentDate], [a].[CreatedAt], [a].[CreatedByReceptionistId], [a].[DoctorId], [a].[EndTime], [a].[Notes], [a].[PatientId], [a].[StartTime], [a].[Status], [a].[UpdatedAt]
FROM [Appointments] AS [a]
WHERE [a].[DoctorId] = @doctorId AND [a].[AppointmentDate] = @date
ORDER BY [a].[StartTime]
2026-06-28 20:45:11.581 +03:00 [INF] HTTP GET /api/appointments/available-slots responded 200 in 142ms
2026-06-28 20:45:49.469 +03:00 [INF] HTTP OPTIONS /api/appointments responded 204 in 0ms
2026-06-28 20:45:49.703 +03:00 [INF] Executed DbCommand (1ms) [Parameters=[@p='?' (DbType = Guid)], CommandType='"Text"', CommandTimeout='30']
SELECT TOP(1) [d].[Id], [d].[DepartmentId], [d].[FullName], [d].[IsActive], [d].[Phone], [d].[Specialization], [d].[UserId]
FROM [Doctors] AS [d]
WHERE [d].[Id] = @p
2026-06-28 20:45:49.722 +03:00 [INF] Executed DbCommand (4ms) [Parameters=[@p='?' (DbType = Guid)], CommandType='"Text"', CommandTimeout='30']
SELECT TOP(1) [p].[Id], [p].[Address], [p].[BloodType], [p].[CreatedAt], [p].[DateOfBirth], [p].[Email], [p].[FullName], [p].[Gender], [p].[NationalId], [p].[Phone], [p].[UserId]
FROM [Patients] AS [p]
WHERE [p].[Id] = @p
2026-06-28 20:45:49.724 +03:00 [INF] Executed DbCommand (1ms) [Parameters=[], CommandType='"Text"', CommandTimeout='30']
SELECT [d].[Id], [d].[AppointmentDurationMinutes], [d].[DayOfWeek], [d].[DoctorId], [d].[EndTime], [d].[IsActive], [d].[StartTime]
FROM [DoctorSchedules] AS [d]
2026-06-28 20:45:49.755 +03:00 [INF] Executed DbCommand (10ms) [Parameters=[@doctorId='?' (DbType = Guid), @date='?' (DbType = Date), @endTime='?' (DbType = Time), @startTime='?' (DbType = Time)], CommandType='"Text"', CommandTimeout='30']
SELECT CASE
    WHEN EXISTS (
        SELECT 1
        FROM [Appointments] AS [a]
        WHERE [a].[DoctorId] = @doctorId AND [a].[AppointmentDate] = @date AND [a].[Status] <> N'Cancelled' AND [a].[StartTime] < @endTime AND [a].[EndTime] > @startTime) THEN CAST(1 AS bit)
    ELSE CAST(0 AS bit)
END
2026-06-28 20:45:49.997 +03:00 [INF] Executed DbCommand (19ms) [Parameters=[@p0='?' (DbType = Guid), @p1='?' (DbType = Date), @p2='?' (DbType = DateTime2), @p3='?' (DbType = Guid), @p4='?' (DbType = Guid), @p5='?' (DbType = Time), @p6='?' (Size = 2000), @p7='?' (DbType = Guid), @p8='?' (DbType = Time), @p9='?' (Size = 50), @p10='?' (DbType = DateTime2)], CommandType='"Text"', CommandTimeout='30']
SET IMPLICIT_TRANSACTIONS OFF;
SET NOCOUNT ON;
INSERT INTO [Appointments] ([Id], [AppointmentDate], [CreatedAt], [CreatedByReceptionistId], [DoctorId], [EndTime], [Notes], [PatientId], [StartTime], [Status], [UpdatedAt])
VALUES (@p0, @p1, @p2, @p3, @p4, @p5, @p6, @p7, @p8, @p9, @p10);
2026-06-28 20:45:49.999 +03:00 [INF] Appointment booked "fa6fd78d-72db-408d-bf3f-81eaa6a2a128" for patient "36574f06-f0f8-4c16-83d7-073e1107da0b" with doctor "44450f15-4382-4c72-9e45-ffb270692955" on "2026-06-29" at "09:00:00" by receptionist "77d8c535-fcd4-49b8-9e59-82f614cf7b03"
2026-06-28 20:45:50.034 +03:00 [INF] HTTP POST /api/appointments responded 200 in 554ms
2026-06-28 20:45:55.654 +03:00 [INF] HTTP OPTIONS /api/patients responded 204 in 1ms
2026-06-28 20:45:55.716 +03:00 [INF] Executed DbCommand (2ms) [Parameters=[], CommandType='"Text"', CommandTimeout='30']
SELECT [p].[Id], [p].[Address], [p].[BloodType], [p].[CreatedAt], [p].[DateOfBirth], [p].[Email], [p].[FullName], [p].[Gender], [p].[NationalId], [p].[Phone], [p].[UserId]
FROM [Patients] AS [p]
2026-06-28 20:45:55.719 +03:00 [INF] HTTP GET /api/patients responded 200 in 25ms
2026-06-28 20:45:56.387 +03:00 [INF] HTTP OPTIONS /api/doctors responded 204 in 0ms
2026-06-28 20:45:56.394 +03:00 [INF] Executed DbCommand (1ms) [Parameters=[], CommandType='"Text"', CommandTimeout='30']
SELECT [d].[Id], [d].[DepartmentId], [d].[FullName], [d].[IsActive], [d].[Phone], [d].[Specialization], [d].[UserId]
FROM [Doctors] AS [d]
2026-06-28 20:45:56.396 +03:00 [INF] Executed DbCommand (1ms) [Parameters=[@p='?' (DbType = Guid)], CommandType='"Text"', CommandTimeout='30']
SELECT TOP(1) [d].[Id], [d].[Description], [d].[IsActive], [d].[Name]
FROM [Departments] AS [d]
WHERE [d].[Id] = @p
2026-06-28 20:45:56.398 +03:00 [INF] Executed DbCommand (1ms) [Parameters=[@p='?' (DbType = Guid)], CommandType='"Text"', CommandTimeout='30']
SELECT TOP(1) [d].[Id], [d].[Description], [d].[IsActive], [d].[Name]
FROM [Departments] AS [d]
WHERE [d].[Id] = @p
2026-06-28 20:45:56.399 +03:00 [INF] HTTP GET /api/doctors responded 200 in 8ms
2026-06-28 20:45:56.406 +03:00 [INF] HTTP OPTIONS /api/appointments responded 204 in 0ms
2026-06-28 20:45:56.462 +03:00 [INF] Executed DbCommand (30ms) [Parameters=[@doctorId='?' (DbType = Guid), @date='?' (DbType = Date)], CommandType='"Text"', CommandTimeout='30']
SELECT [a].[Id], [a].[AppointmentDate], [a].[CreatedAt], [a].[CreatedByReceptionistId], [a].[DoctorId], [a].[EndTime], [a].[Notes], [a].[PatientId], [a].[StartTime], [a].[Status], [a].[UpdatedAt]
FROM [Appointments] AS [a]
WHERE [a].[DoctorId] = @doctorId AND [a].[AppointmentDate] = @date
ORDER BY [a].[StartTime]
2026-06-28 20:45:56.467 +03:00 [INF] HTTP GET /api/appointments responded 200 in 58ms
2026-06-28 20:45:56.490 +03:00 [INF] HTTP OPTIONS /api/appointments responded 204 in 0ms
2026-06-28 20:45:56.497 +03:00 [INF] Executed DbCommand (1ms) [Parameters=[@doctorId='?' (DbType = Guid), @date='?' (DbType = Date)], CommandType='"Text"', CommandTimeout='30']
SELECT [a].[Id], [a].[AppointmentDate], [a].[CreatedAt], [a].[CreatedByReceptionistId], [a].[DoctorId], [a].[EndTime], [a].[Notes], [a].[PatientId], [a].[StartTime], [a].[Status], [a].[UpdatedAt]
FROM [Appointments] AS [a]
WHERE [a].[DoctorId] = @doctorId AND [a].[AppointmentDate] = @date
ORDER BY [a].[StartTime]
2026-06-28 20:45:56.497 +03:00 [INF] HTTP GET /api/appointments responded 200 in 3ms
2026-06-28 20:45:59.844 +03:00 [INF] Executed DbCommand (1ms) [Parameters=[], CommandType='"Text"', CommandTimeout='30']
SELECT [d].[Id], [d].[DepartmentId], [d].[FullName], [d].[IsActive], [d].[Phone], [d].[Specialization], [d].[UserId]
FROM [Doctors] AS [d]
2026-06-28 20:45:59.847 +03:00 [INF] Executed DbCommand (1ms) [Parameters=[@p='?' (DbType = Guid)], CommandType='"Text"', CommandTimeout='30']
SELECT TOP(1) [d].[Id], [d].[Description], [d].[IsActive], [d].[Name]
FROM [Departments] AS [d]
WHERE [d].[Id] = @p
2026-06-28 20:45:59.849 +03:00 [INF] Executed DbCommand (1ms) [Parameters=[@p='?' (DbType = Guid)], CommandType='"Text"', CommandTimeout='30']
SELECT TOP(1) [d].[Id], [d].[Description], [d].[IsActive], [d].[Name]
FROM [Departments] AS [d]
WHERE [d].[Id] = @p
2026-06-28 20:45:59.850 +03:00 [INF] HTTP GET /api/doctors responded 200 in 10ms
2026-06-28 20:45:59.867 +03:00 [INF] Executed DbCommand (1ms) [Parameters=[@doctorId='?' (DbType = Guid), @date='?' (DbType = Date)], CommandType='"Text"', CommandTimeout='30']
SELECT [a].[Id], [a].[AppointmentDate], [a].[CreatedAt], [a].[CreatedByReceptionistId], [a].[DoctorId], [a].[EndTime], [a].[Notes], [a].[PatientId], [a].[StartTime], [a].[Status], [a].[UpdatedAt]
FROM [Appointments] AS [a]
WHERE [a].[DoctorId] = @doctorId AND [a].[AppointmentDate] = @date
ORDER BY [a].[StartTime]
2026-06-28 20:45:59.868 +03:00 [INF] HTTP GET /api/appointments responded 200 in 4ms
2026-06-28 20:45:59.884 +03:00 [INF] Executed DbCommand (2ms) [Parameters=[@doctorId='?' (DbType = Guid), @date='?' (DbType = Date)], CommandType='"Text"', CommandTimeout='30']
SELECT [a].[Id], [a].[AppointmentDate], [a].[CreatedAt], [a].[CreatedByReceptionistId], [a].[DoctorId], [a].[EndTime], [a].[Notes], [a].[PatientId], [a].[StartTime], [a].[Status], [a].[UpdatedAt]
FROM [Appointments] AS [a]
WHERE [a].[DoctorId] = @doctorId AND [a].[AppointmentDate] = @date
ORDER BY [a].[StartTime]
2026-06-28 20:45:59.885 +03:00 [INF] HTTP GET /api/appointments responded 200 in 7ms
2026-06-28 20:46:04.132 +03:00 [INF] HTTP OPTIONS /api/patients responded 204 in 0ms
2026-06-28 20:46:04.144 +03:00 [INF] Executed DbCommand (1ms) [Parameters=[], CommandType='"Text"', CommandTimeout='30']
SELECT [p].[Id], [p].[Address], [p].[BloodType], [p].[CreatedAt], [p].[DateOfBirth], [p].[Email], [p].[FullName], [p].[Gender], [p].[NationalId], [p].[Phone], [p].[UserId]
FROM [Patients] AS [p]
2026-06-28 20:46:04.147 +03:00 [INF] HTTP GET /api/patients responded 200 in 8ms
2026-06-28 20:46:11.195 +03:00 [INF] HTTP OPTIONS /api/departments responded 204 in 0ms
2026-06-28 20:46:11.199 +03:00 [INF] HTTP OPTIONS /api/patients responded 204 in 0ms
2026-06-28 20:46:11.214 +03:00 [INF] Executed DbCommand (1ms) [Parameters=[], CommandType='"Text"', CommandTimeout='30']
SELECT [p].[Id], [p].[Address], [p].[BloodType], [p].[CreatedAt], [p].[DateOfBirth], [p].[Email], [p].[FullName], [p].[Gender], [p].[NationalId], [p].[Phone], [p].[UserId]
FROM [Patients] AS [p]
2026-06-28 20:46:11.216 +03:00 [INF] HTTP GET /api/patients responded 200 in 9ms
2026-06-28 20:46:11.218 +03:00 [INF] Executed DbCommand (1ms) [Parameters=[], CommandType='"Text"', CommandTimeout='30']
SELECT [d].[Id], [d].[Description], [d].[IsActive], [d].[Name]
FROM [Departments] AS [d]
2026-06-28 20:46:11.221 +03:00 [INF] HTTP GET /api/departments responded 200 in 14ms
2026-06-28 20:46:48.723 +03:00 [INF] HTTP OPTIONS /api/auth/login responded 204 in 0ms
2026-06-28 20:46:48.736 +03:00 [INF] Executed DbCommand (2ms) [Parameters=[], CommandType='"Text"', CommandTimeout='30']
SELECT [u].[Id], [u].[CreatedAt], [u].[Email], [u].[IsActive], [u].[PasswordHash], [u].[Role]
FROM [Users] AS [u]
2026-06-28 20:46:49.262 +03:00 [INF] HTTP POST /api/auth/login responded 200 in 534ms
2026-06-28 20:46:49.317 +03:00 [INF] HTTP OPTIONS /api/patient/profile responded 204 in 0ms
2026-06-28 20:46:49.349 +03:00 [INF] Executed DbCommand (1ms) [Parameters=[], CommandType='"Text"', CommandTimeout='30']
SELECT [p].[Id], [p].[Address], [p].[BloodType], [p].[CreatedAt], [p].[DateOfBirth], [p].[Email], [p].[FullName], [p].[Gender], [p].[NationalId], [p].[Phone], [p].[UserId]
FROM [Patients] AS [p]
2026-06-28 20:46:49.354 +03:00 [INF] HTTP GET /api/patient/profile responded 200 in 32ms
2026-06-28 20:46:52.945 +03:00 [INF] HTTP OPTIONS /api/patient/appointments responded 204 in 0ms
2026-06-28 20:46:52.992 +03:00 [INF] Executed DbCommand (2ms) [Parameters=[], CommandType='"Text"', CommandTimeout='30']
SELECT [p].[Id], [p].[Address], [p].[BloodType], [p].[CreatedAt], [p].[DateOfBirth], [p].[Email], [p].[FullName], [p].[Gender], [p].[NationalId], [p].[Phone], [p].[UserId]
FROM [Patients] AS [p]
2026-06-28 20:46:53.055 +03:00 [INF] Executed DbCommand (10ms) [Parameters=[@patientId='?' (DbType = Guid)], CommandType='"Text"', CommandTimeout='30']
SELECT [a].[Id], [a].[AppointmentDate], [a].[CreatedAt], [a].[CreatedByReceptionistId], [a].[DoctorId], [a].[EndTime], [a].[Notes], [a].[PatientId], [a].[StartTime], [a].[Status], [a].[UpdatedAt]
FROM [Appointments] AS [a]
WHERE [a].[PatientId] = @patientId
ORDER BY [a].[AppointmentDate] DESC, [a].[StartTime] DESC
2026-06-28 20:46:53.092 +03:00 [INF] Executed DbCommand (2ms) [Parameters=[@p='?' (DbType = Guid)], CommandType='"Text"', CommandTimeout='30']
SELECT TOP(1) [d].[Id], [d].[DepartmentId], [d].[FullName], [d].[IsActive], [d].[Phone], [d].[Specialization], [d].[UserId]
FROM [Doctors] AS [d]
WHERE [d].[Id] = @p
2026-06-28 20:46:53.097 +03:00 [INF] HTTP GET /api/patient/appointments responded 200 in 141ms
2026-06-28 20:46:57.079 +03:00 [INF] HTTP OPTIONS /api/patient/appointments/fa6fd78d-72db-408d-bf3f-81eaa6a2a128 responded 204 in 0ms
2026-06-28 20:46:57.126 +03:00 [INF] Executed DbCommand (1ms) [Parameters=[], CommandType='"Text"', CommandTimeout='30']
SELECT [p].[Id], [p].[Address], [p].[BloodType], [p].[CreatedAt], [p].[DateOfBirth], [p].[Email], [p].[FullName], [p].[Gender], [p].[NationalId], [p].[Phone], [p].[UserId]
FROM [Patients] AS [p]
2026-06-28 20:46:57.179 +03:00 [INF] Executed DbCommand (19ms) [Parameters=[@p='?' (DbType = Guid)], CommandType='"Text"', CommandTimeout='30']
SELECT TOP(1) [a].[Id], [a].[AppointmentDate], [a].[CreatedAt], [a].[CreatedByReceptionistId], [a].[DoctorId], [a].[EndTime], [a].[Notes], [a].[PatientId], [a].[StartTime], [a].[Status], [a].[UpdatedAt]
FROM [Appointments] AS [a]
WHERE [a].[Id] = @p
2026-06-28 20:46:57.182 +03:00 [INF] Executed DbCommand (1ms) [Parameters=[@p='?' (DbType = Guid)], CommandType='"Text"', CommandTimeout='30']
SELECT TOP(1) [d].[Id], [d].[DepartmentId], [d].[FullName], [d].[IsActive], [d].[Phone], [d].[Specialization], [d].[UserId]
FROM [Doctors] AS [d]
WHERE [d].[Id] = @p
2026-06-28 20:46:57.213 +03:00 [INF] Executed DbCommand (5ms) [Parameters=[], CommandType='"Text"', CommandTimeout='30']
SELECT [c].[Id], [c].[AppointmentId], [c].[CompletedAt], [c].[Diagnosis], [c].[DoctorId], [c].[Notes], [c].[PatientId], [c].[StartedAt]
FROM [Consultations] AS [c]
2026-06-28 20:46:57.235 +03:00 [INF] HTTP GET /api/patient/appointments/fa6fd78d-72db-408d-bf3f-81eaa6a2a128 responded 200 in 150ms
2026-06-28 20:47:22.508 +03:00 [INF] HTTP OPTIONS /api/auth/login responded 204 in 0ms
2026-06-28 20:47:22.530 +03:00 [INF] Executed DbCommand (2ms) [Parameters=[], CommandType='"Text"', CommandTimeout='30']
SELECT [u].[Id], [u].[CreatedAt], [u].[Email], [u].[IsActive], [u].[PasswordHash], [u].[Role]
FROM [Users] AS [u]
2026-06-28 20:47:23.071 +03:00 [INF] HTTP POST /api/auth/login responded 200 in 556ms
2026-06-28 20:47:23.108 +03:00 [INF] HTTP OPTIONS /api/patients responded 204 in 0ms
2026-06-28 20:47:23.115 +03:00 [INF] Executed DbCommand (1ms) [Parameters=[], CommandType='"Text"', CommandTimeout='30']
SELECT [p].[Id], [p].[Address], [p].[BloodType], [p].[CreatedAt], [p].[DateOfBirth], [p].[Email], [p].[FullName], [p].[Gender], [p].[NationalId], [p].[Phone], [p].[UserId]
FROM [Patients] AS [p]
2026-06-28 20:47:23.116 +03:00 [INF] HTTP GET /api/patients responded 200 in 4ms
2026-06-28 20:47:31.371 +03:00 [INF] HTTP OPTIONS /api/auth/login responded 204 in 0ms
2026-06-28 20:47:31.390 +03:00 [INF] Executed DbCommand (2ms) [Parameters=[], CommandType='"Text"', CommandTimeout='30']
SELECT [u].[Id], [u].[CreatedAt], [u].[Email], [u].[IsActive], [u].[PasswordHash], [u].[Role]
FROM [Users] AS [u]
2026-06-28 20:47:31.816 +03:00 [INF] HTTP POST /api/auth/login responded 200 in 433ms
2026-06-28 20:47:31.839 +03:00 [INF] HTTP OPTIONS /api/doctor/schedule responded 204 in 0ms
2026-06-28 20:47:31.864 +03:00 [INF] Executed DbCommand (1ms) [Parameters=[], CommandType='"Text"', CommandTimeout='30']
SELECT [d].[Id], [d].[DepartmentId], [d].[FullName], [d].[IsActive], [d].[Phone], [d].[Specialization], [d].[UserId]
FROM [Doctors] AS [d]
2026-06-28 20:47:31.867 +03:00 [INF] Executed DbCommand (1ms) [Parameters=[@p='?' (DbType = Guid)], CommandType='"Text"', CommandTimeout='30']
SELECT TOP(1) [d].[Id], [d].[Description], [d].[IsActive], [d].[Name]
FROM [Departments] AS [d]
WHERE [d].[Id] = @p
2026-06-28 20:47:31.869 +03:00 [INF] Executed DbCommand (1ms) [Parameters=[@doctorId='?' (DbType = Guid), @date='?' (DbType = Date)], CommandType='"Text"', CommandTimeout='30']
SELECT [a].[Id], [a].[AppointmentDate], [a].[CreatedAt], [a].[CreatedByReceptionistId], [a].[DoctorId], [a].[EndTime], [a].[Notes], [a].[PatientId], [a].[StartTime], [a].[Status], [a].[UpdatedAt]
FROM [Appointments] AS [a]
WHERE [a].[DoctorId] = @doctorId AND [a].[AppointmentDate] = @date
ORDER BY [a].[StartTime]
2026-06-28 20:47:31.869 +03:00 [INF] HTTP GET /api/doctor/schedule responded 200 in 26ms
2026-06-28 20:47:35.314 +03:00 [INF] Executed DbCommand (1ms) [Parameters=[], CommandType='"Text"', CommandTimeout='30']
SELECT [d].[Id], [d].[DepartmentId], [d].[FullName], [d].[IsActive], [d].[Phone], [d].[Specialization], [d].[UserId]
FROM [Doctors] AS [d]
2026-06-28 20:47:35.316 +03:00 [INF] Executed DbCommand (1ms) [Parameters=[@p='?' (DbType = Guid)], CommandType='"Text"', CommandTimeout='30']
SELECT TOP(1) [d].[Id], [d].[Description], [d].[IsActive], [d].[Name]
FROM [Departments] AS [d]
WHERE [d].[Id] = @p
2026-06-28 20:47:35.318 +03:00 [INF] Executed DbCommand (1ms) [Parameters=[@doctorId='?' (DbType = Guid), @date='?' (DbType = Date)], CommandType='"Text"', CommandTimeout='30']
SELECT [a].[Id], [a].[AppointmentDate], [a].[CreatedAt], [a].[CreatedByReceptionistId], [a].[DoctorId], [a].[EndTime], [a].[Notes], [a].[PatientId], [a].[StartTime], [a].[Status], [a].[UpdatedAt]
FROM [Appointments] AS [a]
WHERE [a].[DoctorId] = @doctorId AND [a].[AppointmentDate] = @date
ORDER BY [a].[StartTime]
2026-06-28 20:47:35.319 +03:00 [INF] HTTP GET /api/doctor/schedule responded 200 in 7ms
2026-06-28 20:47:42.099 +03:00 [INF] HTTP OPTIONS /api/auth/login responded 204 in 0ms
2026-06-28 20:47:42.112 +03:00 [INF] Executed DbCommand (1ms) [Parameters=[], CommandType='"Text"', CommandTimeout='30']
SELECT [u].[Id], [u].[CreatedAt], [u].[Email], [u].[IsActive], [u].[PasswordHash], [u].[Role]
FROM [Users] AS [u]
2026-06-28 20:47:42.530 +03:00 [INF] HTTP POST /api/auth/login responded 200 in 425ms
2026-06-28 20:47:42.566 +03:00 [INF] HTTP OPTIONS /api/patient/profile responded 204 in 0ms
2026-06-28 20:47:42.573 +03:00 [INF] Executed DbCommand (1ms) [Parameters=[], CommandType='"Text"', CommandTimeout='30']
SELECT [p].[Id], [p].[Address], [p].[BloodType], [p].[CreatedAt], [p].[DateOfBirth], [p].[Email], [p].[FullName], [p].[Gender], [p].[NationalId], [p].[Phone], [p].[UserId]
FROM [Patients] AS [p]
2026-06-28 20:47:42.574 +03:00 [INF] HTTP GET /api/patient/profile responded 200 in 4ms
2026-06-28 20:47:45.795 +03:00 [INF] HTTP OPTIONS /api/patient/appointments responded 204 in 0ms
2026-06-28 20:47:45.806 +03:00 [INF] Executed DbCommand (2ms) [Parameters=[], CommandType='"Text"', CommandTimeout='30']
SELECT [p].[Id], [p].[Address], [p].[BloodType], [p].[CreatedAt], [p].[DateOfBirth], [p].[Email], [p].[FullName], [p].[Gender], [p].[NationalId], [p].[Phone], [p].[UserId]
FROM [Patients] AS [p]
2026-06-28 20:47:45.810 +03:00 [INF] Executed DbCommand (2ms) [Parameters=[@patientId='?' (DbType = Guid)], CommandType='"Text"', CommandTimeout='30']
SELECT [a].[Id], [a].[AppointmentDate], [a].[CreatedAt], [a].[CreatedByReceptionistId], [a].[DoctorId], [a].[EndTime], [a].[Notes], [a].[PatientId], [a].[StartTime], [a].[Status], [a].[UpdatedAt]
FROM [Appointments] AS [a]
WHERE [a].[PatientId] = @patientId
ORDER BY [a].[AppointmentDate] DESC, [a].[StartTime] DESC
2026-06-28 20:47:45.814 +03:00 [INF] Executed DbCommand (1ms) [Parameters=[@p='?' (DbType = Guid)], CommandType='"Text"', CommandTimeout='30']
SELECT TOP(1) [d].[Id], [d].[DepartmentId], [d].[FullName], [d].[IsActive], [d].[Phone], [d].[Specialization], [d].[UserId]
FROM [Doctors] AS [d]
WHERE [d].[Id] = @p
2026-06-28 20:47:45.815 +03:00 [INF] HTTP GET /api/patient/appointments responded 200 in 14ms
2026-06-28 20:48:05.804 +03:00 [INF] HTTP OPTIONS /api/auth/login responded 204 in 0ms
2026-06-28 20:48:05.816 +03:00 [INF] Executed DbCommand (1ms) [Parameters=[], CommandType='"Text"', CommandTimeout='30']
SELECT [u].[Id], [u].[CreatedAt], [u].[Email], [u].[IsActive], [u].[PasswordHash], [u].[Role]
FROM [Users] AS [u]
2026-06-28 20:48:06.305 +03:00 [INF] HTTP POST /api/auth/login responded 200 in 493ms
2026-06-28 20:48:06.329 +03:00 [INF] HTTP OPTIONS /api/departments responded 204 in 0ms
2026-06-28 20:48:06.333 +03:00 [INF] Executed DbCommand (0ms) [Parameters=[], CommandType='"Text"', CommandTimeout='30']
SELECT [d].[Id], [d].[Description], [d].[IsActive], [d].[Name]
FROM [Departments] AS [d]
2026-06-28 20:48:06.334 +03:00 [INF] HTTP GET /api/departments responded 200 in 2ms
2026-06-28 20:48:10.202 +03:00 [INF] HTTP OPTIONS /api/doctors responded 204 in 0ms
2026-06-28 20:48:10.204 +03:00 [INF] HTTP OPTIONS /api/departments responded 204 in 0ms
2026-06-28 20:48:10.221 +03:00 [INF] Executed DbCommand (1ms) [Parameters=[], CommandType='"Text"', CommandTimeout='30']
SELECT [d].[Id], [d].[DepartmentId], [d].[FullName], [d].[IsActive], [d].[Phone], [d].[Specialization], [d].[UserId]
FROM [Doctors] AS [d]
2026-06-28 20:48:10.221 +03:00 [INF] Executed DbCommand (1ms) [Parameters=[], CommandType='"Text"', CommandTimeout='30']
SELECT [d].[Id], [d].[Description], [d].[IsActive], [d].[Name]
FROM [Departments] AS [d]
2026-06-28 20:48:10.223 +03:00 [INF] HTTP GET /api/departments responded 200 in 6ms
2026-06-28 20:48:10.224 +03:00 [INF] Executed DbCommand (1ms) [Parameters=[@p='?' (DbType = Guid)], CommandType='"Text"', CommandTimeout='30']
SELECT TOP(1) [d].[Id], [d].[Description], [d].[IsActive], [d].[Name]
FROM [Departments] AS [d]
WHERE [d].[Id] = @p
2026-06-28 20:48:10.228 +03:00 [INF] Executed DbCommand (1ms) [Parameters=[@p='?' (DbType = Guid)], CommandType='"Text"', CommandTimeout='30']
SELECT TOP(1) [d].[Id], [d].[Description], [d].[IsActive], [d].[Name]
FROM [Departments] AS [d]
WHERE [d].[Id] = @p
2026-06-28 20:48:10.229 +03:00 [INF] HTTP GET /api/doctors responded 200 in 15ms
2026-06-28 20:48:49.630 +03:00 [INF] HTTP OPTIONS /api/auth/login responded 204 in 0ms
2026-06-28 20:48:49.643 +03:00 [INF] Executed DbCommand (1ms) [Parameters=[], CommandType='"Text"', CommandTimeout='30']
SELECT [u].[Id], [u].[CreatedAt], [u].[Email], [u].[IsActive], [u].[PasswordHash], [u].[Role]
FROM [Users] AS [u]
2026-06-28 20:48:50.094 +03:00 [INF] HTTP POST /api/auth/login responded 200 in 456ms
2026-06-28 20:48:50.114 +03:00 [INF] HTTP OPTIONS /api/doctor/schedule responded 204 in 0ms
2026-06-28 20:48:50.120 +03:00 [INF] Executed DbCommand (1ms) [Parameters=[], CommandType='"Text"', CommandTimeout='30']
SELECT [d].[Id], [d].[DepartmentId], [d].[FullName], [d].[IsActive], [d].[Phone], [d].[Specialization], [d].[UserId]
FROM [Doctors] AS [d]
2026-06-28 20:48:50.122 +03:00 [INF] Executed DbCommand (1ms) [Parameters=[@p='?' (DbType = Guid)], CommandType='"Text"', CommandTimeout='30']
SELECT TOP(1) [d].[Id], [d].[Description], [d].[IsActive], [d].[Name]
FROM [Departments] AS [d]
WHERE [d].[Id] = @p
2026-06-28 20:48:50.123 +03:00 [INF] Executed DbCommand (1ms) [Parameters=[@doctorId='?' (DbType = Guid), @date='?' (DbType = Date)], CommandType='"Text"', CommandTimeout='30']
SELECT [a].[Id], [a].[AppointmentDate], [a].[CreatedAt], [a].[CreatedByReceptionistId], [a].[DoctorId], [a].[EndTime], [a].[Notes], [a].[PatientId], [a].[StartTime], [a].[Status], [a].[UpdatedAt]
FROM [Appointments] AS [a]
WHERE [a].[DoctorId] = @doctorId AND [a].[AppointmentDate] = @date
ORDER BY [a].[StartTime]
2026-06-28 20:48:50.124 +03:00 [INF] HTTP GET /api/doctor/schedule responded 200 in 6ms
2026-06-28 20:49:00.582 +03:00 [INF] HTTP OPTIONS /api/auth/login responded 204 in 0ms
2026-06-28 20:49:00.598 +03:00 [INF] Executed DbCommand (1ms) [Parameters=[], CommandType='"Text"', CommandTimeout='30']
SELECT [u].[Id], [u].[CreatedAt], [u].[Email], [u].[IsActive], [u].[PasswordHash], [u].[Role]
FROM [Users] AS [u]
2026-06-28 20:49:01.048 +03:00 [INF] HTTP POST /api/auth/login responded 200 in 455ms
2026-06-28 20:49:01.086 +03:00 [INF] HTTP OPTIONS /api/departments responded 204 in 0ms
2026-06-28 20:49:01.094 +03:00 [INF] Executed DbCommand (1ms) [Parameters=[], CommandType='"Text"', CommandTimeout='30']
SELECT [d].[Id], [d].[Description], [d].[IsActive], [d].[Name]
FROM [Departments] AS [d]
2026-06-28 20:49:01.095 +03:00 [INF] HTTP GET /api/departments responded 200 in 4ms
2026-06-28 20:49:03.325 +03:00 [INF] HTTP OPTIONS /api/doctors responded 204 in 0ms
2026-06-28 20:49:03.326 +03:00 [INF] HTTP OPTIONS /api/departments responded 204 in 0ms
2026-06-28 20:49:03.337 +03:00 [INF] Executed DbCommand (1ms) [Parameters=[], CommandType='"Text"', CommandTimeout='30']
SELECT [d].[Id], [d].[DepartmentId], [d].[FullName], [d].[IsActive], [d].[Phone], [d].[Specialization], [d].[UserId]
FROM [Doctors] AS [d]
2026-06-28 20:49:03.339 +03:00 [INF] Executed DbCommand (3ms) [Parameters=[], CommandType='"Text"', CommandTimeout='30']
SELECT [d].[Id], [d].[Description], [d].[IsActive], [d].[Name]
FROM [Departments] AS [d]
2026-06-28 20:49:03.340 +03:00 [INF] HTTP GET /api/departments responded 200 in 6ms
2026-06-28 20:49:03.341 +03:00 [INF] Executed DbCommand (1ms) [Parameters=[@p='?' (DbType = Guid)], CommandType='"Text"', CommandTimeout='30']
SELECT TOP(1) [d].[Id], [d].[Description], [d].[IsActive], [d].[Name]
FROM [Departments] AS [d]
WHERE [d].[Id] = @p
2026-06-28 20:49:03.345 +03:00 [INF] Executed DbCommand (1ms) [Parameters=[@p='?' (DbType = Guid)], CommandType='"Text"', CommandTimeout='30']
SELECT TOP(1) [d].[Id], [d].[Description], [d].[IsActive], [d].[Name]
FROM [Departments] AS [d]
WHERE [d].[Id] = @p
2026-06-28 20:49:03.347 +03:00 [INF] HTTP GET /api/doctors responded 200 in 14ms
2026-06-28 20:49:13.110 +03:00 [INF] HTTP OPTIONS /api/auth/login responded 204 in 0ms
2026-06-28 20:49:13.122 +03:00 [INF] Executed DbCommand (1ms) [Parameters=[], CommandType='"Text"', CommandTimeout='30']
SELECT [u].[Id], [u].[CreatedAt], [u].[Email], [u].[IsActive], [u].[PasswordHash], [u].[Role]
FROM [Users] AS [u]
2026-06-28 20:49:13.584 +03:00 [INF] HTTP POST /api/auth/login responded 200 in 467ms
2026-06-28 20:51:16.432 +03:00 [INF] HTTP OPTIONS /api/doctor/schedule responded 204 in 0ms
2026-06-28 20:51:16.452 +03:00 [INF] Executed DbCommand (2ms) [Parameters=[], CommandType='"Text"', CommandTimeout='30']
SELECT [d].[Id], [d].[DepartmentId], [d].[FullName], [d].[IsActive], [d].[Phone], [d].[Specialization], [d].[UserId]
FROM [Doctors] AS [d]
2026-06-28 20:51:16.456 +03:00 [INF] Executed DbCommand (2ms) [Parameters=[@p='?' (DbType = Guid)], CommandType='"Text"', CommandTimeout='30']
SELECT TOP(1) [d].[Id], [d].[Description], [d].[IsActive], [d].[Name]
FROM [Departments] AS [d]
WHERE [d].[Id] = @p
2026-06-28 20:51:16.460 +03:00 [INF] Executed DbCommand (1ms) [Parameters=[@doctorId='?' (DbType = Guid), @date='?' (DbType = Date)], CommandType='"Text"', CommandTimeout='30']
SELECT [a].[Id], [a].[AppointmentDate], [a].[CreatedAt], [a].[CreatedByReceptionistId], [a].[DoctorId], [a].[EndTime], [a].[Notes], [a].[PatientId], [a].[StartTime], [a].[Status], [a].[UpdatedAt]
FROM [Appointments] AS [a]
WHERE [a].[DoctorId] = @doctorId AND [a].[AppointmentDate] = @date
ORDER BY [a].[StartTime]
2026-06-28 20:51:16.461 +03:00 [INF] HTTP GET /api/doctor/schedule responded 200 in 15ms
2026-06-28 20:51:53.071 +03:00 [INF] HTTP OPTIONS /api/doctor/schedule responded 204 in 0ms
2026-06-28 20:51:53.074 +03:00 [INF] Executed DbCommand (0ms) [Parameters=[], CommandType='"Text"', CommandTimeout='30']
SELECT [d].[Id], [d].[DepartmentId], [d].[FullName], [d].[IsActive], [d].[Phone], [d].[Specialization], [d].[UserId]
FROM [Doctors] AS [d]
2026-06-28 20:51:53.075 +03:00 [INF] Executed DbCommand (0ms) [Parameters=[@p='?' (DbType = Guid)], CommandType='"Text"', CommandTimeout='30']
SELECT TOP(1) [d].[Id], [d].[Description], [d].[IsActive], [d].[Name]
FROM [Departments] AS [d]
WHERE [d].[Id] = @p
2026-06-28 20:51:53.075 +03:00 [INF] Executed DbCommand (0ms) [Parameters=[@doctorId='?' (DbType = Guid), @date='?' (DbType = Date)], CommandType='"Text"', CommandTimeout='30']
SELECT [a].[Id], [a].[AppointmentDate], [a].[CreatedAt], [a].[CreatedByReceptionistId], [a].[DoctorId], [a].[EndTime], [a].[Notes], [a].[PatientId], [a].[StartTime], [a].[Status], [a].[UpdatedAt]
FROM [Appointments] AS [a]
WHERE [a].[DoctorId] = @doctorId AND [a].[AppointmentDate] = @date
ORDER BY [a].[StartTime]
2026-06-28 20:51:53.075 +03:00 [INF] HTTP GET /api/doctor/schedule responded 200 in 2ms
2026-06-28 20:51:58.066 +03:00 [INF] HTTP OPTIONS /api/doctor/working-hours responded 204 in 0ms
2026-06-28 20:51:58.068 +03:00 [INF] HTTP GET /api/doctor/working-hours responded 404 in 0ms
2026-06-28 20:51:58.069 +03:00 [INF] Executed DbCommand (0ms) [Parameters=[], CommandType='"Text"', CommandTimeout='30']
SELECT [d].[Id], [d].[DepartmentId], [d].[FullName], [d].[IsActive], [d].[Phone], [d].[Specialization], [d].[UserId]
FROM [Doctors] AS [d]
2026-06-28 20:51:58.070 +03:00 [INF] Executed DbCommand (0ms) [Parameters=[@p='?' (DbType = Guid)], CommandType='"Text"', CommandTimeout='30']
SELECT TOP(1) [d].[Id], [d].[Description], [d].[IsActive], [d].[Name]
FROM [Departments] AS [d]
WHERE [d].[Id] = @p
2026-06-28 20:51:58.071 +03:00 [INF] Executed DbCommand (0ms) [Parameters=[@doctorId='?' (DbType = Guid), @date='?' (DbType = Date)], CommandType='"Text"', CommandTimeout='30']
SELECT [a].[Id], [a].[AppointmentDate], [a].[CreatedAt], [a].[CreatedByReceptionistId], [a].[DoctorId], [a].[EndTime], [a].[Notes], [a].[PatientId], [a].[StartTime], [a].[Status], [a].[UpdatedAt]
FROM [Appointments] AS [a]
WHERE [a].[DoctorId] = @doctorId AND [a].[AppointmentDate] = @date
ORDER BY [a].[StartTime]
2026-06-28 20:51:58.071 +03:00 [INF] HTTP GET /api/doctor/schedule responded 200 in 4ms
2026-06-28 20:52:03.079 +03:00 [INF] HTTP OPTIONS /api/doctor/working-hours responded 204 in 0ms
2026-06-28 20:52:03.085 +03:00 [INF] HTTP GET /api/doctor/working-hours responded 404 in 0ms
2026-06-28 20:52:36.053 +03:00 [INF] Executed DbCommand (29ms) [Parameters=[], CommandType='"Text"', CommandTimeout='30']
SELECT 1
2026-06-28 20:52:36.104 +03:00 [INF] Acquiring an exclusive lock for migration application. See https://aka.ms/efcore-docs-migrations-lock for more information if this takes too long.
2026-06-28 20:52:36.151 +03:00 [INF] Executed DbCommand (39ms) [Parameters=[], CommandType='"Text"', CommandTimeout='30']
DECLARE @result int;
EXEC @result = sp_getapplock @Resource = '__EFMigrationsLock', @LockOwner = 'Session', @LockMode = 'Exclusive';
SELECT @result
2026-06-28 20:52:36.245 +03:00 [INF] Executed DbCommand (1ms) [Parameters=[], CommandType='"Text"', CommandTimeout='30']
IF OBJECT_ID(N'[__EFMigrationsHistory]') IS NULL
BEGIN
    CREATE TABLE [__EFMigrationsHistory] (
        [MigrationId] nvarchar(150) NOT NULL,
        [ProductVersion] nvarchar(32) NOT NULL,
        CONSTRAINT [PK___EFMigrationsHistory] PRIMARY KEY ([MigrationId])
    );
END;
2026-06-28 20:52:36.263 +03:00 [INF] Executed DbCommand (1ms) [Parameters=[], CommandType='"Text"', CommandTimeout='30']
SELECT 1
2026-06-28 20:52:36.265 +03:00 [INF] Executed DbCommand (1ms) [Parameters=[], CommandType='"Text"', CommandTimeout='30']
SELECT OBJECT_ID(N'[__EFMigrationsHistory]');
2026-06-28 20:52:36.277 +03:00 [INF] Executed DbCommand (9ms) [Parameters=[], CommandType='"Text"', CommandTimeout='30']
SELECT [MigrationId], [ProductVersion]
FROM [__EFMigrationsHistory]
ORDER BY [MigrationId];
2026-06-28 20:52:36.290 +03:00 [INF] No migrations were applied. The database is already up to date.
2026-06-28 20:52:36.294 +03:00 [INF] Executed DbCommand (2ms) [Parameters=[], CommandType='"Text"', CommandTimeout='30']
DECLARE @result int;
EXEC @result = sp_releaseapplock @Resource = '__EFMigrationsLock', @LockOwner = 'Session';
SELECT @result
2026-06-28 20:52:36.619 +03:00 [INF] Executed DbCommand (4ms) [Parameters=[], CommandType='"Text"', CommandTimeout='30']
SELECT CASE
    WHEN EXISTS (
        SELECT 1
        FROM [Users] AS [u]) THEN CAST(1 AS bit)
    ELSE CAST(0 AS bit)
END
2026-06-28 20:52:36.625 +03:00 [INF] Database already seeded. Ensuring demo accounts exist.
2026-06-28 20:52:36.711 +03:00 [INF] Executed DbCommand (3ms) [Parameters=[], CommandType='"Text"', CommandTimeout='30']
SELECT TOP(1) [u].[Id], [u].[CreatedAt], [u].[Email], [u].[IsActive], [u].[PasswordHash], [u].[Role]
FROM [Users] AS [u]
WHERE [u].[Email] = N'patient@hospital.com'
2026-06-28 20:52:36.829 +03:00 [INF] Executed DbCommand (18ms) [Parameters=[@patientUser_Id='?' (DbType = Guid)], CommandType='"Text"', CommandTimeout='30']
SELECT TOP(1) [p].[Id], [p].[Address], [p].[BloodType], [p].[CreatedAt], [p].[DateOfBirth], [p].[Email], [p].[FullName], [p].[Gender], [p].[NationalId], [p].[Phone], [p].[UserId]
FROM [Patients] AS [p]
WHERE [p].[UserId] = @patientUser_Id
2026-06-28 20:52:37.064 +03:00 [INF] Now listening on: http://localhost:5000
2026-06-28 20:52:37.064 +03:00 [INF] Application started. Press Ctrl+C to shut down.
2026-06-28 20:52:37.065 +03:00 [INF] Hosting environment: Development
2026-06-28 20:52:37.065 +03:00 [INF] Content root path: G:\DEPI\HospitalSystem.API
2026-06-28 20:52:50.618 +03:00 [WRN] Failed to determine the https port for redirect.
2026-06-28 20:52:50.623 +03:00 [INF] HTTP OPTIONS /api/doctor/working-hours responded 204 in 35ms
2026-06-28 20:52:50.623 +03:00 [INF] HTTP OPTIONS /api/doctor/schedule responded 204 in 35ms
2026-06-28 20:52:50.824 +03:00 [INF] Executed DbCommand (3ms) [Parameters=[], CommandType='"Text"', CommandTimeout='30']
SELECT [d].[Id], [d].[DepartmentId], [d].[FullName], [d].[IsActive], [d].[Phone], [d].[Specialization], [d].[UserId]
FROM [Doctors] AS [d]
2026-06-28 20:52:50.826 +03:00 [INF] Executed DbCommand (1ms) [Parameters=[], CommandType='"Text"', CommandTimeout='30']
SELECT [d].[Id], [d].[DepartmentId], [d].[FullName], [d].[IsActive], [d].[Phone], [d].[Specialization], [d].[UserId]
FROM [Doctors] AS [d]
2026-06-28 20:52:50.900 +03:00 [INF] Executed DbCommand (2ms) [Parameters=[@p='?' (DbType = Guid)], CommandType='"Text"', CommandTimeout='30']
SELECT TOP(1) [d].[Id], [d].[Description], [d].[IsActive], [d].[Name]
FROM [Departments] AS [d]
WHERE [d].[Id] = @p
2026-06-28 20:52:50.900 +03:00 [INF] Executed DbCommand (2ms) [Parameters=[@p='?' (DbType = Guid)], CommandType='"Text"', CommandTimeout='30']
SELECT TOP(1) [d].[Id], [d].[Description], [d].[IsActive], [d].[Name]
FROM [Departments] AS [d]
WHERE [d].[Id] = @p
2026-06-28 20:52:50.935 +03:00 [INF] Executed DbCommand (2ms) [Parameters=[], CommandType='"Text"', CommandTimeout='30']
SELECT [d].[Id], [d].[AppointmentDurationMinutes], [d].[DayOfWeek], [d].[DoctorId], [d].[EndTime], [d].[IsActive], [d].[StartTime]
FROM [DoctorSchedules] AS [d]
2026-06-28 20:52:50.944 +03:00 [INF] Executed DbCommand (5ms) [Parameters=[@doctorId='?' (DbType = Guid), @date='?' (DbType = Date)], CommandType='"Text"', CommandTimeout='30']
SELECT [a].[Id], [a].[AppointmentDate], [a].[CreatedAt], [a].[CreatedByReceptionistId], [a].[DoctorId], [a].[EndTime], [a].[Notes], [a].[PatientId], [a].[StartTime], [a].[Status], [a].[UpdatedAt]
FROM [Appointments] AS [a]
WHERE [a].[DoctorId] = @doctorId AND [a].[AppointmentDate] = @date
ORDER BY [a].[StartTime]
2026-06-28 20:52:51.008 +03:00 [INF] HTTP GET /api/doctor/working-hours responded 200 in 375ms
2026-06-28 20:52:51.016 +03:00 [INF] HTTP GET /api/doctor/schedule responded 200 in 384ms
2026-06-28 20:52:54.744 +03:00 [INF] Executed DbCommand (1ms) [Parameters=[], CommandType='"Text"', CommandTimeout='30']
SELECT [d].[Id], [d].[DepartmentId], [d].[FullName], [d].[IsActive], [d].[Phone], [d].[Specialization], [d].[UserId]
FROM [Doctors] AS [d]
2026-06-28 20:52:54.744 +03:00 [INF] Executed DbCommand (1ms) [Parameters=[], CommandType='"Text"', CommandTimeout='30']
SELECT [d].[Id], [d].[DepartmentId], [d].[FullName], [d].[IsActive], [d].[Phone], [d].[Specialization], [d].[UserId]
FROM [Doctors] AS [d]
2026-06-28 20:52:54.748 +03:00 [INF] Executed DbCommand (1ms) [Parameters=[@p='?' (DbType = Guid)], CommandType='"Text"', CommandTimeout='30']
SELECT TOP(1) [d].[Id], [d].[Description], [d].[IsActive], [d].[Name]
FROM [Departments] AS [d]
WHERE [d].[Id] = @p
2026-06-28 20:52:54.748 +03:00 [INF] Executed DbCommand (0ms) [Parameters=[@p='?' (DbType = Guid)], CommandType='"Text"', CommandTimeout='30']
SELECT TOP(1) [d].[Id], [d].[Description], [d].[IsActive], [d].[Name]
FROM [Departments] AS [d]
WHERE [d].[Id] = @p
2026-06-28 20:52:54.749 +03:00 [INF] Executed DbCommand (0ms) [Parameters=[], CommandType='"Text"', CommandTimeout='30']
SELECT [d].[Id], [d].[AppointmentDurationMinutes], [d].[DayOfWeek], [d].[DoctorId], [d].[EndTime], [d].[IsActive], [d].[StartTime]
FROM [DoctorSchedules] AS [d]
2026-06-28 20:52:54.750 +03:00 [INF] Executed DbCommand (0ms) [Parameters=[@doctorId='?' (DbType = Guid), @date='?' (DbType = Date)], CommandType='"Text"', CommandTimeout='30']
SELECT [a].[Id], [a].[AppointmentDate], [a].[CreatedAt], [a].[CreatedByReceptionistId], [a].[DoctorId], [a].[EndTime], [a].[Notes], [a].[PatientId], [a].[StartTime], [a].[Status], [a].[UpdatedAt]
FROM [Appointments] AS [a]
WHERE [a].[DoctorId] = @doctorId AND [a].[AppointmentDate] = @date
ORDER BY [a].[StartTime]
2026-06-28 20:52:54.750 +03:00 [INF] HTTP GET /api/doctor/working-hours responded 200 in 35ms
2026-06-28 20:52:54.750 +03:00 [INF] HTTP GET /api/doctor/schedule responded 200 in 35ms
2026-06-28 20:53:33.412 +03:00 [INF] HTTP OPTIONS /api/doctor/schedule responded 204 in 0ms
2026-06-28 20:53:33.417 +03:00 [INF] HTTP OPTIONS /api/doctor/schedule responded 204 in 0ms
2026-06-28 20:53:33.419 +03:00 [INF] Executed DbCommand (0ms) [Parameters=[], CommandType='"Text"', CommandTimeout='30']
SELECT [d].[Id], [d].[DepartmentId], [d].[FullName], [d].[IsActive], [d].[Phone], [d].[Specialization], [d].[UserId]
FROM [Doctors] AS [d]
2026-06-28 20:53:33.421 +03:00 [INF] Executed DbCommand (0ms) [Parameters=[], CommandType='"Text"', CommandTimeout='30']
SELECT [d].[Id], [d].[DepartmentId], [d].[FullName], [d].[IsActive], [d].[Phone], [d].[Specialization], [d].[UserId]
FROM [Doctors] AS [d]
2026-06-28 20:53:33.421 +03:00 [INF] Executed DbCommand (0ms) [Parameters=[@p='?' (DbType = Guid)], CommandType='"Text"', CommandTimeout='30']
SELECT TOP(1) [d].[Id], [d].[Description], [d].[IsActive], [d].[Name]
FROM [Departments] AS [d]
WHERE [d].[Id] = @p
2026-06-28 20:53:33.423 +03:00 [INF] Executed DbCommand (1ms) [Parameters=[@p='?' (DbType = Guid)], CommandType='"Text"', CommandTimeout='30']
SELECT TOP(1) [d].[Id], [d].[Description], [d].[IsActive], [d].[Name]
FROM [Departments] AS [d]
WHERE [d].[Id] = @p
2026-06-28 20:53:33.424 +03:00 [INF] Executed DbCommand (2ms) [Parameters=[@doctorId='?' (DbType = Guid), @date='?' (DbType = Date)], CommandType='"Text"', CommandTimeout='30']
SELECT [a].[Id], [a].[AppointmentDate], [a].[CreatedAt], [a].[CreatedByReceptionistId], [a].[DoctorId], [a].[EndTime], [a].[Notes], [a].[PatientId], [a].[StartTime], [a].[Status], [a].[UpdatedAt]
FROM [Appointments] AS [a]
WHERE [a].[DoctorId] = @doctorId AND [a].[AppointmentDate] = @date
ORDER BY [a].[StartTime]
2026-06-28 20:53:33.424 +03:00 [INF] Executed DbCommand (1ms) [Parameters=[@doctorId='?' (DbType = Guid), @date='?' (DbType = Date)], CommandType='"Text"', CommandTimeout='30']
SELECT [a].[Id], [a].[AppointmentDate], [a].[CreatedAt], [a].[CreatedByReceptionistId], [a].[DoctorId], [a].[EndTime], [a].[Notes], [a].[PatientId], [a].[StartTime], [a].[Status], [a].[UpdatedAt]
FROM [Appointments] AS [a]
WHERE [a].[DoctorId] = @doctorId AND [a].[AppointmentDate] = @date
ORDER BY [a].[StartTime]
2026-06-28 20:53:33.424 +03:00 [INF] HTTP GET /api/doctor/schedule responded 200 in 5ms
2026-06-28 20:53:33.458 +03:00 [INF] Executed DbCommand (1ms) [Parameters=[@p='?' (DbType = Guid)], CommandType='"Text"', CommandTimeout='30']
SELECT TOP(1) [p].[Id], [p].[Address], [p].[BloodType], [p].[CreatedAt], [p].[DateOfBirth], [p].[Email], [p].[FullName], [p].[Gender], [p].[NationalId], [p].[Phone], [p].[UserId]
FROM [Patients] AS [p]
WHERE [p].[Id] = @p
2026-06-28 20:53:33.466 +03:00 [INF] HTTP GET /api/doctor/schedule responded 200 in 50ms
2026-06-28 20:53:50.446 +03:00 [INF] HTTP OPTIONS /api/doctor/schedule responded 204 in 0ms
2026-06-28 20:53:50.470 +03:00 [INF] HTTP GET /api/doctor/schedule responded 400 in 21ms
2026-06-28 20:54:43.301 +03:00 [INF] HTTP OPTIONS /api/doctor/schedule responded 204 in 0ms
2026-06-28 20:54:43.304 +03:00 [INF] HTTP OPTIONS /api/doctor/schedule responded 204 in 0ms
2026-06-28 20:54:43.306 +03:00 [INF] Executed DbCommand (0ms) [Parameters=[], CommandType='"Text"', CommandTimeout='30']
SELECT [d].[Id], [d].[DepartmentId], [d].[FullName], [d].[IsActive], [d].[Phone], [d].[Specialization], [d].[UserId]
FROM [Doctors] AS [d]
2026-06-28 20:54:43.307 +03:00 [INF] Executed DbCommand (0ms) [Parameters=[], CommandType='"Text"', CommandTimeout='30']
SELECT [d].[Id], [d].[DepartmentId], [d].[FullName], [d].[IsActive], [d].[Phone], [d].[Specialization], [d].[UserId]
FROM [Doctors] AS [d]
2026-06-28 20:54:43.307 +03:00 [INF] Executed DbCommand (0ms) [Parameters=[@p='?' (DbType = Guid)], CommandType='"Text"', CommandTimeout='30']
SELECT TOP(1) [d].[Id], [d].[Description], [d].[IsActive], [d].[Name]
FROM [Departments] AS [d]
WHERE [d].[Id] = @p
2026-06-28 20:54:43.308 +03:00 [INF] Executed DbCommand (0ms) [Parameters=[@p='?' (DbType = Guid)], CommandType='"Text"', CommandTimeout='30']
SELECT TOP(1) [d].[Id], [d].[Description], [d].[IsActive], [d].[Name]
FROM [Departments] AS [d]
WHERE [d].[Id] = @p
2026-06-28 20:54:43.308 +03:00 [INF] Executed DbCommand (0ms) [Parameters=[@doctorId='?' (DbType = Guid), @date='?' (DbType = Date)], CommandType='"Text"', CommandTimeout='30']
SELECT [a].[Id], [a].[AppointmentDate], [a].[CreatedAt], [a].[CreatedByReceptionistId], [a].[DoctorId], [a].[EndTime], [a].[Notes], [a].[PatientId], [a].[StartTime], [a].[Status], [a].[UpdatedAt]
FROM [Appointments] AS [a]
WHERE [a].[DoctorId] = @doctorId AND [a].[AppointmentDate] = @date
ORDER BY [a].[StartTime]
2026-06-28 20:54:43.309 +03:00 [INF] Executed DbCommand (0ms) [Parameters=[@doctorId='?' (DbType = Guid), @date='?' (DbType = Date)], CommandType='"Text"', CommandTimeout='30']
SELECT [a].[Id], [a].[AppointmentDate], [a].[CreatedAt], [a].[CreatedByReceptionistId], [a].[DoctorId], [a].[EndTime], [a].[Notes], [a].[PatientId], [a].[StartTime], [a].[Status], [a].[UpdatedAt]
FROM [Appointments] AS [a]
WHERE [a].[DoctorId] = @doctorId AND [a].[AppointmentDate] = @date
ORDER BY [a].[StartTime]
2026-06-28 20:54:43.309 +03:00 [INF] Executed DbCommand (0ms) [Parameters=[@p='?' (DbType = Guid)], CommandType='"Text"', CommandTimeout='30']
SELECT TOP(1) [p].[Id], [p].[Address], [p].[BloodType], [p].[CreatedAt], [p].[DateOfBirth], [p].[Email], [p].[FullName], [p].[Gender], [p].[NationalId], [p].[Phone], [p].[UserId]
FROM [Patients] AS [p]
WHERE [p].[Id] = @p
2026-06-28 20:54:43.309 +03:00 [INF] HTTP GET /api/doctor/schedule responded 200 in 3ms
2026-06-28 20:54:43.310 +03:00 [INF] HTTP GET /api/doctor/schedule responded 200 in 5ms
2026-06-28 20:54:59.059 +03:00 [INF] HTTP OPTIONS /api/doctor/schedule responded 204 in 0ms
2026-06-28 20:54:59.065 +03:00 [INF] Executed DbCommand (0ms) [Parameters=[], CommandType='"Text"', CommandTimeout='30']
SELECT [d].[Id], [d].[DepartmentId], [d].[FullName], [d].[IsActive], [d].[Phone], [d].[Specialization], [d].[UserId]
FROM [Doctors] AS [d]
2026-06-28 20:54:59.066 +03:00 [INF] Executed DbCommand (0ms) [Parameters=[@p='?' (DbType = Guid)], CommandType='"Text"', CommandTimeout='30']
SELECT TOP(1) [d].[Id], [d].[Description], [d].[IsActive], [d].[Name]
FROM [Departments] AS [d]
WHERE [d].[Id] = @p
2026-06-28 20:54:59.067 +03:00 [INF] Executed DbCommand (0ms) [Parameters=[@doctorId='?' (DbType = Guid), @date='?' (DbType = Date)], CommandType='"Text"', CommandTimeout='30']
SELECT [a].[Id], [a].[AppointmentDate], [a].[CreatedAt], [a].[CreatedByReceptionistId], [a].[DoctorId], [a].[EndTime], [a].[Notes], [a].[PatientId], [a].[StartTime], [a].[Status], [a].[UpdatedAt]
FROM [Appointments] AS [a]
WHERE [a].[DoctorId] = @doctorId AND [a].[AppointmentDate] = @date
ORDER BY [a].[StartTime]
2026-06-28 20:54:59.068 +03:00 [INF] HTTP GET /api/doctor/schedule responded 200 in 4ms
2026-06-28 20:55:15.919 +03:00 [INF] HTTP OPTIONS /api/auth/login responded 204 in 0ms
2026-06-28 20:55:15.947 +03:00 [INF] Executed DbCommand (1ms) [Parameters=[], CommandType='"Text"', CommandTimeout='30']
SELECT [u].[Id], [u].[CreatedAt], [u].[Email], [u].[IsActive], [u].[PasswordHash], [u].[Role]
FROM [Users] AS [u]
2026-06-28 20:55:16.301 +03:00 [INF] HTTP POST /api/auth/login responded 200 in 380ms
2026-06-28 20:55:16.317 +03:00 [INF] HTTP OPTIONS /api/patients responded 204 in 0ms
2026-06-28 20:55:16.334 +03:00 [INF] Executed DbCommand (1ms) [Parameters=[], CommandType='"Text"', CommandTimeout='30']
SELECT [p].[Id], [p].[Address], [p].[BloodType], [p].[CreatedAt], [p].[DateOfBirth], [p].[Email], [p].[FullName], [p].[Gender], [p].[NationalId], [p].[Phone], [p].[UserId]
FROM [Patients] AS [p]
2026-06-28 20:55:16.350 +03:00 [INF] HTTP GET /api/patients responded 200 in 31ms
2026-06-28 20:55:18.769 +03:00 [INF] HTTP OPTIONS /api/doctors responded 204 in 0ms
2026-06-28 20:55:18.781 +03:00 [INF] Executed DbCommand (1ms) [Parameters=[], CommandType='"Text"', CommandTimeout='30']
SELECT [d].[Id], [d].[DepartmentId], [d].[FullName], [d].[IsActive], [d].[Phone], [d].[Specialization], [d].[UserId]
FROM [Doctors] AS [d]
2026-06-28 20:55:18.783 +03:00 [INF] Executed DbCommand (0ms) [Parameters=[@p='?' (DbType = Guid)], CommandType='"Text"', CommandTimeout='30']
SELECT TOP(1) [d].[Id], [d].[Description], [d].[IsActive], [d].[Name]
FROM [Departments] AS [d]
WHERE [d].[Id] = @p
2026-06-28 20:55:18.783 +03:00 [INF] Executed DbCommand (0ms) [Parameters=[@p='?' (DbType = Guid)], CommandType='"Text"', CommandTimeout='30']
SELECT TOP(1) [d].[Id], [d].[Description], [d].[IsActive], [d].[Name]
FROM [Departments] AS [d]
WHERE [d].[Id] = @p
2026-06-28 20:55:18.787 +03:00 [INF] HTTP GET /api/doctors responded 200 in 16ms
2026-06-28 20:55:18.793 +03:00 [INF] HTTP OPTIONS /api/appointments responded 204 in 0ms
2026-06-28 20:55:18.801 +03:00 [INF] Executed DbCommand (0ms) [Parameters=[@doctorId='?' (DbType = Guid), @date='?' (DbType = Date)], CommandType='"Text"', CommandTimeout='30']
SELECT [a].[Id], [a].[AppointmentDate], [a].[CreatedAt], [a].[CreatedByReceptionistId], [a].[DoctorId], [a].[EndTime], [a].[Notes], [a].[PatientId], [a].[StartTime], [a].[Status], [a].[UpdatedAt]
FROM [Appointments] AS [a]
WHERE [a].[DoctorId] = @doctorId AND [a].[AppointmentDate] = @date
ORDER BY [a].[StartTime]
2026-06-28 20:55:18.802 +03:00 [INF] HTTP GET /api/appointments responded 200 in 7ms
2026-06-28 20:55:18.804 +03:00 [INF] HTTP OPTIONS /api/appointments responded 204 in 0ms
2026-06-28 20:55:18.808 +03:00 [INF] Executed DbCommand (0ms) [Parameters=[@doctorId='?' (DbType = Guid), @date='?' (DbType = Date)], CommandType='"Text"', CommandTimeout='30']
SELECT [a].[Id], [a].[AppointmentDate], [a].[CreatedAt], [a].[CreatedByReceptionistId], [a].[DoctorId], [a].[EndTime], [a].[Notes], [a].[PatientId], [a].[StartTime], [a].[Status], [a].[UpdatedAt]
FROM [Appointments] AS [a]
WHERE [a].[DoctorId] = @doctorId AND [a].[AppointmentDate] = @date
ORDER BY [a].[StartTime]
2026-06-28 20:55:18.809 +03:00 [INF] HTTP GET /api/appointments responded 200 in 2ms
2026-06-28 20:55:42.428 +03:00 [INF] HTTP OPTIONS /api/auth/login responded 204 in 0ms
2026-06-28 20:55:42.432 +03:00 [INF] Executed DbCommand (0ms) [Parameters=[], CommandType='"Text"', CommandTimeout='30']
SELECT [u].[Id], [u].[CreatedAt], [u].[Email], [u].[IsActive], [u].[PasswordHash], [u].[Role]
FROM [Users] AS [u]
2026-06-28 20:55:42.701 +03:00 [INF] HTTP POST /api/auth/login responded 200 in 270ms
2026-06-28 20:55:42.719 +03:00 [INF] HTTP OPTIONS /api/doctor/working-hours responded 204 in 0ms
2026-06-28 20:55:42.719 +03:00 [INF] HTTP OPTIONS /api/doctor/schedule responded 204 in 0ms
2026-06-28 20:55:42.724 +03:00 [INF] Executed DbCommand (1ms) [Parameters=[], CommandType='"Text"', CommandTimeout='30']
SELECT [d].[Id], [d].[DepartmentId], [d].[FullName], [d].[IsActive], [d].[Phone], [d].[Specialization], [d].[UserId]
FROM [Doctors] AS [d]
2026-06-28 20:55:42.724 +03:00 [INF] Executed DbCommand (0ms) [Parameters=[], CommandType='"Text"', CommandTimeout='30']
SELECT [d].[Id], [d].[DepartmentId], [d].[FullName], [d].[IsActive], [d].[Phone], [d].[Specialization], [d].[UserId]
FROM [Doctors] AS [d]
2026-06-28 20:55:42.725 +03:00 [INF] Executed DbCommand (0ms) [Parameters=[@p='?' (DbType = Guid)], CommandType='"Text"', CommandTimeout='30']
SELECT TOP(1) [d].[Id], [d].[Description], [d].[IsActive], [d].[Name]
FROM [Departments] AS [d]
WHERE [d].[Id] = @p
2026-06-28 20:55:42.725 +03:00 [INF] Executed DbCommand (0ms) [Parameters=[@p='?' (DbType = Guid)], CommandType='"Text"', CommandTimeout='30']
SELECT TOP(1) [d].[Id], [d].[Description], [d].[IsActive], [d].[Name]
FROM [Departments] AS [d]
WHERE [d].[Id] = @p
2026-06-28 20:55:42.726 +03:00 [INF] Executed DbCommand (0ms) [Parameters=[], CommandType='"Text"', CommandTimeout='30']
SELECT [d].[Id], [d].[AppointmentDurationMinutes], [d].[DayOfWeek], [d].[DoctorId], [d].[EndTime], [d].[IsActive], [d].[StartTime]
FROM [DoctorSchedules] AS [d]
2026-06-28 20:55:42.726 +03:00 [INF] Executed DbCommand (0ms) [Parameters=[@doctorId='?' (DbType = Guid), @date='?' (DbType = Date)], CommandType='"Text"', CommandTimeout='30']
SELECT [a].[Id], [a].[AppointmentDate], [a].[CreatedAt], [a].[CreatedByReceptionistId], [a].[DoctorId], [a].[EndTime], [a].[Notes], [a].[PatientId], [a].[StartTime], [a].[Status], [a].[UpdatedAt]
FROM [Appointments] AS [a]
WHERE [a].[DoctorId] = @doctorId AND [a].[AppointmentDate] = @date
ORDER BY [a].[StartTime]
2026-06-28 20:55:42.726 +03:00 [INF] HTTP GET /api/doctor/schedule responded 200 in 4ms
2026-06-28 20:55:42.727 +03:00 [INF] HTTP GET /api/doctor/working-hours responded 200 in 5ms
2026-06-28 20:57:04.414 +03:00 [INF] HTTP OPTIONS /api/auth/login responded 204 in 0ms
2026-06-28 20:57:04.419 +03:00 [INF] Executed DbCommand (0ms) [Parameters=[], CommandType='"Text"', CommandTimeout='30']
SELECT [u].[Id], [u].[CreatedAt], [u].[Email], [u].[IsActive], [u].[PasswordHash], [u].[Role]
FROM [Users] AS [u]
2026-06-28 20:57:04.551 +03:00 [INF] HTTP POST /api/auth/login responded 200 in 134ms
2026-06-28 20:57:04.562 +03:00 [INF] HTTP OPTIONS /api/departments responded 204 in 0ms
2026-06-28 20:57:04.581 +03:00 [INF] Executed DbCommand (1ms) [Parameters=[], CommandType='"Text"', CommandTimeout='30']
SELECT [d].[Id], [d].[Description], [d].[IsActive], [d].[Name]
FROM [Departments] AS [d]
2026-06-28 20:57:04.585 +03:00 [INF] HTTP GET /api/departments responded 200 in 20ms
2026-06-28 20:57:08.399 +03:00 [INF] HTTP OPTIONS /api/doctors responded 204 in 0ms
2026-06-28 20:57:08.400 +03:00 [INF] HTTP OPTIONS /api/departments responded 204 in 0ms
2026-06-28 20:57:08.403 +03:00 [INF] Executed DbCommand (0ms) [Parameters=[], CommandType='"Text"', CommandTimeout='30']
SELECT [d].[Id], [d].[Description], [d].[IsActive], [d].[Name]
FROM [Departments] AS [d]
2026-06-28 20:57:08.403 +03:00 [INF] Executed DbCommand (0ms) [Parameters=[], CommandType='"Text"', CommandTimeout='30']
SELECT [d].[Id], [d].[DepartmentId], [d].[FullName], [d].[IsActive], [d].[Phone], [d].[Specialization], [d].[UserId]
FROM [Doctors] AS [d]
2026-06-28 20:57:08.403 +03:00 [INF] HTTP GET /api/departments responded 200 in 2ms
2026-06-28 20:57:08.404 +03:00 [INF] Executed DbCommand (0ms) [Parameters=[@p='?' (DbType = Guid)], CommandType='"Text"', CommandTimeout='30']
SELECT TOP(1) [d].[Id], [d].[Description], [d].[IsActive], [d].[Name]
FROM [Departments] AS [d]
WHERE [d].[Id] = @p
2026-06-28 20:57:08.405 +03:00 [INF] Executed DbCommand (0ms) [Parameters=[@p='?' (DbType = Guid)], CommandType='"Text"', CommandTimeout='30']
SELECT TOP(1) [d].[Id], [d].[Description], [d].[IsActive], [d].[Name]
FROM [Departments] AS [d]
WHERE [d].[Id] = @p
2026-06-28 20:57:08.406 +03:00 [INF] HTTP GET /api/doctors responded 200 in 4ms
2026-06-28 20:57:10.743 +03:00 [INF] HTTP OPTIONS /api/doctors responded 204 in 0ms
2026-06-28 20:57:10.744 +03:00 [INF] HTTP OPTIONS /api/doctors/eea5306b-9d0d-474f-b644-e334fdedcbe6/schedule responded 204 in 0ms
2026-06-28 20:57:10.751 +03:00 [INF] Executed DbCommand (1ms) [Parameters=[], CommandType='"Text"', CommandTimeout='30']
SELECT [d].[Id], [d].[DepartmentId], [d].[FullName], [d].[IsActive], [d].[Phone], [d].[Specialization], [d].[UserId]
FROM [Doctors] AS [d]
2026-06-28 20:57:10.752 +03:00 [INF] Executed DbCommand (1ms) [Parameters=[@p='?' (DbType = Guid)], CommandType='"Text"', CommandTimeout='30']
SELECT TOP(1) [d].[Id], [d].[Description], [d].[IsActive], [d].[Name]
FROM [Departments] AS [d]
WHERE [d].[Id] = @p
2026-06-28 20:57:10.754 +03:00 [INF] Executed DbCommand (1ms) [Parameters=[@p='?' (DbType = Guid)], CommandType='"Text"', CommandTimeout='30']
SELECT TOP(1) [d].[Id], [d].[Description], [d].[IsActive], [d].[Name]
FROM [Departments] AS [d]
WHERE [d].[Id] = @p
2026-06-28 20:57:10.754 +03:00 [INF] HTTP GET /api/doctors responded 200 in 6ms
2026-06-28 20:57:10.766 +03:00 [INF] Executed DbCommand (1ms) [Parameters=[@p='?' (DbType = Guid)], CommandType='"Text"', CommandTimeout='30']
SELECT TOP(1) [d].[Id], [d].[DepartmentId], [d].[FullName], [d].[IsActive], [d].[Phone], [d].[Specialization], [d].[UserId]
FROM [Doctors] AS [d]
WHERE [d].[Id] = @p
2026-06-28 20:57:10.767 +03:00 [INF] Executed DbCommand (0ms) [Parameters=[], CommandType='"Text"', CommandTimeout='30']
SELECT [d].[Id], [d].[AppointmentDurationMinutes], [d].[DayOfWeek], [d].[DoctorId], [d].[EndTime], [d].[IsActive], [d].[StartTime]
FROM [DoctorSchedules] AS [d]
2026-06-28 20:57:10.767 +03:00 [INF] HTTP GET /api/doctors/eea5306b-9d0d-474f-b644-e334fdedcbe6/schedule responded 200 in 18ms
2026-06-28 20:57:19.175 +03:00 [INF] HTTP OPTIONS /api/doctors responded 204 in 0ms
2026-06-28 20:57:19.175 +03:00 [INF] HTTP OPTIONS /api/doctors/44450f15-4382-4c72-9e45-ffb270692955/schedule responded 204 in 0ms
2026-06-28 20:57:19.180 +03:00 [INF] Executed DbCommand (0ms) [Parameters=[], CommandType='"Text"', CommandTimeout='30']
SELECT [d].[Id], [d].[DepartmentId], [d].[FullName], [d].[IsActive], [d].[Phone], [d].[Specialization], [d].[UserId]
FROM [Doctors] AS [d]
2026-06-28 20:57:19.180 +03:00 [INF] Executed DbCommand (0ms) [Parameters=[@p='?' (DbType = Guid)], CommandType='"Text"', CommandTimeout='30']
SELECT TOP(1) [d].[Id], [d].[DepartmentId], [d].[FullName], [d].[IsActive], [d].[Phone], [d].[Specialization], [d].[UserId]
FROM [Doctors] AS [d]
WHERE [d].[Id] = @p
2026-06-28 20:57:19.181 +03:00 [INF] Executed DbCommand (0ms) [Parameters=[], CommandType='"Text"', CommandTimeout='30']
SELECT [d].[Id], [d].[AppointmentDurationMinutes], [d].[DayOfWeek], [d].[DoctorId], [d].[EndTime], [d].[IsActive], [d].[StartTime]
FROM [DoctorSchedules] AS [d]
2026-06-28 20:57:19.181 +03:00 [INF] Executed DbCommand (0ms) [Parameters=[@p='?' (DbType = Guid)], CommandType='"Text"', CommandTimeout='30']
SELECT TOP(1) [d].[Id], [d].[Description], [d].[IsActive], [d].[Name]
FROM [Departments] AS [d]
WHERE [d].[Id] = @p
2026-06-28 20:57:19.181 +03:00 [INF] HTTP GET /api/doctors/44450f15-4382-4c72-9e45-ffb270692955/schedule responded 200 in 3ms
2026-06-28 20:57:19.182 +03:00 [INF] Executed DbCommand (1ms) [Parameters=[@p='?' (DbType = Guid)], CommandType='"Text"', CommandTimeout='30']
SELECT TOP(1) [d].[Id], [d].[Description], [d].[IsActive], [d].[Name]
FROM [Departments] AS [d]
WHERE [d].[Id] = @p
2026-06-28 20:57:19.183 +03:00 [INF] HTTP GET /api/doctors responded 200 in 4ms
2026-06-28 20:57:32.094 +03:00 [INF] HTTP OPTIONS /api/doctors/44450f15-4382-4c72-9e45-ffb270692955/schedule responded 204 in 0ms
2026-06-28 20:57:32.118 +03:00 [INF] Executed DbCommand (0ms) [Parameters=[@p='?' (DbType = Guid)], CommandType='"Text"', CommandTimeout='30']
SELECT TOP(1) [d].[Id], [d].[DepartmentId], [d].[FullName], [d].[IsActive], [d].[Phone], [d].[Specialization], [d].[UserId]
FROM [Doctors] AS [d]
WHERE [d].[Id] = @p
2026-06-28 20:57:32.118 +03:00 [INF] Executed DbCommand (0ms) [Parameters=[], CommandType='"Text"', CommandTimeout='30']
SELECT [d].[Id], [d].[AppointmentDurationMinutes], [d].[DayOfWeek], [d].[DoctorId], [d].[EndTime], [d].[IsActive], [d].[StartTime]
FROM [DoctorSchedules] AS [d]
2026-06-28 20:57:32.223 +03:00 [INF] Executed DbCommand (13ms) [Parameters=[@p6='?' (DbType = Guid), @p0='?' (DbType = Int32), @p1='?' (DbType = Int32), @p2='?' (DbType = Guid), @p3='?' (DbType = Time), @p4='?' (DbType = Boolean), @p5='?' (DbType = Time), @p13='?' (DbType = Guid), @p7='?' (DbType = Int32), @p8='?' (DbType = Int32), @p9='?' (DbType = Guid), @p10='?' (DbType = Time), @p11='?' (DbType = Boolean), @p12='?' (DbType = Time), @p20='?' (DbType = Guid), @p14='?' (DbType = Int32), @p15='?' (DbType = Int32), @p16='?' (DbType = Guid), @p17='?' (DbType = Time), @p18='?' (DbType = Boolean), @p19='?' (DbType = Time), @p27='?' (DbType = Guid), @p21='?' (DbType = Int32), @p22='?' (DbType = Int32), @p23='?' (DbType = Guid), @p24='?' (DbType = Time), @p25='?' (DbType = Boolean), @p26='?' (DbType = Time), @p34='?' (DbType = Guid), @p28='?' (DbType = Int32), @p29='?' (DbType = Int32), @p30='?' (DbType = Guid), @p31='?' (DbType = Time), @p32='?' (DbType = Boolean), @p33='?' (DbType = Time)], CommandType='"Text"', CommandTimeout='30']
SET NOCOUNT ON;
UPDATE [DoctorSchedules] SET [AppointmentDurationMinutes] = @p0, [DayOfWeek] = @p1, [DoctorId] = @p2, [EndTime] = @p3, [IsActive] = @p4, [StartTime] = @p5
OUTPUT 1
WHERE [Id] = @p6;
UPDATE [DoctorSchedules] SET [AppointmentDurationMinutes] = @p7, [DayOfWeek] = @p8, [DoctorId] = @p9, [EndTime] = @p10, [IsActive] = @p11, [StartTime] = @p12
OUTPUT 1
WHERE [Id] = @p13;
UPDATE [DoctorSchedules] SET [AppointmentDurationMinutes] = @p14, [DayOfWeek] = @p15, [DoctorId] = @p16, [EndTime] = @p17, [IsActive] = @p18, [StartTime] = @p19
OUTPUT 1
WHERE [Id] = @p20;
UPDATE [DoctorSchedules] SET [AppointmentDurationMinutes] = @p21, [DayOfWeek] = @p22, [DoctorId] = @p23, [EndTime] = @p24, [IsActive] = @p25, [StartTime] = @p26
OUTPUT 1
WHERE [Id] = @p27;
UPDATE [DoctorSchedules] SET [AppointmentDurationMinutes] = @p28, [DayOfWeek] = @p29, [DoctorId] = @p30, [EndTime] = @p31, [IsActive] = @p32, [StartTime] = @p33
OUTPUT 1
WHERE [Id] = @p34;
2026-06-28 20:57:32.234 +03:00 [INF] Executed DbCommand (0ms) [Parameters=[], CommandType='"Text"', CommandTimeout='30']
SELECT [d].[Id], [d].[AppointmentDurationMinutes], [d].[DayOfWeek], [d].[DoctorId], [d].[EndTime], [d].[IsActive], [d].[StartTime]
FROM [DoctorSchedules] AS [d]
2026-06-28 20:57:32.234 +03:00 [INF] HTTP POST /api/doctors/44450f15-4382-4c72-9e45-ffb270692955/schedule responded 200 in 138ms
2026-06-28 20:57:32.239 +03:00 [INF] Executed DbCommand (1ms) [Parameters=[@p='?' (DbType = Guid)], CommandType='"Text"', CommandTimeout='30']
SELECT TOP(1) [d].[Id], [d].[DepartmentId], [d].[FullName], [d].[IsActive], [d].[Phone], [d].[Specialization], [d].[UserId]
FROM [Doctors] AS [d]
WHERE [d].[Id] = @p
2026-06-28 20:57:32.240 +03:00 [INF] Executed DbCommand (0ms) [Parameters=[], CommandType='"Text"', CommandTimeout='30']
SELECT [d].[Id], [d].[AppointmentDurationMinutes], [d].[DayOfWeek], [d].[DoctorId], [d].[EndTime], [d].[IsActive], [d].[StartTime]
FROM [DoctorSchedules] AS [d]
2026-06-28 20:57:32.240 +03:00 [INF] HTTP GET /api/doctors/44450f15-4382-4c72-9e45-ffb270692955/schedule responded 200 in 2ms
2026-06-28 20:57:45.930 +03:00 [INF] HTTP OPTIONS /api/doctors responded 204 in 0ms
2026-06-28 20:57:45.930 +03:00 [INF] HTTP OPTIONS /api/departments responded 204 in 0ms
2026-06-28 20:57:45.938 +03:00 [INF] Executed DbCommand (1ms) [Parameters=[], CommandType='"Text"', CommandTimeout='30']
SELECT [d].[Id], [d].[DepartmentId], [d].[FullName], [d].[IsActive], [d].[Phone], [d].[Specialization], [d].[UserId]
FROM [Doctors] AS [d]
2026-06-28 20:57:45.939 +03:00 [INF] Executed DbCommand (0ms) [Parameters=[], CommandType='"Text"', CommandTimeout='30']
SELECT [d].[Id], [d].[Description], [d].[IsActive], [d].[Name]
FROM [Departments] AS [d]
2026-06-28 20:57:45.939 +03:00 [INF] Executed DbCommand (0ms) [Parameters=[@p='?' (DbType = Guid)], CommandType='"Text"', CommandTimeout='30']
SELECT TOP(1) [d].[Id], [d].[Description], [d].[IsActive], [d].[Name]
FROM [Departments] AS [d]
WHERE [d].[Id] = @p
2026-06-28 20:57:45.939 +03:00 [INF] HTTP GET /api/departments responded 200 in 2ms
2026-06-28 20:57:45.940 +03:00 [INF] Executed DbCommand (0ms) [Parameters=[@p='?' (DbType = Guid)], CommandType='"Text"', CommandTimeout='30']
SELECT TOP(1) [d].[Id], [d].[Description], [d].[IsActive], [d].[Name]
FROM [Departments] AS [d]
WHERE [d].[Id] = @p
2026-06-28 20:57:45.940 +03:00 [INF] HTTP GET /api/doctors responded 200 in 3ms
2026-06-28 20:57:46.611 +03:00 [INF] HTTP OPTIONS /api/departments responded 204 in 0ms
2026-06-28 20:57:46.616 +03:00 [INF] Executed DbCommand (1ms) [Parameters=[], CommandType='"Text"', CommandTimeout='30']
SELECT [d].[Id], [d].[Description], [d].[IsActive], [d].[Name]
FROM [Departments] AS [d]
2026-06-28 20:57:46.616 +03:00 [INF] HTTP GET /api/departments responded 200 in 3ms
2026-06-28 20:57:51.687 +03:00 [INF] HTTP OPTIONS /api/auth/login responded 204 in 0ms
2026-06-28 20:57:51.692 +03:00 [INF] Executed DbCommand (0ms) [Parameters=[], CommandType='"Text"', CommandTimeout='30']
SELECT [u].[Id], [u].[CreatedAt], [u].[Email], [u].[IsActive], [u].[PasswordHash], [u].[Role]
FROM [Users] AS [u]
2026-06-28 20:57:51.825 +03:00 [INF] HTTP POST /api/auth/login responded 200 in 135ms
2026-06-28 20:57:51.836 +03:00 [INF] HTTP OPTIONS /api/doctor/working-hours responded 204 in 0ms
2026-06-28 20:57:51.837 +03:00 [INF] HTTP OPTIONS /api/doctor/schedule responded 204 in 0ms
2026-06-28 20:57:51.840 +03:00 [INF] Executed DbCommand (0ms) [Parameters=[], CommandType='"Text"', CommandTimeout='30']
SELECT [d].[Id], [d].[DepartmentId], [d].[FullName], [d].[IsActive], [d].[Phone], [d].[Specialization], [d].[UserId]
FROM [Doctors] AS [d]
2026-06-28 20:57:51.840 +03:00 [INF] Executed DbCommand (0ms) [Parameters=[], CommandType='"Text"', CommandTimeout='30']
SELECT [d].[Id], [d].[DepartmentId], [d].[FullName], [d].[IsActive], [d].[Phone], [d].[Specialization], [d].[UserId]
FROM [Doctors] AS [d]
2026-06-28 20:57:51.841 +03:00 [INF] Executed DbCommand (0ms) [Parameters=[@p='?' (DbType = Guid)], CommandType='"Text"', CommandTimeout='30']
SELECT TOP(1) [d].[Id], [d].[Description], [d].[IsActive], [d].[Name]
FROM [Departments] AS [d]
WHERE [d].[Id] = @p
2026-06-28 20:57:51.841 +03:00 [INF] Executed DbCommand (0ms) [Parameters=[@p='?' (DbType = Guid)], CommandType='"Text"', CommandTimeout='30']
SELECT TOP(1) [d].[Id], [d].[Description], [d].[IsActive], [d].[Name]
FROM [Departments] AS [d]
WHERE [d].[Id] = @p
2026-06-28 20:57:51.841 +03:00 [INF] Executed DbCommand (0ms) [Parameters=[], CommandType='"Text"', CommandTimeout='30']
SELECT [d].[Id], [d].[AppointmentDurationMinutes], [d].[DayOfWeek], [d].[DoctorId], [d].[EndTime], [d].[IsActive], [d].[StartTime]
FROM [DoctorSchedules] AS [d]
2026-06-28 20:57:51.842 +03:00 [INF] Executed DbCommand (0ms) [Parameters=[@doctorId='?' (DbType = Guid), @date='?' (DbType = Date)], CommandType='"Text"', CommandTimeout='30']
SELECT [a].[Id], [a].[AppointmentDate], [a].[CreatedAt], [a].[CreatedByReceptionistId], [a].[DoctorId], [a].[EndTime], [a].[Notes], [a].[PatientId], [a].[StartTime], [a].[Status], [a].[UpdatedAt]
FROM [Appointments] AS [a]
WHERE [a].[DoctorId] = @doctorId AND [a].[AppointmentDate] = @date
ORDER BY [a].[StartTime]
2026-06-28 20:57:51.842 +03:00 [INF] HTTP GET /api/doctor/working-hours responded 200 in 3ms
2026-06-28 20:57:51.842 +03:00 [INF] HTTP GET /api/doctor/schedule responded 200 in 3ms
2026-06-28 20:58:11.059 +03:00 [INF] HTTP OPTIONS /api/doctor/schedule responded 204 in 0ms
2026-06-28 20:58:11.063 +03:00 [INF] Executed DbCommand (0ms) [Parameters=[], CommandType='"Text"', CommandTimeout='30']
SELECT [d].[Id], [d].[DepartmentId], [d].[FullName], [d].[IsActive], [d].[Phone], [d].[Specialization], [d].[UserId]
FROM [Doctors] AS [d]
2026-06-28 20:58:11.064 +03:00 [INF] Executed DbCommand (0ms) [Parameters=[@p='?' (DbType = Guid)], CommandType='"Text"', CommandTimeout='30']
SELECT TOP(1) [d].[Id], [d].[Description], [d].[IsActive], [d].[Name]
FROM [Departments] AS [d]
WHERE [d].[Id] = @p
2026-06-28 20:58:11.065 +03:00 [INF] Executed DbCommand (0ms) [Parameters=[@doctorId='?' (DbType = Guid), @date='?' (DbType = Date)], CommandType='"Text"', CommandTimeout='30']
SELECT [a].[Id], [a].[AppointmentDate], [a].[CreatedAt], [a].[CreatedByReceptionistId], [a].[DoctorId], [a].[EndTime], [a].[Notes], [a].[PatientId], [a].[StartTime], [a].[Status], [a].[UpdatedAt]
FROM [Appointments] AS [a]
WHERE [a].[DoctorId] = @doctorId AND [a].[AppointmentDate] = @date
ORDER BY [a].[StartTime]
2026-06-28 20:58:11.065 +03:00 [INF] Executed DbCommand (0ms) [Parameters=[@p='?' (DbType = Guid)], CommandType='"Text"', CommandTimeout='30']
SELECT TOP(1) [p].[Id], [p].[Address], [p].[BloodType], [p].[CreatedAt], [p].[DateOfBirth], [p].[Email], [p].[FullName], [p].[Gender], [p].[NationalId], [p].[Phone], [p].[UserId]
FROM [Patients] AS [p]
WHERE [p].[Id] = @p
2026-06-28 20:58:11.066 +03:00 [INF] HTTP GET /api/doctor/schedule responded 200 in 4ms
2026-06-28 20:58:54.831 +03:00 [INF] HTTP OPTIONS /api/doctor/working-hours responded 204 in 0ms
2026-06-28 20:58:54.832 +03:00 [INF] HTTP OPTIONS /api/doctor/schedule responded 204 in 0ms
2026-06-28 20:58:54.857 +03:00 [INF] Executed DbCommand (2ms) [Parameters=[], CommandType='"Text"', CommandTimeout='30']
SELECT [d].[Id], [d].[DepartmentId], [d].[FullName], [d].[IsActive], [d].[Phone], [d].[Specialization], [d].[UserId]
FROM [Doctors] AS [d]
2026-06-28 20:58:54.858 +03:00 [INF] Executed DbCommand (1ms) [Parameters=[], CommandType='"Text"', CommandTimeout='30']
SELECT [d].[Id], [d].[DepartmentId], [d].[FullName], [d].[IsActive], [d].[Phone], [d].[Specialization], [d].[UserId]
FROM [Doctors] AS [d]
2026-06-28 20:58:54.861 +03:00 [INF] Executed DbCommand (1ms) [Parameters=[@p='?' (DbType = Guid)], CommandType='"Text"', CommandTimeout='30']
SELECT TOP(1) [d].[Id], [d].[Description], [d].[IsActive], [d].[Name]
FROM [Departments] AS [d]
WHERE [d].[Id] = @p
2026-06-28 20:58:54.861 +03:00 [INF] Executed DbCommand (1ms) [Parameters=[@p='?' (DbType = Guid)], CommandType='"Text"', CommandTimeout='30']
SELECT TOP(1) [d].[Id], [d].[Description], [d].[IsActive], [d].[Name]
FROM [Departments] AS [d]
WHERE [d].[Id] = @p
2026-06-28 20:58:54.863 +03:00 [INF] Executed DbCommand (1ms) [Parameters=[], CommandType='"Text"', CommandTimeout='30']
SELECT [d].[Id], [d].[AppointmentDurationMinutes], [d].[DayOfWeek], [d].[DoctorId], [d].[EndTime], [d].[IsActive], [d].[StartTime]
FROM [DoctorSchedules] AS [d]
2026-06-28 20:58:54.864 +03:00 [INF] Executed DbCommand (1ms) [Parameters=[@doctorId='?' (DbType = Guid), @date='?' (DbType = Date)], CommandType='"Text"', CommandTimeout='30']
SELECT [a].[Id], [a].[AppointmentDate], [a].[CreatedAt], [a].[CreatedByReceptionistId], [a].[DoctorId], [a].[EndTime], [a].[Notes], [a].[PatientId], [a].[StartTime], [a].[Status], [a].[UpdatedAt]
FROM [Appointments] AS [a]
WHERE [a].[DoctorId] = @doctorId AND [a].[AppointmentDate] = @date
ORDER BY [a].[StartTime]
2026-06-28 20:58:54.865 +03:00 [INF] HTTP GET /api/doctor/schedule responded 200 in 13ms
2026-06-28 20:58:54.865 +03:00 [INF] HTTP GET /api/doctor/working-hours responded 200 in 12ms
2026-06-28 20:59:39.030 +03:00 [INF] HTTP OPTIONS /api/doctor/working-hours responded 204 in 0ms
2026-06-28 20:59:39.039 +03:00 [INF] HTTP OPTIONS /api/doctor/schedule responded 204 in 0ms
2026-06-28 20:59:39.056 +03:00 [INF] Executed DbCommand (1ms) [Parameters=[], CommandType='"Text"', CommandTimeout='30']
SELECT [d].[Id], [d].[DepartmentId], [d].[FullName], [d].[IsActive], [d].[Phone], [d].[Specialization], [d].[UserId]
FROM [Doctors] AS [d]
2026-06-28 20:59:39.056 +03:00 [INF] Executed DbCommand (1ms) [Parameters=[], CommandType='"Text"', CommandTimeout='30']
SELECT [d].[Id], [d].[DepartmentId], [d].[FullName], [d].[IsActive], [d].[Phone], [d].[Specialization], [d].[UserId]
FROM [Doctors] AS [d]
2026-06-28 20:59:39.061 +03:00 [INF] Executed DbCommand (2ms) [Parameters=[@p='?' (DbType = Guid)], CommandType='"Text"', CommandTimeout='30']
SELECT TOP(1) [d].[Id], [d].[Description], [d].[IsActive], [d].[Name]
FROM [Departments] AS [d]
WHERE [d].[Id] = @p
2026-06-28 20:59:39.061 +03:00 [INF] Executed DbCommand (2ms) [Parameters=[@p='?' (DbType = Guid)], CommandType='"Text"', CommandTimeout='30']
SELECT TOP(1) [d].[Id], [d].[Description], [d].[IsActive], [d].[Name]
FROM [Departments] AS [d]
WHERE [d].[Id] = @p
2026-06-28 20:59:39.064 +03:00 [INF] Executed DbCommand (1ms) [Parameters=[], CommandType='"Text"', CommandTimeout='30']
SELECT [d].[Id], [d].[AppointmentDurationMinutes], [d].[DayOfWeek], [d].[DoctorId], [d].[EndTime], [d].[IsActive], [d].[StartTime]
FROM [DoctorSchedules] AS [d]
2026-06-28 20:59:39.064 +03:00 [INF] Executed DbCommand (1ms) [Parameters=[@doctorId='?' (DbType = Guid), @date='?' (DbType = Date)], CommandType='"Text"', CommandTimeout='30']
SELECT [a].[Id], [a].[AppointmentDate], [a].[CreatedAt], [a].[CreatedByReceptionistId], [a].[DoctorId], [a].[EndTime], [a].[Notes], [a].[PatientId], [a].[StartTime], [a].[Status], [a].[UpdatedAt]
FROM [Appointments] AS [a]
WHERE [a].[DoctorId] = @doctorId AND [a].[AppointmentDate] = @date
ORDER BY [a].[StartTime]
2026-06-28 20:59:39.066 +03:00 [INF] HTTP GET /api/doctor/schedule responded 200 in 16ms
2026-06-28 20:59:39.068 +03:00 [INF] HTTP GET /api/doctor/working-hours responded 200 in 20ms
2026-06-28 21:00:33.763 +03:00 [INF] HTTP OPTIONS /api/doctor/working-hours responded 204 in 0ms
2026-06-28 21:00:33.771 +03:00 [INF] HTTP OPTIONS /api/doctor/schedule responded 204 in 0ms
2026-06-28 21:00:33.790 +03:00 [INF] Executed DbCommand (2ms) [Parameters=[], CommandType='"Text"', CommandTimeout='30']
SELECT [d].[Id], [d].[DepartmentId], [d].[FullName], [d].[IsActive], [d].[Phone], [d].[Specialization], [d].[UserId]
FROM [Doctors] AS [d]
2026-06-28 21:00:33.791 +03:00 [INF] Executed DbCommand (7ms) [Parameters=[], CommandType='"Text"', CommandTimeout='30']
SELECT [d].[Id], [d].[DepartmentId], [d].[FullName], [d].[IsActive], [d].[Phone], [d].[Specialization], [d].[UserId]
FROM [Doctors] AS [d]
2026-06-28 21:00:33.794 +03:00 [INF] Executed DbCommand (2ms) [Parameters=[@p='?' (DbType = Guid)], CommandType='"Text"', CommandTimeout='30']
SELECT TOP(1) [d].[Id], [d].[Description], [d].[IsActive], [d].[Name]
FROM [Departments] AS [d]
WHERE [d].[Id] = @p
2026-06-28 21:00:33.798 +03:00 [INF] Executed DbCommand (5ms) [Parameters=[@p='?' (DbType = Guid)], CommandType='"Text"', CommandTimeout='30']
SELECT TOP(1) [d].[Id], [d].[Description], [d].[IsActive], [d].[Name]
FROM [Departments] AS [d]
WHERE [d].[Id] = @p
2026-06-28 21:00:33.798 +03:00 [INF] Executed DbCommand (1ms) [Parameters=[@doctorId='?' (DbType = Guid), @date='?' (DbType = Date)], CommandType='"Text"', CommandTimeout='30']
SELECT [a].[Id], [a].[AppointmentDate], [a].[CreatedAt], [a].[CreatedByReceptionistId], [a].[DoctorId], [a].[EndTime], [a].[Notes], [a].[PatientId], [a].[StartTime], [a].[Status], [a].[UpdatedAt]
FROM [Appointments] AS [a]
WHERE [a].[DoctorId] = @doctorId AND [a].[AppointmentDate] = @date
ORDER BY [a].[StartTime]
2026-06-28 21:00:33.799 +03:00 [INF] HTTP GET /api/doctor/schedule responded 200 in 15ms
2026-06-28 21:00:33.800 +03:00 [INF] Executed DbCommand (1ms) [Parameters=[], CommandType='"Text"', CommandTimeout='30']
SELECT [d].[Id], [d].[AppointmentDurationMinutes], [d].[DayOfWeek], [d].[DoctorId], [d].[EndTime], [d].[IsActive], [d].[StartTime]
FROM [DoctorSchedules] AS [d]
2026-06-28 21:00:33.801 +03:00 [INF] HTTP GET /api/doctor/working-hours responded 200 in 21ms
2026-06-28 21:00:52.095 +03:00 [INF] HTTP OPTIONS /api/doctor/working-hours responded 204 in 0ms
2026-06-28 21:00:52.096 +03:00 [INF] HTTP OPTIONS /api/doctor/schedule responded 204 in 0ms
2026-06-28 21:00:52.101 +03:00 [INF] Executed DbCommand (1ms) [Parameters=[], CommandType='"Text"', CommandTimeout='30']
SELECT [d].[Id], [d].[DepartmentId], [d].[FullName], [d].[IsActive], [d].[Phone], [d].[Specialization], [d].[UserId]
FROM [Doctors] AS [d]
2026-06-28 21:00:52.101 +03:00 [INF] Executed DbCommand (1ms) [Parameters=[], CommandType='"Text"', CommandTimeout='30']
SELECT [d].[Id], [d].[DepartmentId], [d].[FullName], [d].[IsActive], [d].[Phone], [d].[Specialization], [d].[UserId]
FROM [Doctors] AS [d]
2026-06-28 21:00:52.103 +03:00 [INF] Executed DbCommand (1ms) [Parameters=[@p='?' (DbType = Guid)], CommandType='"Text"', CommandTimeout='30']
SELECT TOP(1) [d].[Id], [d].[Description], [d].[IsActive], [d].[Name]
FROM [Departments] AS [d]
WHERE [d].[Id] = @p
2026-06-28 21:00:52.103 +03:00 [INF] Executed DbCommand (1ms) [Parameters=[@p='?' (DbType = Guid)], CommandType='"Text"', CommandTimeout='30']
SELECT TOP(1) [d].[Id], [d].[Description], [d].[IsActive], [d].[Name]
FROM [Departments] AS [d]
WHERE [d].[Id] = @p
2026-06-28 21:00:52.104 +03:00 [INF] Executed DbCommand (0ms) [Parameters=[], CommandType='"Text"', CommandTimeout='30']
SELECT [d].[Id], [d].[AppointmentDurationMinutes], [d].[DayOfWeek], [d].[DoctorId], [d].[EndTime], [d].[IsActive], [d].[StartTime]
FROM [DoctorSchedules] AS [d]
2026-06-28 21:00:52.104 +03:00 [INF] HTTP GET /api/doctor/working-hours responded 200 in 5ms
2026-06-28 21:00:52.104 +03:00 [INF] Executed DbCommand (1ms) [Parameters=[@doctorId='?' (DbType = Guid), @date='?' (DbType = Date)], CommandType='"Text"', CommandTimeout='30']
SELECT [a].[Id], [a].[AppointmentDate], [a].[CreatedAt], [a].[CreatedByReceptionistId], [a].[DoctorId], [a].[EndTime], [a].[Notes], [a].[PatientId], [a].[StartTime], [a].[Status], [a].[UpdatedAt]
FROM [Appointments] AS [a]
WHERE [a].[DoctorId] = @doctorId AND [a].[AppointmentDate] = @date
ORDER BY [a].[StartTime]
2026-06-28 21:00:52.105 +03:00 [INF] HTTP GET /api/doctor/schedule responded 200 in 5ms
2026-06-28 21:00:56.093 +03:00 [INF] HTTP OPTIONS /api/doctor/schedule responded 204 in 0ms
2026-06-28 21:00:56.101 +03:00 [INF] Executed DbCommand (1ms) [Parameters=[], CommandType='"Text"', CommandTimeout='30']
SELECT [d].[Id], [d].[DepartmentId], [d].[FullName], [d].[IsActive], [d].[Phone], [d].[Specialization], [d].[UserId]
FROM [Doctors] AS [d]
2026-06-28 21:00:56.102 +03:00 [INF] Executed DbCommand (1ms) [Parameters=[@p='?' (DbType = Guid)], CommandType='"Text"', CommandTimeout='30']
SELECT TOP(1) [d].[Id], [d].[Description], [d].[IsActive], [d].[Name]
FROM [Departments] AS [d]
WHERE [d].[Id] = @p
2026-06-28 21:00:56.104 +03:00 [INF] Executed DbCommand (1ms) [Parameters=[@doctorId='?' (DbType = Guid), @date='?' (DbType = Date)], CommandType='"Text"', CommandTimeout='30']
SELECT [a].[Id], [a].[AppointmentDate], [a].[CreatedAt], [a].[CreatedByReceptionistId], [a].[DoctorId], [a].[EndTime], [a].[Notes], [a].[PatientId], [a].[StartTime], [a].[Status], [a].[UpdatedAt]
FROM [Appointments] AS [a]
WHERE [a].[DoctorId] = @doctorId AND [a].[AppointmentDate] = @date
ORDER BY [a].[StartTime]
2026-06-28 21:00:56.109 +03:00 [INF] Executed DbCommand (3ms) [Parameters=[@p='?' (DbType = Guid)], CommandType='"Text"', CommandTimeout='30']
SELECT TOP(1) [p].[Id], [p].[Address], [p].[BloodType], [p].[CreatedAt], [p].[DateOfBirth], [p].[Email], [p].[FullName], [p].[Gender], [p].[NationalId], [p].[Phone], [p].[UserId]
FROM [Patients] AS [p]
WHERE [p].[Id] = @p
2026-06-28 21:00:56.110 +03:00 [INF] HTTP GET /api/doctor/schedule responded 200 in 12ms
2026-06-28 21:02:37.241 +03:00 [INF] HTTP OPTIONS /api/doctor/working-hours responded 204 in 0ms
2026-06-28 21:02:37.246 +03:00 [INF] HTTP OPTIONS /api/doctor/schedule responded 204 in 0ms
2026-06-28 21:02:37.257 +03:00 [INF] Executed DbCommand (1ms) [Parameters=[], CommandType='"Text"', CommandTimeout='30']
SELECT [d].[Id], [d].[DepartmentId], [d].[FullName], [d].[IsActive], [d].[Phone], [d].[Specialization], [d].[UserId]
FROM [Doctors] AS [d]
2026-06-28 21:02:37.258 +03:00 [INF] Executed DbCommand (2ms) [Parameters=[], CommandType='"Text"', CommandTimeout='30']
SELECT [d].[Id], [d].[DepartmentId], [d].[FullName], [d].[IsActive], [d].[Phone], [d].[Specialization], [d].[UserId]
FROM [Doctors] AS [d]
2026-06-28 21:02:37.260 +03:00 [INF] Executed DbCommand (1ms) [Parameters=[@p='?' (DbType = Guid)], CommandType='"Text"', CommandTimeout='30']
SELECT TOP(1) [d].[Id], [d].[Description], [d].[IsActive], [d].[Name]
FROM [Departments] AS [d]
WHERE [d].[Id] = @p
2026-06-28 21:02:37.260 +03:00 [INF] Executed DbCommand (1ms) [Parameters=[@p='?' (DbType = Guid)], CommandType='"Text"', CommandTimeout='30']
SELECT TOP(1) [d].[Id], [d].[Description], [d].[IsActive], [d].[Name]
FROM [Departments] AS [d]
WHERE [d].[Id] = @p
2026-06-28 21:02:37.263 +03:00 [INF] Executed DbCommand (2ms) [Parameters=[], CommandType='"Text"', CommandTimeout='30']
SELECT [d].[Id], [d].[AppointmentDurationMinutes], [d].[DayOfWeek], [d].[DoctorId], [d].[EndTime], [d].[IsActive], [d].[StartTime]
FROM [DoctorSchedules] AS [d]
2026-06-28 21:02:37.264 +03:00 [INF] Executed DbCommand (1ms) [Parameters=[@doctorId='?' (DbType = Guid), @date='?' (DbType = Date)], CommandType='"Text"', CommandTimeout='30']
SELECT [a].[Id], [a].[AppointmentDate], [a].[CreatedAt], [a].[CreatedByReceptionistId], [a].[DoctorId], [a].[EndTime], [a].[Notes], [a].[PatientId], [a].[StartTime], [a].[Status], [a].[UpdatedAt]
FROM [Appointments] AS [a]
WHERE [a].[DoctorId] = @doctorId AND [a].[AppointmentDate] = @date
ORDER BY [a].[StartTime]
2026-06-28 21:02:37.265 +03:00 [INF] HTTP GET /api/doctor/working-hours responded 200 in 11ms
2026-06-28 21:02:37.267 +03:00 [INF] Executed DbCommand (1ms) [Parameters=[@p='?' (DbType = Guid)], CommandType='"Text"', CommandTimeout='30']
SELECT TOP(1) [p].[Id], [p].[Address], [p].[BloodType], [p].[CreatedAt], [p].[DateOfBirth], [p].[Email], [p].[FullName], [p].[Gender], [p].[NationalId], [p].[Phone], [p].[UserId]
FROM [Patients] AS [p]
WHERE [p].[Id] = @p
2026-06-28 21:02:37.267 +03:00 [INF] HTTP GET /api/doctor/schedule responded 200 in 13ms
2026-06-28 21:02:52.274 +03:00 [INF] HTTP OPTIONS /api/doctor/schedule responded 204 in 0ms
2026-06-28 21:02:52.284 +03:00 [INF] Executed DbCommand (1ms) [Parameters=[], CommandType='"Text"', CommandTimeout='30']
SELECT [d].[Id], [d].[DepartmentId], [d].[FullName], [d].[IsActive], [d].[Phone], [d].[Specialization], [d].[UserId]
FROM [Doctors] AS [d]
2026-06-28 21:02:52.287 +03:00 [INF] Executed DbCommand (1ms) [Parameters=[@p='?' (DbType = Guid)], CommandType='"Text"', CommandTimeout='30']
SELECT TOP(1) [d].[Id], [d].[Description], [d].[IsActive], [d].[Name]
FROM [Departments] AS [d]
WHERE [d].[Id] = @p
2026-06-28 21:02:52.290 +03:00 [INF] Executed DbCommand (2ms) [Parameters=[@doctorId='?' (DbType = Guid), @date='?' (DbType = Date)], CommandType='"Text"', CommandTimeout='30']
SELECT [a].[Id], [a].[AppointmentDate], [a].[CreatedAt], [a].[CreatedByReceptionistId], [a].[DoctorId], [a].[EndTime], [a].[Notes], [a].[PatientId], [a].[StartTime], [a].[Status], [a].[UpdatedAt]
FROM [Appointments] AS [a]
WHERE [a].[DoctorId] = @doctorId AND [a].[AppointmentDate] = @date
ORDER BY [a].[StartTime]
2026-06-28 21:02:52.291 +03:00 [INF] HTTP GET /api/doctor/schedule responded 200 in 10ms
2026-06-28 21:03:18.061 +03:00 [INF] HTTP OPTIONS /api/doctor/working-hours responded 204 in 0ms
2026-06-28 21:03:18.073 +03:00 [INF] HTTP OPTIONS /api/doctor/schedule responded 204 in 0ms
2026-06-28 21:03:18.089 +03:00 [INF] Executed DbCommand (2ms) [Parameters=[], CommandType='"Text"', CommandTimeout='30']
SELECT [d].[Id], [d].[DepartmentId], [d].[FullName], [d].[IsActive], [d].[Phone], [d].[Specialization], [d].[UserId]
FROM [Doctors] AS [d]
2026-06-28 21:03:18.090 +03:00 [INF] Executed DbCommand (2ms) [Parameters=[], CommandType='"Text"', CommandTimeout='30']
SELECT [d].[Id], [d].[DepartmentId], [d].[FullName], [d].[IsActive], [d].[Phone], [d].[Specialization], [d].[UserId]
FROM [Doctors] AS [d]
2026-06-28 21:03:18.092 +03:00 [INF] Executed DbCommand (1ms) [Parameters=[@p='?' (DbType = Guid)], CommandType='"Text"', CommandTimeout='30']
SELECT TOP(1) [d].[Id], [d].[Description], [d].[IsActive], [d].[Name]
FROM [Departments] AS [d]
WHERE [d].[Id] = @p
2026-06-28 21:03:18.094 +03:00 [INF] Executed DbCommand (1ms) [Parameters=[@p='?' (DbType = Guid)], CommandType='"Text"', CommandTimeout='30']
SELECT TOP(1) [d].[Id], [d].[Description], [d].[IsActive], [d].[Name]
FROM [Departments] AS [d]
WHERE [d].[Id] = @p
2026-06-28 21:03:18.095 +03:00 [INF] Executed DbCommand (1ms) [Parameters=[], CommandType='"Text"', CommandTimeout='30']
SELECT [d].[Id], [d].[AppointmentDurationMinutes], [d].[DayOfWeek], [d].[DoctorId], [d].[EndTime], [d].[IsActive], [d].[StartTime]
FROM [DoctorSchedules] AS [d]
2026-06-28 21:03:18.096 +03:00 [INF] HTTP GET /api/doctor/working-hours responded 200 in 13ms
2026-06-28 21:03:18.097 +03:00 [INF] Executed DbCommand (2ms) [Parameters=[@doctorId='?' (DbType = Guid), @date='?' (DbType = Date)], CommandType='"Text"', CommandTimeout='30']
SELECT [a].[Id], [a].[AppointmentDate], [a].[CreatedAt], [a].[CreatedByReceptionistId], [a].[DoctorId], [a].[EndTime], [a].[Notes], [a].[PatientId], [a].[StartTime], [a].[Status], [a].[UpdatedAt]
FROM [Appointments] AS [a]
WHERE [a].[DoctorId] = @doctorId AND [a].[AppointmentDate] = @date
ORDER BY [a].[StartTime]
2026-06-28 21:03:18.100 +03:00 [INF] Executed DbCommand (1ms) [Parameters=[@p='?' (DbType = Guid)], CommandType='"Text"', CommandTimeout='30']
SELECT TOP(1) [p].[Id], [p].[Address], [p].[BloodType], [p].[CreatedAt], [p].[DateOfBirth], [p].[Email], [p].[FullName], [p].[Gender], [p].[NationalId], [p].[Phone], [p].[UserId]
FROM [Patients] AS [p]
WHERE [p].[Id] = @p
2026-06-28 21:03:18.102 +03:00 [INF] HTTP GET /api/doctor/schedule responded 200 in 18ms
2026-06-28 21:03:31.390 +03:00 [INF] HTTP OPTIONS /api/doctor/appointments/fa6fd78d-72db-408d-bf3f-81eaa6a2a128 responded 204 in 0ms
2026-06-28 21:03:31.446 +03:00 [INF] Executed DbCommand (2ms) [Parameters=[], CommandType='"Text"', CommandTimeout='30']
SELECT [d].[Id], [d].[DepartmentId], [d].[FullName], [d].[IsActive], [d].[Phone], [d].[Specialization], [d].[UserId]
FROM [Doctors] AS [d]
2026-06-28 21:03:31.450 +03:00 [INF] Executed DbCommand (2ms) [Parameters=[@p='?' (DbType = Guid)], CommandType='"Text"', CommandTimeout='30']
SELECT TOP(1) [d].[Id], [d].[Description], [d].[IsActive], [d].[Name]
FROM [Departments] AS [d]
WHERE [d].[Id] = @p
2026-06-28 21:03:31.513 +03:00 [INF] Executed DbCommand (11ms) [Parameters=[@p='?' (DbType = Guid)], CommandType='"Text"', CommandTimeout='30']
SELECT TOP(1) [a].[Id], [a].[AppointmentDate], [a].[CreatedAt], [a].[CreatedByReceptionistId], [a].[DoctorId], [a].[EndTime], [a].[Notes], [a].[PatientId], [a].[StartTime], [a].[Status], [a].[UpdatedAt]
FROM [Appointments] AS [a]
WHERE [a].[Id] = @p
2026-06-28 21:03:31.518 +03:00 [INF] Executed DbCommand (2ms) [Parameters=[@p='?' (DbType = Guid)], CommandType='"Text"', CommandTimeout='30']
SELECT TOP(1) [p].[Id], [p].[Address], [p].[BloodType], [p].[CreatedAt], [p].[DateOfBirth], [p].[Email], [p].[FullName], [p].[Gender], [p].[NationalId], [p].[Phone], [p].[UserId]
FROM [Patients] AS [p]
WHERE [p].[Id] = @p
2026-06-28 21:03:31.579 +03:00 [INF] Executed DbCommand (8ms) [Parameters=[], CommandType='"Text"', CommandTimeout='30']
SELECT [c].[Id], [c].[AppointmentId], [c].[CompletedAt], [c].[Diagnosis], [c].[DoctorId], [c].[Notes], [c].[PatientId], [c].[StartedAt]
FROM [Consultations] AS [c]
2026-06-28 21:03:31.633 +03:00 [INF] HTTP GET /api/doctor/appointments/fa6fd78d-72db-408d-bf3f-81eaa6a2a128 responded 200 in 235ms
2026-06-28 21:03:51.313 +03:00 [INF] HTTP OPTIONS /api/doctor/appointments/fa6fd78d-72db-408d-bf3f-81eaa6a2a128/start responded 204 in 0ms
2026-06-28 21:03:51.362 +03:00 [INF] Executed DbCommand (1ms) [Parameters=[], CommandType='"Text"', CommandTimeout='30']
SELECT [d].[Id], [d].[DepartmentId], [d].[FullName], [d].[IsActive], [d].[Phone], [d].[Specialization], [d].[UserId]
FROM [Doctors] AS [d]
2026-06-28 21:03:51.365 +03:00 [INF] Executed DbCommand (1ms) [Parameters=[@p='?' (DbType = Guid)], CommandType='"Text"', CommandTimeout='30']
SELECT TOP(1) [d].[Id], [d].[Description], [d].[IsActive], [d].[Name]
FROM [Departments] AS [d]
WHERE [d].[Id] = @p
2026-06-28 21:03:51.375 +03:00 [INF] Executed DbCommand (1ms) [Parameters=[@p='?' (DbType = Guid)], CommandType='"Text"', CommandTimeout='30']
SELECT TOP(1) [a].[Id], [a].[AppointmentDate], [a].[CreatedAt], [a].[CreatedByReceptionistId], [a].[DoctorId], [a].[EndTime], [a].[Notes], [a].[PatientId], [a].[StartTime], [a].[Status], [a].[UpdatedAt]
FROM [Appointments] AS [a]
WHERE [a].[Id] = @p
2026-06-28 21:03:51.379 +03:00 [INF] Executed DbCommand (1ms) [Parameters=[], CommandType='"Text"', CommandTimeout='30']
SELECT [c].[Id], [c].[AppointmentId], [c].[CompletedAt], [c].[Diagnosis], [c].[DoctorId], [c].[Notes], [c].[PatientId], [c].[StartedAt]
FROM [Consultations] AS [c]
2026-06-28 21:03:51.725 +03:00 [INF] Executed DbCommand (32ms) [Parameters=[@p10='?' (DbType = Guid), @p0='?' (DbType = Date), @p1='?' (DbType = DateTime2), @p2='?' (DbType = Guid), @p3='?' (DbType = Guid), @p4='?' (DbType = Time), @p5='?' (Size = 2000), @p6='?' (DbType = Guid), @p7='?' (DbType = Time), @p8='?' (Size = 50), @p9='?' (DbType = DateTime2), @p11='?' (DbType = Guid), @p12='?' (DbType = Guid), @p13='?' (DbType = DateTime2), @p14='?' (Size = 2000), @p15='?' (DbType = Guid), @p16='?' (Size = 2000), @p17='?' (DbType = Guid), @p18='?' (DbType = DateTime2)], CommandType='"Text"', CommandTimeout='30']
SET NOCOUNT ON;
UPDATE [Appointments] SET [AppointmentDate] = @p0, [CreatedAt] = @p1, [CreatedByReceptionistId] = @p2, [DoctorId] = @p3, [EndTime] = @p4, [Notes] = @p5, [PatientId] = @p6, [StartTime] = @p7, [Status] = @p8, [UpdatedAt] = @p9
OUTPUT 1
WHERE [Id] = @p10;
INSERT INTO [Consultations] ([Id], [AppointmentId], [CompletedAt], [Diagnosis], [DoctorId], [Notes], [PatientId], [StartedAt])
VALUES (@p11, @p12, @p13, @p14, @p15, @p16, @p17, @p18);
2026-06-28 21:03:51.746 +03:00 [INF] Executed DbCommand (5ms) [Parameters=[], CommandType='"Text"', CommandTimeout='30']
SELECT [p].[Id], [p].[ConsultationId], [p].[Dosage], [p].[Duration], [p].[Frequency], [p].[MedicationName], [p].[Notes]
FROM [Prescriptions] AS [p]
2026-06-28 21:03:51.757 +03:00 [INF] HTTP POST /api/doctor/appointments/fa6fd78d-72db-408d-bf3f-81eaa6a2a128/start responded 200 in 432ms
2026-06-28 21:03:51.763 +03:00 [INF] HTTP OPTIONS /api/doctor/appointments/fa6fd78d-72db-408d-bf3f-81eaa6a2a128 responded 204 in 0ms
2026-06-28 21:03:51.769 +03:00 [INF] Executed DbCommand (1ms) [Parameters=[], CommandType='"Text"', CommandTimeout='30']
SELECT [d].[Id], [d].[DepartmentId], [d].[FullName], [d].[IsActive], [d].[Phone], [d].[Specialization], [d].[UserId]
FROM [Doctors] AS [d]
2026-06-28 21:03:51.770 +03:00 [INF] Executed DbCommand (1ms) [Parameters=[@p='?' (DbType = Guid)], CommandType='"Text"', CommandTimeout='30']
SELECT TOP(1) [d].[Id], [d].[Description], [d].[IsActive], [d].[Name]
FROM [Departments] AS [d]
WHERE [d].[Id] = @p
2026-06-28 21:03:51.772 +03:00 [INF] Executed DbCommand (1ms) [Parameters=[@p='?' (DbType = Guid)], CommandType='"Text"', CommandTimeout='30']
SELECT TOP(1) [a].[Id], [a].[AppointmentDate], [a].[CreatedAt], [a].[CreatedByReceptionistId], [a].[DoctorId], [a].[EndTime], [a].[Notes], [a].[PatientId], [a].[StartTime], [a].[Status], [a].[UpdatedAt]
FROM [Appointments] AS [a]
WHERE [a].[Id] = @p
2026-06-28 21:03:51.773 +03:00 [INF] Executed DbCommand (1ms) [Parameters=[@p='?' (DbType = Guid)], CommandType='"Text"', CommandTimeout='30']
SELECT TOP(1) [p].[Id], [p].[Address], [p].[BloodType], [p].[CreatedAt], [p].[DateOfBirth], [p].[Email], [p].[FullName], [p].[Gender], [p].[NationalId], [p].[Phone], [p].[UserId]
FROM [Patients] AS [p]
WHERE [p].[Id] = @p
2026-06-28 21:03:51.774 +03:00 [INF] Executed DbCommand (1ms) [Parameters=[], CommandType='"Text"', CommandTimeout='30']
SELECT [c].[Id], [c].[AppointmentId], [c].[CompletedAt], [c].[Diagnosis], [c].[DoctorId], [c].[Notes], [c].[PatientId], [c].[StartedAt]
FROM [Consultations] AS [c]
2026-06-28 21:03:51.786 +03:00 [INF] Executed DbCommand (1ms) [Parameters=[], CommandType='"Text"', CommandTimeout='30']
SELECT [p].[Id], [p].[ConsultationId], [p].[Dosage], [p].[Duration], [p].[Frequency], [p].[MedicationName], [p].[Notes]
FROM [Prescriptions] AS [p]
2026-06-28 21:03:51.786 +03:00 [INF] HTTP GET /api/doctor/appointments/fa6fd78d-72db-408d-bf3f-81eaa6a2a128 responded 200 in 20ms
2026-06-28 21:04:13.559 +03:00 [INF] HTTP OPTIONS /api/doctor/working-hours responded 204 in 0ms
2026-06-28 21:04:13.560 +03:00 [INF] HTTP OPTIONS /api/doctor/schedule responded 204 in 0ms
2026-06-28 21:04:13.579 +03:00 [INF] Executed DbCommand (1ms) [Parameters=[], CommandType='"Text"', CommandTimeout='30']
SELECT [d].[Id], [d].[DepartmentId], [d].[FullName], [d].[IsActive], [d].[Phone], [d].[Specialization], [d].[UserId]
FROM [Doctors] AS [d]
2026-06-28 21:04:13.580 +03:00 [INF] HTTP OPTIONS /api/doctor/schedule responded 204 in 0ms
2026-06-28 21:04:13.581 +03:00 [INF] Executed DbCommand (3ms) [Parameters=[], CommandType='"Text"', CommandTimeout='30']
SELECT [d].[Id], [d].[DepartmentId], [d].[FullName], [d].[IsActive], [d].[Phone], [d].[Specialization], [d].[UserId]
FROM [Doctors] AS [d]
2026-06-28 21:04:13.583 +03:00 [INF] Executed DbCommand (2ms) [Parameters=[@p='?' (DbType = Guid)], CommandType='"Text"', CommandTimeout='30']
SELECT TOP(1) [d].[Id], [d].[Description], [d].[IsActive], [d].[Name]
FROM [Departments] AS [d]
WHERE [d].[Id] = @p
2026-06-28 21:04:13.584 +03:00 [INF] Executed DbCommand (1ms) [Parameters=[@p='?' (DbType = Guid)], CommandType='"Text"', CommandTimeout='30']
SELECT TOP(1) [d].[Id], [d].[Description], [d].[IsActive], [d].[Name]
FROM [Departments] AS [d]
WHERE [d].[Id] = @p
2026-06-28 21:04:13.587 +03:00 [INF] Executed DbCommand (2ms) [Parameters=[@doctorId='?' (DbType = Guid), @date='?' (DbType = Date)], CommandType='"Text"', CommandTimeout='30']
SELECT [a].[Id], [a].[AppointmentDate], [a].[CreatedAt], [a].[CreatedByReceptionistId], [a].[DoctorId], [a].[EndTime], [a].[Notes], [a].[PatientId], [a].[StartTime], [a].[Status], [a].[UpdatedAt]
FROM [Appointments] AS [a]
WHERE [a].[DoctorId] = @doctorId AND [a].[AppointmentDate] = @date
ORDER BY [a].[StartTime]
2026-06-28 21:04:13.588 +03:00 [INF] HTTP GET /api/doctor/schedule responded 200 in 12ms
2026-06-28 21:04:13.588 +03:00 [INF] Executed DbCommand (2ms) [Parameters=[], CommandType='"Text"', CommandTimeout='30']
SELECT [d].[Id], [d].[AppointmentDurationMinutes], [d].[DayOfWeek], [d].[DoctorId], [d].[EndTime], [d].[IsActive], [d].[StartTime]
FROM [DoctorSchedules] AS [d]
2026-06-28 21:04:13.590 +03:00 [INF] HTTP GET /api/doctor/working-hours responded 200 in 14ms
2026-06-28 21:04:13.593 +03:00 [INF] Executed DbCommand (1ms) [Parameters=[], CommandType='"Text"', CommandTimeout='30']
SELECT [d].[Id], [d].[DepartmentId], [d].[FullName], [d].[IsActive], [d].[Phone], [d].[Specialization], [d].[UserId]
FROM [Doctors] AS [d]
2026-06-28 21:04:13.597 +03:00 [INF] Executed DbCommand (1ms) [Parameters=[@p='?' (DbType = Guid)], CommandType='"Text"', CommandTimeout='30']
SELECT TOP(1) [d].[Id], [d].[Description], [d].[IsActive], [d].[Name]
FROM [Departments] AS [d]
WHERE [d].[Id] = @p
2026-06-28 21:04:13.600 +03:00 [INF] Executed DbCommand (2ms) [Parameters=[@doctorId='?' (DbType = Guid), @date='?' (DbType = Date)], CommandType='"Text"', CommandTimeout='30']
SELECT [a].[Id], [a].[AppointmentDate], [a].[CreatedAt], [a].[CreatedByReceptionistId], [a].[DoctorId], [a].[EndTime], [a].[Notes], [a].[PatientId], [a].[StartTime], [a].[Status], [a].[UpdatedAt]
FROM [Appointments] AS [a]
WHERE [a].[DoctorId] = @doctorId AND [a].[AppointmentDate] = @date
ORDER BY [a].[StartTime]
2026-06-28 21:04:13.602 +03:00 [INF] Executed DbCommand (1ms) [Parameters=[@p='?' (DbType = Guid)], CommandType='"Text"', CommandTimeout='30']
SELECT TOP(1) [p].[Id], [p].[Address], [p].[BloodType], [p].[CreatedAt], [p].[DateOfBirth], [p].[Email], [p].[FullName], [p].[Gender], [p].[NationalId], [p].[Phone], [p].[UserId]
FROM [Patients] AS [p]
WHERE [p].[Id] = @p
2026-06-28 21:04:13.604 +03:00 [INF] HTTP GET /api/doctor/schedule responded 200 in 16ms
2026-06-28 21:04:24.910 +03:00 [INF] HTTP OPTIONS /api/doctor/schedule responded 204 in 0ms
2026-06-28 21:04:24.925 +03:00 [INF] Executed DbCommand (1ms) [Parameters=[], CommandType='"Text"', CommandTimeout='30']
SELECT [d].[Id], [d].[DepartmentId], [d].[FullName], [d].[IsActive], [d].[Phone], [d].[Specialization], [d].[UserId]
FROM [Doctors] AS [d]
2026-06-28 21:04:24.928 +03:00 [INF] Executed DbCommand (1ms) [Parameters=[@p='?' (DbType = Guid)], CommandType='"Text"', CommandTimeout='30']
SELECT TOP(1) [d].[Id], [d].[Description], [d].[IsActive], [d].[Name]
FROM [Departments] AS [d]
WHERE [d].[Id] = @p
2026-06-28 21:04:24.930 +03:00 [INF] Executed DbCommand (1ms) [Parameters=[@doctorId='?' (DbType = Guid), @date='?' (DbType = Date)], CommandType='"Text"', CommandTimeout='30']
SELECT [a].[Id], [a].[AppointmentDate], [a].[CreatedAt], [a].[CreatedByReceptionistId], [a].[DoctorId], [a].[EndTime], [a].[Notes], [a].[PatientId], [a].[StartTime], [a].[Status], [a].[UpdatedAt]
FROM [Appointments] AS [a]
WHERE [a].[DoctorId] = @doctorId AND [a].[AppointmentDate] = @date
ORDER BY [a].[StartTime]
2026-06-28 21:04:24.931 +03:00 [INF] HTTP GET /api/doctor/schedule responded 200 in 12ms
2026-06-28 21:04:30.781 +03:00 [INF] HTTP OPTIONS /api/doctor/schedule responded 204 in 0ms
2026-06-28 21:04:30.793 +03:00 [INF] Executed DbCommand (1ms) [Parameters=[], CommandType='"Text"', CommandTimeout='30']
SELECT [d].[Id], [d].[DepartmentId], [d].[FullName], [d].[IsActive], [d].[Phone], [d].[Specialization], [d].[UserId]
FROM [Doctors] AS [d]
2026-06-28 21:04:30.796 +03:00 [INF] Executed DbCommand (1ms) [Parameters=[@p='?' (DbType = Guid)], CommandType='"Text"', CommandTimeout='30']
SELECT TOP(1) [d].[Id], [d].[Description], [d].[IsActive], [d].[Name]
FROM [Departments] AS [d]
WHERE [d].[Id] = @p
2026-06-28 21:04:30.798 +03:00 [INF] Executed DbCommand (1ms) [Parameters=[@doctorId='?' (DbType = Guid), @date='?' (DbType = Date)], CommandType='"Text"', CommandTimeout='30']
SELECT [a].[Id], [a].[AppointmentDate], [a].[CreatedAt], [a].[CreatedByReceptionistId], [a].[DoctorId], [a].[EndTime], [a].[Notes], [a].[PatientId], [a].[StartTime], [a].[Status], [a].[UpdatedAt]
FROM [Appointments] AS [a]
WHERE [a].[DoctorId] = @doctorId AND [a].[AppointmentDate] = @date
ORDER BY [a].[StartTime]
2026-06-28 21:04:30.799 +03:00 [INF] HTTP GET /api/doctor/schedule responded 200 in 10ms
2026-06-28 21:04:37.174 +03:00 [INF] HTTP OPTIONS /api/doctor/schedule responded 204 in 53ms
2026-06-28 21:04:37.184 +03:00 [INF] Executed DbCommand (1ms) [Parameters=[], CommandType='"Text"', CommandTimeout='30']
SELECT [d].[Id], [d].[DepartmentId], [d].[FullName], [d].[IsActive], [d].[Phone], [d].[Specialization], [d].[UserId]
FROM [Doctors] AS [d]
2026-06-28 21:04:37.188 +03:00 [INF] Executed DbCommand (1ms) [Parameters=[@p='?' (DbType = Guid)], CommandType='"Text"', CommandTimeout='30']
SELECT TOP(1) [d].[Id], [d].[Description], [d].[IsActive], [d].[Name]
FROM [Departments] AS [d]
WHERE [d].[Id] = @p
2026-06-28 21:04:37.190 +03:00 [INF] Executed DbCommand (1ms) [Parameters=[@doctorId='?' (DbType = Guid), @date='?' (DbType = Date)], CommandType='"Text"', CommandTimeout='30']
SELECT [a].[Id], [a].[AppointmentDate], [a].[CreatedAt], [a].[CreatedByReceptionistId], [a].[DoctorId], [a].[EndTime], [a].[Notes], [a].[PatientId], [a].[StartTime], [a].[Status], [a].[UpdatedAt]
FROM [Appointments] AS [a]
WHERE [a].[DoctorId] = @doctorId AND [a].[AppointmentDate] = @date
ORDER BY [a].[StartTime]
2026-06-28 21:04:37.191 +03:00 [INF] HTTP GET /api/doctor/schedule responded 200 in 10ms
2026-06-28 21:04:44.376 +03:00 [INF] HTTP OPTIONS /api/doctor/appointments/fa6fd78d-72db-408d-bf3f-81eaa6a2a128 responded 204 in 0ms
2026-06-28 21:04:44.388 +03:00 [INF] Executed DbCommand (1ms) [Parameters=[], CommandType='"Text"', CommandTimeout='30']
SELECT [d].[Id], [d].[DepartmentId], [d].[FullName], [d].[IsActive], [d].[Phone], [d].[Specialization], [d].[UserId]
FROM [Doctors] AS [d]
2026-06-28 21:04:44.391 +03:00 [INF] Executed DbCommand (1ms) [Parameters=[@p='?' (DbType = Guid)], CommandType='"Text"', CommandTimeout='30']
SELECT TOP(1) [d].[Id], [d].[Description], [d].[IsActive], [d].[Name]
FROM [Departments] AS [d]
WHERE [d].[Id] = @p
2026-06-28 21:04:44.394 +03:00 [INF] Executed DbCommand (1ms) [Parameters=[@p='?' (DbType = Guid)], CommandType='"Text"', CommandTimeout='30']
SELECT TOP(1) [a].[Id], [a].[AppointmentDate], [a].[CreatedAt], [a].[CreatedByReceptionistId], [a].[DoctorId], [a].[EndTime], [a].[Notes], [a].[PatientId], [a].[StartTime], [a].[Status], [a].[UpdatedAt]
FROM [Appointments] AS [a]
WHERE [a].[Id] = @p
2026-06-28 21:04:44.396 +03:00 [INF] Executed DbCommand (1ms) [Parameters=[@p='?' (DbType = Guid)], CommandType='"Text"', CommandTimeout='30']
SELECT TOP(1) [p].[Id], [p].[Address], [p].[BloodType], [p].[CreatedAt], [p].[DateOfBirth], [p].[Email], [p].[FullName], [p].[Gender], [p].[NationalId], [p].[Phone], [p].[UserId]
FROM [Patients] AS [p]
WHERE [p].[Id] = @p
2026-06-28 21:04:44.400 +03:00 [INF] Executed DbCommand (1ms) [Parameters=[], CommandType='"Text"', CommandTimeout='30']
SELECT [c].[Id], [c].[AppointmentId], [c].[CompletedAt], [c].[Diagnosis], [c].[DoctorId], [c].[Notes], [c].[PatientId], [c].[StartedAt]
FROM [Consultations] AS [c]
2026-06-28 21:04:44.402 +03:00 [INF] Executed DbCommand (1ms) [Parameters=[], CommandType='"Text"', CommandTimeout='30']
SELECT [p].[Id], [p].[ConsultationId], [p].[Dosage], [p].[Duration], [p].[Frequency], [p].[MedicationName], [p].[Notes]
FROM [Prescriptions] AS [p]
2026-06-28 21:04:44.403 +03:00 [INF] HTTP GET /api/doctor/appointments/fa6fd78d-72db-408d-bf3f-81eaa6a2a128 responded 200 in 20ms
2026-06-28 21:04:47.489 +03:00 [INF] HTTP OPTIONS /api/doctor/working-hours responded 204 in 0ms
2026-06-28 21:04:47.492 +03:00 [INF] HTTP OPTIONS /api/doctor/schedule responded 204 in 0ms
2026-06-28 21:04:47.495 +03:00 [INF] HTTP OPTIONS /api/doctor/schedule responded 204 in 0ms
2026-06-28 21:04:47.519 +03:00 [INF] Executed DbCommand (1ms) [Parameters=[], CommandType='"Text"', CommandTimeout='30']
SELECT [d].[Id], [d].[DepartmentId], [d].[FullName], [d].[IsActive], [d].[Phone], [d].[Specialization], [d].[UserId]
FROM [Doctors] AS [d]
2026-06-28 21:04:47.521 +03:00 [INF] Executed DbCommand (1ms) [Parameters=[@p='?' (DbType = Guid)], CommandType='"Text"', CommandTimeout='30']
SELECT TOP(1) [d].[Id], [d].[Description], [d].[IsActive], [d].[Name]
FROM [Departments] AS [d]
WHERE [d].[Id] = @p
2026-06-28 21:04:47.522 +03:00 [INF] Executed DbCommand (1ms) [Parameters=[], CommandType='"Text"', CommandTimeout='30']
SELECT [d].[Id], [d].[DepartmentId], [d].[FullName], [d].[IsActive], [d].[Phone], [d].[Specialization], [d].[UserId]
FROM [Doctors] AS [d]
2026-06-28 21:04:47.523 +03:00 [INF] Executed DbCommand (1ms) [Parameters=[], CommandType='"Text"', CommandTimeout='30']
SELECT [d].[Id], [d].[AppointmentDurationMinutes], [d].[DayOfWeek], [d].[DoctorId], [d].[EndTime], [d].[IsActive], [d].[StartTime]
FROM [DoctorSchedules] AS [d]
2026-06-28 21:04:47.524 +03:00 [INF] Executed DbCommand (1ms) [Parameters=[], CommandType='"Text"', CommandTimeout='30']
SELECT [d].[Id], [d].[DepartmentId], [d].[FullName], [d].[IsActive], [d].[Phone], [d].[Specialization], [d].[UserId]
FROM [Doctors] AS [d]
2026-06-28 21:04:47.525 +03:00 [INF] HTTP GET /api/doctor/working-hours responded 200 in 10ms
2026-06-28 21:04:47.526 +03:00 [INF] Executed DbCommand (1ms) [Parameters=[@p='?' (DbType = Guid)], CommandType='"Text"', CommandTimeout='30']
SELECT TOP(1) [d].[Id], [d].[Description], [d].[IsActive], [d].[Name]
FROM [Departments] AS [d]
WHERE [d].[Id] = @p
2026-06-28 21:04:47.529 +03:00 [INF] Executed DbCommand (1ms) [Parameters=[@doctorId='?' (DbType = Guid), @date='?' (DbType = Date)], CommandType='"Text"', CommandTimeout='30']
SELECT [a].[Id], [a].[AppointmentDate], [a].[CreatedAt], [a].[CreatedByReceptionistId], [a].[DoctorId], [a].[EndTime], [a].[Notes], [a].[PatientId], [a].[StartTime], [a].[Status], [a].[UpdatedAt]
FROM [Appointments] AS [a]
WHERE [a].[DoctorId] = @doctorId AND [a].[AppointmentDate] = @date
ORDER BY [a].[StartTime]
2026-06-28 21:04:47.533 +03:00 [INF] Executed DbCommand (2ms) [Parameters=[@p='?' (DbType = Guid)], CommandType='"Text"', CommandTimeout='30']
SELECT TOP(1) [p].[Id], [p].[Address], [p].[BloodType], [p].[CreatedAt], [p].[DateOfBirth], [p].[Email], [p].[FullName], [p].[Gender], [p].[NationalId], [p].[Phone], [p].[UserId]
FROM [Patients] AS [p]
WHERE [p].[Id] = @p
2026-06-28 21:04:47.534 +03:00 [INF] HTTP GET /api/doctor/schedule responded 200 in 14ms
2026-06-28 21:04:47.549 +03:00 [INF] Executed DbCommand (1ms) [Parameters=[@p='?' (DbType = Guid)], CommandType='"Text"', CommandTimeout='30']
SELECT TOP(1) [d].[Id], [d].[Description], [d].[IsActive], [d].[Name]
FROM [Departments] AS [d]
WHERE [d].[Id] = @p
2026-06-28 21:04:47.552 +03:00 [INF] Executed DbCommand (1ms) [Parameters=[@doctorId='?' (DbType = Guid), @date='?' (DbType = Date)], CommandType='"Text"', CommandTimeout='30']
SELECT [a].[Id], [a].[AppointmentDate], [a].[CreatedAt], [a].[CreatedByReceptionistId], [a].[DoctorId], [a].[EndTime], [a].[Notes], [a].[PatientId], [a].[StartTime], [a].[Status], [a].[UpdatedAt]
FROM [Appointments] AS [a]
WHERE [a].[DoctorId] = @doctorId AND [a].[AppointmentDate] = @date
ORDER BY [a].[StartTime]
2026-06-28 21:04:47.553 +03:00 [INF] HTTP GET /api/doctor/schedule responded 200 in 35ms
2026-06-28 21:55:31.831 +03:00 [INF] Executed DbCommand (41ms) [Parameters=[], CommandType='"Text"', CommandTimeout='30']
SELECT 1
2026-06-28 21:55:31.897 +03:00 [INF] Acquiring an exclusive lock for migration application. See https://aka.ms/efcore-docs-migrations-lock for more information if this takes too long.
2026-06-28 21:55:31.972 +03:00 [INF] Executed DbCommand (67ms) [Parameters=[], CommandType='"Text"', CommandTimeout='30']
DECLARE @result int;
EXEC @result = sp_getapplock @Resource = '__EFMigrationsLock', @LockOwner = 'Session', @LockMode = 'Exclusive';
SELECT @result
2026-06-28 21:55:32.207 +03:00 [INF] Executed DbCommand (5ms) [Parameters=[], CommandType='"Text"', CommandTimeout='30']
IF OBJECT_ID(N'[__EFMigrationsHistory]') IS NULL
BEGIN
    CREATE TABLE [__EFMigrationsHistory] (
        [MigrationId] nvarchar(150) NOT NULL,
        [ProductVersion] nvarchar(32) NOT NULL,
        CONSTRAINT [PK___EFMigrationsHistory] PRIMARY KEY ([MigrationId])
    );
END;
2026-06-28 21:55:32.267 +03:00 [INF] Executed DbCommand (1ms) [Parameters=[], CommandType='"Text"', CommandTimeout='30']
SELECT 1
2026-06-28 21:55:32.273 +03:00 [INF] Executed DbCommand (2ms) [Parameters=[], CommandType='"Text"', CommandTimeout='30']
SELECT OBJECT_ID(N'[__EFMigrationsHistory]');
2026-06-28 21:55:32.307 +03:00 [INF] Executed DbCommand (19ms) [Parameters=[], CommandType='"Text"', CommandTimeout='30']
SELECT [MigrationId], [ProductVersion]
FROM [__EFMigrationsHistory]
ORDER BY [MigrationId];
2026-06-28 21:55:32.344 +03:00 [INF] No migrations were applied. The database is already up to date.
2026-06-28 21:55:32.359 +03:00 [INF] Executed DbCommand (9ms) [Parameters=[], CommandType='"Text"', CommandTimeout='30']
DECLARE @result int;
EXEC @result = sp_releaseapplock @Resource = '__EFMigrationsLock', @LockOwner = 'Session';
SELECT @result
2026-06-28 21:55:33.528 +03:00 [INF] Executed DbCommand (17ms) [Parameters=[], CommandType='"Text"', CommandTimeout='30']
SELECT CASE
    WHEN EXISTS (
        SELECT 1
        FROM [Users] AS [u]) THEN CAST(1 AS bit)
    ELSE CAST(0 AS bit)
END
2026-06-28 21:55:33.551 +03:00 [INF] Database already seeded. Ensuring demo accounts exist.
2026-06-28 21:55:33.993 +03:00 [INF] Executed DbCommand (14ms) [Parameters=[], CommandType='"Text"', CommandTimeout='30']
SELECT TOP(1) [u].[Id], [u].[CreatedAt], [u].[Email], [u].[IsActive], [u].[PasswordHash], [u].[Role]
FROM [Users] AS [u]
WHERE [u].[Email] = N'patient@hospital.com'
2026-06-28 21:55:34.543 +03:00 [INF] Executed DbCommand (198ms) [Parameters=[@patientUser_Id='?' (DbType = Guid)], CommandType='"Text"', CommandTimeout='30']
SELECT TOP(1) [p].[Id], [p].[Address], [p].[BloodType], [p].[CreatedAt], [p].[DateOfBirth], [p].[Email], [p].[FullName], [p].[Gender], [p].[NationalId], [p].[Phone], [p].[UserId]
FROM [Patients] AS [p]
WHERE [p].[UserId] = @patientUser_Id
2026-06-28 21:55:35.239 +03:00 [INF] Now listening on: http://localhost:5000
2026-06-28 21:55:35.240 +03:00 [INF] Application started. Press Ctrl+C to shut down.
2026-06-28 21:55:35.241 +03:00 [INF] Hosting environment: Development
2026-06-28 21:55:35.241 +03:00 [INF] Content root path: G:\DEPI\HospitalSystem.API
2026-06-28 21:56:36.093 +03:00 [WRN] Failed to determine the https port for redirect.
2026-06-28 21:56:40.569 +03:00 [INF] HTTP GET / responded 404 in 4519ms
2026-06-28 21:58:27.184 +03:00 [INF] HTTP OPTIONS /api/auth/login responded 204 in 12ms
2026-06-28 21:58:27.868 +03:00 [INF] Executed DbCommand (4ms) [Parameters=[], CommandType='"Text"', CommandTimeout='30']
SELECT [u].[Id], [u].[CreatedAt], [u].[Email], [u].[IsActive], [u].[PasswordHash], [u].[Role]
FROM [Users] AS [u]
2026-06-28 21:58:28.950 +03:00 [INF] HTTP POST /api/auth/login responded 200 in 1749ms
2026-06-28 21:58:29.047 +03:00 [INF] HTTP OPTIONS /api/doctor/working-hours responded 204 in 0ms
2026-06-28 21:58:29.047 +03:00 [INF] HTTP OPTIONS /api/doctor/schedule responded 204 in 0ms
2026-06-28 21:58:29.147 +03:00 [INF] Executed DbCommand (6ms) [Parameters=[], CommandType='"Text"', CommandTimeout='30']
SELECT [d].[Id], [d].[DepartmentId], [d].[FullName], [d].[IsActive], [d].[Phone], [d].[Specialization], [d].[UserId]
FROM [Doctors] AS [d]
2026-06-28 21:58:29.154 +03:00 [INF] Executed DbCommand (1ms) [Parameters=[], CommandType='"Text"', CommandTimeout='30']
SELECT [d].[Id], [d].[DepartmentId], [d].[FullName], [d].[IsActive], [d].[Phone], [d].[Specialization], [d].[UserId]
FROM [Doctors] AS [d]
2026-06-28 21:58:29.377 +03:00 [INF] Executed DbCommand (6ms) [Parameters=[@p='?' (DbType = Guid)], CommandType='"Text"', CommandTimeout='30']
SELECT TOP(1) [d].[Id], [d].[Description], [d].[IsActive], [d].[Name]
FROM [Departments] AS [d]
WHERE [d].[Id] = @p
2026-06-28 21:58:29.377 +03:00 [INF] Executed DbCommand (6ms) [Parameters=[@p='?' (DbType = Guid)], CommandType='"Text"', CommandTimeout='30']
SELECT TOP(1) [d].[Id], [d].[Description], [d].[IsActive], [d].[Name]
FROM [Departments] AS [d]
WHERE [d].[Id] = @p
2026-06-28 21:58:29.508 +03:00 [INF] Executed DbCommand (7ms) [Parameters=[], CommandType='"Text"', CommandTimeout='30']
SELECT [d].[Id], [d].[AppointmentDurationMinutes], [d].[DayOfWeek], [d].[DoctorId], [d].[EndTime], [d].[IsActive], [d].[StartTime]
FROM [DoctorSchedules] AS [d]
2026-06-28 21:58:29.538 +03:00 [INF] Executed DbCommand (18ms) [Parameters=[@doctorId='?' (DbType = Guid), @date='?' (DbType = Date)], CommandType='"Text"', CommandTimeout='30']
SELECT [a].[Id], [a].[AppointmentDate], [a].[CreatedAt], [a].[CreatedByReceptionistId], [a].[DoctorId], [a].[EndTime], [a].[Notes], [a].[PatientId], [a].[StartTime], [a].[Status], [a].[UpdatedAt]
FROM [Appointments] AS [a]
WHERE [a].[DoctorId] = @doctorId AND [a].[AppointmentDate] = @date
ORDER BY [a].[StartTime]
2026-06-28 21:58:29.634 +03:00 [INF] HTTP GET /api/doctor/schedule responded 200 in 579ms
2026-06-28 21:58:29.660 +03:00 [INF] HTTP GET /api/doctor/working-hours responded 200 in 604ms
2026-06-28 21:58:29.681 +03:00 [INF] HTTP OPTIONS /api/doctor/schedule responded 204 in 0ms
2026-06-28 21:58:29.713 +03:00 [INF] Executed DbCommand (1ms) [Parameters=[], CommandType='"Text"', CommandTimeout='30']
SELECT [d].[Id], [d].[DepartmentId], [d].[FullName], [d].[IsActive], [d].[Phone], [d].[Specialization], [d].[UserId]
FROM [Doctors] AS [d]
2026-06-28 21:58:29.717 +03:00 [INF] Executed DbCommand (1ms) [Parameters=[@p='?' (DbType = Guid)], CommandType='"Text"', CommandTimeout='30']
SELECT TOP(1) [d].[Id], [d].[Description], [d].[IsActive], [d].[Name]
FROM [Departments] AS [d]
WHERE [d].[Id] = @p
2026-06-28 21:58:29.721 +03:00 [INF] Executed DbCommand (2ms) [Parameters=[@doctorId='?' (DbType = Guid), @date='?' (DbType = Date)], CommandType='"Text"', CommandTimeout='30']
SELECT [a].[Id], [a].[AppointmentDate], [a].[CreatedAt], [a].[CreatedByReceptionistId], [a].[DoctorId], [a].[EndTime], [a].[Notes], [a].[PatientId], [a].[StartTime], [a].[Status], [a].[UpdatedAt]
FROM [Appointments] AS [a]
WHERE [a].[DoctorId] = @doctorId AND [a].[AppointmentDate] = @date
ORDER BY [a].[StartTime]
2026-06-28 21:58:29.812 +03:00 [INF] Executed DbCommand (4ms) [Parameters=[@p='?' (DbType = Guid)], CommandType='"Text"', CommandTimeout='30']
SELECT TOP(1) [p].[Id], [p].[Address], [p].[BloodType], [p].[CreatedAt], [p].[DateOfBirth], [p].[Email], [p].[FullName], [p].[Gender], [p].[NationalId], [p].[Phone], [p].[UserId]
FROM [Patients] AS [p]
WHERE [p].[Id] = @p
2026-06-28 21:58:29.842 +03:00 [INF] HTTP GET /api/doctor/schedule responded 200 in 156ms
2026-06-28 21:59:39.203 +03:00 [INF] HTTP OPTIONS /api/doctor/working-hours responded 204 in 0ms
2026-06-28 21:59:39.204 +03:00 [INF] HTTP OPTIONS /api/doctor/schedule responded 204 in 0ms
2026-06-28 21:59:39.221 +03:00 [INF] Executed DbCommand (2ms) [Parameters=[], CommandType='"Text"', CommandTimeout='30']
SELECT [d].[Id], [d].[DepartmentId], [d].[FullName], [d].[IsActive], [d].[Phone], [d].[Specialization], [d].[UserId]
FROM [Doctors] AS [d]
2026-06-28 21:59:39.221 +03:00 [INF] Executed DbCommand (2ms) [Parameters=[], CommandType='"Text"', CommandTimeout='30']
SELECT [d].[Id], [d].[DepartmentId], [d].[FullName], [d].[IsActive], [d].[Phone], [d].[Specialization], [d].[UserId]
FROM [Doctors] AS [d]
2026-06-28 21:59:39.226 +03:00 [INF] Executed DbCommand (1ms) [Parameters=[@p='?' (DbType = Guid)], CommandType='"Text"', CommandTimeout='30']
SELECT TOP(1) [d].[Id], [d].[Description], [d].[IsActive], [d].[Name]
FROM [Departments] AS [d]
WHERE [d].[Id] = @p
2026-06-28 21:59:39.227 +03:00 [INF] Executed DbCommand (2ms) [Parameters=[@p='?' (DbType = Guid)], CommandType='"Text"', CommandTimeout='30']
SELECT TOP(1) [d].[Id], [d].[Description], [d].[IsActive], [d].[Name]
FROM [Departments] AS [d]
WHERE [d].[Id] = @p
2026-06-28 21:59:39.231 +03:00 [INF] Executed DbCommand (2ms) [Parameters=[], CommandType='"Text"', CommandTimeout='30']
SELECT [d].[Id], [d].[AppointmentDurationMinutes], [d].[DayOfWeek], [d].[DoctorId], [d].[EndTime], [d].[IsActive], [d].[StartTime]
FROM [DoctorSchedules] AS [d]
2026-06-28 21:59:39.232 +03:00 [INF] Executed DbCommand (2ms) [Parameters=[@doctorId='?' (DbType = Guid), @date='?' (DbType = Date)], CommandType='"Text"', CommandTimeout='30']
SELECT [a].[Id], [a].[AppointmentDate], [a].[CreatedAt], [a].[CreatedByReceptionistId], [a].[DoctorId], [a].[EndTime], [a].[Notes], [a].[PatientId], [a].[StartTime], [a].[Status], [a].[UpdatedAt]
FROM [Appointments] AS [a]
WHERE [a].[DoctorId] = @doctorId AND [a].[AppointmentDate] = @date
ORDER BY [a].[StartTime]
2026-06-28 21:59:39.236 +03:00 [INF] HTTP GET /api/doctor/working-hours responded 200 in 23ms
2026-06-28 21:59:39.238 +03:00 [INF] Executed DbCommand (3ms) [Parameters=[@p='?' (DbType = Guid)], CommandType='"Text"', CommandTimeout='30']
SELECT TOP(1) [p].[Id], [p].[Address], [p].[BloodType], [p].[CreatedAt], [p].[DateOfBirth], [p].[Email], [p].[FullName], [p].[Gender], [p].[NationalId], [p].[Phone], [p].[UserId]
FROM [Patients] AS [p]
WHERE [p].[Id] = @p
2026-06-28 21:59:39.242 +03:00 [INF] HTTP GET /api/doctor/schedule responded 200 in 29ms
2026-06-28 21:59:40.786 +03:00 [INF] HTTP OPTIONS /api/doctor/appointments/fa6fd78d-72db-408d-bf3f-81eaa6a2a128 responded 204 in 0ms
2026-06-28 21:59:40.849 +03:00 [INF] Executed DbCommand (2ms) [Parameters=[], CommandType='"Text"', CommandTimeout='30']
SELECT [d].[Id], [d].[DepartmentId], [d].[FullName], [d].[IsActive], [d].[Phone], [d].[Specialization], [d].[UserId]
FROM [Doctors] AS [d]
2026-06-28 21:59:40.853 +03:00 [INF] Executed DbCommand (1ms) [Parameters=[@p='?' (DbType = Guid)], CommandType='"Text"', CommandTimeout='30']
SELECT TOP(1) [d].[Id], [d].[Description], [d].[IsActive], [d].[Name]
FROM [Departments] AS [d]
WHERE [d].[Id] = @p
2026-06-28 21:59:40.906 +03:00 [INF] Executed DbCommand (6ms) [Parameters=[@p='?' (DbType = Guid)], CommandType='"Text"', CommandTimeout='30']
SELECT TOP(1) [a].[Id], [a].[AppointmentDate], [a].[CreatedAt], [a].[CreatedByReceptionistId], [a].[DoctorId], [a].[EndTime], [a].[Notes], [a].[PatientId], [a].[StartTime], [a].[Status], [a].[UpdatedAt]
FROM [Appointments] AS [a]
WHERE [a].[Id] = @p
2026-06-28 21:59:40.913 +03:00 [INF] Executed DbCommand (2ms) [Parameters=[@p='?' (DbType = Guid)], CommandType='"Text"', CommandTimeout='30']
SELECT TOP(1) [p].[Id], [p].[Address], [p].[BloodType], [p].[CreatedAt], [p].[DateOfBirth], [p].[Email], [p].[FullName], [p].[Gender], [p].[NationalId], [p].[Phone], [p].[UserId]
FROM [Patients] AS [p]
WHERE [p].[Id] = @p
2026-06-28 21:59:40.957 +03:00 [INF] Executed DbCommand (5ms) [Parameters=[], CommandType='"Text"', CommandTimeout='30']
SELECT [c].[Id], [c].[AppointmentId], [c].[CompletedAt], [c].[Diagnosis], [c].[DoctorId], [c].[Notes], [c].[PatientId], [c].[StartedAt]
FROM [Consultations] AS [c]
2026-06-28 21:59:41.058 +03:00 [INF] Executed DbCommand (5ms) [Parameters=[], CommandType='"Text"', CommandTimeout='30']
SELECT [p].[Id], [p].[ConsultationId], [p].[Dosage], [p].[Duration], [p].[Frequency], [p].[MedicationName], [p].[Notes]
FROM [Prescriptions] AS [p]
2026-06-28 21:59:41.131 +03:00 [INF] HTTP GET /api/doctor/appointments/fa6fd78d-72db-408d-bf3f-81eaa6a2a128 responded 200 in 337ms
2026-06-28 21:59:55.341 +03:00 [INF] HTTP OPTIONS /api/doctor/schedule responded 204 in 0ms
2026-06-28 21:59:55.354 +03:00 [INF] Executed DbCommand (2ms) [Parameters=[], CommandType='"Text"', CommandTimeout='30']
SELECT [d].[Id], [d].[DepartmentId], [d].[FullName], [d].[IsActive], [d].[Phone], [d].[Specialization], [d].[UserId]
FROM [Doctors] AS [d]
2026-06-28 21:59:55.358 +03:00 [INF] Executed DbCommand (1ms) [Parameters=[@p='?' (DbType = Guid)], CommandType='"Text"', CommandTimeout='30']
SELECT TOP(1) [d].[Id], [d].[Description], [d].[IsActive], [d].[Name]
FROM [Departments] AS [d]
WHERE [d].[Id] = @p
2026-06-28 21:59:55.362 +03:00 [INF] Executed DbCommand (2ms) [Parameters=[@doctorId='?' (DbType = Guid), @date='?' (DbType = Date)], CommandType='"Text"', CommandTimeout='30']
SELECT [a].[Id], [a].[AppointmentDate], [a].[CreatedAt], [a].[CreatedByReceptionistId], [a].[DoctorId], [a].[EndTime], [a].[Notes], [a].[PatientId], [a].[StartTime], [a].[Status], [a].[UpdatedAt]
FROM [Appointments] AS [a]
WHERE [a].[DoctorId] = @doctorId AND [a].[AppointmentDate] = @date
ORDER BY [a].[StartTime]
2026-06-28 21:59:55.363 +03:00 [INF] HTTP GET /api/doctor/schedule responded 200 in 15ms
2026-06-28 22:00:20.657 +03:00 [INF] HTTP OPTIONS /api/doctor/appointments/fa6fd78d-72db-408d-bf3f-81eaa6a2a128 responded 204 in 0ms
2026-06-28 22:00:20.676 +03:00 [INF] Executed DbCommand (6ms) [Parameters=[], CommandType='"Text"', CommandTimeout='30']
SELECT [d].[Id], [d].[DepartmentId], [d].[FullName], [d].[IsActive], [d].[Phone], [d].[Specialization], [d].[UserId]
FROM [Doctors] AS [d]
2026-06-28 22:00:20.679 +03:00 [INF] Executed DbCommand (1ms) [Parameters=[@p='?' (DbType = Guid)], CommandType='"Text"', CommandTimeout='30']
SELECT TOP(1) [d].[Id], [d].[Description], [d].[IsActive], [d].[Name]
FROM [Departments] AS [d]
WHERE [d].[Id] = @p
2026-06-28 22:00:20.684 +03:00 [INF] Executed DbCommand (2ms) [Parameters=[@p='?' (DbType = Guid)], CommandType='"Text"', CommandTimeout='30']
SELECT TOP(1) [a].[Id], [a].[AppointmentDate], [a].[CreatedAt], [a].[CreatedByReceptionistId], [a].[DoctorId], [a].[EndTime], [a].[Notes], [a].[PatientId], [a].[StartTime], [a].[Status], [a].[UpdatedAt]
FROM [Appointments] AS [a]
WHERE [a].[Id] = @p
2026-06-28 22:00:20.689 +03:00 [INF] Executed DbCommand (2ms) [Parameters=[@p='?' (DbType = Guid)], CommandType='"Text"', CommandTimeout='30']
SELECT TOP(1) [p].[Id], [p].[Address], [p].[BloodType], [p].[CreatedAt], [p].[DateOfBirth], [p].[Email], [p].[FullName], [p].[Gender], [p].[NationalId], [p].[Phone], [p].[UserId]
FROM [Patients] AS [p]
WHERE [p].[Id] = @p
2026-06-28 22:00:20.692 +03:00 [INF] Executed DbCommand (1ms) [Parameters=[], CommandType='"Text"', CommandTimeout='30']
SELECT [c].[Id], [c].[AppointmentId], [c].[CompletedAt], [c].[Diagnosis], [c].[DoctorId], [c].[Notes], [c].[PatientId], [c].[StartedAt]
FROM [Consultations] AS [c]
2026-06-28 22:00:20.698 +03:00 [INF] Executed DbCommand (1ms) [Parameters=[], CommandType='"Text"', CommandTimeout='30']
SELECT [p].[Id], [p].[ConsultationId], [p].[Dosage], [p].[Duration], [p].[Frequency], [p].[MedicationName], [p].[Notes]
FROM [Prescriptions] AS [p]
2026-06-28 22:00:20.699 +03:00 [INF] HTTP GET /api/doctor/appointments/fa6fd78d-72db-408d-bf3f-81eaa6a2a128 responded 200 in 35ms
2026-06-28 22:01:34.150 +03:00 [INF] HTTP OPTIONS /api/doctor/appointments/fa6fd78d-72db-408d-bf3f-81eaa6a2a128 responded 204 in 0ms
2026-06-28 22:01:34.157 +03:00 [INF] Executed DbCommand (1ms) [Parameters=[], CommandType='"Text"', CommandTimeout='30']
SELECT [d].[Id], [d].[DepartmentId], [d].[FullName], [d].[IsActive], [d].[Phone], [d].[Specialization], [d].[UserId]
FROM [Doctors] AS [d]
2026-06-28 22:01:34.159 +03:00 [INF] Executed DbCommand (1ms) [Parameters=[@p='?' (DbType = Guid)], CommandType='"Text"', CommandTimeout='30']
SELECT TOP(1) [d].[Id], [d].[Description], [d].[IsActive], [d].[Name]
FROM [Departments] AS [d]
WHERE [d].[Id] = @p
2026-06-28 22:01:34.160 +03:00 [INF] Executed DbCommand (1ms) [Parameters=[@p='?' (DbType = Guid)], CommandType='"Text"', CommandTimeout='30']
SELECT TOP(1) [a].[Id], [a].[AppointmentDate], [a].[CreatedAt], [a].[CreatedByReceptionistId], [a].[DoctorId], [a].[EndTime], [a].[Notes], [a].[PatientId], [a].[StartTime], [a].[Status], [a].[UpdatedAt]
FROM [Appointments] AS [a]
WHERE [a].[Id] = @p
2026-06-28 22:01:34.162 +03:00 [INF] Executed DbCommand (1ms) [Parameters=[@p='?' (DbType = Guid)], CommandType='"Text"', CommandTimeout='30']
SELECT TOP(1) [p].[Id], [p].[Address], [p].[BloodType], [p].[CreatedAt], [p].[DateOfBirth], [p].[Email], [p].[FullName], [p].[Gender], [p].[NationalId], [p].[Phone], [p].[UserId]
FROM [Patients] AS [p]
WHERE [p].[Id] = @p
2026-06-28 22:01:34.163 +03:00 [INF] Executed DbCommand (0ms) [Parameters=[], CommandType='"Text"', CommandTimeout='30']
SELECT [c].[Id], [c].[AppointmentId], [c].[CompletedAt], [c].[Diagnosis], [c].[DoctorId], [c].[Notes], [c].[PatientId], [c].[StartedAt]
FROM [Consultations] AS [c]
2026-06-28 22:01:34.164 +03:00 [INF] Executed DbCommand (0ms) [Parameters=[], CommandType='"Text"', CommandTimeout='30']
SELECT [p].[Id], [p].[ConsultationId], [p].[Dosage], [p].[Duration], [p].[Frequency], [p].[MedicationName], [p].[Notes]
FROM [Prescriptions] AS [p]
2026-06-28 22:01:34.164 +03:00 [INF] HTTP GET /api/doctor/appointments/fa6fd78d-72db-408d-bf3f-81eaa6a2a128 responded 200 in 11ms
2026-06-28 22:02:57.862 +03:00 [INF] HTTP OPTIONS /api/doctor/appointments/fa6fd78d-72db-408d-bf3f-81eaa6a2a128 responded 204 in 0ms
2026-06-28 22:02:57.880 +03:00 [INF] Executed DbCommand (1ms) [Parameters=[], CommandType='"Text"', CommandTimeout='30']
SELECT [d].[Id], [d].[DepartmentId], [d].[FullName], [d].[IsActive], [d].[Phone], [d].[Specialization], [d].[UserId]
FROM [Doctors] AS [d]
2026-06-28 22:02:57.885 +03:00 [INF] Executed DbCommand (2ms) [Parameters=[@p='?' (DbType = Guid)], CommandType='"Text"', CommandTimeout='30']
SELECT TOP(1) [d].[Id], [d].[Description], [d].[IsActive], [d].[Name]
FROM [Departments] AS [d]
WHERE [d].[Id] = @p
2026-06-28 22:02:57.890 +03:00 [INF] Executed DbCommand (2ms) [Parameters=[@p='?' (DbType = Guid)], CommandType='"Text"', CommandTimeout='30']
SELECT TOP(1) [a].[Id], [a].[AppointmentDate], [a].[CreatedAt], [a].[CreatedByReceptionistId], [a].[DoctorId], [a].[EndTime], [a].[Notes], [a].[PatientId], [a].[StartTime], [a].[Status], [a].[UpdatedAt]
FROM [Appointments] AS [a]
WHERE [a].[Id] = @p
2026-06-28 22:02:57.893 +03:00 [INF] Executed DbCommand (1ms) [Parameters=[@p='?' (DbType = Guid)], CommandType='"Text"', CommandTimeout='30']
SELECT TOP(1) [p].[Id], [p].[Address], [p].[BloodType], [p].[CreatedAt], [p].[DateOfBirth], [p].[Email], [p].[FullName], [p].[Gender], [p].[NationalId], [p].[Phone], [p].[UserId]
FROM [Patients] AS [p]
WHERE [p].[Id] = @p
2026-06-28 22:02:57.896 +03:00 [INF] Executed DbCommand (1ms) [Parameters=[], CommandType='"Text"', CommandTimeout='30']
SELECT [c].[Id], [c].[AppointmentId], [c].[CompletedAt], [c].[Diagnosis], [c].[DoctorId], [c].[Notes], [c].[PatientId], [c].[StartedAt]
FROM [Consultations] AS [c]
2026-06-28 22:02:57.900 +03:00 [INF] Executed DbCommand (2ms) [Parameters=[], CommandType='"Text"', CommandTimeout='30']
SELECT [p].[Id], [p].[ConsultationId], [p].[Dosage], [p].[Duration], [p].[Frequency], [p].[MedicationName], [p].[Notes]
FROM [Prescriptions] AS [p]
2026-06-28 22:02:57.902 +03:00 [INF] HTTP GET /api/doctor/appointments/fa6fd78d-72db-408d-bf3f-81eaa6a2a128 responded 200 in 27ms
2026-06-28 22:04:20.011 +03:00 [INF] HTTP OPTIONS /api/doctor/appointments/fa6fd78d-72db-408d-bf3f-81eaa6a2a128 responded 204 in 0ms
2026-06-28 22:04:20.024 +03:00 [INF] Executed DbCommand (1ms) [Parameters=[], CommandType='"Text"', CommandTimeout='30']
SELECT [d].[Id], [d].[DepartmentId], [d].[FullName], [d].[IsActive], [d].[Phone], [d].[Specialization], [d].[UserId]
FROM [Doctors] AS [d]
2026-06-28 22:04:20.027 +03:00 [INF] Executed DbCommand (1ms) [Parameters=[@p='?' (DbType = Guid)], CommandType='"Text"', CommandTimeout='30']
SELECT TOP(1) [d].[Id], [d].[Description], [d].[IsActive], [d].[Name]
FROM [Departments] AS [d]
WHERE [d].[Id] = @p
2026-06-28 22:04:20.030 +03:00 [INF] Executed DbCommand (1ms) [Parameters=[@p='?' (DbType = Guid)], CommandType='"Text"', CommandTimeout='30']
SELECT TOP(1) [a].[Id], [a].[AppointmentDate], [a].[CreatedAt], [a].[CreatedByReceptionistId], [a].[DoctorId], [a].[EndTime], [a].[Notes], [a].[PatientId], [a].[StartTime], [a].[Status], [a].[UpdatedAt]
FROM [Appointments] AS [a]
WHERE [a].[Id] = @p
2026-06-28 22:04:20.034 +03:00 [INF] Executed DbCommand (1ms) [Parameters=[@p='?' (DbType = Guid)], CommandType='"Text"', CommandTimeout='30']
SELECT TOP(1) [p].[Id], [p].[Address], [p].[BloodType], [p].[CreatedAt], [p].[DateOfBirth], [p].[Email], [p].[FullName], [p].[Gender], [p].[NationalId], [p].[Phone], [p].[UserId]
FROM [Patients] AS [p]
WHERE [p].[Id] = @p
2026-06-28 22:04:20.036 +03:00 [INF] Executed DbCommand (1ms) [Parameters=[], CommandType='"Text"', CommandTimeout='30']
SELECT [c].[Id], [c].[AppointmentId], [c].[CompletedAt], [c].[Diagnosis], [c].[DoctorId], [c].[Notes], [c].[PatientId], [c].[StartedAt]
FROM [Consultations] AS [c]
2026-06-28 22:04:20.040 +03:00 [INF] Executed DbCommand (2ms) [Parameters=[], CommandType='"Text"', CommandTimeout='30']
SELECT [p].[Id], [p].[ConsultationId], [p].[Dosage], [p].[Duration], [p].[Frequency], [p].[MedicationName], [p].[Notes]
FROM [Prescriptions] AS [p]
2026-06-28 22:04:20.041 +03:00 [INF] HTTP GET /api/doctor/appointments/fa6fd78d-72db-408d-bf3f-81eaa6a2a128 responded 200 in 22ms
2026-06-28 22:04:24.597 +03:00 [INF] HTTP OPTIONS /api/doctor/working-hours responded 204 in 0ms
2026-06-28 22:04:24.598 +03:00 [INF] HTTP OPTIONS /api/doctor/schedule responded 204 in 0ms
2026-06-28 22:04:24.604 +03:00 [INF] Executed DbCommand (1ms) [Parameters=[], CommandType='"Text"', CommandTimeout='30']
SELECT [d].[Id], [d].[DepartmentId], [d].[FullName], [d].[IsActive], [d].[Phone], [d].[Specialization], [d].[UserId]
FROM [Doctors] AS [d]
2026-06-28 22:04:24.607 +03:00 [INF] Executed DbCommand (1ms) [Parameters=[@p='?' (DbType = Guid)], CommandType='"Text"', CommandTimeout='30']
SELECT TOP(1) [d].[Id], [d].[Description], [d].[IsActive], [d].[Name]
FROM [Departments] AS [d]
WHERE [d].[Id] = @p
2026-06-28 22:04:24.608 +03:00 [INF] Executed DbCommand (1ms) [Parameters=[], CommandType='"Text"', CommandTimeout='30']
SELECT [d].[Id], [d].[AppointmentDurationMinutes], [d].[DayOfWeek], [d].[DoctorId], [d].[EndTime], [d].[IsActive], [d].[StartTime]
FROM [DoctorSchedules] AS [d]
2026-06-28 22:04:24.610 +03:00 [INF] HTTP GET /api/doctor/working-hours responded 200 in 8ms
2026-06-28 22:04:24.610 +03:00 [INF] Executed DbCommand (1ms) [Parameters=[], CommandType='"Text"', CommandTimeout='30']
SELECT [d].[Id], [d].[DepartmentId], [d].[FullName], [d].[IsActive], [d].[Phone], [d].[Specialization], [d].[UserId]
FROM [Doctors] AS [d]
2026-06-28 22:04:24.612 +03:00 [INF] Executed DbCommand (1ms) [Parameters=[@p='?' (DbType = Guid)], CommandType='"Text"', CommandTimeout='30']
SELECT TOP(1) [d].[Id], [d].[Description], [d].[IsActive], [d].[Name]
FROM [Departments] AS [d]
WHERE [d].[Id] = @p
2026-06-28 22:04:24.614 +03:00 [INF] Executed DbCommand (1ms) [Parameters=[@doctorId='?' (DbType = Guid), @date='?' (DbType = Date)], CommandType='"Text"', CommandTimeout='30']
SELECT [a].[Id], [a].[AppointmentDate], [a].[CreatedAt], [a].[CreatedByReceptionistId], [a].[DoctorId], [a].[EndTime], [a].[Notes], [a].[PatientId], [a].[StartTime], [a].[Status], [a].[UpdatedAt]
FROM [Appointments] AS [a]
WHERE [a].[DoctorId] = @doctorId AND [a].[AppointmentDate] = @date
ORDER BY [a].[StartTime]
2026-06-28 22:04:24.615 +03:00 [INF] HTTP GET /api/doctor/schedule responded 200 in 7ms
2026-06-28 22:04:24.630 +03:00 [INF] HTTP OPTIONS /api/doctor/schedule responded 204 in 0ms
2026-06-28 22:04:24.643 +03:00 [INF] Executed DbCommand (4ms) [Parameters=[], CommandType='"Text"', CommandTimeout='30']
SELECT [d].[Id], [d].[DepartmentId], [d].[FullName], [d].[IsActive], [d].[Phone], [d].[Specialization], [d].[UserId]
FROM [Doctors] AS [d]
2026-06-28 22:04:24.648 +03:00 [INF] Executed DbCommand (3ms) [Parameters=[@p='?' (DbType = Guid)], CommandType='"Text"', CommandTimeout='30']
SELECT TOP(1) [d].[Id], [d].[Description], [d].[IsActive], [d].[Name]
FROM [Departments] AS [d]
WHERE [d].[Id] = @p
2026-06-28 22:04:24.650 +03:00 [INF] Executed DbCommand (1ms) [Parameters=[@doctorId='?' (DbType = Guid), @date='?' (DbType = Date)], CommandType='"Text"', CommandTimeout='30']
SELECT [a].[Id], [a].[AppointmentDate], [a].[CreatedAt], [a].[CreatedByReceptionistId], [a].[DoctorId], [a].[EndTime], [a].[Notes], [a].[PatientId], [a].[StartTime], [a].[Status], [a].[UpdatedAt]
FROM [Appointments] AS [a]
WHERE [a].[DoctorId] = @doctorId AND [a].[AppointmentDate] = @date
ORDER BY [a].[StartTime]
2026-06-28 22:04:24.651 +03:00 [INF] Executed DbCommand (1ms) [Parameters=[@p='?' (DbType = Guid)], CommandType='"Text"', CommandTimeout='30']
SELECT TOP(1) [p].[Id], [p].[Address], [p].[BloodType], [p].[CreatedAt], [p].[DateOfBirth], [p].[Email], [p].[FullName], [p].[Gender], [p].[NationalId], [p].[Phone], [p].[UserId]
FROM [Patients] AS [p]
WHERE [p].[Id] = @p
2026-06-28 22:04:24.652 +03:00 [INF] HTTP GET /api/doctor/schedule responded 200 in 19ms
2026-06-28 22:04:28.013 +03:00 [INF] Executed DbCommand (2ms) [Parameters=[], CommandType='"Text"', CommandTimeout='30']
SELECT [d].[Id], [d].[DepartmentId], [d].[FullName], [d].[IsActive], [d].[Phone], [d].[Specialization], [d].[UserId]
FROM [Doctors] AS [d]
2026-06-28 22:04:28.013 +03:00 [INF] Executed DbCommand (2ms) [Parameters=[], CommandType='"Text"', CommandTimeout='30']
SELECT [d].[Id], [d].[DepartmentId], [d].[FullName], [d].[IsActive], [d].[Phone], [d].[Specialization], [d].[UserId]
FROM [Doctors] AS [d]
2026-06-28 22:04:28.016 +03:00 [INF] Executed DbCommand (2ms) [Parameters=[@p='?' (DbType = Guid)], CommandType='"Text"', CommandTimeout='30']
SELECT TOP(1) [d].[Id], [d].[Description], [d].[IsActive], [d].[Name]
FROM [Departments] AS [d]
WHERE [d].[Id] = @p
2026-06-28 22:04:28.017 +03:00 [INF] Executed DbCommand (3ms) [Parameters=[@p='?' (DbType = Guid)], CommandType='"Text"', CommandTimeout='30']
SELECT TOP(1) [d].[Id], [d].[Description], [d].[IsActive], [d].[Name]
FROM [Departments] AS [d]
WHERE [d].[Id] = @p
2026-06-28 22:04:28.029 +03:00 [INF] Executed DbCommand (9ms) [Parameters=[@doctorId='?' (DbType = Guid), @date='?' (DbType = Date)], CommandType='"Text"', CommandTimeout='30']
SELECT [a].[Id], [a].[AppointmentDate], [a].[CreatedAt], [a].[CreatedByReceptionistId], [a].[DoctorId], [a].[EndTime], [a].[Notes], [a].[PatientId], [a].[StartTime], [a].[Status], [a].[UpdatedAt]
FROM [Appointments] AS [a]
WHERE [a].[DoctorId] = @doctorId AND [a].[AppointmentDate] = @date
ORDER BY [a].[StartTime]
2026-06-28 22:04:28.030 +03:00 [INF] HTTP GET /api/doctor/schedule responded 200 in 22ms
2026-06-28 22:04:28.034 +03:00 [INF] Executed DbCommand (2ms) [Parameters=[], CommandType='"Text"', CommandTimeout='30']
SELECT [d].[Id], [d].[AppointmentDurationMinutes], [d].[DayOfWeek], [d].[DoctorId], [d].[EndTime], [d].[IsActive], [d].[StartTime]
FROM [DoctorSchedules] AS [d]
2026-06-28 22:04:28.036 +03:00 [INF] HTTP GET /api/doctor/working-hours responded 200 in 29ms
2026-06-28 22:04:28.078 +03:00 [INF] Executed DbCommand (1ms) [Parameters=[], CommandType='"Text"', CommandTimeout='30']
SELECT [d].[Id], [d].[DepartmentId], [d].[FullName], [d].[IsActive], [d].[Phone], [d].[Specialization], [d].[UserId]
FROM [Doctors] AS [d]
2026-06-28 22:04:28.080 +03:00 [INF] Executed DbCommand (1ms) [Parameters=[@p='?' (DbType = Guid)], CommandType='"Text"', CommandTimeout='30']
SELECT TOP(1) [d].[Id], [d].[Description], [d].[IsActive], [d].[Name]
FROM [Departments] AS [d]
WHERE [d].[Id] = @p
2026-06-28 22:04:28.081 +03:00 [INF] Executed DbCommand (1ms) [Parameters=[@doctorId='?' (DbType = Guid), @date='?' (DbType = Date)], CommandType='"Text"', CommandTimeout='30']
SELECT [a].[Id], [a].[AppointmentDate], [a].[CreatedAt], [a].[CreatedByReceptionistId], [a].[DoctorId], [a].[EndTime], [a].[Notes], [a].[PatientId], [a].[StartTime], [a].[Status], [a].[UpdatedAt]
FROM [Appointments] AS [a]
WHERE [a].[DoctorId] = @doctorId AND [a].[AppointmentDate] = @date
ORDER BY [a].[StartTime]
2026-06-28 22:04:28.083 +03:00 [INF] Executed DbCommand (1ms) [Parameters=[@p='?' (DbType = Guid)], CommandType='"Text"', CommandTimeout='30']
SELECT TOP(1) [p].[Id], [p].[Address], [p].[BloodType], [p].[CreatedAt], [p].[DateOfBirth], [p].[Email], [p].[FullName], [p].[Gender], [p].[NationalId], [p].[Phone], [p].[UserId]
FROM [Patients] AS [p]
WHERE [p].[Id] = @p
2026-06-28 22:04:28.084 +03:00 [INF] HTTP GET /api/doctor/schedule responded 200 in 10ms
2026-06-28 22:09:45.328 +03:00 [INF] Executed DbCommand (63ms) [Parameters=[], CommandType='"Text"', CommandTimeout='30']
SELECT 1
2026-06-28 22:09:45.437 +03:00 [INF] Acquiring an exclusive lock for migration application. See https://aka.ms/efcore-docs-migrations-lock for more information if this takes too long.
2026-06-28 22:09:45.486 +03:00 [INF] Executed DbCommand (42ms) [Parameters=[], CommandType='"Text"', CommandTimeout='30']
DECLARE @result int;
EXEC @result = sp_getapplock @Resource = '__EFMigrationsLock', @LockOwner = 'Session', @LockMode = 'Exclusive';
SELECT @result
2026-06-28 22:09:45.675 +03:00 [INF] Executed DbCommand (5ms) [Parameters=[], CommandType='"Text"', CommandTimeout='30']
IF OBJECT_ID(N'[__EFMigrationsHistory]') IS NULL
BEGIN
    CREATE TABLE [__EFMigrationsHistory] (
        [MigrationId] nvarchar(150) NOT NULL,
        [ProductVersion] nvarchar(32) NOT NULL,
        CONSTRAINT [PK___EFMigrationsHistory] PRIMARY KEY ([MigrationId])
    );
END;
2026-06-28 22:09:45.724 +03:00 [INF] Executed DbCommand (1ms) [Parameters=[], CommandType='"Text"', CommandTimeout='30']
SELECT 1
2026-06-28 22:09:45.730 +03:00 [INF] Executed DbCommand (2ms) [Parameters=[], CommandType='"Text"', CommandTimeout='30']
SELECT OBJECT_ID(N'[__EFMigrationsHistory]');
2026-06-28 22:09:45.761 +03:00 [INF] Executed DbCommand (19ms) [Parameters=[], CommandType='"Text"', CommandTimeout='30']
SELECT [MigrationId], [ProductVersion]
FROM [__EFMigrationsHistory]
ORDER BY [MigrationId];
2026-06-28 22:09:45.799 +03:00 [INF] No migrations were applied. The database is already up to date.
2026-06-28 22:09:45.813 +03:00 [INF] Executed DbCommand (9ms) [Parameters=[], CommandType='"Text"', CommandTimeout='30']
DECLARE @result int;
EXEC @result = sp_releaseapplock @Resource = '__EFMigrationsLock', @LockOwner = 'Session';
SELECT @result
2026-06-28 22:09:46.662 +03:00 [INF] Executed DbCommand (11ms) [Parameters=[], CommandType='"Text"', CommandTimeout='30']
SELECT CASE
    WHEN EXISTS (
        SELECT 1
        FROM [Users] AS [u]) THEN CAST(1 AS bit)
    ELSE CAST(0 AS bit)
END
2026-06-28 22:09:46.676 +03:00 [INF] Database already seeded. Ensuring demo accounts exist.
2026-06-28 22:09:46.961 +03:00 [INF] Executed DbCommand (14ms) [Parameters=[], CommandType='"Text"', CommandTimeout='30']
SELECT TOP(1) [u].[Id], [u].[CreatedAt], [u].[Email], [u].[IsActive], [u].[PasswordHash], [u].[Role]
FROM [Users] AS [u]
WHERE [u].[Email] = N'patient@hospital.com'
2026-06-28 22:09:47.301 +03:00 [INF] Executed DbCommand (53ms) [Parameters=[@patientUser_Id='?' (DbType = Guid)], CommandType='"Text"', CommandTimeout='30']
SELECT TOP(1) [p].[Id], [p].[Address], [p].[BloodType], [p].[CreatedAt], [p].[DateOfBirth], [p].[Email], [p].[FullName], [p].[Gender], [p].[NationalId], [p].[Phone], [p].[UserId]
FROM [Patients] AS [p]
WHERE [p].[UserId] = @patientUser_Id
2026-06-28 22:09:48.072 +03:00 [INF] Now listening on: http://localhost:5000
2026-06-28 22:09:48.073 +03:00 [INF] Application started. Press Ctrl+C to shut down.
2026-06-28 22:09:48.073 +03:00 [INF] Hosting environment: Development
2026-06-28 22:09:48.074 +03:00 [INF] Content root path: G:\DEPI\HospitalSystem.API
2026-06-28 22:09:55.843 +03:00 [WRN] Failed to determine the https port for redirect.
2026-06-28 22:09:55.855 +03:00 [INF] HTTP OPTIONS /api/auth/login responded 204 in 80ms
2026-06-28 22:09:56.558 +03:00 [INF] Executed DbCommand (4ms) [Parameters=[], CommandType='"Text"', CommandTimeout='30']
SELECT [u].[Id], [u].[CreatedAt], [u].[Email], [u].[IsActive], [u].[PasswordHash], [u].[Role]
FROM [Users] AS [u]
2026-06-28 22:09:57.728 +03:00 [INF] HTTP POST /api/auth/login responded 200 in 1850ms
2026-06-28 22:09:57.765 +03:00 [INF] HTTP OPTIONS /api/departments responded 204 in 1ms
2026-06-28 22:09:57.854 +03:00 [INF] Executed DbCommand (4ms) [Parameters=[], CommandType='"Text"', CommandTimeout='30']
SELECT [d].[Id], [d].[Description], [d].[IsActive], [d].[Name]
FROM [Departments] AS [d]
2026-06-28 22:09:57.911 +03:00 [INF] HTTP GET /api/departments responded 200 in 142ms
2026-06-28 22:10:01.235 +03:00 [INF] HTTP OPTIONS /api/doctors responded 204 in 0ms
2026-06-28 22:10:01.240 +03:00 [INF] HTTP OPTIONS /api/departments responded 204 in 0ms
2026-06-28 22:10:01.293 +03:00 [INF] Executed DbCommand (2ms) [Parameters=[], CommandType='"Text"', CommandTimeout='30']
SELECT [d].[Id], [d].[Description], [d].[IsActive], [d].[Name]
FROM [Departments] AS [d]
2026-06-28 22:10:01.296 +03:00 [INF] HTTP GET /api/departments responded 200 in 46ms
2026-06-28 22:10:01.357 +03:00 [INF] Executed DbCommand (6ms) [Parameters=[], CommandType='"Text"', CommandTimeout='30']
SELECT [d].[Id], [d].[DepartmentId], [d].[FullName], [d].[IsActive], [d].[Phone], [d].[Specialization], [d].[UserId]
FROM [Doctors] AS [d]
2026-06-28 22:10:01.523 +03:00 [INF] Executed DbCommand (4ms) [Parameters=[@p='?' (DbType = Guid)], CommandType='"Text"', CommandTimeout='30']
SELECT TOP(1) [d].[Id], [d].[Description], [d].[IsActive], [d].[Name]
FROM [Departments] AS [d]
WHERE [d].[Id] = @p
2026-06-28 22:10:01.564 +03:00 [INF] Executed DbCommand (1ms) [Parameters=[@p='?' (DbType = Guid)], CommandType='"Text"', CommandTimeout='30']
SELECT TOP(1) [d].[Id], [d].[Description], [d].[IsActive], [d].[Name]
FROM [Departments] AS [d]
WHERE [d].[Id] = @p
2026-06-28 22:10:01.578 +03:00 [INF] HTTP GET /api/doctors responded 200 in 328ms
2026-06-28 22:10:05.964 +03:00 [INF] HTTP OPTIONS /api/doctors responded 204 in 0ms
2026-06-28 22:10:05.965 +03:00 [INF] HTTP OPTIONS /api/doctors/44450f15-4382-4c72-9e45-ffb270692955/schedule responded 204 in 0ms
2026-06-28 22:10:05.997 +03:00 [INF] Executed DbCommand (2ms) [Parameters=[], CommandType='"Text"', CommandTimeout='30']
SELECT [d].[Id], [d].[DepartmentId], [d].[FullName], [d].[IsActive], [d].[Phone], [d].[Specialization], [d].[UserId]
FROM [Doctors] AS [d]
2026-06-28 22:10:06.006 +03:00 [INF] Executed DbCommand (2ms) [Parameters=[@p='?' (DbType = Guid)], CommandType='"Text"', CommandTimeout='30']
SELECT TOP(1) [d].[Id], [d].[Description], [d].[IsActive], [d].[Name]
FROM [Departments] AS [d]
WHERE [d].[Id] = @p
2026-06-28 22:10:06.012 +03:00 [INF] Executed DbCommand (2ms) [Parameters=[@p='?' (DbType = Guid)], CommandType='"Text"', CommandTimeout='30']
SELECT TOP(1) [d].[Id], [d].[Description], [d].[IsActive], [d].[Name]
FROM [Departments] AS [d]
WHERE [d].[Id] = @p
2026-06-28 22:10:06.015 +03:00 [INF] HTTP GET /api/doctors responded 200 in 40ms
2026-06-28 22:10:06.119 +03:00 [INF] Executed DbCommand (6ms) [Parameters=[@p='?' (DbType = Guid)], CommandType='"Text"', CommandTimeout='30']
SELECT TOP(1) [d].[Id], [d].[DepartmentId], [d].[FullName], [d].[IsActive], [d].[Phone], [d].[Specialization], [d].[UserId]
FROM [Doctors] AS [d]
WHERE [d].[Id] = @p
2026-06-28 22:10:06.170 +03:00 [INF] Executed DbCommand (9ms) [Parameters=[], CommandType='"Text"', CommandTimeout='30']
SELECT [d].[Id], [d].[AppointmentDurationMinutes], [d].[DayOfWeek], [d].[DoctorId], [d].[EndTime], [d].[IsActive], [d].[StartTime]
FROM [DoctorSchedules] AS [d]
2026-06-28 22:10:06.356 +03:00 [INF] HTTP GET /api/doctors/44450f15-4382-4c72-9e45-ffb270692955/schedule responded 200 in 380ms
2026-06-28 22:10:12.035 +03:00 [INF] HTTP OPTIONS /api/doctors/44450f15-4382-4c72-9e45-ffb270692955/schedule responded 204 in 0ms
2026-06-28 22:10:12.121 +03:00 [INF] Executed DbCommand (1ms) [Parameters=[@p='?' (DbType = Guid)], CommandType='"Text"', CommandTimeout='30']
SELECT TOP(1) [d].[Id], [d].[DepartmentId], [d].[FullName], [d].[IsActive], [d].[Phone], [d].[Specialization], [d].[UserId]
FROM [Doctors] AS [d]
WHERE [d].[Id] = @p
2026-06-28 22:10:12.124 +03:00 [INF] Executed DbCommand (1ms) [Parameters=[], CommandType='"Text"', CommandTimeout='30']
SELECT [d].[Id], [d].[AppointmentDurationMinutes], [d].[DayOfWeek], [d].[DoctorId], [d].[EndTime], [d].[IsActive], [d].[StartTime]
FROM [DoctorSchedules] AS [d]
2026-06-28 22:10:12.499 +03:00 [INF] Executed DbCommand (41ms) [Parameters=[@p6='?' (DbType = Guid), @p0='?' (DbType = Int32), @p1='?' (DbType = Int32), @p2='?' (DbType = Guid), @p3='?' (DbType = Time), @p4='?' (DbType = Boolean), @p5='?' (DbType = Time), @p13='?' (DbType = Guid), @p7='?' (DbType = Int32), @p8='?' (DbType = Int32), @p9='?' (DbType = Guid), @p10='?' (DbType = Time), @p11='?' (DbType = Boolean), @p12='?' (DbType = Time), @p20='?' (DbType = Guid), @p14='?' (DbType = Int32), @p15='?' (DbType = Int32), @p16='?' (DbType = Guid), @p17='?' (DbType = Time), @p18='?' (DbType = Boolean), @p19='?' (DbType = Time), @p27='?' (DbType = Guid), @p21='?' (DbType = Int32), @p22='?' (DbType = Int32), @p23='?' (DbType = Guid), @p24='?' (DbType = Time), @p25='?' (DbType = Boolean), @p26='?' (DbType = Time), @p34='?' (DbType = Guid), @p28='?' (DbType = Int32), @p29='?' (DbType = Int32), @p30='?' (DbType = Guid), @p31='?' (DbType = Time), @p32='?' (DbType = Boolean), @p33='?' (DbType = Time)], CommandType='"Text"', CommandTimeout='30']
SET NOCOUNT ON;
UPDATE [DoctorSchedules] SET [AppointmentDurationMinutes] = @p0, [DayOfWeek] = @p1, [DoctorId] = @p2, [EndTime] = @p3, [IsActive] = @p4, [StartTime] = @p5
OUTPUT 1
WHERE [Id] = @p6;
UPDATE [DoctorSchedules] SET [AppointmentDurationMinutes] = @p7, [DayOfWeek] = @p8, [DoctorId] = @p9, [EndTime] = @p10, [IsActive] = @p11, [StartTime] = @p12
OUTPUT 1
WHERE [Id] = @p13;
UPDATE [DoctorSchedules] SET [AppointmentDurationMinutes] = @p14, [DayOfWeek] = @p15, [DoctorId] = @p16, [EndTime] = @p17, [IsActive] = @p18, [StartTime] = @p19
OUTPUT 1
WHERE [Id] = @p20;
UPDATE [DoctorSchedules] SET [AppointmentDurationMinutes] = @p21, [DayOfWeek] = @p22, [DoctorId] = @p23, [EndTime] = @p24, [IsActive] = @p25, [StartTime] = @p26
OUTPUT 1
WHERE [Id] = @p27;
UPDATE [DoctorSchedules] SET [AppointmentDurationMinutes] = @p28, [DayOfWeek] = @p29, [DoctorId] = @p30, [EndTime] = @p31, [IsActive] = @p32, [StartTime] = @p33
OUTPUT 1
WHERE [Id] = @p34;
2026-06-28 22:10:12.530 +03:00 [INF] Executed DbCommand (1ms) [Parameters=[], CommandType='"Text"', CommandTimeout='30']
SELECT [d].[Id], [d].[AppointmentDurationMinutes], [d].[DayOfWeek], [d].[DoctorId], [d].[EndTime], [d].[IsActive], [d].[StartTime]
FROM [DoctorSchedules] AS [d]
2026-06-28 22:10:12.531 +03:00 [INF] HTTP POST /api/doctors/44450f15-4382-4c72-9e45-ffb270692955/schedule responded 200 in 490ms
2026-06-28 22:10:12.544 +03:00 [INF] Executed DbCommand (1ms) [Parameters=[@p='?' (DbType = Guid)], CommandType='"Text"', CommandTimeout='30']
SELECT TOP(1) [d].[Id], [d].[DepartmentId], [d].[FullName], [d].[IsActive], [d].[Phone], [d].[Specialization], [d].[UserId]
FROM [Doctors] AS [d]
WHERE [d].[Id] = @p
2026-06-28 22:10:12.546 +03:00 [INF] Executed DbCommand (1ms) [Parameters=[], CommandType='"Text"', CommandTimeout='30']
SELECT [d].[Id], [d].[AppointmentDurationMinutes], [d].[DayOfWeek], [d].[DoctorId], [d].[EndTime], [d].[IsActive], [d].[StartTime]
FROM [DoctorSchedules] AS [d]
2026-06-28 22:10:12.548 +03:00 [INF] HTTP GET /api/doctors/44450f15-4382-4c72-9e45-ffb270692955/schedule responded 200 in 8ms
2026-06-28 22:10:22.981 +03:00 [INF] HTTP OPTIONS /api/auth/login responded 204 in 2ms
2026-06-28 22:10:23.002 +03:00 [INF] Executed DbCommand (2ms) [Parameters=[], CommandType='"Text"', CommandTimeout='30']
SELECT [u].[Id], [u].[CreatedAt], [u].[Email], [u].[IsActive], [u].[PasswordHash], [u].[Role]
FROM [Users] AS [u]
2026-06-28 22:10:23.558 +03:00 [INF] HTTP POST /api/auth/login responded 200 in 566ms
2026-06-28 22:10:23.586 +03:00 [INF] HTTP OPTIONS /api/doctor/working-hours responded 204 in 0ms
2026-06-28 22:10:23.586 +03:00 [INF] HTTP OPTIONS /api/doctor/schedule responded 204 in 0ms
2026-06-28 22:10:23.612 +03:00 [INF] Executed DbCommand (1ms) [Parameters=[], CommandType='"Text"', CommandTimeout='30']
SELECT [d].[Id], [d].[DepartmentId], [d].[FullName], [d].[IsActive], [d].[Phone], [d].[Specialization], [d].[UserId]
FROM [Doctors] AS [d]
2026-06-28 22:10:23.615 +03:00 [INF] Executed DbCommand (1ms) [Parameters=[@p='?' (DbType = Guid)], CommandType='"Text"', CommandTimeout='30']
SELECT TOP(1) [d].[Id], [d].[Description], [d].[IsActive], [d].[Name]
FROM [Departments] AS [d]
WHERE [d].[Id] = @p
2026-06-28 22:10:23.623 +03:00 [INF] Executed DbCommand (1ms) [Parameters=[], CommandType='"Text"', CommandTimeout='30']
SELECT [d].[Id], [d].[DepartmentId], [d].[FullName], [d].[IsActive], [d].[Phone], [d].[Specialization], [d].[UserId]
FROM [Doctors] AS [d]
2026-06-28 22:10:23.626 +03:00 [INF] Executed DbCommand (1ms) [Parameters=[@p='?' (DbType = Guid)], CommandType='"Text"', CommandTimeout='30']
SELECT TOP(1) [d].[Id], [d].[Description], [d].[IsActive], [d].[Name]
FROM [Departments] AS [d]
WHERE [d].[Id] = @p
2026-06-28 22:10:23.628 +03:00 [INF] Executed DbCommand (1ms) [Parameters=[], CommandType='"Text"', CommandTimeout='30']
SELECT [d].[Id], [d].[AppointmentDurationMinutes], [d].[DayOfWeek], [d].[DoctorId], [d].[EndTime], [d].[IsActive], [d].[StartTime]
FROM [DoctorSchedules] AS [d]
2026-06-28 22:10:23.630 +03:00 [INF] HTTP GET /api/doctor/working-hours responded 200 in 38ms
2026-06-28 22:10:23.646 +03:00 [INF] HTTP OPTIONS /api/doctor/schedule responded 204 in 0ms
2026-06-28 22:10:23.661 +03:00 [INF] Executed DbCommand (3ms) [Parameters=[], CommandType='"Text"', CommandTimeout='30']
SELECT [d].[Id], [d].[DepartmentId], [d].[FullName], [d].[IsActive], [d].[Phone], [d].[Specialization], [d].[UserId]
FROM [Doctors] AS [d]
2026-06-28 22:10:23.663 +03:00 [INF] Executed DbCommand (9ms) [Parameters=[@doctorId='?' (DbType = Guid), @date='?' (DbType = Date)], CommandType='"Text"', CommandTimeout='30']
SELECT [a].[Id], [a].[AppointmentDate], [a].[CreatedAt], [a].[CreatedByReceptionistId], [a].[DoctorId], [a].[EndTime], [a].[Notes], [a].[PatientId], [a].[StartTime], [a].[Status], [a].[UpdatedAt]
FROM [Appointments] AS [a]
WHERE [a].[DoctorId] = @doctorId AND [a].[AppointmentDate] = @date
ORDER BY [a].[StartTime]
2026-06-28 22:10:23.663 +03:00 [INF] Executed DbCommand (1ms) [Parameters=[@p='?' (DbType = Guid)], CommandType='"Text"', CommandTimeout='30']
SELECT TOP(1) [d].[Id], [d].[Description], [d].[IsActive], [d].[Name]
FROM [Departments] AS [d]
WHERE [d].[Id] = @p
2026-06-28 22:10:23.668 +03:00 [INF] Executed DbCommand (2ms) [Parameters=[@doctorId='?' (DbType = Guid), @date='?' (DbType = Date)], CommandType='"Text"', CommandTimeout='30']
SELECT [a].[Id], [a].[AppointmentDate], [a].[CreatedAt], [a].[CreatedByReceptionistId], [a].[DoctorId], [a].[EndTime], [a].[Notes], [a].[PatientId], [a].[StartTime], [a].[Status], [a].[UpdatedAt]
FROM [Appointments] AS [a]
WHERE [a].[DoctorId] = @doctorId AND [a].[AppointmentDate] = @date
ORDER BY [a].[StartTime]
2026-06-28 22:10:23.723 +03:00 [INF] HTTP GET /api/doctor/schedule responded 200 in 131ms
2026-06-28 22:10:23.771 +03:00 [INF] Executed DbCommand (4ms) [Parameters=[@p='?' (DbType = Guid)], CommandType='"Text"', CommandTimeout='30']
SELECT TOP(1) [p].[Id], [p].[Address], [p].[BloodType], [p].[CreatedAt], [p].[DateOfBirth], [p].[Email], [p].[FullName], [p].[Gender], [p].[NationalId], [p].[Phone], [p].[UserId]
FROM [Patients] AS [p]
WHERE [p].[Id] = @p
2026-06-28 22:10:23.794 +03:00 [INF] HTTP GET /api/doctor/schedule responded 200 in 144ms
2026-06-28 22:10:27.550 +03:00 [INF] Executed DbCommand (1ms) [Parameters=[], CommandType='"Text"', CommandTimeout='30']
SELECT [d].[Id], [d].[DepartmentId], [d].[FullName], [d].[IsActive], [d].[Phone], [d].[Specialization], [d].[UserId]
FROM [Doctors] AS [d]
2026-06-28 22:10:27.550 +03:00 [INF] Executed DbCommand (1ms) [Parameters=[], CommandType='"Text"', CommandTimeout='30']
SELECT [d].[Id], [d].[DepartmentId], [d].[FullName], [d].[IsActive], [d].[Phone], [d].[Specialization], [d].[UserId]
FROM [Doctors] AS [d]
2026-06-28 22:10:27.554 +03:00 [INF] Executed DbCommand (1ms) [Parameters=[@p='?' (DbType = Guid)], CommandType='"Text"', CommandTimeout='30']
SELECT TOP(1) [d].[Id], [d].[Description], [d].[IsActive], [d].[Name]
FROM [Departments] AS [d]
WHERE [d].[Id] = @p
2026-06-28 22:10:27.554 +03:00 [INF] Executed DbCommand (1ms) [Parameters=[@p='?' (DbType = Guid)], CommandType='"Text"', CommandTimeout='30']
SELECT TOP(1) [d].[Id], [d].[Description], [d].[IsActive], [d].[Name]
FROM [Departments] AS [d]
WHERE [d].[Id] = @p
2026-06-28 22:10:27.556 +03:00 [INF] Executed DbCommand (1ms) [Parameters=[], CommandType='"Text"', CommandTimeout='30']
SELECT [d].[Id], [d].[AppointmentDurationMinutes], [d].[DayOfWeek], [d].[DoctorId], [d].[EndTime], [d].[IsActive], [d].[StartTime]
FROM [DoctorSchedules] AS [d]
2026-06-28 22:10:27.556 +03:00 [INF] Executed DbCommand (1ms) [Parameters=[@doctorId='?' (DbType = Guid), @date='?' (DbType = Date)], CommandType='"Text"', CommandTimeout='30']
SELECT [a].[Id], [a].[AppointmentDate], [a].[CreatedAt], [a].[CreatedByReceptionistId], [a].[DoctorId], [a].[EndTime], [a].[Notes], [a].[PatientId], [a].[StartTime], [a].[Status], [a].[UpdatedAt]
FROM [Appointments] AS [a]
WHERE [a].[DoctorId] = @doctorId AND [a].[AppointmentDate] = @date
ORDER BY [a].[StartTime]
2026-06-28 22:10:27.558 +03:00 [INF] HTTP GET /api/doctor/working-hours responded 200 in 11ms
2026-06-28 22:10:27.557 +03:00 [INF] HTTP GET /api/doctor/schedule responded 200 in 10ms
2026-06-28 22:10:27.590 +03:00 [INF] Executed DbCommand (1ms) [Parameters=[], CommandType='"Text"', CommandTimeout='30']
SELECT [d].[Id], [d].[DepartmentId], [d].[FullName], [d].[IsActive], [d].[Phone], [d].[Specialization], [d].[UserId]
FROM [Doctors] AS [d]
2026-06-28 22:10:27.594 +03:00 [INF] Executed DbCommand (1ms) [Parameters=[@p='?' (DbType = Guid)], CommandType='"Text"', CommandTimeout='30']
SELECT TOP(1) [d].[Id], [d].[Description], [d].[IsActive], [d].[Name]
FROM [Departments] AS [d]
WHERE [d].[Id] = @p
2026-06-28 22:10:27.597 +03:00 [INF] Executed DbCommand (1ms) [Parameters=[@doctorId='?' (DbType = Guid), @date='?' (DbType = Date)], CommandType='"Text"', CommandTimeout='30']
SELECT [a].[Id], [a].[AppointmentDate], [a].[CreatedAt], [a].[CreatedByReceptionistId], [a].[DoctorId], [a].[EndTime], [a].[Notes], [a].[PatientId], [a].[StartTime], [a].[Status], [a].[UpdatedAt]
FROM [Appointments] AS [a]
WHERE [a].[DoctorId] = @doctorId AND [a].[AppointmentDate] = @date
ORDER BY [a].[StartTime]
2026-06-28 22:10:27.601 +03:00 [INF] Executed DbCommand (2ms) [Parameters=[@p='?' (DbType = Guid)], CommandType='"Text"', CommandTimeout='30']
SELECT TOP(1) [p].[Id], [p].[Address], [p].[BloodType], [p].[CreatedAt], [p].[DateOfBirth], [p].[Email], [p].[FullName], [p].[Gender], [p].[NationalId], [p].[Phone], [p].[UserId]
FROM [Patients] AS [p]
WHERE [p].[Id] = @p
2026-06-28 22:10:27.602 +03:00 [INF] HTTP GET /api/doctor/schedule responded 200 in 16ms
2026-06-28 22:10:33.554 +03:00 [INF] HTTP OPTIONS /api/doctor/appointments/fa6fd78d-72db-408d-bf3f-81eaa6a2a128 responded 204 in 1ms
2026-06-28 22:10:33.604 +03:00 [INF] Executed DbCommand (2ms) [Parameters=[], CommandType='"Text"', CommandTimeout='30']
SELECT [d].[Id], [d].[DepartmentId], [d].[FullName], [d].[IsActive], [d].[Phone], [d].[Specialization], [d].[UserId]
FROM [Doctors] AS [d]
2026-06-28 22:10:33.607 +03:00 [INF] Executed DbCommand (1ms) [Parameters=[@p='?' (DbType = Guid)], CommandType='"Text"', CommandTimeout='30']
SELECT TOP(1) [d].[Id], [d].[Description], [d].[IsActive], [d].[Name]
FROM [Departments] AS [d]
WHERE [d].[Id] = @p
2026-06-28 22:10:33.647 +03:00 [INF] Executed DbCommand (6ms) [Parameters=[@p='?' (DbType = Guid)], CommandType='"Text"', CommandTimeout='30']
SELECT TOP(1) [a].[Id], [a].[AppointmentDate], [a].[CreatedAt], [a].[CreatedByReceptionistId], [a].[DoctorId], [a].[EndTime], [a].[Notes], [a].[PatientId], [a].[StartTime], [a].[Status], [a].[UpdatedAt]
FROM [Appointments] AS [a]
WHERE [a].[Id] = @p
2026-06-28 22:10:33.651 +03:00 [INF] Executed DbCommand (1ms) [Parameters=[@p='?' (DbType = Guid)], CommandType='"Text"', CommandTimeout='30']
SELECT TOP(1) [p].[Id], [p].[Address], [p].[BloodType], [p].[CreatedAt], [p].[DateOfBirth], [p].[Email], [p].[FullName], [p].[Gender], [p].[NationalId], [p].[Phone], [p].[UserId]
FROM [Patients] AS [p]
WHERE [p].[Id] = @p
2026-06-28 22:10:33.682 +03:00 [INF] Executed DbCommand (5ms) [Parameters=[], CommandType='"Text"', CommandTimeout='30']
SELECT [c].[Id], [c].[AppointmentId], [c].[CompletedAt], [c].[Diagnosis], [c].[DoctorId], [c].[Notes], [c].[PatientId], [c].[StartedAt]
FROM [Consultations] AS [c]
2026-06-28 22:10:33.781 +03:00 [INF] Executed DbCommand (6ms) [Parameters=[], CommandType='"Text"', CommandTimeout='30']
SELECT [p].[Id], [p].[ConsultationId], [p].[Dosage], [p].[Duration], [p].[Frequency], [p].[MedicationName], [p].[Notes]
FROM [Prescriptions] AS [p]
2026-06-28 22:10:33.859 +03:00 [INF] HTTP GET /api/doctor/appointments/fa6fd78d-72db-408d-bf3f-81eaa6a2a128 responded 200 in 295ms
2026-06-28 22:10:38.706 +03:00 [INF] HTTP OPTIONS /api/doctor/appointments/fa6fd78d-72db-408d-bf3f-81eaa6a2a128/complete responded 204 in 0ms
2026-06-28 22:10:38.779 +03:00 [INF] Executed DbCommand (2ms) [Parameters=[], CommandType='"Text"', CommandTimeout='30']
SELECT [d].[Id], [d].[DepartmentId], [d].[FullName], [d].[IsActive], [d].[Phone], [d].[Specialization], [d].[UserId]
FROM [Doctors] AS [d]
2026-06-28 22:10:38.783 +03:00 [INF] Executed DbCommand (1ms) [Parameters=[@p='?' (DbType = Guid)], CommandType='"Text"', CommandTimeout='30']
SELECT TOP(1) [d].[Id], [d].[Description], [d].[IsActive], [d].[Name]
FROM [Departments] AS [d]
WHERE [d].[Id] = @p
2026-06-28 22:10:38.801 +03:00 [INF] Executed DbCommand (2ms) [Parameters=[@p='?' (DbType = Guid)], CommandType='"Text"', CommandTimeout='30']
SELECT TOP(1) [a].[Id], [a].[AppointmentDate], [a].[CreatedAt], [a].[CreatedByReceptionistId], [a].[DoctorId], [a].[EndTime], [a].[Notes], [a].[PatientId], [a].[StartTime], [a].[Status], [a].[UpdatedAt]
FROM [Appointments] AS [a]
WHERE [a].[Id] = @p
2026-06-28 22:10:38.810 +03:00 [INF] Executed DbCommand (1ms) [Parameters=[], CommandType='"Text"', CommandTimeout='30']
SELECT [c].[Id], [c].[AppointmentId], [c].[CompletedAt], [c].[Diagnosis], [c].[DoctorId], [c].[Notes], [c].[PatientId], [c].[StartedAt]
FROM [Consultations] AS [c]
2026-06-28 22:10:38.982 +03:00 [INF] Executed DbCommand (30ms) [Parameters=[@p10='?' (DbType = Guid), @p0='?' (DbType = Date), @p1='?' (DbType = DateTime2), @p2='?' (DbType = Guid), @p3='?' (DbType = Guid), @p4='?' (DbType = Time), @p5='?' (Size = 2000), @p6='?' (DbType = Guid), @p7='?' (DbType = Time), @p8='?' (Size = 50), @p9='?' (DbType = DateTime2), @p18='?' (DbType = Guid), @p11='?' (DbType = Guid), @p12='?' (DbType = DateTime2), @p13='?' (Size = 2000), @p14='?' (DbType = Guid), @p15='?' (Size = 2000), @p16='?' (DbType = Guid), @p17='?' (DbType = DateTime2)], CommandType='"Text"', CommandTimeout='30']
SET NOCOUNT ON;
UPDATE [Appointments] SET [AppointmentDate] = @p0, [CreatedAt] = @p1, [CreatedByReceptionistId] = @p2, [DoctorId] = @p3, [EndTime] = @p4, [Notes] = @p5, [PatientId] = @p6, [StartTime] = @p7, [Status] = @p8, [UpdatedAt] = @p9
OUTPUT 1
WHERE [Id] = @p10;
UPDATE [Consultations] SET [AppointmentId] = @p11, [CompletedAt] = @p12, [Diagnosis] = @p13, [DoctorId] = @p14, [Notes] = @p15, [PatientId] = @p16, [StartedAt] = @p17
OUTPUT 1
WHERE [Id] = @p18;
2026-06-28 22:10:38.987 +03:00 [INF] Executed DbCommand (1ms) [Parameters=[], CommandType='"Text"', CommandTimeout='30']
SELECT [p].[Id], [p].[ConsultationId], [p].[Dosage], [p].[Duration], [p].[Frequency], [p].[MedicationName], [p].[Notes]
FROM [Prescriptions] AS [p]
2026-06-28 22:10:38.993 +03:00 [INF] HTTP PUT /api/doctor/appointments/fa6fd78d-72db-408d-bf3f-81eaa6a2a128/complete responded 200 in 269ms
2026-06-28 22:10:43.907 +03:00 [INF] HTTP OPTIONS /api/doctor/appointments/fa6fd78d-72db-408d-bf3f-81eaa6a2a128/complete responded 204 in 0ms
2026-06-28 22:10:43.920 +03:00 [INF] Executed DbCommand (1ms) [Parameters=[], CommandType='"Text"', CommandTimeout='30']
SELECT [d].[Id], [d].[DepartmentId], [d].[FullName], [d].[IsActive], [d].[Phone], [d].[Specialization], [d].[UserId]
FROM [Doctors] AS [d]
2026-06-28 22:10:43.924 +03:00 [INF] Executed DbCommand (1ms) [Parameters=[@p='?' (DbType = Guid)], CommandType='"Text"', CommandTimeout='30']
SELECT TOP(1) [d].[Id], [d].[Description], [d].[IsActive], [d].[Name]
FROM [Departments] AS [d]
WHERE [d].[Id] = @p
2026-06-28 22:10:43.927 +03:00 [INF] Executed DbCommand (1ms) [Parameters=[@p='?' (DbType = Guid)], CommandType='"Text"', CommandTimeout='30']
SELECT TOP(1) [a].[Id], [a].[AppointmentDate], [a].[CreatedAt], [a].[CreatedByReceptionistId], [a].[DoctorId], [a].[EndTime], [a].[Notes], [a].[PatientId], [a].[StartTime], [a].[Status], [a].[UpdatedAt]
FROM [Appointments] AS [a]
WHERE [a].[Id] = @p
2026-06-28 22:10:43.930 +03:00 [INF] Executed DbCommand (1ms) [Parameters=[], CommandType='"Text"', CommandTimeout='30']
SELECT [c].[Id], [c].[AppointmentId], [c].[CompletedAt], [c].[Diagnosis], [c].[DoctorId], [c].[Notes], [c].[PatientId], [c].[StartedAt]
FROM [Consultations] AS [c]
2026-06-28 22:10:43.937 +03:00 [INF] Executed DbCommand (2ms) [Parameters=[@p10='?' (DbType = Guid), @p0='?' (DbType = Date), @p1='?' (DbType = DateTime2), @p2='?' (DbType = Guid), @p3='?' (DbType = Guid), @p4='?' (DbType = Time), @p5='?' (Size = 2000), @p6='?' (DbType = Guid), @p7='?' (DbType = Time), @p8='?' (Size = 50), @p9='?' (DbType = DateTime2), @p18='?' (DbType = Guid), @p11='?' (DbType = Guid), @p12='?' (DbType = DateTime2), @p13='?' (Size = 2000), @p14='?' (DbType = Guid), @p15='?' (Size = 2000), @p16='?' (DbType = Guid), @p17='?' (DbType = DateTime2)], CommandType='"Text"', CommandTimeout='30']
SET NOCOUNT ON;
UPDATE [Appointments] SET [AppointmentDate] = @p0, [CreatedAt] = @p1, [CreatedByReceptionistId] = @p2, [DoctorId] = @p3, [EndTime] = @p4, [Notes] = @p5, [PatientId] = @p6, [StartTime] = @p7, [Status] = @p8, [UpdatedAt] = @p9
OUTPUT 1
WHERE [Id] = @p10;
UPDATE [Consultations] SET [AppointmentId] = @p11, [CompletedAt] = @p12, [Diagnosis] = @p13, [DoctorId] = @p14, [Notes] = @p15, [PatientId] = @p16, [StartedAt] = @p17
OUTPUT 1
WHERE [Id] = @p18;
2026-06-28 22:10:43.941 +03:00 [INF] Executed DbCommand (1ms) [Parameters=[], CommandType='"Text"', CommandTimeout='30']
SELECT [p].[Id], [p].[ConsultationId], [p].[Dosage], [p].[Duration], [p].[Frequency], [p].[MedicationName], [p].[Notes]
FROM [Prescriptions] AS [p]
2026-06-28 22:10:43.942 +03:00 [INF] HTTP PUT /api/doctor/appointments/fa6fd78d-72db-408d-bf3f-81eaa6a2a128/complete responded 200 in 28ms
2026-06-28 22:11:08.123 +03:00 [INF] HTTP OPTIONS /api/doctor/appointments/fa6fd78d-72db-408d-bf3f-81eaa6a2a128 responded 204 in 0ms
2026-06-28 22:11:08.140 +03:00 [INF] Executed DbCommand (1ms) [Parameters=[], CommandType='"Text"', CommandTimeout='30']
SELECT [d].[Id], [d].[DepartmentId], [d].[FullName], [d].[IsActive], [d].[Phone], [d].[Specialization], [d].[UserId]
FROM [Doctors] AS [d]
2026-06-28 22:11:08.144 +03:00 [INF] Executed DbCommand (1ms) [Parameters=[@p='?' (DbType = Guid)], CommandType='"Text"', CommandTimeout='30']
SELECT TOP(1) [d].[Id], [d].[Description], [d].[IsActive], [d].[Name]
FROM [Departments] AS [d]
WHERE [d].[Id] = @p
2026-06-28 22:11:08.147 +03:00 [INF] Executed DbCommand (1ms) [Parameters=[@p='?' (DbType = Guid)], CommandType='"Text"', CommandTimeout='30']
SELECT TOP(1) [a].[Id], [a].[AppointmentDate], [a].[CreatedAt], [a].[CreatedByReceptionistId], [a].[DoctorId], [a].[EndTime], [a].[Notes], [a].[PatientId], [a].[StartTime], [a].[Status], [a].[UpdatedAt]
FROM [Appointments] AS [a]
WHERE [a].[Id] = @p
2026-06-28 22:11:08.151 +03:00 [INF] Executed DbCommand (1ms) [Parameters=[@p='?' (DbType = Guid)], CommandType='"Text"', CommandTimeout='30']
SELECT TOP(1) [p].[Id], [p].[Address], [p].[BloodType], [p].[CreatedAt], [p].[DateOfBirth], [p].[Email], [p].[FullName], [p].[Gender], [p].[NationalId], [p].[Phone], [p].[UserId]
FROM [Patients] AS [p]
WHERE [p].[Id] = @p
2026-06-28 22:11:08.154 +03:00 [INF] Executed DbCommand (1ms) [Parameters=[], CommandType='"Text"', CommandTimeout='30']
SELECT [c].[Id], [c].[AppointmentId], [c].[CompletedAt], [c].[Diagnosis], [c].[DoctorId], [c].[Notes], [c].[PatientId], [c].[StartedAt]
FROM [Consultations] AS [c]
2026-06-28 22:11:08.156 +03:00 [INF] Executed DbCommand (1ms) [Parameters=[], CommandType='"Text"', CommandTimeout='30']
SELECT [p].[Id], [p].[ConsultationId], [p].[Dosage], [p].[Duration], [p].[Frequency], [p].[MedicationName], [p].[Notes]
FROM [Prescriptions] AS [p]
2026-06-28 22:11:08.158 +03:00 [INF] HTTP GET /api/doctor/appointments/fa6fd78d-72db-408d-bf3f-81eaa6a2a128 responded 200 in 23ms
2026-06-28 22:11:13.082 +03:00 [INF] HTTP OPTIONS /api/doctor/working-hours responded 204 in 0ms
2026-06-28 22:11:13.085 +03:00 [INF] HTTP OPTIONS /api/doctor/schedule responded 204 in 0ms
2026-06-28 22:11:13.089 +03:00 [INF] HTTP OPTIONS /api/doctor/schedule responded 204 in 0ms
2026-06-28 22:11:13.102 +03:00 [INF] Executed DbCommand (2ms) [Parameters=[], CommandType='"Text"', CommandTimeout='30']
SELECT [d].[Id], [d].[DepartmentId], [d].[FullName], [d].[IsActive], [d].[Phone], [d].[Specialization], [d].[UserId]
FROM [Doctors] AS [d]
2026-06-28 22:11:13.107 +03:00 [INF] Executed DbCommand (3ms) [Parameters=[@p='?' (DbType = Guid)], CommandType='"Text"', CommandTimeout='30']
SELECT TOP(1) [d].[Id], [d].[Description], [d].[IsActive], [d].[Name]
FROM [Departments] AS [d]
WHERE [d].[Id] = @p
2026-06-28 22:11:13.109 +03:00 [INF] Executed DbCommand (2ms) [Parameters=[], CommandType='"Text"', CommandTimeout='30']
SELECT [d].[Id], [d].[DepartmentId], [d].[FullName], [d].[IsActive], [d].[Phone], [d].[Specialization], [d].[UserId]
FROM [Doctors] AS [d]
2026-06-28 22:11:13.111 +03:00 [INF] Executed DbCommand (2ms) [Parameters=[], CommandType='"Text"', CommandTimeout='30']
SELECT [d].[Id], [d].[AppointmentDurationMinutes], [d].[DayOfWeek], [d].[DoctorId], [d].[EndTime], [d].[IsActive], [d].[StartTime]
FROM [DoctorSchedules] AS [d]
2026-06-28 22:11:13.112 +03:00 [INF] Executed DbCommand (1ms) [Parameters=[], CommandType='"Text"', CommandTimeout='30']
SELECT [d].[Id], [d].[DepartmentId], [d].[FullName], [d].[IsActive], [d].[Phone], [d].[Specialization], [d].[UserId]
FROM [Doctors] AS [d]
2026-06-28 22:11:13.112 +03:00 [INF] HTTP GET /api/doctor/working-hours responded 200 in 16ms
2026-06-28 22:11:13.115 +03:00 [INF] Executed DbCommand (2ms) [Parameters=[@p='?' (DbType = Guid)], CommandType='"Text"', CommandTimeout='30']
SELECT TOP(1) [d].[Id], [d].[Description], [d].[IsActive], [d].[Name]
FROM [Departments] AS [d]
WHERE [d].[Id] = @p
2026-06-28 22:11:13.117 +03:00 [INF] Executed DbCommand (2ms) [Parameters=[@p='?' (DbType = Guid)], CommandType='"Text"', CommandTimeout='30']
SELECT TOP(1) [d].[Id], [d].[Description], [d].[IsActive], [d].[Name]
FROM [Departments] AS [d]
WHERE [d].[Id] = @p
2026-06-28 22:11:13.121 +03:00 [INF] Executed DbCommand (2ms) [Parameters=[@doctorId='?' (DbType = Guid), @date='?' (DbType = Date)], CommandType='"Text"', CommandTimeout='30']
SELECT [a].[Id], [a].[AppointmentDate], [a].[CreatedAt], [a].[CreatedByReceptionistId], [a].[DoctorId], [a].[EndTime], [a].[Notes], [a].[PatientId], [a].[StartTime], [a].[Status], [a].[UpdatedAt]
FROM [Appointments] AS [a]
WHERE [a].[DoctorId] = @doctorId AND [a].[AppointmentDate] = @date
ORDER BY [a].[StartTime]
2026-06-28 22:11:13.122 +03:00 [INF] Executed DbCommand (2ms) [Parameters=[@doctorId='?' (DbType = Guid), @date='?' (DbType = Date)], CommandType='"Text"', CommandTimeout='30']
SELECT [a].[Id], [a].[AppointmentDate], [a].[CreatedAt], [a].[CreatedByReceptionistId], [a].[DoctorId], [a].[EndTime], [a].[Notes], [a].[PatientId], [a].[StartTime], [a].[Status], [a].[UpdatedAt]
FROM [Appointments] AS [a]
WHERE [a].[DoctorId] = @doctorId AND [a].[AppointmentDate] = @date
ORDER BY [a].[StartTime]
2026-06-28 22:11:13.122 +03:00 [INF] HTTP GET /api/doctor/schedule responded 200 in 19ms
2026-06-28 22:11:13.125 +03:00 [INF] Executed DbCommand (1ms) [Parameters=[@p='?' (DbType = Guid)], CommandType='"Text"', CommandTimeout='30']
SELECT TOP(1) [p].[Id], [p].[Address], [p].[BloodType], [p].[CreatedAt], [p].[DateOfBirth], [p].[Email], [p].[FullName], [p].[Gender], [p].[NationalId], [p].[Phone], [p].[UserId]
FROM [Patients] AS [p]
WHERE [p].[Id] = @p
2026-06-28 22:11:13.127 +03:00 [INF] HTTP GET /api/doctor/schedule responded 200 in 20ms
2026-06-28 22:11:39.421 +03:00 [INF] HTTP OPTIONS /api/doctor/appointments/fa6fd78d-72db-408d-bf3f-81eaa6a2a128 responded 204 in 0ms
2026-06-28 22:11:39.448 +03:00 [INF] Executed DbCommand (1ms) [Parameters=[], CommandType='"Text"', CommandTimeout='30']
SELECT [d].[Id], [d].[DepartmentId], [d].[FullName], [d].[IsActive], [d].[Phone], [d].[Specialization], [d].[UserId]
FROM [Doctors] AS [d]
2026-06-28 22:11:39.452 +03:00 [INF] Executed DbCommand (2ms) [Parameters=[@p='?' (DbType = Guid)], CommandType='"Text"', CommandTimeout='30']
SELECT TOP(1) [d].[Id], [d].[Description], [d].[IsActive], [d].[Name]
FROM [Departments] AS [d]
WHERE [d].[Id] = @p
2026-06-28 22:11:39.456 +03:00 [INF] Executed DbCommand (1ms) [Parameters=[@p='?' (DbType = Guid)], CommandType='"Text"', CommandTimeout='30']
SELECT TOP(1) [a].[Id], [a].[AppointmentDate], [a].[CreatedAt], [a].[CreatedByReceptionistId], [a].[DoctorId], [a].[EndTime], [a].[Notes], [a].[PatientId], [a].[StartTime], [a].[Status], [a].[UpdatedAt]
FROM [Appointments] AS [a]
WHERE [a].[Id] = @p
2026-06-28 22:11:39.459 +03:00 [INF] Executed DbCommand (2ms) [Parameters=[@p='?' (DbType = Guid)], CommandType='"Text"', CommandTimeout='30']
SELECT TOP(1) [p].[Id], [p].[Address], [p].[BloodType], [p].[CreatedAt], [p].[DateOfBirth], [p].[Email], [p].[FullName], [p].[Gender], [p].[NationalId], [p].[Phone], [p].[UserId]
FROM [Patients] AS [p]
WHERE [p].[Id] = @p
2026-06-28 22:11:39.462 +03:00 [INF] Executed DbCommand (1ms) [Parameters=[], CommandType='"Text"', CommandTimeout='30']
SELECT [c].[Id], [c].[AppointmentId], [c].[CompletedAt], [c].[Diagnosis], [c].[DoctorId], [c].[Notes], [c].[PatientId], [c].[StartedAt]
FROM [Consultations] AS [c]
2026-06-28 22:11:39.465 +03:00 [INF] Executed DbCommand (1ms) [Parameters=[], CommandType='"Text"', CommandTimeout='30']
SELECT [p].[Id], [p].[ConsultationId], [p].[Dosage], [p].[Duration], [p].[Frequency], [p].[MedicationName], [p].[Notes]
FROM [Prescriptions] AS [p]
2026-06-28 22:11:39.466 +03:00 [INF] HTTP GET /api/doctor/appointments/fa6fd78d-72db-408d-bf3f-81eaa6a2a128 responded 200 in 27ms
2026-06-28 22:11:49.428 +03:00 [INF] HTTP OPTIONS /api/auth/login responded 204 in 0ms
2026-06-28 22:11:49.449 +03:00 [INF] Executed DbCommand (2ms) [Parameters=[], CommandType='"Text"', CommandTimeout='30']
SELECT [u].[Id], [u].[CreatedAt], [u].[Email], [u].[IsActive], [u].[PasswordHash], [u].[Role]
FROM [Users] AS [u]
2026-06-28 22:11:49.857 +03:00 [INF] HTTP POST /api/auth/login responded 200 in 422ms
2026-06-28 22:11:49.886 +03:00 [INF] HTTP OPTIONS /api/patients responded 204 in 0ms
2026-06-28 22:11:49.925 +03:00 [INF] Executed DbCommand (3ms) [Parameters=[], CommandType='"Text"', CommandTimeout='30']
SELECT [p].[Id], [p].[Address], [p].[BloodType], [p].[CreatedAt], [p].[DateOfBirth], [p].[Email], [p].[FullName], [p].[Gender], [p].[NationalId], [p].[Phone], [p].[UserId]
FROM [Patients] AS [p]
2026-06-28 22:11:49.932 +03:00 [INF] HTTP GET /api/patients responded 200 in 43ms
2026-06-28 22:11:51.979 +03:00 [INF] HTTP OPTIONS /api/departments responded 204 in 0ms
2026-06-28 22:11:51.982 +03:00 [INF] HTTP OPTIONS /api/patients responded 204 in 0ms
2026-06-28 22:11:51.998 +03:00 [INF] Executed DbCommand (2ms) [Parameters=[], CommandType='"Text"', CommandTimeout='30']
SELECT [p].[Id], [p].[Address], [p].[BloodType], [p].[CreatedAt], [p].[DateOfBirth], [p].[Email], [p].[FullName], [p].[Gender], [p].[NationalId], [p].[Phone], [p].[UserId]
FROM [Patients] AS [p]
2026-06-28 22:11:52.000 +03:00 [INF] HTTP GET /api/patients responded 200 in 8ms
2026-06-28 22:11:52.004 +03:00 [INF] Executed DbCommand (1ms) [Parameters=[], CommandType='"Text"', CommandTimeout='30']
SELECT [d].[Id], [d].[Description], [d].[IsActive], [d].[Name]
FROM [Departments] AS [d]
2026-06-28 22:11:52.006 +03:00 [INF] HTTP GET /api/departments responded 200 in 16ms
2026-06-28 22:11:58.844 +03:00 [INF] HTTP OPTIONS /api/doctors/department/b7eb805e-1614-4a59-a61a-6084babacfc3 responded 204 in 0ms
2026-06-28 22:11:58.990 +03:00 [INF] Executed DbCommand (6ms) [Parameters=[@departmentId='?' (DbType = Guid)], CommandType='"Text"', CommandTimeout='30']
SELECT [d].[Id], [d].[DepartmentId], [d].[FullName], [d].[IsActive], [d].[Phone], [d].[Specialization], [d].[UserId], [d0].[Id], [d0].[Description], [d0].[IsActive], [d0].[Name]
FROM [Doctors] AS [d]
INNER JOIN [Departments] AS [d0] ON [d].[DepartmentId] = [d0].[Id]
WHERE [d].[DepartmentId] = @departmentId
2026-06-28 22:11:58.995 +03:00 [INF] HTTP GET /api/doctors/department/b7eb805e-1614-4a59-a61a-6084babacfc3 responded 200 in 142ms
2026-06-28 22:12:05.195 +03:00 [INF] HTTP OPTIONS /api/appointments/available-slots responded 204 in 0ms
2026-06-28 22:12:05.256 +03:00 [INF] Executed DbCommand (1ms) [Parameters=[], CommandType='"Text"', CommandTimeout='30']
SELECT [d].[Id], [d].[AppointmentDurationMinutes], [d].[DayOfWeek], [d].[DoctorId], [d].[EndTime], [d].[IsActive], [d].[StartTime]
FROM [DoctorSchedules] AS [d]
2026-06-28 22:12:05.261 +03:00 [INF] Executed DbCommand (2ms) [Parameters=[@doctorId='?' (DbType = Guid), @date='?' (DbType = Date)], CommandType='"Text"', CommandTimeout='30']
SELECT [a].[Id], [a].[AppointmentDate], [a].[CreatedAt], [a].[CreatedByReceptionistId], [a].[DoctorId], [a].[EndTime], [a].[Notes], [a].[PatientId], [a].[StartTime], [a].[Status], [a].[UpdatedAt]
FROM [Appointments] AS [a]
WHERE [a].[DoctorId] = @doctorId AND [a].[AppointmentDate] = @date
ORDER BY [a].[StartTime]
2026-06-28 22:12:05.279 +03:00 [INF] HTTP GET /api/appointments/available-slots responded 200 in 75ms
2026-06-28 22:12:13.142 +03:00 [INF] HTTP OPTIONS /api/appointments responded 204 in 0ms
2026-06-28 22:12:13.271 +03:00 [INF] Executed DbCommand (1ms) [Parameters=[@p='?' (DbType = Guid)], CommandType='"Text"', CommandTimeout='30']
SELECT TOP(1) [d].[Id], [d].[DepartmentId], [d].[FullName], [d].[IsActive], [d].[Phone], [d].[Specialization], [d].[UserId]
FROM [Doctors] AS [d]
WHERE [d].[Id] = @p
2026-06-28 22:12:13.272 +03:00 [INF] Executed DbCommand (1ms) [Parameters=[@p='?' (DbType = Guid)], CommandType='"Text"', CommandTimeout='30']
SELECT TOP(1) [p].[Id], [p].[Address], [p].[BloodType], [p].[CreatedAt], [p].[DateOfBirth], [p].[Email], [p].[FullName], [p].[Gender], [p].[NationalId], [p].[Phone], [p].[UserId]
FROM [Patients] AS [p]
WHERE [p].[Id] = @p
2026-06-28 22:12:13.274 +03:00 [INF] Executed DbCommand (1ms) [Parameters=[], CommandType='"Text"', CommandTimeout='30']
SELECT [d].[Id], [d].[AppointmentDurationMinutes], [d].[DayOfWeek], [d].[DoctorId], [d].[EndTime], [d].[IsActive], [d].[StartTime]
FROM [DoctorSchedules] AS [d]
2026-06-28 22:12:13.333 +03:00 [INF] Executed DbCommand (41ms) [Parameters=[@doctorId='?' (DbType = Guid), @date='?' (DbType = Date), @endTime='?' (DbType = Time), @startTime='?' (DbType = Time)], CommandType='"Text"', CommandTimeout='30']
SELECT CASE
    WHEN EXISTS (
        SELECT 1
        FROM [Appointments] AS [a]
        WHERE [a].[DoctorId] = @doctorId AND [a].[AppointmentDate] = @date AND [a].[Status] <> N'Cancelled' AND [a].[StartTime] < @endTime AND [a].[EndTime] > @startTime) THEN CAST(1 AS bit)
    ELSE CAST(0 AS bit)
END
2026-06-28 22:12:13.500 +03:00 [INF] Executed DbCommand (16ms) [Parameters=[@p0='?' (DbType = Guid), @p1='?' (DbType = Date), @p2='?' (DbType = DateTime2), @p3='?' (DbType = Guid), @p4='?' (DbType = Guid), @p5='?' (DbType = Time), @p6='?' (Size = 2000), @p7='?' (DbType = Guid), @p8='?' (DbType = Time), @p9='?' (Size = 50), @p10='?' (DbType = DateTime2)], CommandType='"Text"', CommandTimeout='30']
SET IMPLICIT_TRANSACTIONS OFF;
SET NOCOUNT ON;
INSERT INTO [Appointments] ([Id], [AppointmentDate], [CreatedAt], [CreatedByReceptionistId], [DoctorId], [EndTime], [Notes], [PatientId], [StartTime], [Status], [UpdatedAt])
VALUES (@p0, @p1, @p2, @p3, @p4, @p5, @p6, @p7, @p8, @p9, @p10);
2026-06-28 22:12:13.501 +03:00 [INF] Appointment booked "4f3adcd4-78fa-4835-b823-efc1863e7733" for patient "36574f06-f0f8-4c16-83d7-073e1107da0b" with doctor "44450f15-4382-4c72-9e45-ffb270692955" on "2026-06-29" at "09:30:00" by receptionist "77d8c535-fcd4-49b8-9e59-82f614cf7b03"
2026-06-28 22:12:13.505 +03:00 [INF] HTTP POST /api/appointments responded 200 in 357ms
2026-06-28 22:12:24.216 +03:00 [INF] HTTP OPTIONS /api/auth/login responded 204 in 0ms
2026-06-28 22:12:24.230 +03:00 [INF] Executed DbCommand (1ms) [Parameters=[], CommandType='"Text"', CommandTimeout='30']
SELECT [u].[Id], [u].[CreatedAt], [u].[Email], [u].[IsActive], [u].[PasswordHash], [u].[Role]
FROM [Users] AS [u]
2026-06-28 22:12:24.646 +03:00 [INF] HTTP POST /api/auth/login responded 200 in 423ms
2026-06-28 22:12:24.673 +03:00 [INF] HTTP OPTIONS /api/doctor/working-hours responded 204 in 0ms
2026-06-28 22:12:24.673 +03:00 [INF] HTTP OPTIONS /api/doctor/schedule responded 204 in 0ms
2026-06-28 22:12:24.682 +03:00 [INF] Executed DbCommand (1ms) [Parameters=[], CommandType='"Text"', CommandTimeout='30']
SELECT [d].[Id], [d].[DepartmentId], [d].[FullName], [d].[IsActive], [d].[Phone], [d].[Specialization], [d].[UserId]
FROM [Doctors] AS [d]
2026-06-28 22:12:24.682 +03:00 [INF] Executed DbCommand (1ms) [Parameters=[], CommandType='"Text"', CommandTimeout='30']
SELECT [d].[Id], [d].[DepartmentId], [d].[FullName], [d].[IsActive], [d].[Phone], [d].[Specialization], [d].[UserId]
FROM [Doctors] AS [d]
2026-06-28 22:12:24.684 +03:00 [INF] Executed DbCommand (1ms) [Parameters=[@p='?' (DbType = Guid)], CommandType='"Text"', CommandTimeout='30']
SELECT TOP(1) [d].[Id], [d].[Description], [d].[IsActive], [d].[Name]
FROM [Departments] AS [d]
WHERE [d].[Id] = @p
2026-06-28 22:12:24.684 +03:00 [INF] Executed DbCommand (1ms) [Parameters=[@p='?' (DbType = Guid)], CommandType='"Text"', CommandTimeout='30']
SELECT TOP(1) [d].[Id], [d].[Description], [d].[IsActive], [d].[Name]
FROM [Departments] AS [d]
WHERE [d].[Id] = @p
2026-06-28 22:12:24.685 +03:00 [INF] HTTP OPTIONS /api/doctor/schedule responded 204 in 0ms
2026-06-28 22:12:24.686 +03:00 [INF] Executed DbCommand (1ms) [Parameters=[], CommandType='"Text"', CommandTimeout='30']
SELECT [d].[Id], [d].[AppointmentDurationMinutes], [d].[DayOfWeek], [d].[DoctorId], [d].[EndTime], [d].[IsActive], [d].[StartTime]
FROM [DoctorSchedules] AS [d]
2026-06-28 22:12:24.686 +03:00 [INF] Executed DbCommand (1ms) [Parameters=[@doctorId='?' (DbType = Guid), @date='?' (DbType = Date)], CommandType='"Text"', CommandTimeout='30']
SELECT [a].[Id], [a].[AppointmentDate], [a].[CreatedAt], [a].[CreatedByReceptionistId], [a].[DoctorId], [a].[EndTime], [a].[Notes], [a].[PatientId], [a].[StartTime], [a].[Status], [a].[UpdatedAt]
FROM [Appointments] AS [a]
WHERE [a].[DoctorId] = @doctorId AND [a].[AppointmentDate] = @date
ORDER BY [a].[StartTime]
2026-06-28 22:12:24.687 +03:00 [INF] HTTP GET /api/doctor/working-hours responded 200 in 8ms
2026-06-28 22:12:24.686 +03:00 [INF] HTTP GET /api/doctor/schedule responded 200 in 7ms
2026-06-28 22:12:24.693 +03:00 [INF] Executed DbCommand (1ms) [Parameters=[], CommandType='"Text"', CommandTimeout='30']
SELECT [d].[Id], [d].[DepartmentId], [d].[FullName], [d].[IsActive], [d].[Phone], [d].[Specialization], [d].[UserId]
FROM [Doctors] AS [d]
2026-06-28 22:12:24.695 +03:00 [INF] Executed DbCommand (1ms) [Parameters=[@p='?' (DbType = Guid)], CommandType='"Text"', CommandTimeout='30']
SELECT TOP(1) [d].[Id], [d].[Description], [d].[IsActive], [d].[Name]
FROM [Departments] AS [d]
WHERE [d].[Id] = @p
2026-06-28 22:12:24.697 +03:00 [INF] Executed DbCommand (1ms) [Parameters=[@doctorId='?' (DbType = Guid), @date='?' (DbType = Date)], CommandType='"Text"', CommandTimeout='30']
SELECT [a].[Id], [a].[AppointmentDate], [a].[CreatedAt], [a].[CreatedByReceptionistId], [a].[DoctorId], [a].[EndTime], [a].[Notes], [a].[PatientId], [a].[StartTime], [a].[Status], [a].[UpdatedAt]
FROM [Appointments] AS [a]
WHERE [a].[DoctorId] = @doctorId AND [a].[AppointmentDate] = @date
ORDER BY [a].[StartTime]
2026-06-28 22:12:24.699 +03:00 [INF] Executed DbCommand (1ms) [Parameters=[@p='?' (DbType = Guid)], CommandType='"Text"', CommandTimeout='30']
SELECT TOP(1) [p].[Id], [p].[Address], [p].[BloodType], [p].[CreatedAt], [p].[DateOfBirth], [p].[Email], [p].[FullName], [p].[Gender], [p].[NationalId], [p].[Phone], [p].[UserId]
FROM [Patients] AS [p]
WHERE [p].[Id] = @p
2026-06-28 22:12:24.699 +03:00 [INF] HTTP GET /api/doctor/schedule responded 200 in 8ms
2026-06-28 22:12:27.744 +03:00 [INF] HTTP OPTIONS /api/doctor/appointments/4f3adcd4-78fa-4835-b823-efc1863e7733 responded 204 in 0ms
2026-06-28 22:12:27.758 +03:00 [INF] Executed DbCommand (1ms) [Parameters=[], CommandType='"Text"', CommandTimeout='30']
SELECT [d].[Id], [d].[DepartmentId], [d].[FullName], [d].[IsActive], [d].[Phone], [d].[Specialization], [d].[UserId]
FROM [Doctors] AS [d]
2026-06-28 22:12:27.762 +03:00 [INF] Executed DbCommand (1ms) [Parameters=[@p='?' (DbType = Guid)], CommandType='"Text"', CommandTimeout='30']
SELECT TOP(1) [d].[Id], [d].[Description], [d].[IsActive], [d].[Name]
FROM [Departments] AS [d]
WHERE [d].[Id] = @p
2026-06-28 22:12:27.765 +03:00 [INF] Executed DbCommand (1ms) [Parameters=[@p='?' (DbType = Guid)], CommandType='"Text"', CommandTimeout='30']
SELECT TOP(1) [a].[Id], [a].[AppointmentDate], [a].[CreatedAt], [a].[CreatedByReceptionistId], [a].[DoctorId], [a].[EndTime], [a].[Notes], [a].[PatientId], [a].[StartTime], [a].[Status], [a].[UpdatedAt]
FROM [Appointments] AS [a]
WHERE [a].[Id] = @p
2026-06-28 22:12:27.768 +03:00 [INF] Executed DbCommand (1ms) [Parameters=[@p='?' (DbType = Guid)], CommandType='"Text"', CommandTimeout='30']
SELECT TOP(1) [p].[Id], [p].[Address], [p].[BloodType], [p].[CreatedAt], [p].[DateOfBirth], [p].[Email], [p].[FullName], [p].[Gender], [p].[NationalId], [p].[Phone], [p].[UserId]
FROM [Patients] AS [p]
WHERE [p].[Id] = @p
2026-06-28 22:12:27.771 +03:00 [INF] Executed DbCommand (1ms) [Parameters=[], CommandType='"Text"', CommandTimeout='30']
SELECT [c].[Id], [c].[AppointmentId], [c].[CompletedAt], [c].[Diagnosis], [c].[DoctorId], [c].[Notes], [c].[PatientId], [c].[StartedAt]
FROM [Consultations] AS [c]
2026-06-28 22:12:27.774 +03:00 [INF] HTTP GET /api/doctor/appointments/4f3adcd4-78fa-4835-b823-efc1863e7733 responded 200 in 21ms
2026-06-28 22:14:27.111 +03:00 [INF] HTTP OPTIONS /api/doctor/working-hours responded 204 in 0ms
2026-06-28 22:14:27.117 +03:00 [INF] HTTP OPTIONS /api/doctor/schedule responded 204 in 0ms
2026-06-28 22:14:27.134 +03:00 [INF] Executed DbCommand (2ms) [Parameters=[], CommandType='"Text"', CommandTimeout='30']
SELECT [d].[Id], [d].[DepartmentId], [d].[FullName], [d].[IsActive], [d].[Phone], [d].[Specialization], [d].[UserId]
FROM [Doctors] AS [d]
2026-06-28 22:14:27.135 +03:00 [INF] Executed DbCommand (1ms) [Parameters=[], CommandType='"Text"', CommandTimeout='30']
SELECT [d].[Id], [d].[DepartmentId], [d].[FullName], [d].[IsActive], [d].[Phone], [d].[Specialization], [d].[UserId]
FROM [Doctors] AS [d]
2026-06-28 22:14:27.138 +03:00 [INF] Executed DbCommand (2ms) [Parameters=[@p='?' (DbType = Guid)], CommandType='"Text"', CommandTimeout='30']
SELECT TOP(1) [d].[Id], [d].[Description], [d].[IsActive], [d].[Name]
FROM [Departments] AS [d]
WHERE [d].[Id] = @p
2026-06-28 22:14:27.138 +03:00 [INF] Executed DbCommand (1ms) [Parameters=[@p='?' (DbType = Guid)], CommandType='"Text"', CommandTimeout='30']
SELECT TOP(1) [d].[Id], [d].[Description], [d].[IsActive], [d].[Name]
FROM [Departments] AS [d]
WHERE [d].[Id] = @p
2026-06-28 22:14:27.140 +03:00 [INF] Executed DbCommand (1ms) [Parameters=[], CommandType='"Text"', CommandTimeout='30']
SELECT [d].[Id], [d].[AppointmentDurationMinutes], [d].[DayOfWeek], [d].[DoctorId], [d].[EndTime], [d].[IsActive], [d].[StartTime]
FROM [DoctorSchedules] AS [d]
2026-06-28 22:14:27.142 +03:00 [INF] Executed DbCommand (2ms) [Parameters=[@doctorId='?' (DbType = Guid), @date='?' (DbType = Date)], CommandType='"Text"', CommandTimeout='30']
SELECT [a].[Id], [a].[AppointmentDate], [a].[CreatedAt], [a].[CreatedByReceptionistId], [a].[DoctorId], [a].[EndTime], [a].[Notes], [a].[PatientId], [a].[StartTime], [a].[Status], [a].[UpdatedAt]
FROM [Appointments] AS [a]
WHERE [a].[DoctorId] = @doctorId AND [a].[AppointmentDate] = @date
ORDER BY [a].[StartTime]
2026-06-28 22:14:27.143 +03:00 [INF] HTTP GET /api/doctor/working-hours responded 200 in 17ms
2026-06-28 22:14:27.146 +03:00 [INF] Executed DbCommand (1ms) [Parameters=[@p='?' (DbType = Guid)], CommandType='"Text"', CommandTimeout='30']
SELECT TOP(1) [p].[Id], [p].[Address], [p].[BloodType], [p].[CreatedAt], [p].[DateOfBirth], [p].[Email], [p].[FullName], [p].[Gender], [p].[NationalId], [p].[Phone], [p].[UserId]
FROM [Patients] AS [p]
WHERE [p].[Id] = @p
2026-06-28 22:14:27.148 +03:00 [INF] HTTP GET /api/doctor/schedule responded 200 in 20ms
2026-06-28 22:14:31.283 +03:00 [INF] HTTP OPTIONS /api/doctor/appointments/4f3adcd4-78fa-4835-b823-efc1863e7733 responded 204 in 0ms
2026-06-28 22:14:31.299 +03:00 [INF] Executed DbCommand (1ms) [Parameters=[], CommandType='"Text"', CommandTimeout='30']
SELECT [d].[Id], [d].[DepartmentId], [d].[FullName], [d].[IsActive], [d].[Phone], [d].[Specialization], [d].[UserId]
FROM [Doctors] AS [d]
2026-06-28 22:14:31.302 +03:00 [INF] Executed DbCommand (1ms) [Parameters=[@p='?' (DbType = Guid)], CommandType='"Text"', CommandTimeout='30']
SELECT TOP(1) [d].[Id], [d].[Description], [d].[IsActive], [d].[Name]
FROM [Departments] AS [d]
WHERE [d].[Id] = @p
2026-06-28 22:14:31.305 +03:00 [INF] Executed DbCommand (1ms) [Parameters=[@p='?' (DbType = Guid)], CommandType='"Text"', CommandTimeout='30']
SELECT TOP(1) [a].[Id], [a].[AppointmentDate], [a].[CreatedAt], [a].[CreatedByReceptionistId], [a].[DoctorId], [a].[EndTime], [a].[Notes], [a].[PatientId], [a].[StartTime], [a].[Status], [a].[UpdatedAt]
FROM [Appointments] AS [a]
WHERE [a].[Id] = @p
2026-06-28 22:14:31.308 +03:00 [INF] Executed DbCommand (1ms) [Parameters=[@p='?' (DbType = Guid)], CommandType='"Text"', CommandTimeout='30']
SELECT TOP(1) [p].[Id], [p].[Address], [p].[BloodType], [p].[CreatedAt], [p].[DateOfBirth], [p].[Email], [p].[FullName], [p].[Gender], [p].[NationalId], [p].[Phone], [p].[UserId]
FROM [Patients] AS [p]
WHERE [p].[Id] = @p
2026-06-28 22:14:31.311 +03:00 [INF] Executed DbCommand (1ms) [Parameters=[], CommandType='"Text"', CommandTimeout='30']
SELECT [c].[Id], [c].[AppointmentId], [c].[CompletedAt], [c].[Diagnosis], [c].[DoctorId], [c].[Notes], [c].[PatientId], [c].[StartedAt]
FROM [Consultations] AS [c]
2026-06-28 22:14:31.312 +03:00 [INF] HTTP GET /api/doctor/appointments/4f3adcd4-78fa-4835-b823-efc1863e7733 responded 200 in 20ms
2026-06-28 22:15:01.863 +03:00 [INF] HTTP OPTIONS /api/doctor/working-hours responded 204 in 0ms
2026-06-28 22:15:01.865 +03:00 [INF] HTTP OPTIONS /api/doctor/schedule responded 204 in 0ms
2026-06-28 22:15:01.870 +03:00 [INF] HTTP OPTIONS /api/doctor/schedule responded 204 in 0ms
2026-06-28 22:15:01.889 +03:00 [INF] Executed DbCommand (2ms) [Parameters=[], CommandType='"Text"', CommandTimeout='30']
SELECT [d].[Id], [d].[DepartmentId], [d].[FullName], [d].[IsActive], [d].[Phone], [d].[Specialization], [d].[UserId]
FROM [Doctors] AS [d]
2026-06-28 22:15:01.890 +03:00 [INF] Executed DbCommand (3ms) [Parameters=[], CommandType='"Text"', CommandTimeout='30']
SELECT [d].[Id], [d].[DepartmentId], [d].[FullName], [d].[IsActive], [d].[Phone], [d].[Specialization], [d].[UserId]
FROM [Doctors] AS [d]
2026-06-28 22:15:01.893 +03:00 [INF] Executed DbCommand (2ms) [Parameters=[@p='?' (DbType = Guid)], CommandType='"Text"', CommandTimeout='30']
SELECT TOP(1) [d].[Id], [d].[Description], [d].[IsActive], [d].[Name]
FROM [Departments] AS [d]
WHERE [d].[Id] = @p
2026-06-28 22:15:01.893 +03:00 [INF] Executed DbCommand (2ms) [Parameters=[@p='?' (DbType = Guid)], CommandType='"Text"', CommandTimeout='30']
SELECT TOP(1) [d].[Id], [d].[Description], [d].[IsActive], [d].[Name]
FROM [Departments] AS [d]
WHERE [d].[Id] = @p
2026-06-28 22:15:01.895 +03:00 [INF] Executed DbCommand (1ms) [Parameters=[], CommandType='"Text"', CommandTimeout='30']
SELECT [d].[Id], [d].[AppointmentDurationMinutes], [d].[DayOfWeek], [d].[DoctorId], [d].[EndTime], [d].[IsActive], [d].[StartTime]
FROM [DoctorSchedules] AS [d]
2026-06-28 22:15:01.897 +03:00 [INF] Executed DbCommand (2ms) [Parameters=[@doctorId='?' (DbType = Guid), @date='?' (DbType = Date)], CommandType='"Text"', CommandTimeout='30']
SELECT [a].[Id], [a].[AppointmentDate], [a].[CreatedAt], [a].[CreatedByReceptionistId], [a].[DoctorId], [a].[EndTime], [a].[Notes], [a].[PatientId], [a].[StartTime], [a].[Status], [a].[UpdatedAt]
FROM [Appointments] AS [a]
WHERE [a].[DoctorId] = @doctorId AND [a].[AppointmentDate] = @date
ORDER BY [a].[StartTime]
2026-06-28 22:15:01.899 +03:00 [INF] HTTP GET /api/doctor/working-hours responded 200 in 17ms
2026-06-28 22:15:01.900 +03:00 [INF] Executed DbCommand (1ms) [Parameters=[@p='?' (DbType = Guid)], CommandType='"Text"', CommandTimeout='30']
SELECT TOP(1) [p].[Id], [p].[Address], [p].[BloodType], [p].[CreatedAt], [p].[DateOfBirth], [p].[Email], [p].[FullName], [p].[Gender], [p].[NationalId], [p].[Phone], [p].[UserId]
FROM [Patients] AS [p]
WHERE [p].[Id] = @p
2026-06-28 22:15:01.902 +03:00 [INF] HTTP GET /api/doctor/schedule responded 200 in 18ms
2026-06-28 22:15:01.914 +03:00 [INF] Executed DbCommand (1ms) [Parameters=[], CommandType='"Text"', CommandTimeout='30']
SELECT [d].[Id], [d].[DepartmentId], [d].[FullName], [d].[IsActive], [d].[Phone], [d].[Specialization], [d].[UserId]
FROM [Doctors] AS [d]
2026-06-28 22:15:01.916 +03:00 [INF] Executed DbCommand (1ms) [Parameters=[@p='?' (DbType = Guid)], CommandType='"Text"', CommandTimeout='30']
SELECT TOP(1) [d].[Id], [d].[Description], [d].[IsActive], [d].[Name]
FROM [Departments] AS [d]
WHERE [d].[Id] = @p
2026-06-28 22:15:01.920 +03:00 [INF] Executed DbCommand (2ms) [Parameters=[@doctorId='?' (DbType = Guid), @date='?' (DbType = Date)], CommandType='"Text"', CommandTimeout='30']
SELECT [a].[Id], [a].[AppointmentDate], [a].[CreatedAt], [a].[CreatedByReceptionistId], [a].[DoctorId], [a].[EndTime], [a].[Notes], [a].[PatientId], [a].[StartTime], [a].[Status], [a].[UpdatedAt]
FROM [Appointments] AS [a]
WHERE [a].[DoctorId] = @doctorId AND [a].[AppointmentDate] = @date
ORDER BY [a].[StartTime]
2026-06-28 22:15:01.921 +03:00 [INF] HTTP GET /api/doctor/schedule responded 200 in 37ms
2026-06-28 22:15:05.303 +03:00 [INF] HTTP OPTIONS /api/doctor/appointments/4f3adcd4-78fa-4835-b823-efc1863e7733 responded 204 in 0ms
2026-06-28 22:15:05.325 +03:00 [INF] Executed DbCommand (2ms) [Parameters=[], CommandType='"Text"', CommandTimeout='30']
SELECT [d].[Id], [d].[DepartmentId], [d].[FullName], [d].[IsActive], [d].[Phone], [d].[Specialization], [d].[UserId]
FROM [Doctors] AS [d]
2026-06-28 22:15:05.329 +03:00 [INF] Executed DbCommand (2ms) [Parameters=[@p='?' (DbType = Guid)], CommandType='"Text"', CommandTimeout='30']
SELECT TOP(1) [d].[Id], [d].[Description], [d].[IsActive], [d].[Name]
FROM [Departments] AS [d]
WHERE [d].[Id] = @p
2026-06-28 22:15:05.332 +03:00 [INF] Executed DbCommand (1ms) [Parameters=[@p='?' (DbType = Guid)], CommandType='"Text"', CommandTimeout='30']
SELECT TOP(1) [a].[Id], [a].[AppointmentDate], [a].[CreatedAt], [a].[CreatedByReceptionistId], [a].[DoctorId], [a].[EndTime], [a].[Notes], [a].[PatientId], [a].[StartTime], [a].[Status], [a].[UpdatedAt]
FROM [Appointments] AS [a]
WHERE [a].[Id] = @p
2026-06-28 22:15:05.335 +03:00 [INF] Executed DbCommand (1ms) [Parameters=[@p='?' (DbType = Guid)], CommandType='"Text"', CommandTimeout='30']
SELECT TOP(1) [p].[Id], [p].[Address], [p].[BloodType], [p].[CreatedAt], [p].[DateOfBirth], [p].[Email], [p].[FullName], [p].[Gender], [p].[NationalId], [p].[Phone], [p].[UserId]
FROM [Patients] AS [p]
WHERE [p].[Id] = @p
2026-06-28 22:15:05.337 +03:00 [INF] Executed DbCommand (1ms) [Parameters=[], CommandType='"Text"', CommandTimeout='30']
SELECT [c].[Id], [c].[AppointmentId], [c].[CompletedAt], [c].[Diagnosis], [c].[DoctorId], [c].[Notes], [c].[PatientId], [c].[StartedAt]
FROM [Consultations] AS [c]
2026-06-28 22:15:05.338 +03:00 [INF] HTTP GET /api/doctor/appointments/4f3adcd4-78fa-4835-b823-efc1863e7733 responded 200 in 19ms
2026-06-28 22:16:20.304 +03:00 [INF] HTTP OPTIONS /api/auth/login responded 204 in 0ms
2026-06-28 22:16:20.319 +03:00 [INF] Executed DbCommand (1ms) [Parameters=[], CommandType='"Text"', CommandTimeout='30']
SELECT [u].[Id], [u].[CreatedAt], [u].[Email], [u].[IsActive], [u].[PasswordHash], [u].[Role]
FROM [Users] AS [u]
2026-06-28 22:16:20.876 +03:00 [INF] HTTP POST /api/auth/login responded 200 in 564ms
2026-06-28 22:16:20.901 +03:00 [INF] HTTP OPTIONS /api/doctor/working-hours responded 204 in 0ms
2026-06-28 22:16:20.904 +03:00 [INF] HTTP OPTIONS /api/doctor/schedule responded 204 in 0ms
2026-06-28 22:16:20.908 +03:00 [INF] Executed DbCommand (1ms) [Parameters=[], CommandType='"Text"', CommandTimeout='30']
SELECT [d].[Id], [d].[DepartmentId], [d].[FullName], [d].[IsActive], [d].[Phone], [d].[Specialization], [d].[UserId]
FROM [Doctors] AS [d]
2026-06-28 22:16:20.910 +03:00 [INF] Executed DbCommand (1ms) [Parameters=[@p='?' (DbType = Guid)], CommandType='"Text"', CommandTimeout='30']
SELECT TOP(1) [d].[Id], [d].[Description], [d].[IsActive], [d].[Name]
FROM [Departments] AS [d]
WHERE [d].[Id] = @p
2026-06-28 22:16:20.911 +03:00 [INF] Executed DbCommand (1ms) [Parameters=[], CommandType='"Text"', CommandTimeout='30']
SELECT [d].[Id], [d].[DepartmentId], [d].[FullName], [d].[IsActive], [d].[Phone], [d].[Specialization], [d].[UserId]
FROM [Doctors] AS [d]
2026-06-28 22:16:20.912 +03:00 [INF] Executed DbCommand (1ms) [Parameters=[], CommandType='"Text"', CommandTimeout='30']
SELECT [d].[Id], [d].[AppointmentDurationMinutes], [d].[DayOfWeek], [d].[DoctorId], [d].[EndTime], [d].[IsActive], [d].[StartTime]
FROM [DoctorSchedules] AS [d]
2026-06-28 22:16:20.912 +03:00 [INF] Executed DbCommand (0ms) [Parameters=[@p='?' (DbType = Guid)], CommandType='"Text"', CommandTimeout='30']
SELECT TOP(1) [d].[Id], [d].[Description], [d].[IsActive], [d].[Name]
FROM [Departments] AS [d]
WHERE [d].[Id] = @p
2026-06-28 22:16:20.912 +03:00 [INF] HTTP OPTIONS /api/doctor/schedule responded 204 in 0ms
2026-06-28 22:16:20.913 +03:00 [INF] HTTP GET /api/doctor/working-hours responded 200 in 6ms
2026-06-28 22:16:20.914 +03:00 [INF] Executed DbCommand (1ms) [Parameters=[@doctorId='?' (DbType = Guid), @date='?' (DbType = Date)], CommandType='"Text"', CommandTimeout='30']
SELECT [a].[Id], [a].[AppointmentDate], [a].[CreatedAt], [a].[CreatedByReceptionistId], [a].[DoctorId], [a].[EndTime], [a].[Notes], [a].[PatientId], [a].[StartTime], [a].[Status], [a].[UpdatedAt]
FROM [Appointments] AS [a]
WHERE [a].[DoctorId] = @doctorId AND [a].[AppointmentDate] = @date
ORDER BY [a].[StartTime]
2026-06-28 22:16:20.914 +03:00 [INF] HTTP GET /api/doctor/schedule responded 200 in 6ms
2026-06-28 22:16:20.917 +03:00 [INF] Executed DbCommand (1ms) [Parameters=[], CommandType='"Text"', CommandTimeout='30']
SELECT [d].[Id], [d].[DepartmentId], [d].[FullName], [d].[IsActive], [d].[Phone], [d].[Specialization], [d].[UserId]
FROM [Doctors] AS [d]
2026-06-28 22:16:20.919 +03:00 [INF] Executed DbCommand (1ms) [Parameters=[@p='?' (DbType = Guid)], CommandType='"Text"', CommandTimeout='30']
SELECT TOP(1) [d].[Id], [d].[Description], [d].[IsActive], [d].[Name]
FROM [Departments] AS [d]
WHERE [d].[Id] = @p
2026-06-28 22:16:20.920 +03:00 [INF] Executed DbCommand (1ms) [Parameters=[@doctorId='?' (DbType = Guid), @date='?' (DbType = Date)], CommandType='"Text"', CommandTimeout='30']
SELECT [a].[Id], [a].[AppointmentDate], [a].[CreatedAt], [a].[CreatedByReceptionistId], [a].[DoctorId], [a].[EndTime], [a].[Notes], [a].[PatientId], [a].[StartTime], [a].[Status], [a].[UpdatedAt]
FROM [Appointments] AS [a]
WHERE [a].[DoctorId] = @doctorId AND [a].[AppointmentDate] = @date
ORDER BY [a].[StartTime]
2026-06-28 22:16:20.922 +03:00 [INF] Executed DbCommand (1ms) [Parameters=[@p='?' (DbType = Guid)], CommandType='"Text"', CommandTimeout='30']
SELECT TOP(1) [p].[Id], [p].[Address], [p].[BloodType], [p].[CreatedAt], [p].[DateOfBirth], [p].[Email], [p].[FullName], [p].[Gender], [p].[NationalId], [p].[Phone], [p].[UserId]
FROM [Patients] AS [p]
WHERE [p].[Id] = @p
2026-06-28 22:16:20.922 +03:00 [INF] HTTP GET /api/doctor/schedule responded 200 in 7ms
2026-06-28 22:16:22.819 +03:00 [INF] HTTP OPTIONS /api/doctor/appointments/4f3adcd4-78fa-4835-b823-efc1863e7733 responded 204 in 0ms
2026-06-28 22:16:22.831 +03:00 [INF] Executed DbCommand (2ms) [Parameters=[], CommandType='"Text"', CommandTimeout='30']
SELECT [d].[Id], [d].[DepartmentId], [d].[FullName], [d].[IsActive], [d].[Phone], [d].[Specialization], [d].[UserId]
FROM [Doctors] AS [d]
2026-06-28 22:16:22.835 +03:00 [INF] Executed DbCommand (1ms) [Parameters=[@p='?' (DbType = Guid)], CommandType='"Text"', CommandTimeout='30']
SELECT TOP(1) [d].[Id], [d].[Description], [d].[IsActive], [d].[Name]
FROM [Departments] AS [d]
WHERE [d].[Id] = @p
2026-06-28 22:16:22.838 +03:00 [INF] Executed DbCommand (1ms) [Parameters=[@p='?' (DbType = Guid)], CommandType='"Text"', CommandTimeout='30']
SELECT TOP(1) [a].[Id], [a].[AppointmentDate], [a].[CreatedAt], [a].[CreatedByReceptionistId], [a].[DoctorId], [a].[EndTime], [a].[Notes], [a].[PatientId], [a].[StartTime], [a].[Status], [a].[UpdatedAt]
FROM [Appointments] AS [a]
WHERE [a].[Id] = @p
2026-06-28 22:16:22.840 +03:00 [INF] Executed DbCommand (1ms) [Parameters=[@p='?' (DbType = Guid)], CommandType='"Text"', CommandTimeout='30']
SELECT TOP(1) [p].[Id], [p].[Address], [p].[BloodType], [p].[CreatedAt], [p].[DateOfBirth], [p].[Email], [p].[FullName], [p].[Gender], [p].[NationalId], [p].[Phone], [p].[UserId]
FROM [Patients] AS [p]
WHERE [p].[Id] = @p
2026-06-28 22:16:22.843 +03:00 [INF] Executed DbCommand (1ms) [Parameters=[], CommandType='"Text"', CommandTimeout='30']
SELECT [c].[Id], [c].[AppointmentId], [c].[CompletedAt], [c].[Diagnosis], [c].[DoctorId], [c].[Notes], [c].[PatientId], [c].[StartedAt]
FROM [Consultations] AS [c]
2026-06-28 22:16:22.844 +03:00 [INF] HTTP GET /api/doctor/appointments/4f3adcd4-78fa-4835-b823-efc1863e7733 responded 200 in 19ms
2026-06-28 22:18:22.259 +03:00 [INF] HTTP OPTIONS /api/doctor/appointments/4f3adcd4-78fa-4835-b823-efc1863e7733 responded 204 in 0ms
2026-06-28 22:18:22.276 +03:00 [INF] Executed DbCommand (2ms) [Parameters=[], CommandType='"Text"', CommandTimeout='30']
SELECT [d].[Id], [d].[DepartmentId], [d].[FullName], [d].[IsActive], [d].[Phone], [d].[Specialization], [d].[UserId]
FROM [Doctors] AS [d]
2026-06-28 22:18:22.279 +03:00 [INF] Executed DbCommand (1ms) [Parameters=[@p='?' (DbType = Guid)], CommandType='"Text"', CommandTimeout='30']
SELECT TOP(1) [d].[Id], [d].[Description], [d].[IsActive], [d].[Name]
FROM [Departments] AS [d]
WHERE [d].[Id] = @p
2026-06-28 22:18:22.281 +03:00 [INF] Executed DbCommand (1ms) [Parameters=[@p='?' (DbType = Guid)], CommandType='"Text"', CommandTimeout='30']
SELECT TOP(1) [a].[Id], [a].[AppointmentDate], [a].[CreatedAt], [a].[CreatedByReceptionistId], [a].[DoctorId], [a].[EndTime], [a].[Notes], [a].[PatientId], [a].[StartTime], [a].[Status], [a].[UpdatedAt]
FROM [Appointments] AS [a]
WHERE [a].[Id] = @p
2026-06-28 22:18:22.283 +03:00 [INF] Executed DbCommand (1ms) [Parameters=[@p='?' (DbType = Guid)], CommandType='"Text"', CommandTimeout='30']
SELECT TOP(1) [p].[Id], [p].[Address], [p].[BloodType], [p].[CreatedAt], [p].[DateOfBirth], [p].[Email], [p].[FullName], [p].[Gender], [p].[NationalId], [p].[Phone], [p].[UserId]
FROM [Patients] AS [p]
WHERE [p].[Id] = @p
2026-06-28 22:18:22.285 +03:00 [INF] Executed DbCommand (1ms) [Parameters=[], CommandType='"Text"', CommandTimeout='30']
SELECT [c].[Id], [c].[AppointmentId], [c].[CompletedAt], [c].[Diagnosis], [c].[DoctorId], [c].[Notes], [c].[PatientId], [c].[StartedAt]
FROM [Consultations] AS [c]
2026-06-28 22:18:22.286 +03:00 [INF] HTTP GET /api/doctor/appointments/4f3adcd4-78fa-4835-b823-efc1863e7733 responded 200 in 16ms
2026-06-28 22:19:13.090 +03:00 [INF] HTTP OPTIONS /api/doctor/appointments/4f3adcd4-78fa-4835-b823-efc1863e7733 responded 204 in 0ms
2026-06-28 22:19:13.098 +03:00 [INF] Executed DbCommand (1ms) [Parameters=[], CommandType='"Text"', CommandTimeout='30']
SELECT [d].[Id], [d].[DepartmentId], [d].[FullName], [d].[IsActive], [d].[Phone], [d].[Specialization], [d].[UserId]
FROM [Doctors] AS [d]
2026-06-28 22:19:13.100 +03:00 [INF] Executed DbCommand (1ms) [Parameters=[@p='?' (DbType = Guid)], CommandType='"Text"', CommandTimeout='30']
SELECT TOP(1) [d].[Id], [d].[Description], [d].[IsActive], [d].[Name]
FROM [Departments] AS [d]
WHERE [d].[Id] = @p
2026-06-28 22:19:13.101 +03:00 [INF] Executed DbCommand (1ms) [Parameters=[@p='?' (DbType = Guid)], CommandType='"Text"', CommandTimeout='30']
SELECT TOP(1) [a].[Id], [a].[AppointmentDate], [a].[CreatedAt], [a].[CreatedByReceptionistId], [a].[DoctorId], [a].[EndTime], [a].[Notes], [a].[PatientId], [a].[StartTime], [a].[Status], [a].[UpdatedAt]
FROM [Appointments] AS [a]
WHERE [a].[Id] = @p
2026-06-28 22:19:13.103 +03:00 [INF] Executed DbCommand (1ms) [Parameters=[@p='?' (DbType = Guid)], CommandType='"Text"', CommandTimeout='30']
SELECT TOP(1) [p].[Id], [p].[Address], [p].[BloodType], [p].[CreatedAt], [p].[DateOfBirth], [p].[Email], [p].[FullName], [p].[Gender], [p].[NationalId], [p].[Phone], [p].[UserId]
FROM [Patients] AS [p]
WHERE [p].[Id] = @p
2026-06-28 22:19:13.104 +03:00 [INF] Executed DbCommand (1ms) [Parameters=[], CommandType='"Text"', CommandTimeout='30']
SELECT [c].[Id], [c].[AppointmentId], [c].[CompletedAt], [c].[Diagnosis], [c].[DoctorId], [c].[Notes], [c].[PatientId], [c].[StartedAt]
FROM [Consultations] AS [c]
2026-06-28 22:19:13.105 +03:00 [INF] HTTP GET /api/doctor/appointments/4f3adcd4-78fa-4835-b823-efc1863e7733 responded 200 in 9ms
2026-06-28 22:19:18.084 +03:00 [INF] Executed DbCommand (1ms) [Parameters=[], CommandType='"Text"', CommandTimeout='30']
SELECT [d].[Id], [d].[DepartmentId], [d].[FullName], [d].[IsActive], [d].[Phone], [d].[Specialization], [d].[UserId]
FROM [Doctors] AS [d]
2026-06-28 22:19:18.086 +03:00 [INF] Executed DbCommand (1ms) [Parameters=[@p='?' (DbType = Guid)], CommandType='"Text"', CommandTimeout='30']
SELECT TOP(1) [d].[Id], [d].[Description], [d].[IsActive], [d].[Name]
FROM [Departments] AS [d]
WHERE [d].[Id] = @p
2026-06-28 22:19:18.088 +03:00 [INF] Executed DbCommand (1ms) [Parameters=[@p='?' (DbType = Guid)], CommandType='"Text"', CommandTimeout='30']
SELECT TOP(1) [a].[Id], [a].[AppointmentDate], [a].[CreatedAt], [a].[CreatedByReceptionistId], [a].[DoctorId], [a].[EndTime], [a].[Notes], [a].[PatientId], [a].[StartTime], [a].[Status], [a].[UpdatedAt]
FROM [Appointments] AS [a]
WHERE [a].[Id] = @p
2026-06-28 22:19:18.091 +03:00 [INF] Executed DbCommand (1ms) [Parameters=[@p='?' (DbType = Guid)], CommandType='"Text"', CommandTimeout='30']
SELECT TOP(1) [p].[Id], [p].[Address], [p].[BloodType], [p].[CreatedAt], [p].[DateOfBirth], [p].[Email], [p].[FullName], [p].[Gender], [p].[NationalId], [p].[Phone], [p].[UserId]
FROM [Patients] AS [p]
WHERE [p].[Id] = @p
2026-06-28 22:19:18.093 +03:00 [INF] Executed DbCommand (1ms) [Parameters=[], CommandType='"Text"', CommandTimeout='30']
SELECT [c].[Id], [c].[AppointmentId], [c].[CompletedAt], [c].[Diagnosis], [c].[DoctorId], [c].[Notes], [c].[PatientId], [c].[StartedAt]
FROM [Consultations] AS [c]
2026-06-28 22:19:18.094 +03:00 [INF] HTTP GET /api/doctor/appointments/4f3adcd4-78fa-4835-b823-efc1863e7733 responded 200 in 13ms
2026-06-28 22:19:21.075 +03:00 [INF] HTTP OPTIONS /api/doctor/appointments/4f3adcd4-78fa-4835-b823-efc1863e7733 responded 204 in 0ms
2026-06-28 22:19:21.082 +03:00 [INF] Executed DbCommand (1ms) [Parameters=[], CommandType='"Text"', CommandTimeout='30']
SELECT [d].[Id], [d].[DepartmentId], [d].[FullName], [d].[IsActive], [d].[Phone], [d].[Specialization], [d].[UserId]
FROM [Doctors] AS [d]
2026-06-28 22:19:21.084 +03:00 [INF] Executed DbCommand (1ms) [Parameters=[@p='?' (DbType = Guid)], CommandType='"Text"', CommandTimeout='30']
SELECT TOP(1) [d].[Id], [d].[Description], [d].[IsActive], [d].[Name]
FROM [Departments] AS [d]
WHERE [d].[Id] = @p
2026-06-28 22:19:21.085 +03:00 [INF] Executed DbCommand (1ms) [Parameters=[@p='?' (DbType = Guid)], CommandType='"Text"', CommandTimeout='30']
SELECT TOP(1) [a].[Id], [a].[AppointmentDate], [a].[CreatedAt], [a].[CreatedByReceptionistId], [a].[DoctorId], [a].[EndTime], [a].[Notes], [a].[PatientId], [a].[StartTime], [a].[Status], [a].[UpdatedAt]
FROM [Appointments] AS [a]
WHERE [a].[Id] = @p
2026-06-28 22:19:21.088 +03:00 [INF] Executed DbCommand (1ms) [Parameters=[@p='?' (DbType = Guid)], CommandType='"Text"', CommandTimeout='30']
SELECT TOP(1) [p].[Id], [p].[Address], [p].[BloodType], [p].[CreatedAt], [p].[DateOfBirth], [p].[Email], [p].[FullName], [p].[Gender], [p].[NationalId], [p].[Phone], [p].[UserId]
FROM [Patients] AS [p]
WHERE [p].[Id] = @p
2026-06-28 22:19:21.090 +03:00 [INF] Executed DbCommand (1ms) [Parameters=[], CommandType='"Text"', CommandTimeout='30']
SELECT [c].[Id], [c].[AppointmentId], [c].[CompletedAt], [c].[Diagnosis], [c].[DoctorId], [c].[Notes], [c].[PatientId], [c].[StartedAt]
FROM [Consultations] AS [c]
2026-06-28 22:19:21.091 +03:00 [INF] HTTP GET /api/doctor/appointments/4f3adcd4-78fa-4835-b823-efc1863e7733 responded 200 in 11ms
2026-06-28 22:19:21.111 +03:00 [INF] HTTP OPTIONS /api/doctor/patients/36574f06-f0f8-4c16-83d7-073e1107da0b/medical-history responded 204 in 0ms
2026-06-28 22:19:21.116 +03:00 [INF] HTTP GET /api/doctor/patients/36574f06-f0f8-4c16-83d7-073e1107da0b/medical-history responded 404 in 0ms
2026-06-28 22:19:25.061 +03:00 [INF] HTTP GET /api/doctor/patients/36574f06-f0f8-4c16-83d7-073e1107da0b/medical-history responded 404 in 0ms
2026-06-28 22:21:41.338 +03:00 [INF] Executed DbCommand (39ms) [Parameters=[], CommandType='"Text"', CommandTimeout='30']
SELECT 1
2026-06-28 22:21:41.399 +03:00 [INF] Acquiring an exclusive lock for migration application. See https://aka.ms/efcore-docs-migrations-lock for more information if this takes too long.
2026-06-28 22:21:41.472 +03:00 [INF] Executed DbCommand (67ms) [Parameters=[], CommandType='"Text"', CommandTimeout='30']
DECLARE @result int;
EXEC @result = sp_getapplock @Resource = '__EFMigrationsLock', @LockOwner = 'Session', @LockMode = 'Exclusive';
SELECT @result
2026-06-28 22:21:41.616 +03:00 [INF] Executed DbCommand (3ms) [Parameters=[], CommandType='"Text"', CommandTimeout='30']
IF OBJECT_ID(N'[__EFMigrationsHistory]') IS NULL
BEGIN
    CREATE TABLE [__EFMigrationsHistory] (
        [MigrationId] nvarchar(150) NOT NULL,
        [ProductVersion] nvarchar(32) NOT NULL,
        CONSTRAINT [PK___EFMigrationsHistory] PRIMARY KEY ([MigrationId])
    );
END;
2026-06-28 22:21:41.660 +03:00 [INF] Executed DbCommand (1ms) [Parameters=[], CommandType='"Text"', CommandTimeout='30']
SELECT 1
2026-06-28 22:21:41.663 +03:00 [INF] Executed DbCommand (1ms) [Parameters=[], CommandType='"Text"', CommandTimeout='30']
SELECT OBJECT_ID(N'[__EFMigrationsHistory]');
2026-06-28 22:21:41.697 +03:00 [INF] Executed DbCommand (23ms) [Parameters=[], CommandType='"Text"', CommandTimeout='30']
SELECT [MigrationId], [ProductVersion]
FROM [__EFMigrationsHistory]
ORDER BY [MigrationId];
2026-06-28 22:21:41.728 +03:00 [INF] No migrations were applied. The database is already up to date.
2026-06-28 22:21:41.739 +03:00 [INF] Executed DbCommand (7ms) [Parameters=[], CommandType='"Text"', CommandTimeout='30']
DECLARE @result int;
EXEC @result = sp_releaseapplock @Resource = '__EFMigrationsLock', @LockOwner = 'Session';
SELECT @result
2026-06-28 22:21:42.142 +03:00 [INF] Executed DbCommand (19ms) [Parameters=[], CommandType='"Text"', CommandTimeout='30']
SELECT CASE
    WHEN EXISTS (
        SELECT 1
        FROM [Users] AS [u]) THEN CAST(1 AS bit)
    ELSE CAST(0 AS bit)
END
2026-06-28 22:21:42.160 +03:00 [INF] Database already seeded. Ensuring demo accounts exist.
2026-06-28 22:21:42.495 +03:00 [INF] Executed DbCommand (16ms) [Parameters=[], CommandType='"Text"', CommandTimeout='30']
SELECT TOP(1) [u].[Id], [u].[CreatedAt], [u].[Email], [u].[IsActive], [u].[PasswordHash], [u].[Role]
FROM [Users] AS [u]
WHERE [u].[Email] = N'patient@hospital.com'
2026-06-28 22:21:43.045 +03:00 [INF] Executed DbCommand (118ms) [Parameters=[@patientUser_Id='?' (DbType = Guid)], CommandType='"Text"', CommandTimeout='30']
SELECT TOP(1) [p].[Id], [p].[Address], [p].[BloodType], [p].[CreatedAt], [p].[DateOfBirth], [p].[Email], [p].[FullName], [p].[Gender], [p].[NationalId], [p].[Phone], [p].[UserId]
FROM [Patients] AS [p]
WHERE [p].[UserId] = @patientUser_Id
2026-06-28 22:21:43.914 +03:00 [INF] Now listening on: http://localhost:5000
2026-06-28 22:21:43.915 +03:00 [INF] Application started. Press Ctrl+C to shut down.
2026-06-28 22:21:43.915 +03:00 [INF] Hosting environment: Development
2026-06-28 22:21:43.916 +03:00 [INF] Content root path: G:\DEPI\HospitalSystem.API
2026-06-28 22:21:44.212 +03:00 [WRN] Failed to determine the https port for redirect.
2026-06-28 22:21:44.225 +03:00 [INF] HTTP OPTIONS /api/doctor/patients/36574f06-f0f8-4c16-83d7-073e1107da0b/medical-history responded 204 in 103ms
2026-06-28 22:21:44.225 +03:00 [INF] HTTP OPTIONS /api/doctor/appointments/4f3adcd4-78fa-4835-b823-efc1863e7733 responded 204 in 103ms
2026-06-28 22:21:44.792 +03:00 [INF] HTTP OPTIONS /api/doctor/working-hours responded 204 in 0ms
2026-06-28 22:21:44.799 +03:00 [INF] HTTP OPTIONS /api/doctor/schedule responded 204 in 0ms
2026-06-28 22:21:44.934 +03:00 [INF] Executed DbCommand (16ms) [Parameters=[], CommandType='"Text"', CommandTimeout='30']
SELECT [d].[Id], [d].[DepartmentId], [d].[FullName], [d].[IsActive], [d].[Phone], [d].[Specialization], [d].[UserId]
FROM [Doctors] AS [d]
2026-06-28 22:21:44.935 +03:00 [INF] Executed DbCommand (5ms) [Parameters=[], CommandType='"Text"', CommandTimeout='30']
SELECT [d].[Id], [d].[DepartmentId], [d].[FullName], [d].[IsActive], [d].[Phone], [d].[Specialization], [d].[UserId]
FROM [Doctors] AS [d]
2026-06-28 22:21:44.945 +03:00 [INF] Executed DbCommand (2ms) [Parameters=[], CommandType='"Text"', CommandTimeout='30']
SELECT [d].[Id], [d].[DepartmentId], [d].[FullName], [d].[IsActive], [d].[Phone], [d].[Specialization], [d].[UserId]
FROM [Doctors] AS [d]
2026-06-28 22:21:44.955 +03:00 [INF] Executed DbCommand (1ms) [Parameters=[], CommandType='"Text"', CommandTimeout='30']
SELECT [d].[Id], [d].[DepartmentId], [d].[FullName], [d].[IsActive], [d].[Phone], [d].[Specialization], [d].[UserId]
FROM [Doctors] AS [d]
2026-06-28 22:21:45.155 +03:00 [INF] Executed DbCommand (6ms) [Parameters=[@p='?' (DbType = Guid)], CommandType='"Text"', CommandTimeout='30']
SELECT TOP(1) [d].[Id], [d].[Description], [d].[IsActive], [d].[Name]
FROM [Departments] AS [d]
WHERE [d].[Id] = @p
2026-06-28 22:21:45.155 +03:00 [INF] Executed DbCommand (6ms) [Parameters=[@p='?' (DbType = Guid)], CommandType='"Text"', CommandTimeout='30']
SELECT TOP(1) [d].[Id], [d].[Description], [d].[IsActive], [d].[Name]
FROM [Departments] AS [d]
WHERE [d].[Id] = @p
2026-06-28 22:21:45.155 +03:00 [INF] Executed DbCommand (6ms) [Parameters=[@p='?' (DbType = Guid)], CommandType='"Text"', CommandTimeout='30']
SELECT TOP(1) [d].[Id], [d].[Description], [d].[IsActive], [d].[Name]
FROM [Departments] AS [d]
WHERE [d].[Id] = @p
2026-06-28 22:21:45.155 +03:00 [INF] Executed DbCommand (6ms) [Parameters=[@p='?' (DbType = Guid)], CommandType='"Text"', CommandTimeout='30']
SELECT TOP(1) [d].[Id], [d].[Description], [d].[IsActive], [d].[Name]
FROM [Departments] AS [d]
WHERE [d].[Id] = @p
2026-06-28 22:21:45.255 +03:00 [INF] Executed DbCommand (6ms) [Parameters=[], CommandType='"Text"', CommandTimeout='30']
SELECT [d].[Id], [d].[AppointmentDurationMinutes], [d].[DayOfWeek], [d].[DoctorId], [d].[EndTime], [d].[IsActive], [d].[StartTime]
FROM [DoctorSchedules] AS [d]
2026-06-28 22:21:45.256 +03:00 [INF] Executed DbCommand (6ms) [Parameters=[@p='?' (DbType = Guid)], CommandType='"Text"', CommandTimeout='30']
SELECT TOP(1) [p].[Id], [p].[Address], [p].[BloodType], [p].[CreatedAt], [p].[DateOfBirth], [p].[Email], [p].[FullName], [p].[Gender], [p].[NationalId], [p].[Phone], [p].[UserId]
FROM [Patients] AS [p]
WHERE [p].[Id] = @p
2026-06-28 22:21:45.266 +03:00 [INF] Executed DbCommand (8ms) [Parameters=[@p='?' (DbType = Guid)], CommandType='"Text"', CommandTimeout='30']
SELECT TOP(1) [a].[Id], [a].[AppointmentDate], [a].[CreatedAt], [a].[CreatedByReceptionistId], [a].[DoctorId], [a].[EndTime], [a].[Notes], [a].[PatientId], [a].[StartTime], [a].[Status], [a].[UpdatedAt]
FROM [Appointments] AS [a]
WHERE [a].[Id] = @p
2026-06-28 22:21:45.281 +03:00 [INF] Executed DbCommand (9ms) [Parameters=[@doctorId='?' (DbType = Guid), @date='?' (DbType = Date)], CommandType='"Text"', CommandTimeout='30']
SELECT [a].[Id], [a].[AppointmentDate], [a].[CreatedAt], [a].[CreatedByReceptionistId], [a].[DoctorId], [a].[EndTime], [a].[Notes], [a].[PatientId], [a].[StartTime], [a].[Status], [a].[UpdatedAt]
FROM [Appointments] AS [a]
WHERE [a].[DoctorId] = @doctorId AND [a].[AppointmentDate] = @date
ORDER BY [a].[StartTime]
2026-06-28 22:21:45.298 +03:00 [INF] Executed DbCommand (6ms) [Parameters=[@patientId='?' (DbType = Guid)], CommandType='"Text"', CommandTimeout='30']
SELECT [a].[Id], [a].[AppointmentDate], [a].[CreatedAt], [a].[CreatedByReceptionistId], [a].[DoctorId], [a].[EndTime], [a].[Notes], [a].[PatientId], [a].[StartTime], [a].[Status], [a].[UpdatedAt]
FROM [Appointments] AS [a]
WHERE [a].[PatientId] = @patientId
ORDER BY [a].[AppointmentDate] DESC, [a].[StartTime] DESC
2026-06-28 22:21:45.372 +03:00 [INF] Executed DbCommand (1ms) [Parameters=[@p='?' (DbType = Guid)], CommandType='"Text"', CommandTimeout='30']
SELECT TOP(1) [p].[Id], [p].[Address], [p].[BloodType], [p].[CreatedAt], [p].[DateOfBirth], [p].[Email], [p].[FullName], [p].[Gender], [p].[NationalId], [p].[Phone], [p].[UserId]
FROM [Patients] AS [p]
WHERE [p].[Id] = @p
2026-06-28 22:21:45.407 +03:00 [INF] Executed DbCommand (14ms) [Parameters=[], CommandType='"Text"', CommandTimeout='30']
SELECT [c].[Id], [c].[AppointmentId], [c].[CompletedAt], [c].[Diagnosis], [c].[DoctorId], [c].[Notes], [c].[PatientId], [c].[StartedAt]
FROM [Consultations] AS [c]
2026-06-28 22:21:45.407 +03:00 [INF] Executed DbCommand (14ms) [Parameters=[], CommandType='"Text"', CommandTimeout='30']
SELECT [c].[Id], [c].[AppointmentId], [c].[CompletedAt], [c].[Diagnosis], [c].[DoctorId], [c].[Notes], [c].[PatientId], [c].[StartedAt]
FROM [Consultations] AS [c]
2026-06-28 22:21:45.518 +03:00 [INF] HTTP GET /api/doctor/working-hours responded 200 in 716ms
2026-06-28 22:21:45.534 +03:00 [INF] HTTP OPTIONS /api/doctor/schedule responded 204 in 0ms
2026-06-28 22:21:45.539 +03:00 [INF] Executed DbCommand (15ms) [Parameters=[], CommandType='"Text"', CommandTimeout='30']
SELECT [p].[Id], [p].[ConsultationId], [p].[Dosage], [p].[Duration], [p].[Frequency], [p].[MedicationName], [p].[Notes]
FROM [Prescriptions] AS [p]
2026-06-28 22:21:45.539 +03:00 [INF] HTTP GET /api/doctor/schedule responded 200 in 735ms
2026-06-28 22:21:45.542 +03:00 [INF] Executed DbCommand (2ms) [Parameters=[], CommandType='"Text"', CommandTimeout='30']
SELECT [d].[Id], [d].[DepartmentId], [d].[FullName], [d].[IsActive], [d].[Phone], [d].[Specialization], [d].[UserId]
FROM [Doctors] AS [d]
2026-06-28 22:21:45.569 +03:00 [INF] Executed DbCommand (1ms) [Parameters=[], CommandType='"Text"', CommandTimeout='30']
SELECT [d].[Id], [d].[DepartmentId], [d].[FullName], [d].[IsActive], [d].[Phone], [d].[Specialization], [d].[UserId]
FROM [Doctors] AS [d]
2026-06-28 22:21:45.573 +03:00 [INF] Executed DbCommand (1ms) [Parameters=[@p='?' (DbType = Guid)], CommandType='"Text"', CommandTimeout='30']
SELECT TOP(1) [d].[Id], [d].[Description], [d].[IsActive], [d].[Name]
FROM [Departments] AS [d]
WHERE [d].[Id] = @p
2026-06-28 22:21:45.580 +03:00 [INF] Executed DbCommand (1ms) [Parameters=[@doctorId='?' (DbType = Guid), @date='?' (DbType = Date)], CommandType='"Text"', CommandTimeout='30']
SELECT [a].[Id], [a].[AppointmentDate], [a].[CreatedAt], [a].[CreatedByReceptionistId], [a].[DoctorId], [a].[EndTime], [a].[Notes], [a].[PatientId], [a].[StartTime], [a].[Status], [a].[UpdatedAt]
FROM [Appointments] AS [a]
WHERE [a].[DoctorId] = @doctorId AND [a].[AppointmentDate] = @date
ORDER BY [a].[StartTime]
2026-06-28 22:21:45.584 +03:00 [INF] Executed DbCommand (1ms) [Parameters=[@p='?' (DbType = Guid)], CommandType='"Text"', CommandTimeout='30']
SELECT TOP(1) [p].[Id], [p].[Address], [p].[BloodType], [p].[CreatedAt], [p].[DateOfBirth], [p].[Email], [p].[FullName], [p].[Gender], [p].[NationalId], [p].[Phone], [p].[UserId]
FROM [Patients] AS [p]
WHERE [p].[Id] = @p
2026-06-28 22:21:45.605 +03:00 [INF] HTTP GET /api/doctor/schedule responded 200 in 66ms
2026-06-28 22:21:45.618 +03:00 [INF] HTTP GET /api/doctor/patients/36574f06-f0f8-4c16-83d7-073e1107da0b/medical-history responded 200 in 1369ms
2026-06-28 22:21:45.622 +03:00 [INF] HTTP GET /api/doctor/appointments/4f3adcd4-78fa-4835-b823-efc1863e7733 responded 200 in 1373ms
2026-06-28 22:21:47.667 +03:00 [INF] Executed DbCommand (1ms) [Parameters=[], CommandType='"Text"', CommandTimeout='30']
SELECT [d].[Id], [d].[DepartmentId], [d].[FullName], [d].[IsActive], [d].[Phone], [d].[Specialization], [d].[UserId]
FROM [Doctors] AS [d]
2026-06-28 22:21:47.667 +03:00 [INF] Executed DbCommand (1ms) [Parameters=[], CommandType='"Text"', CommandTimeout='30']
SELECT [d].[Id], [d].[DepartmentId], [d].[FullName], [d].[IsActive], [d].[Phone], [d].[Specialization], [d].[UserId]
FROM [Doctors] AS [d]
2026-06-28 22:21:47.673 +03:00 [INF] Executed DbCommand (2ms) [Parameters=[@p='?' (DbType = Guid)], CommandType='"Text"', CommandTimeout='30']
SELECT TOP(1) [d].[Id], [d].[Description], [d].[IsActive], [d].[Name]
FROM [Departments] AS [d]
WHERE [d].[Id] = @p
2026-06-28 22:21:47.673 +03:00 [INF] Executed DbCommand (1ms) [Parameters=[@p='?' (DbType = Guid)], CommandType='"Text"', CommandTimeout='30']
SELECT TOP(1) [d].[Id], [d].[Description], [d].[IsActive], [d].[Name]
FROM [Departments] AS [d]
WHERE [d].[Id] = @p
2026-06-28 22:21:47.682 +03:00 [INF] Executed DbCommand (3ms) [Parameters=[@doctorId='?' (DbType = Guid), @date='?' (DbType = Date)], CommandType='"Text"', CommandTimeout='30']
SELECT [a].[Id], [a].[AppointmentDate], [a].[CreatedAt], [a].[CreatedByReceptionistId], [a].[DoctorId], [a].[EndTime], [a].[Notes], [a].[PatientId], [a].[StartTime], [a].[Status], [a].[UpdatedAt]
FROM [Appointments] AS [a]
WHERE [a].[DoctorId] = @doctorId AND [a].[AppointmentDate] = @date
ORDER BY [a].[StartTime]
2026-06-28 22:21:47.682 +03:00 [INF] Executed DbCommand (1ms) [Parameters=[], CommandType='"Text"', CommandTimeout='30']
SELECT [d].[Id], [d].[AppointmentDurationMinutes], [d].[DayOfWeek], [d].[DoctorId], [d].[EndTime], [d].[IsActive], [d].[StartTime]
FROM [DoctorSchedules] AS [d]
2026-06-28 22:21:47.689 +03:00 [INF] HTTP GET /api/doctor/schedule responded 200 in 34ms
2026-06-28 22:21:47.688 +03:00 [INF] HTTP GET /api/doctor/working-hours responded 200 in 36ms
2026-06-28 22:21:47.735 +03:00 [INF] Executed DbCommand (1ms) [Parameters=[], CommandType='"Text"', CommandTimeout='30']
SELECT [d].[Id], [d].[DepartmentId], [d].[FullName], [d].[IsActive], [d].[Phone], [d].[Specialization], [d].[UserId]
FROM [Doctors] AS [d]
2026-06-28 22:21:47.739 +03:00 [INF] Executed DbCommand (1ms) [Parameters=[@p='?' (DbType = Guid)], CommandType='"Text"', CommandTimeout='30']
SELECT TOP(1) [d].[Id], [d].[Description], [d].[IsActive], [d].[Name]
FROM [Departments] AS [d]
WHERE [d].[Id] = @p
2026-06-28 22:21:47.742 +03:00 [INF] Executed DbCommand (1ms) [Parameters=[@doctorId='?' (DbType = Guid), @date='?' (DbType = Date)], CommandType='"Text"', CommandTimeout='30']
SELECT [a].[Id], [a].[AppointmentDate], [a].[CreatedAt], [a].[CreatedByReceptionistId], [a].[DoctorId], [a].[EndTime], [a].[Notes], [a].[PatientId], [a].[StartTime], [a].[Status], [a].[UpdatedAt]
FROM [Appointments] AS [a]
WHERE [a].[DoctorId] = @doctorId AND [a].[AppointmentDate] = @date
ORDER BY [a].[StartTime]
2026-06-28 22:21:47.747 +03:00 [INF] Executed DbCommand (1ms) [Parameters=[@p='?' (DbType = Guid)], CommandType='"Text"', CommandTimeout='30']
SELECT TOP(1) [p].[Id], [p].[Address], [p].[BloodType], [p].[CreatedAt], [p].[DateOfBirth], [p].[Email], [p].[FullName], [p].[Gender], [p].[NationalId], [p].[Phone], [p].[UserId]
FROM [Patients] AS [p]
WHERE [p].[Id] = @p
2026-06-28 22:21:47.748 +03:00 [INF] HTTP GET /api/doctor/schedule responded 200 in 18ms
2026-06-28 22:21:51.435 +03:00 [INF] HTTP OPTIONS /api/doctor/appointments/4f3adcd4-78fa-4835-b823-efc1863e7733 responded 204 in 0ms
2026-06-28 22:21:51.451 +03:00 [INF] Executed DbCommand (2ms) [Parameters=[], CommandType='"Text"', CommandTimeout='30']
SELECT [d].[Id], [d].[DepartmentId], [d].[FullName], [d].[IsActive], [d].[Phone], [d].[Specialization], [d].[UserId]
FROM [Doctors] AS [d]
2026-06-28 22:21:51.456 +03:00 [INF] Executed DbCommand (2ms) [Parameters=[@p='?' (DbType = Guid)], CommandType='"Text"', CommandTimeout='30']
SELECT TOP(1) [d].[Id], [d].[Description], [d].[IsActive], [d].[Name]
FROM [Departments] AS [d]
WHERE [d].[Id] = @p
2026-06-28 22:21:51.460 +03:00 [INF] Executed DbCommand (1ms) [Parameters=[@p='?' (DbType = Guid)], CommandType='"Text"', CommandTimeout='30']
SELECT TOP(1) [a].[Id], [a].[AppointmentDate], [a].[CreatedAt], [a].[CreatedByReceptionistId], [a].[DoctorId], [a].[EndTime], [a].[Notes], [a].[PatientId], [a].[StartTime], [a].[Status], [a].[UpdatedAt]
FROM [Appointments] AS [a]
WHERE [a].[Id] = @p
2026-06-28 22:21:51.464 +03:00 [INF] Executed DbCommand (1ms) [Parameters=[@p='?' (DbType = Guid)], CommandType='"Text"', CommandTimeout='30']
SELECT TOP(1) [p].[Id], [p].[Address], [p].[BloodType], [p].[CreatedAt], [p].[DateOfBirth], [p].[Email], [p].[FullName], [p].[Gender], [p].[NationalId], [p].[Phone], [p].[UserId]
FROM [Patients] AS [p]
WHERE [p].[Id] = @p
2026-06-28 22:21:51.467 +03:00 [INF] Executed DbCommand (1ms) [Parameters=[], CommandType='"Text"', CommandTimeout='30']
SELECT [c].[Id], [c].[AppointmentId], [c].[CompletedAt], [c].[Diagnosis], [c].[DoctorId], [c].[Notes], [c].[PatientId], [c].[StartedAt]
FROM [Consultations] AS [c]
2026-06-28 22:21:51.469 +03:00 [INF] HTTP GET /api/doctor/appointments/4f3adcd4-78fa-4835-b823-efc1863e7733 responded 200 in 27ms
2026-06-28 22:21:51.494 +03:00 [INF] HTTP OPTIONS /api/doctor/patients/36574f06-f0f8-4c16-83d7-073e1107da0b/medical-history responded 204 in 0ms
2026-06-28 22:21:51.507 +03:00 [INF] Executed DbCommand (1ms) [Parameters=[], CommandType='"Text"', CommandTimeout='30']
SELECT [d].[Id], [d].[DepartmentId], [d].[FullName], [d].[IsActive], [d].[Phone], [d].[Specialization], [d].[UserId]
FROM [Doctors] AS [d]
2026-06-28 22:21:51.512 +03:00 [INF] Executed DbCommand (2ms) [Parameters=[@p='?' (DbType = Guid)], CommandType='"Text"', CommandTimeout='30']
SELECT TOP(1) [d].[Id], [d].[Description], [d].[IsActive], [d].[Name]
FROM [Departments] AS [d]
WHERE [d].[Id] = @p
2026-06-28 22:21:51.515 +03:00 [INF] Executed DbCommand (1ms) [Parameters=[@p='?' (DbType = Guid)], CommandType='"Text"', CommandTimeout='30']
SELECT TOP(1) [p].[Id], [p].[Address], [p].[BloodType], [p].[CreatedAt], [p].[DateOfBirth], [p].[Email], [p].[FullName], [p].[Gender], [p].[NationalId], [p].[Phone], [p].[UserId]
FROM [Patients] AS [p]
WHERE [p].[Id] = @p
2026-06-28 22:21:51.520 +03:00 [INF] Executed DbCommand (2ms) [Parameters=[@patientId='?' (DbType = Guid)], CommandType='"Text"', CommandTimeout='30']
SELECT [a].[Id], [a].[AppointmentDate], [a].[CreatedAt], [a].[CreatedByReceptionistId], [a].[DoctorId], [a].[EndTime], [a].[Notes], [a].[PatientId], [a].[StartTime], [a].[Status], [a].[UpdatedAt]
FROM [Appointments] AS [a]
WHERE [a].[PatientId] = @patientId
ORDER BY [a].[AppointmentDate] DESC, [a].[StartTime] DESC
2026-06-28 22:21:51.524 +03:00 [INF] Executed DbCommand (1ms) [Parameters=[], CommandType='"Text"', CommandTimeout='30']
SELECT [c].[Id], [c].[AppointmentId], [c].[CompletedAt], [c].[Diagnosis], [c].[DoctorId], [c].[Notes], [c].[PatientId], [c].[StartedAt]
FROM [Consultations] AS [c]
2026-06-28 22:21:51.528 +03:00 [INF] Executed DbCommand (1ms) [Parameters=[], CommandType='"Text"', CommandTimeout='30']
SELECT [p].[Id], [p].[ConsultationId], [p].[Dosage], [p].[Duration], [p].[Frequency], [p].[MedicationName], [p].[Notes]
FROM [Prescriptions] AS [p]
2026-06-28 22:21:51.530 +03:00 [INF] Executed DbCommand (1ms) [Parameters=[], CommandType='"Text"', CommandTimeout='30']
SELECT [d].[Id], [d].[DepartmentId], [d].[FullName], [d].[IsActive], [d].[Phone], [d].[Specialization], [d].[UserId]
FROM [Doctors] AS [d]
2026-06-28 22:21:51.533 +03:00 [INF] HTTP GET /api/doctor/patients/36574f06-f0f8-4c16-83d7-073e1107da0b/medical-history responded 200 in 32ms
2026-06-28 22:23:13.663 +03:00 [INF] HTTP OPTIONS /api/doctor/appointments/4f3adcd4-78fa-4835-b823-efc1863e7733 responded 204 in 1ms
2026-06-28 22:23:13.663 +03:00 [INF] HTTP OPTIONS /api/doctor/patients/36574f06-f0f8-4c16-83d7-073e1107da0b/medical-history responded 204 in 0ms
2026-06-28 22:23:13.688 +03:00 [INF] Executed DbCommand (2ms) [Parameters=[], CommandType='"Text"', CommandTimeout='30']
SELECT [d].[Id], [d].[DepartmentId], [d].[FullName], [d].[IsActive], [d].[Phone], [d].[Specialization], [d].[UserId]
FROM [Doctors] AS [d]
2026-06-28 22:23:13.688 +03:00 [INF] Executed DbCommand (2ms) [Parameters=[], CommandType='"Text"', CommandTimeout='30']
SELECT [d].[Id], [d].[DepartmentId], [d].[FullName], [d].[IsActive], [d].[Phone], [d].[Specialization], [d].[UserId]
FROM [Doctors] AS [d]
2026-06-28 22:23:13.694 +03:00 [INF] Executed DbCommand (2ms) [Parameters=[@p='?' (DbType = Guid)], CommandType='"Text"', CommandTimeout='30']
SELECT TOP(1) [d].[Id], [d].[Description], [d].[IsActive], [d].[Name]
FROM [Departments] AS [d]
WHERE [d].[Id] = @p
2026-06-28 22:23:13.694 +03:00 [INF] Executed DbCommand (2ms) [Parameters=[@p='?' (DbType = Guid)], CommandType='"Text"', CommandTimeout='30']
SELECT TOP(1) [d].[Id], [d].[Description], [d].[IsActive], [d].[Name]
FROM [Departments] AS [d]
WHERE [d].[Id] = @p
2026-06-28 22:23:13.698 +03:00 [INF] Executed DbCommand (2ms) [Parameters=[@p='?' (DbType = Guid)], CommandType='"Text"', CommandTimeout='30']
SELECT TOP(1) [p].[Id], [p].[Address], [p].[BloodType], [p].[CreatedAt], [p].[DateOfBirth], [p].[Email], [p].[FullName], [p].[Gender], [p].[NationalId], [p].[Phone], [p].[UserId]
FROM [Patients] AS [p]
WHERE [p].[Id] = @p
2026-06-28 22:23:13.699 +03:00 [INF] Executed DbCommand (2ms) [Parameters=[@p='?' (DbType = Guid)], CommandType='"Text"', CommandTimeout='30']
SELECT TOP(1) [a].[Id], [a].[AppointmentDate], [a].[CreatedAt], [a].[CreatedByReceptionistId], [a].[DoctorId], [a].[EndTime], [a].[Notes], [a].[PatientId], [a].[StartTime], [a].[Status], [a].[UpdatedAt]
FROM [Appointments] AS [a]
WHERE [a].[Id] = @p
2026-06-28 22:23:13.703 +03:00 [INF] Executed DbCommand (2ms) [Parameters=[@p='?' (DbType = Guid)], CommandType='"Text"', CommandTimeout='30']
SELECT TOP(1) [p].[Id], [p].[Address], [p].[BloodType], [p].[CreatedAt], [p].[DateOfBirth], [p].[Email], [p].[FullName], [p].[Gender], [p].[NationalId], [p].[Phone], [p].[UserId]
FROM [Patients] AS [p]
WHERE [p].[Id] = @p
2026-06-28 22:23:13.704 +03:00 [INF] Executed DbCommand (2ms) [Parameters=[@patientId='?' (DbType = Guid)], CommandType='"Text"', CommandTimeout='30']
SELECT [a].[Id], [a].[AppointmentDate], [a].[CreatedAt], [a].[CreatedByReceptionistId], [a].[DoctorId], [a].[EndTime], [a].[Notes], [a].[PatientId], [a].[StartTime], [a].[Status], [a].[UpdatedAt]
FROM [Appointments] AS [a]
WHERE [a].[PatientId] = @patientId
ORDER BY [a].[AppointmentDate] DESC, [a].[StartTime] DESC
2026-06-28 22:23:13.707 +03:00 [INF] Executed DbCommand (2ms) [Parameters=[], CommandType='"Text"', CommandTimeout='30']
SELECT [c].[Id], [c].[AppointmentId], [c].[CompletedAt], [c].[Diagnosis], [c].[DoctorId], [c].[Notes], [c].[PatientId], [c].[StartedAt]
FROM [Consultations] AS [c]
2026-06-28 22:23:13.709 +03:00 [INF] Executed DbCommand (2ms) [Parameters=[], CommandType='"Text"', CommandTimeout='30']
SELECT [c].[Id], [c].[AppointmentId], [c].[CompletedAt], [c].[Diagnosis], [c].[DoctorId], [c].[Notes], [c].[PatientId], [c].[StartedAt]
FROM [Consultations] AS [c]
2026-06-28 22:23:13.709 +03:00 [INF] HTTP GET /api/doctor/appointments/4f3adcd4-78fa-4835-b823-efc1863e7733 responded 200 in 32ms
2026-06-28 22:23:13.713 +03:00 [INF] Executed DbCommand (1ms) [Parameters=[], CommandType='"Text"', CommandTimeout='30']
SELECT [p].[Id], [p].[ConsultationId], [p].[Dosage], [p].[Duration], [p].[Frequency], [p].[MedicationName], [p].[Notes]
FROM [Prescriptions] AS [p]
2026-06-28 22:23:13.716 +03:00 [INF] Executed DbCommand (2ms) [Parameters=[], CommandType='"Text"', CommandTimeout='30']
SELECT [d].[Id], [d].[DepartmentId], [d].[FullName], [d].[IsActive], [d].[Phone], [d].[Specialization], [d].[UserId]
FROM [Doctors] AS [d]
2026-06-28 22:23:13.717 +03:00 [INF] HTTP GET /api/doctor/patients/36574f06-f0f8-4c16-83d7-073e1107da0b/medical-history responded 200 in 39ms
2026-06-28 22:24:54.478 +03:00 [INF] HTTP OPTIONS /api/doctor/appointments/4f3adcd4-78fa-4835-b823-efc1863e7733 responded 204 in 0ms
2026-06-28 22:24:54.478 +03:00 [INF] HTTP OPTIONS /api/doctor/patients/36574f06-f0f8-4c16-83d7-073e1107da0b/medical-history responded 204 in 0ms
2026-06-28 22:24:54.500 +03:00 [INF] Executed DbCommand (2ms) [Parameters=[], CommandType='"Text"', CommandTimeout='30']
SELECT [d].[Id], [d].[DepartmentId], [d].[FullName], [d].[IsActive], [d].[Phone], [d].[Specialization], [d].[UserId]
FROM [Doctors] AS [d]
2026-06-28 22:24:54.500 +03:00 [INF] Executed DbCommand (1ms) [Parameters=[], CommandType='"Text"', CommandTimeout='30']
SELECT [d].[Id], [d].[DepartmentId], [d].[FullName], [d].[IsActive], [d].[Phone], [d].[Specialization], [d].[UserId]
FROM [Doctors] AS [d]
2026-06-28 22:24:54.505 +03:00 [INF] Executed DbCommand (1ms) [Parameters=[@p='?' (DbType = Guid)], CommandType='"Text"', CommandTimeout='30']
SELECT TOP(1) [d].[Id], [d].[Description], [d].[IsActive], [d].[Name]
FROM [Departments] AS [d]
WHERE [d].[Id] = @p
2026-06-28 22:24:54.505 +03:00 [INF] Executed DbCommand (1ms) [Parameters=[@p='?' (DbType = Guid)], CommandType='"Text"', CommandTimeout='30']
SELECT TOP(1) [d].[Id], [d].[Description], [d].[IsActive], [d].[Name]
FROM [Departments] AS [d]
WHERE [d].[Id] = @p
2026-06-28 22:24:54.508 +03:00 [INF] Executed DbCommand (1ms) [Parameters=[@p='?' (DbType = Guid)], CommandType='"Text"', CommandTimeout='30']
SELECT TOP(1) [a].[Id], [a].[AppointmentDate], [a].[CreatedAt], [a].[CreatedByReceptionistId], [a].[DoctorId], [a].[EndTime], [a].[Notes], [a].[PatientId], [a].[StartTime], [a].[Status], [a].[UpdatedAt]
FROM [Appointments] AS [a]
WHERE [a].[Id] = @p
2026-06-28 22:24:54.509 +03:00 [INF] Executed DbCommand (1ms) [Parameters=[@p='?' (DbType = Guid)], CommandType='"Text"', CommandTimeout='30']
SELECT TOP(1) [p].[Id], [p].[Address], [p].[BloodType], [p].[CreatedAt], [p].[DateOfBirth], [p].[Email], [p].[FullName], [p].[Gender], [p].[NationalId], [p].[Phone], [p].[UserId]
FROM [Patients] AS [p]
WHERE [p].[Id] = @p
2026-06-28 22:24:54.511 +03:00 [INF] Executed DbCommand (1ms) [Parameters=[@p='?' (DbType = Guid)], CommandType='"Text"', CommandTimeout='30']
SELECT TOP(1) [p].[Id], [p].[Address], [p].[BloodType], [p].[CreatedAt], [p].[DateOfBirth], [p].[Email], [p].[FullName], [p].[Gender], [p].[NationalId], [p].[Phone], [p].[UserId]
FROM [Patients] AS [p]
WHERE [p].[Id] = @p
2026-06-28 22:24:54.511 +03:00 [INF] Executed DbCommand (1ms) [Parameters=[@patientId='?' (DbType = Guid)], CommandType='"Text"', CommandTimeout='30']
SELECT [a].[Id], [a].[AppointmentDate], [a].[CreatedAt], [a].[CreatedByReceptionistId], [a].[DoctorId], [a].[EndTime], [a].[Notes], [a].[PatientId], [a].[StartTime], [a].[Status], [a].[UpdatedAt]
FROM [Appointments] AS [a]
WHERE [a].[PatientId] = @patientId
ORDER BY [a].[AppointmentDate] DESC, [a].[StartTime] DESC
2026-06-28 22:24:54.513 +03:00 [INF] Executed DbCommand (1ms) [Parameters=[], CommandType='"Text"', CommandTimeout='30']
SELECT [c].[Id], [c].[AppointmentId], [c].[CompletedAt], [c].[Diagnosis], [c].[DoctorId], [c].[Notes], [c].[PatientId], [c].[StartedAt]
FROM [Consultations] AS [c]
2026-06-28 22:24:54.513 +03:00 [INF] Executed DbCommand (1ms) [Parameters=[], CommandType='"Text"', CommandTimeout='30']
SELECT [c].[Id], [c].[AppointmentId], [c].[CompletedAt], [c].[Diagnosis], [c].[DoctorId], [c].[Notes], [c].[PatientId], [c].[StartedAt]
FROM [Consultations] AS [c]
2026-06-28 22:24:54.514 +03:00 [INF] HTTP GET /api/doctor/appointments/4f3adcd4-78fa-4835-b823-efc1863e7733 responded 200 in 23ms
2026-06-28 22:24:54.515 +03:00 [INF] Executed DbCommand (1ms) [Parameters=[], CommandType='"Text"', CommandTimeout='30']
SELECT [p].[Id], [p].[ConsultationId], [p].[Dosage], [p].[Duration], [p].[Frequency], [p].[MedicationName], [p].[Notes]
FROM [Prescriptions] AS [p]
2026-06-28 22:24:54.516 +03:00 [INF] Executed DbCommand (1ms) [Parameters=[], CommandType='"Text"', CommandTimeout='30']
SELECT [d].[Id], [d].[DepartmentId], [d].[FullName], [d].[IsActive], [d].[Phone], [d].[Specialization], [d].[UserId]
FROM [Doctors] AS [d]
2026-06-28 22:24:54.517 +03:00 [INF] HTTP GET /api/doctor/patients/36574f06-f0f8-4c16-83d7-073e1107da0b/medical-history responded 200 in 26ms
2026-06-28 22:26:30.046 +03:00 [INF] HTTP OPTIONS /api/doctor/appointments/4f3adcd4-78fa-4835-b823-efc1863e7733 responded 204 in 0ms
2026-06-28 22:26:30.047 +03:00 [INF] HTTP OPTIONS /api/doctor/patients/36574f06-f0f8-4c16-83d7-073e1107da0b/medical-history responded 204 in 0ms
2026-06-28 22:26:30.059 +03:00 [INF] Executed DbCommand (1ms) [Parameters=[], CommandType='"Text"', CommandTimeout='30']
SELECT [d].[Id], [d].[DepartmentId], [d].[FullName], [d].[IsActive], [d].[Phone], [d].[Specialization], [d].[UserId]
FROM [Doctors] AS [d]
2026-06-28 22:26:30.059 +03:00 [INF] Executed DbCommand (1ms) [Parameters=[], CommandType='"Text"', CommandTimeout='30']
SELECT [d].[Id], [d].[DepartmentId], [d].[FullName], [d].[IsActive], [d].[Phone], [d].[Specialization], [d].[UserId]
FROM [Doctors] AS [d]
2026-06-28 22:26:30.062 +03:00 [INF] Executed DbCommand (1ms) [Parameters=[@p='?' (DbType = Guid)], CommandType='"Text"', CommandTimeout='30']
SELECT TOP(1) [d].[Id], [d].[Description], [d].[IsActive], [d].[Name]
FROM [Departments] AS [d]
WHERE [d].[Id] = @p
2026-06-28 22:26:30.062 +03:00 [INF] Executed DbCommand (1ms) [Parameters=[@p='?' (DbType = Guid)], CommandType='"Text"', CommandTimeout='30']
SELECT TOP(1) [d].[Id], [d].[Description], [d].[IsActive], [d].[Name]
FROM [Departments] AS [d]
WHERE [d].[Id] = @p
2026-06-28 22:26:30.063 +03:00 [INF] Executed DbCommand (1ms) [Parameters=[@p='?' (DbType = Guid)], CommandType='"Text"', CommandTimeout='30']
SELECT TOP(1) [p].[Id], [p].[Address], [p].[BloodType], [p].[CreatedAt], [p].[DateOfBirth], [p].[Email], [p].[FullName], [p].[Gender], [p].[NationalId], [p].[Phone], [p].[UserId]
FROM [Patients] AS [p]
WHERE [p].[Id] = @p
2026-06-28 22:26:30.063 +03:00 [INF] Executed DbCommand (1ms) [Parameters=[@p='?' (DbType = Guid)], CommandType='"Text"', CommandTimeout='30']
SELECT TOP(1) [a].[Id], [a].[AppointmentDate], [a].[CreatedAt], [a].[CreatedByReceptionistId], [a].[DoctorId], [a].[EndTime], [a].[Notes], [a].[PatientId], [a].[StartTime], [a].[Status], [a].[UpdatedAt]
FROM [Appointments] AS [a]
WHERE [a].[Id] = @p
2026-06-28 22:26:30.065 +03:00 [INF] Executed DbCommand (1ms) [Parameters=[@p='?' (DbType = Guid)], CommandType='"Text"', CommandTimeout='30']
SELECT TOP(1) [p].[Id], [p].[Address], [p].[BloodType], [p].[CreatedAt], [p].[DateOfBirth], [p].[Email], [p].[FullName], [p].[Gender], [p].[NationalId], [p].[Phone], [p].[UserId]
FROM [Patients] AS [p]
WHERE [p].[Id] = @p
2026-06-28 22:26:30.065 +03:00 [INF] Executed DbCommand (1ms) [Parameters=[@patientId='?' (DbType = Guid)], CommandType='"Text"', CommandTimeout='30']
SELECT [a].[Id], [a].[AppointmentDate], [a].[CreatedAt], [a].[CreatedByReceptionistId], [a].[DoctorId], [a].[EndTime], [a].[Notes], [a].[PatientId], [a].[StartTime], [a].[Status], [a].[UpdatedAt]
FROM [Appointments] AS [a]
WHERE [a].[PatientId] = @patientId
ORDER BY [a].[AppointmentDate] DESC, [a].[StartTime] DESC
2026-06-28 22:26:30.066 +03:00 [INF] Executed DbCommand (1ms) [Parameters=[], CommandType='"Text"', CommandTimeout='30']
SELECT [c].[Id], [c].[AppointmentId], [c].[CompletedAt], [c].[Diagnosis], [c].[DoctorId], [c].[Notes], [c].[PatientId], [c].[StartedAt]
FROM [Consultations] AS [c]
2026-06-28 22:26:30.066 +03:00 [INF] Executed DbCommand (1ms) [Parameters=[], CommandType='"Text"', CommandTimeout='30']
SELECT [c].[Id], [c].[AppointmentId], [c].[CompletedAt], [c].[Diagnosis], [c].[DoctorId], [c].[Notes], [c].[PatientId], [c].[StartedAt]
FROM [Consultations] AS [c]
2026-06-28 22:26:30.067 +03:00 [INF] HTTP GET /api/doctor/appointments/4f3adcd4-78fa-4835-b823-efc1863e7733 responded 200 in 13ms
2026-06-28 22:26:30.067 +03:00 [INF] Executed DbCommand (1ms) [Parameters=[], CommandType='"Text"', CommandTimeout='30']
SELECT [p].[Id], [p].[ConsultationId], [p].[Dosage], [p].[Duration], [p].[Frequency], [p].[MedicationName], [p].[Notes]
FROM [Prescriptions] AS [p]
2026-06-28 22:26:30.068 +03:00 [INF] Executed DbCommand (1ms) [Parameters=[], CommandType='"Text"', CommandTimeout='30']
SELECT [d].[Id], [d].[DepartmentId], [d].[FullName], [d].[IsActive], [d].[Phone], [d].[Specialization], [d].[UserId]
FROM [Doctors] AS [d]
2026-06-28 22:26:30.069 +03:00 [INF] HTTP GET /api/doctor/patients/36574f06-f0f8-4c16-83d7-073e1107da0b/medical-history responded 200 in 15ms
2026-06-28 22:30:39.187 +03:00 [INF] Executed DbCommand (39ms) [Parameters=[], CommandType='"Text"', CommandTimeout='30']
SELECT 1
2026-06-28 22:30:39.248 +03:00 [INF] Acquiring an exclusive lock for migration application. See https://aka.ms/efcore-docs-migrations-lock for more information if this takes too long.
2026-06-28 22:30:39.287 +03:00 [INF] Executed DbCommand (33ms) [Parameters=[], CommandType='"Text"', CommandTimeout='30']
DECLARE @result int;
EXEC @result = sp_getapplock @Resource = '__EFMigrationsLock', @LockOwner = 'Session', @LockMode = 'Exclusive';
SELECT @result
2026-06-28 22:30:39.385 +03:00 [INF] Executed DbCommand (4ms) [Parameters=[], CommandType='"Text"', CommandTimeout='30']
IF OBJECT_ID(N'[__EFMigrationsHistory]') IS NULL
BEGIN
    CREATE TABLE [__EFMigrationsHistory] (
        [MigrationId] nvarchar(150) NOT NULL,
        [ProductVersion] nvarchar(32) NOT NULL,
        CONSTRAINT [PK___EFMigrationsHistory] PRIMARY KEY ([MigrationId])
    );
END;
2026-06-28 22:30:39.409 +03:00 [INF] Executed DbCommand (1ms) [Parameters=[], CommandType='"Text"', CommandTimeout='30']
SELECT 1
2026-06-28 22:30:39.411 +03:00 [INF] Executed DbCommand (1ms) [Parameters=[], CommandType='"Text"', CommandTimeout='30']
SELECT OBJECT_ID(N'[__EFMigrationsHistory]');
2026-06-28 22:30:39.426 +03:00 [INF] Executed DbCommand (9ms) [Parameters=[], CommandType='"Text"', CommandTimeout='30']
SELECT [MigrationId], [ProductVersion]
FROM [__EFMigrationsHistory]
ORDER BY [MigrationId];
2026-06-28 22:30:39.441 +03:00 [INF] No migrations were applied. The database is already up to date.
2026-06-28 22:30:39.446 +03:00 [INF] Executed DbCommand (3ms) [Parameters=[], CommandType='"Text"', CommandTimeout='30']
DECLARE @result int;
EXEC @result = sp_releaseapplock @Resource = '__EFMigrationsLock', @LockOwner = 'Session';
SELECT @result
2026-06-28 22:30:39.799 +03:00 [INF] Executed DbCommand (4ms) [Parameters=[], CommandType='"Text"', CommandTimeout='30']
SELECT CASE
    WHEN EXISTS (
        SELECT 1
        FROM [Users] AS [u]) THEN CAST(1 AS bit)
    ELSE CAST(0 AS bit)
END
2026-06-28 22:30:39.805 +03:00 [INF] Database already seeded. Ensuring demo accounts exist.
2026-06-28 22:30:39.901 +03:00 [INF] Executed DbCommand (2ms) [Parameters=[], CommandType='"Text"', CommandTimeout='30']
SELECT TOP(1) [u].[Id], [u].[CreatedAt], [u].[Email], [u].[IsActive], [u].[PasswordHash], [u].[Role]
FROM [Users] AS [u]
WHERE [u].[Email] = N'patient@hospital.com'
2026-06-28 22:30:40.034 +03:00 [INF] Executed DbCommand (21ms) [Parameters=[@patientUser_Id='?' (DbType = Guid)], CommandType='"Text"', CommandTimeout='30']
SELECT TOP(1) [p].[Id], [p].[Address], [p].[BloodType], [p].[CreatedAt], [p].[DateOfBirth], [p].[Email], [p].[FullName], [p].[Gender], [p].[NationalId], [p].[Phone], [p].[UserId]
FROM [Patients] AS [p]
WHERE [p].[UserId] = @patientUser_Id
2026-06-28 22:30:40.322 +03:00 [INF] Now listening on: http://localhost:5000
2026-06-28 22:30:40.322 +03:00 [INF] Application started. Press Ctrl+C to shut down.
2026-06-28 22:30:40.323 +03:00 [INF] Hosting environment: Development
2026-06-28 22:30:40.323 +03:00 [INF] Content root path: G:\DEPI\HospitalSystem.API
2026-06-28 22:37:38.282 +03:00 [INF] Executed DbCommand (37ms) [Parameters=[], CommandType='"Text"', CommandTimeout='30']
SELECT 1
2026-06-28 22:37:38.340 +03:00 [INF] Acquiring an exclusive lock for migration application. See https://aka.ms/efcore-docs-migrations-lock for more information if this takes too long.
2026-06-28 22:37:38.389 +03:00 [INF] Executed DbCommand (43ms) [Parameters=[], CommandType='"Text"', CommandTimeout='30']
DECLARE @result int;
EXEC @result = sp_getapplock @Resource = '__EFMigrationsLock', @LockOwner = 'Session', @LockMode = 'Exclusive';
SELECT @result
2026-06-28 22:37:38.535 +03:00 [INF] Executed DbCommand (2ms) [Parameters=[], CommandType='"Text"', CommandTimeout='30']
IF OBJECT_ID(N'[__EFMigrationsHistory]') IS NULL
BEGIN
    CREATE TABLE [__EFMigrationsHistory] (
        [MigrationId] nvarchar(150) NOT NULL,
        [ProductVersion] nvarchar(32) NOT NULL,
        CONSTRAINT [PK___EFMigrationsHistory] PRIMARY KEY ([MigrationId])
    );
END;
2026-06-28 22:37:38.557 +03:00 [INF] Executed DbCommand (0ms) [Parameters=[], CommandType='"Text"', CommandTimeout='30']
SELECT 1
2026-06-28 22:37:38.559 +03:00 [INF] Executed DbCommand (1ms) [Parameters=[], CommandType='"Text"', CommandTimeout='30']
SELECT OBJECT_ID(N'[__EFMigrationsHistory]');
2026-06-28 22:37:38.572 +03:00 [INF] Executed DbCommand (9ms) [Parameters=[], CommandType='"Text"', CommandTimeout='30']
SELECT [MigrationId], [ProductVersion]
FROM [__EFMigrationsHistory]
ORDER BY [MigrationId];
2026-06-28 22:37:38.587 +03:00 [INF] No migrations were applied. The database is already up to date.
2026-06-28 22:37:38.592 +03:00 [INF] Executed DbCommand (3ms) [Parameters=[], CommandType='"Text"', CommandTimeout='30']
DECLARE @result int;
EXEC @result = sp_releaseapplock @Resource = '__EFMigrationsLock', @LockOwner = 'Session';
SELECT @result
2026-06-28 22:37:38.902 +03:00 [INF] Executed DbCommand (4ms) [Parameters=[], CommandType='"Text"', CommandTimeout='30']
SELECT CASE
    WHEN EXISTS (
        SELECT 1
        FROM [Users] AS [u]) THEN CAST(1 AS bit)
    ELSE CAST(0 AS bit)
END
2026-06-28 22:37:38.907 +03:00 [INF] Database already seeded. Ensuring demo accounts exist.
2026-06-28 22:37:39.000 +03:00 [INF] Executed DbCommand (3ms) [Parameters=[], CommandType='"Text"', CommandTimeout='30']
SELECT TOP(1) [u].[Id], [u].[CreatedAt], [u].[Email], [u].[IsActive], [u].[PasswordHash], [u].[Role]
FROM [Users] AS [u]
WHERE [u].[Email] = N'patient@hospital.com'
2026-06-28 22:37:39.138 +03:00 [INF] Executed DbCommand (29ms) [Parameters=[@patientUser_Id='?' (DbType = Guid)], CommandType='"Text"', CommandTimeout='30']
SELECT TOP(1) [p].[Id], [p].[Address], [p].[BloodType], [p].[CreatedAt], [p].[DateOfBirth], [p].[Email], [p].[FullName], [p].[Gender], [p].[NationalId], [p].[Phone], [p].[UserId]
FROM [Patients] AS [p]
WHERE [p].[UserId] = @patientUser_Id
2026-06-28 22:37:39.449 +03:00 [INF] Now listening on: http://localhost:5000
2026-06-28 22:37:39.449 +03:00 [INF] Application started. Press Ctrl+C to shut down.
2026-06-28 22:37:39.450 +03:00 [INF] Hosting environment: Development
2026-06-28 22:37:39.450 +03:00 [INF] Content root path: G:\DEPI\HospitalSystem.API
2026-06-28 22:37:51.245 +03:00 [WRN] Failed to determine the https port for redirect.
2026-06-28 22:37:51.263 +03:00 [INF] HTTP OPTIONS /api/doctor/appointments/4f3adcd4-78fa-4835-b823-efc1863e7733 responded 204 in 141ms
2026-06-28 22:37:51.263 +03:00 [INF] HTTP OPTIONS /api/doctor/patients/36574f06-f0f8-4c16-83d7-073e1107da0b/medical-history responded 204 in 141ms
2026-06-28 22:37:52.025 +03:00 [INF] Executed DbCommand (16ms) [Parameters=[], CommandType='"Text"', CommandTimeout='30']
SELECT [d].[Id], [d].[DepartmentId], [d].[FullName], [d].[IsActive], [d].[Phone], [d].[Specialization], [d].[UserId]
FROM [Doctors] AS [d]
2026-06-28 22:37:52.027 +03:00 [INF] Executed DbCommand (5ms) [Parameters=[], CommandType='"Text"', CommandTimeout='30']
SELECT [d].[Id], [d].[DepartmentId], [d].[FullName], [d].[IsActive], [d].[Phone], [d].[Specialization], [d].[UserId]
FROM [Doctors] AS [d]
2026-06-28 22:37:52.276 +03:00 [INF] Executed DbCommand (15ms) [Parameters=[@p='?' (DbType = Guid)], CommandType='"Text"', CommandTimeout='30']
SELECT TOP(1) [d].[Id], [d].[Description], [d].[IsActive], [d].[Name]
FROM [Departments] AS [d]
WHERE [d].[Id] = @p
2026-06-28 22:37:52.276 +03:00 [INF] Executed DbCommand (15ms) [Parameters=[@p='?' (DbType = Guid)], CommandType='"Text"', CommandTimeout='30']
SELECT TOP(1) [d].[Id], [d].[Description], [d].[IsActive], [d].[Name]
FROM [Departments] AS [d]
WHERE [d].[Id] = @p
2026-06-28 22:37:52.383 +03:00 [INF] Executed DbCommand (5ms) [Parameters=[@p='?' (DbType = Guid)], CommandType='"Text"', CommandTimeout='30']
SELECT TOP(1) [p].[Id], [p].[Address], [p].[BloodType], [p].[CreatedAt], [p].[DateOfBirth], [p].[Email], [p].[FullName], [p].[Gender], [p].[NationalId], [p].[Phone], [p].[UserId]
FROM [Patients] AS [p]
WHERE [p].[Id] = @p
2026-06-28 22:37:52.388 +03:00 [INF] Executed DbCommand (8ms) [Parameters=[@p='?' (DbType = Guid)], CommandType='"Text"', CommandTimeout='30']
SELECT TOP(1) [a].[Id], [a].[AppointmentDate], [a].[CreatedAt], [a].[CreatedByReceptionistId], [a].[DoctorId], [a].[EndTime], [a].[Notes], [a].[PatientId], [a].[StartTime], [a].[Status], [a].[UpdatedAt]
FROM [Appointments] AS [a]
WHERE [a].[Id] = @p
2026-06-28 22:37:52.437 +03:00 [INF] Executed DbCommand (5ms) [Parameters=[@patientId='?' (DbType = Guid)], CommandType='"Text"', CommandTimeout='30']
SELECT [a].[Id], [a].[AppointmentDate], [a].[CreatedAt], [a].[CreatedByReceptionistId], [a].[DoctorId], [a].[EndTime], [a].[Notes], [a].[PatientId], [a].[StartTime], [a].[Status], [a].[UpdatedAt]
FROM [Appointments] AS [a]
WHERE [a].[PatientId] = @patientId
ORDER BY [a].[AppointmentDate] DESC, [a].[StartTime] DESC
2026-06-28 22:37:52.491 +03:00 [INF] Executed DbCommand (1ms) [Parameters=[@p='?' (DbType = Guid)], CommandType='"Text"', CommandTimeout='30']
SELECT TOP(1) [p].[Id], [p].[Address], [p].[BloodType], [p].[CreatedAt], [p].[DateOfBirth], [p].[Email], [p].[FullName], [p].[Gender], [p].[NationalId], [p].[Phone], [p].[UserId]
FROM [Patients] AS [p]
WHERE [p].[Id] = @p
2026-06-28 22:37:52.512 +03:00 [INF] Executed DbCommand (5ms) [Parameters=[], CommandType='"Text"', CommandTimeout='30']
SELECT [c].[Id], [c].[AppointmentId], [c].[CompletedAt], [c].[Diagnosis], [c].[DoctorId], [c].[Notes], [c].[PatientId], [c].[StartedAt]
FROM [Consultations] AS [c]
2026-06-28 22:37:52.512 +03:00 [INF] Executed DbCommand (5ms) [Parameters=[], CommandType='"Text"', CommandTimeout='30']
SELECT [c].[Id], [c].[AppointmentId], [c].[CompletedAt], [c].[Diagnosis], [c].[DoctorId], [c].[Notes], [c].[PatientId], [c].[StartedAt]
FROM [Consultations] AS [c]
2026-06-28 22:37:52.602 +03:00 [INF] Executed DbCommand (6ms) [Parameters=[], CommandType='"Text"', CommandTimeout='30']
SELECT [p].[Id], [p].[ConsultationId], [p].[Dosage], [p].[Duration], [p].[Frequency], [p].[MedicationName], [p].[Notes]
FROM [Prescriptions] AS [p]
2026-06-28 22:37:52.605 +03:00 [INF] Executed DbCommand (1ms) [Parameters=[], CommandType='"Text"', CommandTimeout='30']
SELECT [d].[Id], [d].[DepartmentId], [d].[FullName], [d].[IsActive], [d].[Phone], [d].[Specialization], [d].[UserId]
FROM [Doctors] AS [d]
2026-06-28 22:37:52.780 +03:00 [INF] HTTP GET /api/doctor/patients/36574f06-f0f8-4c16-83d7-073e1107da0b/medical-history responded 200 in 1481ms
2026-06-28 22:37:52.790 +03:00 [INF] HTTP GET /api/doctor/appointments/4f3adcd4-78fa-4835-b823-efc1863e7733 responded 200 in 1491ms
2026-06-28 22:37:53.566 +03:00 [INF] Executed DbCommand (1ms) [Parameters=[], CommandType='"Text"', CommandTimeout='30']
SELECT [d].[Id], [d].[DepartmentId], [d].[FullName], [d].[IsActive], [d].[Phone], [d].[Specialization], [d].[UserId]
FROM [Doctors] AS [d]
2026-06-28 22:37:53.569 +03:00 [INF] Executed DbCommand (1ms) [Parameters=[@p='?' (DbType = Guid)], CommandType='"Text"', CommandTimeout='30']
SELECT TOP(1) [d].[Id], [d].[Description], [d].[IsActive], [d].[Name]
FROM [Departments] AS [d]
WHERE [d].[Id] = @p
2026-06-28 22:37:53.572 +03:00 [INF] Executed DbCommand (1ms) [Parameters=[@p='?' (DbType = Guid)], CommandType='"Text"', CommandTimeout='30']
SELECT TOP(1) [a].[Id], [a].[AppointmentDate], [a].[CreatedAt], [a].[CreatedByReceptionistId], [a].[DoctorId], [a].[EndTime], [a].[Notes], [a].[PatientId], [a].[StartTime], [a].[Status], [a].[UpdatedAt]
FROM [Appointments] AS [a]
WHERE [a].[Id] = @p
2026-06-28 22:37:53.574 +03:00 [INF] Executed DbCommand (1ms) [Parameters=[@p='?' (DbType = Guid)], CommandType='"Text"', CommandTimeout='30']
SELECT TOP(1) [p].[Id], [p].[Address], [p].[BloodType], [p].[CreatedAt], [p].[DateOfBirth], [p].[Email], [p].[FullName], [p].[Gender], [p].[NationalId], [p].[Phone], [p].[UserId]
FROM [Patients] AS [p]
WHERE [p].[Id] = @p
2026-06-28 22:37:53.577 +03:00 [INF] Executed DbCommand (1ms) [Parameters=[], CommandType='"Text"', CommandTimeout='30']
SELECT [c].[Id], [c].[AppointmentId], [c].[CompletedAt], [c].[Diagnosis], [c].[DoctorId], [c].[Notes], [c].[PatientId], [c].[StartedAt]
FROM [Consultations] AS [c]
2026-06-28 22:37:53.578 +03:00 [INF] HTTP GET /api/doctor/appointments/4f3adcd4-78fa-4835-b823-efc1863e7733 responded 200 in 57ms
2026-06-28 22:37:53.620 +03:00 [INF] Executed DbCommand (1ms) [Parameters=[], CommandType='"Text"', CommandTimeout='30']
SELECT [d].[Id], [d].[DepartmentId], [d].[FullName], [d].[IsActive], [d].[Phone], [d].[Specialization], [d].[UserId]
FROM [Doctors] AS [d]
2026-06-28 22:37:53.623 +03:00 [INF] Executed DbCommand (1ms) [Parameters=[@p='?' (DbType = Guid)], CommandType='"Text"', CommandTimeout='30']
SELECT TOP(1) [d].[Id], [d].[Description], [d].[IsActive], [d].[Name]
FROM [Departments] AS [d]
WHERE [d].[Id] = @p
2026-06-28 22:37:53.626 +03:00 [INF] Executed DbCommand (1ms) [Parameters=[@p='?' (DbType = Guid)], CommandType='"Text"', CommandTimeout='30']
SELECT TOP(1) [p].[Id], [p].[Address], [p].[BloodType], [p].[CreatedAt], [p].[DateOfBirth], [p].[Email], [p].[FullName], [p].[Gender], [p].[NationalId], [p].[Phone], [p].[UserId]
FROM [Patients] AS [p]
WHERE [p].[Id] = @p
2026-06-28 22:37:53.630 +03:00 [INF] Executed DbCommand (1ms) [Parameters=[@patientId='?' (DbType = Guid)], CommandType='"Text"', CommandTimeout='30']
SELECT [a].[Id], [a].[AppointmentDate], [a].[CreatedAt], [a].[CreatedByReceptionistId], [a].[DoctorId], [a].[EndTime], [a].[Notes], [a].[PatientId], [a].[StartTime], [a].[Status], [a].[UpdatedAt]
FROM [Appointments] AS [a]
WHERE [a].[PatientId] = @patientId
ORDER BY [a].[AppointmentDate] DESC, [a].[StartTime] DESC
2026-06-28 22:37:53.632 +03:00 [INF] Executed DbCommand (1ms) [Parameters=[], CommandType='"Text"', CommandTimeout='30']
SELECT [c].[Id], [c].[AppointmentId], [c].[CompletedAt], [c].[Diagnosis], [c].[DoctorId], [c].[Notes], [c].[PatientId], [c].[StartedAt]
FROM [Consultations] AS [c]
2026-06-28 22:37:53.634 +03:00 [INF] Executed DbCommand (1ms) [Parameters=[], CommandType='"Text"', CommandTimeout='30']
SELECT [p].[Id], [p].[ConsultationId], [p].[Dosage], [p].[Duration], [p].[Frequency], [p].[MedicationName], [p].[Notes]
FROM [Prescriptions] AS [p]
2026-06-28 22:37:53.635 +03:00 [INF] Executed DbCommand (1ms) [Parameters=[], CommandType='"Text"', CommandTimeout='30']
SELECT [d].[Id], [d].[DepartmentId], [d].[FullName], [d].[IsActive], [d].[Phone], [d].[Specialization], [d].[UserId]
FROM [Doctors] AS [d]
2026-06-28 22:37:53.637 +03:00 [INF] HTTP GET /api/doctor/patients/36574f06-f0f8-4c16-83d7-073e1107da0b/medical-history responded 200 in 20ms
2026-06-28 22:38:43.250 +03:00 [INF] HTTP OPTIONS /api/doctor/patients/36574f06-f0f8-4c16-83d7-073e1107da0b/medical-history responded 204 in 1ms
2026-06-28 22:38:43.250 +03:00 [INF] HTTP OPTIONS /api/doctor/appointments/4f3adcd4-78fa-4835-b823-efc1863e7733 responded 204 in 0ms
2026-06-28 22:38:43.285 +03:00 [INF] Executed DbCommand (1ms) [Parameters=[], CommandType='"Text"', CommandTimeout='30']
SELECT [d].[Id], [d].[DepartmentId], [d].[FullName], [d].[IsActive], [d].[Phone], [d].[Specialization], [d].[UserId]
FROM [Doctors] AS [d]
2026-06-28 22:38:43.285 +03:00 [INF] Executed DbCommand (1ms) [Parameters=[], CommandType='"Text"', CommandTimeout='30']
SELECT [d].[Id], [d].[DepartmentId], [d].[FullName], [d].[IsActive], [d].[Phone], [d].[Specialization], [d].[UserId]
FROM [Doctors] AS [d]
2026-06-28 22:38:43.289 +03:00 [INF] Executed DbCommand (1ms) [Parameters=[@p='?' (DbType = Guid)], CommandType='"Text"', CommandTimeout='30']
SELECT TOP(1) [d].[Id], [d].[Description], [d].[IsActive], [d].[Name]
FROM [Departments] AS [d]
WHERE [d].[Id] = @p
2026-06-28 22:38:43.290 +03:00 [INF] Executed DbCommand (2ms) [Parameters=[@p='?' (DbType = Guid)], CommandType='"Text"', CommandTimeout='30']
SELECT TOP(1) [d].[Id], [d].[Description], [d].[IsActive], [d].[Name]
FROM [Departments] AS [d]
WHERE [d].[Id] = @p
2026-06-28 22:38:43.293 +03:00 [INF] Executed DbCommand (1ms) [Parameters=[@p='?' (DbType = Guid)], CommandType='"Text"', CommandTimeout='30']
SELECT TOP(1) [a].[Id], [a].[AppointmentDate], [a].[CreatedAt], [a].[CreatedByReceptionistId], [a].[DoctorId], [a].[EndTime], [a].[Notes], [a].[PatientId], [a].[StartTime], [a].[Status], [a].[UpdatedAt]
FROM [Appointments] AS [a]
WHERE [a].[Id] = @p
2026-06-28 22:38:43.293 +03:00 [INF] Executed DbCommand (1ms) [Parameters=[@p='?' (DbType = Guid)], CommandType='"Text"', CommandTimeout='30']
SELECT TOP(1) [p].[Id], [p].[Address], [p].[BloodType], [p].[CreatedAt], [p].[DateOfBirth], [p].[Email], [p].[FullName], [p].[Gender], [p].[NationalId], [p].[Phone], [p].[UserId]
FROM [Patients] AS [p]
WHERE [p].[Id] = @p
2026-06-28 22:38:43.297 +03:00 [INF] Executed DbCommand (2ms) [Parameters=[@p='?' (DbType = Guid)], CommandType='"Text"', CommandTimeout='30']
SELECT TOP(1) [p].[Id], [p].[Address], [p].[BloodType], [p].[CreatedAt], [p].[DateOfBirth], [p].[Email], [p].[FullName], [p].[Gender], [p].[NationalId], [p].[Phone], [p].[UserId]
FROM [Patients] AS [p]
WHERE [p].[Id] = @p
2026-06-28 22:38:43.297 +03:00 [INF] Executed DbCommand (2ms) [Parameters=[@patientId='?' (DbType = Guid)], CommandType='"Text"', CommandTimeout='30']
SELECT [a].[Id], [a].[AppointmentDate], [a].[CreatedAt], [a].[CreatedByReceptionistId], [a].[DoctorId], [a].[EndTime], [a].[Notes], [a].[PatientId], [a].[StartTime], [a].[Status], [a].[UpdatedAt]
FROM [Appointments] AS [a]
WHERE [a].[PatientId] = @patientId
ORDER BY [a].[AppointmentDate] DESC, [a].[StartTime] DESC
2026-06-28 22:38:43.299 +03:00 [INF] Executed DbCommand (1ms) [Parameters=[], CommandType='"Text"', CommandTimeout='30']
SELECT [c].[Id], [c].[AppointmentId], [c].[CompletedAt], [c].[Diagnosis], [c].[DoctorId], [c].[Notes], [c].[PatientId], [c].[StartedAt]
FROM [Consultations] AS [c]
2026-06-28 22:38:43.299 +03:00 [INF] Executed DbCommand (1ms) [Parameters=[], CommandType='"Text"', CommandTimeout='30']
SELECT [c].[Id], [c].[AppointmentId], [c].[CompletedAt], [c].[Diagnosis], [c].[DoctorId], [c].[Notes], [c].[PatientId], [c].[StartedAt]
FROM [Consultations] AS [c]
2026-06-28 22:38:43.301 +03:00 [INF] HTTP GET /api/doctor/appointments/4f3adcd4-78fa-4835-b823-efc1863e7733 responded 200 in 29ms
2026-06-28 22:38:43.302 +03:00 [INF] Executed DbCommand (1ms) [Parameters=[], CommandType='"Text"', CommandTimeout='30']
SELECT [p].[Id], [p].[ConsultationId], [p].[Dosage], [p].[Duration], [p].[Frequency], [p].[MedicationName], [p].[Notes]
FROM [Prescriptions] AS [p]
2026-06-28 22:38:43.305 +03:00 [INF] Executed DbCommand (1ms) [Parameters=[], CommandType='"Text"', CommandTimeout='30']
SELECT [d].[Id], [d].[DepartmentId], [d].[FullName], [d].[IsActive], [d].[Phone], [d].[Specialization], [d].[UserId]
FROM [Doctors] AS [d]
2026-06-28 22:38:43.305 +03:00 [INF] HTTP GET /api/doctor/patients/36574f06-f0f8-4c16-83d7-073e1107da0b/medical-history responded 200 in 35ms
2026-06-28 22:40:02.166 +03:00 [INF] HTTP OPTIONS /api/doctor/appointments/4f3adcd4-78fa-4835-b823-efc1863e7733 responded 204 in 0ms
2026-06-28 22:40:02.174 +03:00 [INF] HTTP OPTIONS /api/doctor/patients/36574f06-f0f8-4c16-83d7-073e1107da0b/medical-history responded 204 in 1ms
2026-06-28 22:40:02.190 +03:00 [INF] Executed DbCommand (2ms) [Parameters=[], CommandType='"Text"', CommandTimeout='30']
SELECT [d].[Id], [d].[DepartmentId], [d].[FullName], [d].[IsActive], [d].[Phone], [d].[Specialization], [d].[UserId]
FROM [Doctors] AS [d]
2026-06-28 22:40:02.190 +03:00 [INF] Executed DbCommand (1ms) [Parameters=[], CommandType='"Text"', CommandTimeout='30']
SELECT [d].[Id], [d].[DepartmentId], [d].[FullName], [d].[IsActive], [d].[Phone], [d].[Specialization], [d].[UserId]
FROM [Doctors] AS [d]
2026-06-28 22:40:02.193 +03:00 [INF] Executed DbCommand (1ms) [Parameters=[@p='?' (DbType = Guid)], CommandType='"Text"', CommandTimeout='30']
SELECT TOP(1) [d].[Id], [d].[Description], [d].[IsActive], [d].[Name]
FROM [Departments] AS [d]
WHERE [d].[Id] = @p
2026-06-28 22:40:02.193 +03:00 [INF] Executed DbCommand (1ms) [Parameters=[@p='?' (DbType = Guid)], CommandType='"Text"', CommandTimeout='30']
SELECT TOP(1) [d].[Id], [d].[Description], [d].[IsActive], [d].[Name]
FROM [Departments] AS [d]
WHERE [d].[Id] = @p
2026-06-28 22:40:02.195 +03:00 [INF] Executed DbCommand (1ms) [Parameters=[@p='?' (DbType = Guid)], CommandType='"Text"', CommandTimeout='30']
SELECT TOP(1) [a].[Id], [a].[AppointmentDate], [a].[CreatedAt], [a].[CreatedByReceptionistId], [a].[DoctorId], [a].[EndTime], [a].[Notes], [a].[PatientId], [a].[StartTime], [a].[Status], [a].[UpdatedAt]
FROM [Appointments] AS [a]
WHERE [a].[Id] = @p
2026-06-28 22:40:02.195 +03:00 [INF] Executed DbCommand (1ms) [Parameters=[@p='?' (DbType = Guid)], CommandType='"Text"', CommandTimeout='30']
SELECT TOP(1) [p].[Id], [p].[Address], [p].[BloodType], [p].[CreatedAt], [p].[DateOfBirth], [p].[Email], [p].[FullName], [p].[Gender], [p].[NationalId], [p].[Phone], [p].[UserId]
FROM [Patients] AS [p]
WHERE [p].[Id] = @p
2026-06-28 22:40:02.198 +03:00 [INF] Executed DbCommand (1ms) [Parameters=[@p='?' (DbType = Guid)], CommandType='"Text"', CommandTimeout='30']
SELECT TOP(1) [p].[Id], [p].[Address], [p].[BloodType], [p].[CreatedAt], [p].[DateOfBirth], [p].[Email], [p].[FullName], [p].[Gender], [p].[NationalId], [p].[Phone], [p].[UserId]
FROM [Patients] AS [p]
WHERE [p].[Id] = @p
2026-06-28 22:40:02.198 +03:00 [INF] Executed DbCommand (1ms) [Parameters=[@patientId='?' (DbType = Guid)], CommandType='"Text"', CommandTimeout='30']
SELECT [a].[Id], [a].[AppointmentDate], [a].[CreatedAt], [a].[CreatedByReceptionistId], [a].[DoctorId], [a].[EndTime], [a].[Notes], [a].[PatientId], [a].[StartTime], [a].[Status], [a].[UpdatedAt]
FROM [Appointments] AS [a]
WHERE [a].[PatientId] = @patientId
ORDER BY [a].[AppointmentDate] DESC, [a].[StartTime] DESC
2026-06-28 22:40:02.200 +03:00 [INF] Executed DbCommand (1ms) [Parameters=[], CommandType='"Text"', CommandTimeout='30']
SELECT [c].[Id], [c].[AppointmentId], [c].[CompletedAt], [c].[Diagnosis], [c].[DoctorId], [c].[Notes], [c].[PatientId], [c].[StartedAt]
FROM [Consultations] AS [c]
2026-06-28 22:40:02.200 +03:00 [INF] Executed DbCommand (1ms) [Parameters=[], CommandType='"Text"', CommandTimeout='30']
SELECT [c].[Id], [c].[AppointmentId], [c].[CompletedAt], [c].[Diagnosis], [c].[DoctorId], [c].[Notes], [c].[PatientId], [c].[StartedAt]
FROM [Consultations] AS [c]
2026-06-28 22:40:02.201 +03:00 [INF] HTTP GET /api/doctor/appointments/4f3adcd4-78fa-4835-b823-efc1863e7733 responded 200 in 20ms
2026-06-28 22:40:02.202 +03:00 [INF] Executed DbCommand (1ms) [Parameters=[], CommandType='"Text"', CommandTimeout='30']
SELECT [p].[Id], [p].[ConsultationId], [p].[Dosage], [p].[Duration], [p].[Frequency], [p].[MedicationName], [p].[Notes]
FROM [Prescriptions] AS [p]
2026-06-28 22:40:02.204 +03:00 [INF] Executed DbCommand (1ms) [Parameters=[], CommandType='"Text"', CommandTimeout='30']
SELECT [d].[Id], [d].[DepartmentId], [d].[FullName], [d].[IsActive], [d].[Phone], [d].[Specialization], [d].[UserId]
FROM [Doctors] AS [d]
2026-06-28 22:40:02.205 +03:00 [INF] HTTP GET /api/doctor/patients/36574f06-f0f8-4c16-83d7-073e1107da0b/medical-history responded 200 in 22ms
2026-06-28 22:42:41.652 +03:00 [INF] HTTP OPTIONS /api/doctor/appointments/4f3adcd4-78fa-4835-b823-efc1863e7733 responded 204 in 0ms
2026-06-28 22:42:41.653 +03:00 [INF] HTTP OPTIONS /api/doctor/patients/36574f06-f0f8-4c16-83d7-073e1107da0b/medical-history responded 204 in 0ms
2026-06-28 22:42:41.673 +03:00 [INF] Executed DbCommand (1ms) [Parameters=[], CommandType='"Text"', CommandTimeout='30']
SELECT [d].[Id], [d].[DepartmentId], [d].[FullName], [d].[IsActive], [d].[Phone], [d].[Specialization], [d].[UserId]
FROM [Doctors] AS [d]
2026-06-28 22:42:41.673 +03:00 [INF] Executed DbCommand (1ms) [Parameters=[], CommandType='"Text"', CommandTimeout='30']
SELECT [d].[Id], [d].[DepartmentId], [d].[FullName], [d].[IsActive], [d].[Phone], [d].[Specialization], [d].[UserId]
FROM [Doctors] AS [d]
2026-06-28 22:42:41.675 +03:00 [INF] Executed DbCommand (1ms) [Parameters=[@p='?' (DbType = Guid)], CommandType='"Text"', CommandTimeout='30']
SELECT TOP(1) [d].[Id], [d].[Description], [d].[IsActive], [d].[Name]
FROM [Departments] AS [d]
WHERE [d].[Id] = @p
2026-06-28 22:42:41.675 +03:00 [INF] Executed DbCommand (1ms) [Parameters=[@p='?' (DbType = Guid)], CommandType='"Text"', CommandTimeout='30']
SELECT TOP(1) [d].[Id], [d].[Description], [d].[IsActive], [d].[Name]
FROM [Departments] AS [d]
WHERE [d].[Id] = @p
2026-06-28 22:42:41.677 +03:00 [INF] Executed DbCommand (1ms) [Parameters=[@p='?' (DbType = Guid)], CommandType='"Text"', CommandTimeout='30']
SELECT TOP(1) [p].[Id], [p].[Address], [p].[BloodType], [p].[CreatedAt], [p].[DateOfBirth], [p].[Email], [p].[FullName], [p].[Gender], [p].[NationalId], [p].[Phone], [p].[UserId]
FROM [Patients] AS [p]
WHERE [p].[Id] = @p
2026-06-28 22:42:41.677 +03:00 [INF] Executed DbCommand (1ms) [Parameters=[@p='?' (DbType = Guid)], CommandType='"Text"', CommandTimeout='30']
SELECT TOP(1) [a].[Id], [a].[AppointmentDate], [a].[CreatedAt], [a].[CreatedByReceptionistId], [a].[DoctorId], [a].[EndTime], [a].[Notes], [a].[PatientId], [a].[StartTime], [a].[Status], [a].[UpdatedAt]
FROM [Appointments] AS [a]
WHERE [a].[Id] = @p
2026-06-28 22:42:41.679 +03:00 [INF] Executed DbCommand (1ms) [Parameters=[@p='?' (DbType = Guid)], CommandType='"Text"', CommandTimeout='30']
SELECT TOP(1) [p].[Id], [p].[Address], [p].[BloodType], [p].[CreatedAt], [p].[DateOfBirth], [p].[Email], [p].[FullName], [p].[Gender], [p].[NationalId], [p].[Phone], [p].[UserId]
FROM [Patients] AS [p]
WHERE [p].[Id] = @p
2026-06-28 22:42:41.679 +03:00 [INF] Executed DbCommand (1ms) [Parameters=[@patientId='?' (DbType = Guid)], CommandType='"Text"', CommandTimeout='30']
SELECT [a].[Id], [a].[AppointmentDate], [a].[CreatedAt], [a].[CreatedByReceptionistId], [a].[DoctorId], [a].[EndTime], [a].[Notes], [a].[PatientId], [a].[StartTime], [a].[Status], [a].[UpdatedAt]
FROM [Appointments] AS [a]
WHERE [a].[PatientId] = @patientId
ORDER BY [a].[AppointmentDate] DESC, [a].[StartTime] DESC
2026-06-28 22:42:41.681 +03:00 [INF] Executed DbCommand (1ms) [Parameters=[], CommandType='"Text"', CommandTimeout='30']
SELECT [c].[Id], [c].[AppointmentId], [c].[CompletedAt], [c].[Diagnosis], [c].[DoctorId], [c].[Notes], [c].[PatientId], [c].[StartedAt]
FROM [Consultations] AS [c]
2026-06-28 22:42:41.681 +03:00 [INF] Executed DbCommand (1ms) [Parameters=[], CommandType='"Text"', CommandTimeout='30']
SELECT [c].[Id], [c].[AppointmentId], [c].[CompletedAt], [c].[Diagnosis], [c].[DoctorId], [c].[Notes], [c].[PatientId], [c].[StartedAt]
FROM [Consultations] AS [c]
2026-06-28 22:42:41.682 +03:00 [INF] HTTP GET /api/doctor/appointments/4f3adcd4-78fa-4835-b823-efc1863e7733 responded 200 in 14ms
2026-06-28 22:42:41.682 +03:00 [INF] Executed DbCommand (1ms) [Parameters=[], CommandType='"Text"', CommandTimeout='30']
SELECT [p].[Id], [p].[ConsultationId], [p].[Dosage], [p].[Duration], [p].[Frequency], [p].[MedicationName], [p].[Notes]
FROM [Prescriptions] AS [p]
2026-06-28 22:42:41.683 +03:00 [INF] Executed DbCommand (1ms) [Parameters=[], CommandType='"Text"', CommandTimeout='30']
SELECT [d].[Id], [d].[DepartmentId], [d].[FullName], [d].[IsActive], [d].[Phone], [d].[Specialization], [d].[UserId]
FROM [Doctors] AS [d]
2026-06-28 22:42:41.684 +03:00 [INF] HTTP GET /api/doctor/patients/36574f06-f0f8-4c16-83d7-073e1107da0b/medical-history responded 200 in 16ms
2026-06-28 22:42:44.086 +03:00 [INF] Executed DbCommand (1ms) [Parameters=[], CommandType='"Text"', CommandTimeout='30']
SELECT [d].[Id], [d].[DepartmentId], [d].[FullName], [d].[IsActive], [d].[Phone], [d].[Specialization], [d].[UserId]
FROM [Doctors] AS [d]
2026-06-28 22:42:44.088 +03:00 [INF] Executed DbCommand (1ms) [Parameters=[@p='?' (DbType = Guid)], CommandType='"Text"', CommandTimeout='30']
SELECT TOP(1) [d].[Id], [d].[Description], [d].[IsActive], [d].[Name]
FROM [Departments] AS [d]
WHERE [d].[Id] = @p
2026-06-28 22:42:44.090 +03:00 [INF] Executed DbCommand (1ms) [Parameters=[@p='?' (DbType = Guid)], CommandType='"Text"', CommandTimeout='30']
SELECT TOP(1) [a].[Id], [a].[AppointmentDate], [a].[CreatedAt], [a].[CreatedByReceptionistId], [a].[DoctorId], [a].[EndTime], [a].[Notes], [a].[PatientId], [a].[StartTime], [a].[Status], [a].[UpdatedAt]
FROM [Appointments] AS [a]
WHERE [a].[Id] = @p
2026-06-28 22:42:44.092 +03:00 [INF] Executed DbCommand (1ms) [Parameters=[@p='?' (DbType = Guid)], CommandType='"Text"', CommandTimeout='30']
SELECT TOP(1) [p].[Id], [p].[Address], [p].[BloodType], [p].[CreatedAt], [p].[DateOfBirth], [p].[Email], [p].[FullName], [p].[Gender], [p].[NationalId], [p].[Phone], [p].[UserId]
FROM [Patients] AS [p]
WHERE [p].[Id] = @p
2026-06-28 22:42:44.094 +03:00 [INF] Executed DbCommand (1ms) [Parameters=[], CommandType='"Text"', CommandTimeout='30']
SELECT [c].[Id], [c].[AppointmentId], [c].[CompletedAt], [c].[Diagnosis], [c].[DoctorId], [c].[Notes], [c].[PatientId], [c].[StartedAt]
FROM [Consultations] AS [c]
2026-06-28 22:42:44.095 +03:00 [INF] HTTP GET /api/doctor/appointments/4f3adcd4-78fa-4835-b823-efc1863e7733 responded 200 in 12ms
2026-06-28 22:42:44.115 +03:00 [INF] Executed DbCommand (1ms) [Parameters=[], CommandType='"Text"', CommandTimeout='30']
SELECT [d].[Id], [d].[DepartmentId], [d].[FullName], [d].[IsActive], [d].[Phone], [d].[Specialization], [d].[UserId]
FROM [Doctors] AS [d]
2026-06-28 22:42:44.118 +03:00 [INF] Executed DbCommand (2ms) [Parameters=[@p='?' (DbType = Guid)], CommandType='"Text"', CommandTimeout='30']
SELECT TOP(1) [d].[Id], [d].[Description], [d].[IsActive], [d].[Name]
FROM [Departments] AS [d]
WHERE [d].[Id] = @p
2026-06-28 22:42:44.123 +03:00 [INF] Executed DbCommand (2ms) [Parameters=[@p='?' (DbType = Guid)], CommandType='"Text"', CommandTimeout='30']
SELECT TOP(1) [p].[Id], [p].[Address], [p].[BloodType], [p].[CreatedAt], [p].[DateOfBirth], [p].[Email], [p].[FullName], [p].[Gender], [p].[NationalId], [p].[Phone], [p].[UserId]
FROM [Patients] AS [p]
WHERE [p].[Id] = @p
2026-06-28 22:42:44.129 +03:00 [INF] Executed DbCommand (3ms) [Parameters=[@patientId='?' (DbType = Guid)], CommandType='"Text"', CommandTimeout='30']
SELECT [a].[Id], [a].[AppointmentDate], [a].[CreatedAt], [a].[CreatedByReceptionistId], [a].[DoctorId], [a].[EndTime], [a].[Notes], [a].[PatientId], [a].[StartTime], [a].[Status], [a].[UpdatedAt]
FROM [Appointments] AS [a]
WHERE [a].[PatientId] = @patientId
ORDER BY [a].[AppointmentDate] DESC, [a].[StartTime] DESC
2026-06-28 22:42:44.131 +03:00 [INF] Executed DbCommand (1ms) [Parameters=[], CommandType='"Text"', CommandTimeout='30']
SELECT [c].[Id], [c].[AppointmentId], [c].[CompletedAt], [c].[Diagnosis], [c].[DoctorId], [c].[Notes], [c].[PatientId], [c].[StartedAt]
FROM [Consultations] AS [c]
2026-06-28 22:42:44.132 +03:00 [INF] Executed DbCommand (1ms) [Parameters=[], CommandType='"Text"', CommandTimeout='30']
SELECT [p].[Id], [p].[ConsultationId], [p].[Dosage], [p].[Duration], [p].[Frequency], [p].[MedicationName], [p].[Notes]
FROM [Prescriptions] AS [p]
2026-06-28 22:42:44.134 +03:00 [INF] Executed DbCommand (1ms) [Parameters=[], CommandType='"Text"', CommandTimeout='30']
SELECT [d].[Id], [d].[DepartmentId], [d].[FullName], [d].[IsActive], [d].[Phone], [d].[Specialization], [d].[UserId]
FROM [Doctors] AS [d]
2026-06-28 22:42:44.134 +03:00 [INF] HTTP GET /api/doctor/patients/36574f06-f0f8-4c16-83d7-073e1107da0b/medical-history responded 200 in 22ms
2026-06-28 22:42:45.669 +03:00 [INF] HTTP OPTIONS /api/doctor/working-hours responded 204 in 0ms
2026-06-28 22:42:45.669 +03:00 [INF] HTTP OPTIONS /api/doctor/schedule responded 204 in 0ms
2026-06-28 22:42:45.690 +03:00 [INF] Executed DbCommand (1ms) [Parameters=[], CommandType='"Text"', CommandTimeout='30']
SELECT [d].[Id], [d].[DepartmentId], [d].[FullName], [d].[IsActive], [d].[Phone], [d].[Specialization], [d].[UserId]
FROM [Doctors] AS [d]
2026-06-28 22:42:45.690 +03:00 [INF] Executed DbCommand (0ms) [Parameters=[], CommandType='"Text"', CommandTimeout='30']
SELECT [d].[Id], [d].[DepartmentId], [d].[FullName], [d].[IsActive], [d].[Phone], [d].[Specialization], [d].[UserId]
FROM [Doctors] AS [d]
2026-06-28 22:42:45.691 +03:00 [INF] Executed DbCommand (1ms) [Parameters=[@p='?' (DbType = Guid)], CommandType='"Text"', CommandTimeout='30']
SELECT TOP(1) [d].[Id], [d].[Description], [d].[IsActive], [d].[Name]
FROM [Departments] AS [d]
WHERE [d].[Id] = @p
2026-06-28 22:42:45.691 +03:00 [INF] Executed DbCommand (0ms) [Parameters=[@p='?' (DbType = Guid)], CommandType='"Text"', CommandTimeout='30']
SELECT TOP(1) [d].[Id], [d].[Description], [d].[IsActive], [d].[Name]
FROM [Departments] AS [d]
WHERE [d].[Id] = @p
2026-06-28 22:42:45.723 +03:00 [INF] Executed DbCommand (12ms) [Parameters=[], CommandType='"Text"', CommandTimeout='30']
SELECT [d].[Id], [d].[AppointmentDurationMinutes], [d].[DayOfWeek], [d].[DoctorId], [d].[EndTime], [d].[IsActive], [d].[StartTime]
FROM [DoctorSchedules] AS [d]
2026-06-28 22:42:45.723 +03:00 [INF] Executed DbCommand (8ms) [Parameters=[@doctorId='?' (DbType = Guid), @date='?' (DbType = Date)], CommandType='"Text"', CommandTimeout='30']
SELECT [a].[Id], [a].[AppointmentDate], [a].[CreatedAt], [a].[CreatedByReceptionistId], [a].[DoctorId], [a].[EndTime], [a].[Notes], [a].[PatientId], [a].[StartTime], [a].[Status], [a].[UpdatedAt]
FROM [Appointments] AS [a]
WHERE [a].[DoctorId] = @doctorId AND [a].[AppointmentDate] = @date
ORDER BY [a].[StartTime]
2026-06-28 22:42:45.736 +03:00 [INF] HTTP GET /api/doctor/schedule responded 200 in 63ms
2026-06-28 22:42:45.815 +03:00 [INF] HTTP GET /api/doctor/working-hours responded 200 in 142ms
2026-06-28 22:42:45.841 +03:00 [INF] HTTP OPTIONS /api/doctor/schedule responded 204 in 0ms
2026-06-28 22:42:45.848 +03:00 [INF] Executed DbCommand (1ms) [Parameters=[], CommandType='"Text"', CommandTimeout='30']
SELECT [d].[Id], [d].[DepartmentId], [d].[FullName], [d].[IsActive], [d].[Phone], [d].[Specialization], [d].[UserId]
FROM [Doctors] AS [d]
2026-06-28 22:42:45.849 +03:00 [INF] Executed DbCommand (1ms) [Parameters=[@p='?' (DbType = Guid)], CommandType='"Text"', CommandTimeout='30']
SELECT TOP(1) [d].[Id], [d].[Description], [d].[IsActive], [d].[Name]
FROM [Departments] AS [d]
WHERE [d].[Id] = @p
2026-06-28 22:42:45.851 +03:00 [INF] Executed DbCommand (1ms) [Parameters=[@doctorId='?' (DbType = Guid), @date='?' (DbType = Date)], CommandType='"Text"', CommandTimeout='30']
SELECT [a].[Id], [a].[AppointmentDate], [a].[CreatedAt], [a].[CreatedByReceptionistId], [a].[DoctorId], [a].[EndTime], [a].[Notes], [a].[PatientId], [a].[StartTime], [a].[Status], [a].[UpdatedAt]
FROM [Appointments] AS [a]
WHERE [a].[DoctorId] = @doctorId AND [a].[AppointmentDate] = @date
ORDER BY [a].[StartTime]
2026-06-28 22:42:45.853 +03:00 [INF] Executed DbCommand (1ms) [Parameters=[@p='?' (DbType = Guid)], CommandType='"Text"', CommandTimeout='30']
SELECT TOP(1) [p].[Id], [p].[Address], [p].[BloodType], [p].[CreatedAt], [p].[DateOfBirth], [p].[Email], [p].[FullName], [p].[Gender], [p].[NationalId], [p].[Phone], [p].[UserId]
FROM [Patients] AS [p]
WHERE [p].[Id] = @p
2026-06-28 22:42:45.854 +03:00 [INF] HTTP GET /api/doctor/schedule responded 200 in 9ms
2026-06-28 22:42:53.033 +03:00 [INF] HTTP OPTIONS /api/auth/login responded 204 in 0ms
2026-06-28 22:42:53.135 +03:00 [INF] Executed DbCommand (2ms) [Parameters=[], CommandType='"Text"', CommandTimeout='30']
SELECT [u].[Id], [u].[CreatedAt], [u].[Email], [u].[IsActive], [u].[PasswordHash], [u].[Role]
FROM [Users] AS [u]
2026-06-28 22:42:53.849 +03:00 [INF] HTTP POST /api/auth/login responded 200 in 806ms
2026-06-28 22:42:53.872 +03:00 [INF] HTTP OPTIONS /api/patients responded 204 in 0ms
2026-06-28 22:42:53.905 +03:00 [INF] Executed DbCommand (2ms) [Parameters=[], CommandType='"Text"', CommandTimeout='30']
SELECT [p].[Id], [p].[Address], [p].[BloodType], [p].[CreatedAt], [p].[DateOfBirth], [p].[Email], [p].[FullName], [p].[Gender], [p].[NationalId], [p].[Phone], [p].[UserId]
FROM [Patients] AS [p]
2026-06-28 22:42:53.916 +03:00 [INF] HTTP GET /api/patients responded 200 in 41ms
2026-06-28 22:43:21.161 +03:00 [INF] HTTP OPTIONS /api/departments responded 204 in 0ms
2026-06-28 22:43:21.163 +03:00 [INF] HTTP OPTIONS /api/patients responded 204 in 0ms
2026-06-28 22:43:21.186 +03:00 [INF] Executed DbCommand (1ms) [Parameters=[], CommandType='"Text"', CommandTimeout='30']
SELECT [p].[Id], [p].[Address], [p].[BloodType], [p].[CreatedAt], [p].[DateOfBirth], [p].[Email], [p].[FullName], [p].[Gender], [p].[NationalId], [p].[Phone], [p].[UserId]
FROM [Patients] AS [p]
2026-06-28 22:43:21.188 +03:00 [INF] HTTP GET /api/patients responded 200 in 8ms
2026-06-28 22:43:21.254 +03:00 [INF] Executed DbCommand (3ms) [Parameters=[], CommandType='"Text"', CommandTimeout='30']
SELECT [d].[Id], [d].[Description], [d].[IsActive], [d].[Name]
FROM [Departments] AS [d]
2026-06-28 22:43:21.275 +03:00 [INF] HTTP GET /api/departments responded 200 in 101ms
2026-06-28 22:49:37.567 +03:00 [INF] Executed DbCommand (38ms) [Parameters=[], CommandType='"Text"', CommandTimeout='30']
SELECT 1
2026-06-28 22:49:37.627 +03:00 [INF] Acquiring an exclusive lock for migration application. See https://aka.ms/efcore-docs-migrations-lock for more information if this takes too long.
2026-06-28 22:49:37.672 +03:00 [INF] Executed DbCommand (39ms) [Parameters=[], CommandType='"Text"', CommandTimeout='30']
DECLARE @result int;
EXEC @result = sp_getapplock @Resource = '__EFMigrationsLock', @LockOwner = 'Session', @LockMode = 'Exclusive';
SELECT @result
2026-06-28 22:49:37.766 +03:00 [INF] Executed DbCommand (2ms) [Parameters=[], CommandType='"Text"', CommandTimeout='30']
IF OBJECT_ID(N'[__EFMigrationsHistory]') IS NULL
BEGIN
    CREATE TABLE [__EFMigrationsHistory] (
        [MigrationId] nvarchar(150) NOT NULL,
        [ProductVersion] nvarchar(32) NOT NULL,
        CONSTRAINT [PK___EFMigrationsHistory] PRIMARY KEY ([MigrationId])
    );
END;
2026-06-28 22:49:37.791 +03:00 [INF] Executed DbCommand (1ms) [Parameters=[], CommandType='"Text"', CommandTimeout='30']
SELECT 1
2026-06-28 22:49:37.793 +03:00 [INF] Executed DbCommand (1ms) [Parameters=[], CommandType='"Text"', CommandTimeout='30']
SELECT OBJECT_ID(N'[__EFMigrationsHistory]');
2026-06-28 22:49:37.806 +03:00 [INF] Executed DbCommand (9ms) [Parameters=[], CommandType='"Text"', CommandTimeout='30']
SELECT [MigrationId], [ProductVersion]
FROM [__EFMigrationsHistory]
ORDER BY [MigrationId];
2026-06-28 22:49:37.822 +03:00 [INF] No migrations were applied. The database is already up to date.
2026-06-28 22:49:37.827 +03:00 [INF] Executed DbCommand (3ms) [Parameters=[], CommandType='"Text"', CommandTimeout='30']
DECLARE @result int;
EXEC @result = sp_releaseapplock @Resource = '__EFMigrationsLock', @LockOwner = 'Session';
SELECT @result
2026-06-28 22:49:38.168 +03:00 [INF] Executed DbCommand (13ms) [Parameters=[], CommandType='"Text"', CommandTimeout='30']
SELECT CASE
    WHEN EXISTS (
        SELECT 1
        FROM [Users] AS [u]) THEN CAST(1 AS bit)
    ELSE CAST(0 AS bit)
END
2026-06-28 22:49:38.176 +03:00 [INF] Database already seeded. Ensuring demo accounts exist.
2026-06-28 22:49:38.301 +03:00 [INF] Executed DbCommand (11ms) [Parameters=[], CommandType='"Text"', CommandTimeout='30']
SELECT TOP(1) [u].[Id], [u].[CreatedAt], [u].[Email], [u].[IsActive], [u].[PasswordHash], [u].[Role]
FROM [Users] AS [u]
WHERE [u].[Email] = N'patient@hospital.com'
2026-06-28 22:49:38.449 +03:00 [INF] Executed DbCommand (20ms) [Parameters=[@patientUser_Id='?' (DbType = Guid)], CommandType='"Text"', CommandTimeout='30']
SELECT TOP(1) [p].[Id], [p].[Address], [p].[BloodType], [p].[CreatedAt], [p].[DateOfBirth], [p].[Email], [p].[FullName], [p].[Gender], [p].[NationalId], [p].[Phone], [p].[UserId]
FROM [Patients] AS [p]
WHERE [p].[UserId] = @patientUser_Id
2026-06-28 22:49:38.697 +03:00 [INF] Now listening on: http://localhost:5000
2026-06-28 22:49:38.697 +03:00 [INF] Application started. Press Ctrl+C to shut down.
2026-06-28 22:49:38.698 +03:00 [INF] Hosting environment: Development
2026-06-28 22:49:38.698 +03:00 [INF] Content root path: G:\DEPI\HospitalSystem.API
2026-06-28 22:50:29.389 +03:00 [WRN] Failed to determine the https port for redirect.
2026-06-28 22:50:29.414 +03:00 [INF] HTTP OPTIONS /api/departments responded 204 in 175ms
2026-06-28 22:50:29.414 +03:00 [INF] HTTP OPTIONS /api/patients responded 204 in 175ms
2026-06-28 22:50:29.626 +03:00 [INF] HTTP OPTIONS /api/doctors responded 204 in 0ms
2026-06-28 22:50:30.225 +03:00 [INF] Executed DbCommand (15ms) [Parameters=[], CommandType='"Text"', CommandTimeout='30']
SELECT [d].[Id], [d].[DepartmentId], [d].[FullName], [d].[IsActive], [d].[Phone], [d].[Specialization], [d].[UserId]
FROM [Doctors] AS [d]
2026-06-28 22:50:30.228 +03:00 [INF] Executed DbCommand (5ms) [Parameters=[], CommandType='"Text"', CommandTimeout='30']
SELECT [d].[Id], [d].[Description], [d].[IsActive], [d].[Name]
FROM [Departments] AS [d]
2026-06-28 22:50:30.239 +03:00 [INF] Executed DbCommand (5ms) [Parameters=[], CommandType='"Text"', CommandTimeout='30']
SELECT [p].[Id], [p].[Address], [p].[BloodType], [p].[CreatedAt], [p].[DateOfBirth], [p].[Email], [p].[FullName], [p].[Gender], [p].[NationalId], [p].[Phone], [p].[UserId]
FROM [Patients] AS [p]
2026-06-28 22:50:30.409 +03:00 [INF] HTTP GET /api/departments responded 200 in 959ms
2026-06-28 22:50:30.453 +03:00 [INF] Executed DbCommand (3ms) [Parameters=[@p='?' (DbType = Guid)], CommandType='"Text"', CommandTimeout='30']
SELECT TOP(1) [d].[Id], [d].[Description], [d].[IsActive], [d].[Name]
FROM [Departments] AS [d]
WHERE [d].[Id] = @p
2026-06-28 22:50:30.466 +03:00 [INF] HTTP GET /api/patients responded 200 in 1017ms
2026-06-28 22:50:30.494 +03:00 [INF] Executed DbCommand (1ms) [Parameters=[@p='?' (DbType = Guid)], CommandType='"Text"', CommandTimeout='30']
SELECT TOP(1) [d].[Id], [d].[Description], [d].[IsActive], [d].[Name]
FROM [Departments] AS [d]
WHERE [d].[Id] = @p
2026-06-28 22:50:30.506 +03:00 [INF] HTTP GET /api/doctors responded 200 in 875ms
2026-06-28 22:50:30.517 +03:00 [INF] HTTP OPTIONS /api/appointments responded 204 in 0ms
2026-06-28 22:50:30.607 +03:00 [INF] Executed DbCommand (19ms) [Parameters=[@doctorId='?' (DbType = Guid), @date='?' (DbType = Date)], CommandType='"Text"', CommandTimeout='30']
SELECT [a].[Id], [a].[AppointmentDate], [a].[CreatedAt], [a].[CreatedByReceptionistId], [a].[DoctorId], [a].[EndTime], [a].[Notes], [a].[PatientId], [a].[StartTime], [a].[Status], [a].[UpdatedAt]
FROM [Appointments] AS [a]
WHERE [a].[DoctorId] = @doctorId AND [a].[AppointmentDate] = @date
ORDER BY [a].[StartTime]
2026-06-28 22:50:30.711 +03:00 [INF] HTTP GET /api/appointments responded 200 in 189ms
2026-06-28 22:50:30.738 +03:00 [INF] HTTP OPTIONS /api/appointments responded 204 in 0ms
2026-06-28 22:50:30.759 +03:00 [INF] Executed DbCommand (2ms) [Parameters=[@doctorId='?' (DbType = Guid), @date='?' (DbType = Date)], CommandType='"Text"', CommandTimeout='30']
SELECT [a].[Id], [a].[AppointmentDate], [a].[CreatedAt], [a].[CreatedByReceptionistId], [a].[DoctorId], [a].[EndTime], [a].[Notes], [a].[PatientId], [a].[StartTime], [a].[Status], [a].[UpdatedAt]
FROM [Appointments] AS [a]
WHERE [a].[DoctorId] = @doctorId AND [a].[AppointmentDate] = @date
ORDER BY [a].[StartTime]
2026-06-28 22:50:30.761 +03:00 [INF] HTTP GET /api/appointments responded 200 in 16ms
2026-06-28 22:50:38.441 +03:00 [INF] HTTP OPTIONS /api/patients responded 204 in 1ms
2026-06-28 22:50:38.488 +03:00 [INF] Executed DbCommand (2ms) [Parameters=[], CommandType='"Text"', CommandTimeout='30']
SELECT [p].[Id], [p].[Address], [p].[BloodType], [p].[CreatedAt], [p].[DateOfBirth], [p].[Email], [p].[FullName], [p].[Gender], [p].[NationalId], [p].[Phone], [p].[UserId]
FROM [Patients] AS [p]
2026-06-28 22:50:38.493 +03:00 [INF] HTTP GET /api/patients responded 200 in 30ms
2026-06-28 22:54:48.449 +03:00 [INF] HTTP OPTIONS /api/auth/login responded 204 in 0ms
2026-06-28 22:54:48.665 +03:00 [INF] Executed DbCommand (4ms) [Parameters=[], CommandType='"Text"', CommandTimeout='30']
SELECT [u].[Id], [u].[CreatedAt], [u].[Email], [u].[IsActive], [u].[PasswordHash], [u].[Role]
FROM [Users] AS [u]
2026-06-28 22:54:49.803 +03:00 [INF] HTTP POST /api/auth/login responded 200 in 1343ms
2026-06-28 22:54:49.883 +03:00 [INF] HTTP OPTIONS /api/patients responded 204 in 0ms
2026-06-28 22:54:49.900 +03:00 [INF] Executed DbCommand (1ms) [Parameters=[], CommandType='"Text"', CommandTimeout='30']
SELECT [p].[Id], [p].[Address], [p].[BloodType], [p].[CreatedAt], [p].[DateOfBirth], [p].[Email], [p].[FullName], [p].[Gender], [p].[NationalId], [p].[Phone], [p].[UserId]
FROM [Patients] AS [p]
2026-06-28 22:54:49.901 +03:00 [INF] HTTP GET /api/patients responded 200 in 13ms
2026-06-28 22:54:53.205 +03:00 [INF] HTTP OPTIONS /api/patients/36574f06-f0f8-4c16-83d7-073e1107da0b responded 204 in 1ms
2026-06-28 22:54:53.310 +03:00 [INF] Executed DbCommand (7ms) [Parameters=[@p='?' (DbType = Guid)], CommandType='"Text"', CommandTimeout='30']
SELECT TOP(1) [p].[Id], [p].[Address], [p].[BloodType], [p].[CreatedAt], [p].[DateOfBirth], [p].[Email], [p].[FullName], [p].[Gender], [p].[NationalId], [p].[Phone], [p].[UserId]
FROM [Patients] AS [p]
WHERE [p].[Id] = @p
2026-06-28 22:54:53.321 +03:00 [INF] HTTP GET /api/patients/36574f06-f0f8-4c16-83d7-073e1107da0b responded 200 in 108ms
2026-06-28 22:54:58.229 +03:00 [INF] HTTP OPTIONS /api/departments responded 204 in 0ms
2026-06-28 22:54:58.232 +03:00 [INF] HTTP OPTIONS /api/patients responded 204 in 0ms
2026-06-28 22:54:58.250 +03:00 [INF] Executed DbCommand (1ms) [Parameters=[], CommandType='"Text"', CommandTimeout='30']
SELECT [d].[Id], [d].[Description], [d].[IsActive], [d].[Name]
FROM [Departments] AS [d]
2026-06-28 22:54:58.250 +03:00 [INF] Executed DbCommand (2ms) [Parameters=[], CommandType='"Text"', CommandTimeout='30']
SELECT [p].[Id], [p].[Address], [p].[BloodType], [p].[CreatedAt], [p].[DateOfBirth], [p].[Email], [p].[FullName], [p].[Gender], [p].[NationalId], [p].[Phone], [p].[UserId]
FROM [Patients] AS [p]
2026-06-28 22:54:58.252 +03:00 [INF] HTTP GET /api/departments responded 200 in 11ms
2026-06-28 22:54:58.253 +03:00 [INF] HTTP GET /api/patients responded 200 in 10ms
2026-06-28 22:55:06.882 +03:00 [INF] HTTP OPTIONS /api/patients responded 204 in 0ms
2026-06-28 22:55:06.919 +03:00 [INF] Executed DbCommand (2ms) [Parameters=[], CommandType='"Text"', CommandTimeout='30']
SELECT [p].[Id], [p].[Address], [p].[BloodType], [p].[CreatedAt], [p].[DateOfBirth], [p].[Email], [p].[FullName], [p].[Gender], [p].[NationalId], [p].[Phone], [p].[UserId]
FROM [Patients] AS [p]
2026-06-28 22:55:06.923 +03:00 [INF] HTTP GET /api/patients responded 200 in 15ms
2026-06-28 22:55:07.194 +03:00 [INF] HTTP OPTIONS /api/patients responded 204 in 0ms
2026-06-28 22:55:07.206 +03:00 [INF] Executed DbCommand (1ms) [Parameters=[], CommandType='"Text"', CommandTimeout='30']
SELECT [p].[Id], [p].[Address], [p].[BloodType], [p].[CreatedAt], [p].[DateOfBirth], [p].[Email], [p].[FullName], [p].[Gender], [p].[NationalId], [p].[Phone], [p].[UserId]
FROM [Patients] AS [p]
2026-06-28 22:55:07.208 +03:00 [INF] HTTP GET /api/patients responded 200 in 6ms
2026-06-28 22:55:07.606 +03:00 [INF] HTTP OPTIONS /api/patients responded 204 in 0ms
2026-06-28 22:55:07.615 +03:00 [INF] Executed DbCommand (1ms) [Parameters=[], CommandType='"Text"', CommandTimeout='30']
SELECT [p].[Id], [p].[Address], [p].[BloodType], [p].[CreatedAt], [p].[DateOfBirth], [p].[Email], [p].[FullName], [p].[Gender], [p].[NationalId], [p].[Phone], [p].[UserId]
FROM [Patients] AS [p]
2026-06-28 22:55:07.617 +03:00 [INF] HTTP GET /api/patients responded 200 in 5ms
2026-06-28 22:55:10.279 +03:00 [INF] HTTP OPTIONS /api/patients responded 204 in 0ms
2026-06-28 22:55:10.298 +03:00 [INF] Executed DbCommand (2ms) [Parameters=[], CommandType='"Text"', CommandTimeout='30']
SELECT [p].[Id], [p].[Address], [p].[BloodType], [p].[CreatedAt], [p].[DateOfBirth], [p].[Email], [p].[FullName], [p].[Gender], [p].[NationalId], [p].[Phone], [p].[UserId]
FROM [Patients] AS [p]
2026-06-28 22:55:10.300 +03:00 [INF] HTTP GET /api/patients responded 200 in 10ms
2026-06-28 22:55:10.879 +03:00 [INF] HTTP OPTIONS /api/patients responded 204 in 0ms
2026-06-28 22:55:10.892 +03:00 [INF] Executed DbCommand (2ms) [Parameters=[], CommandType='"Text"', CommandTimeout='30']
SELECT [p].[Id], [p].[Address], [p].[BloodType], [p].[CreatedAt], [p].[DateOfBirth], [p].[Email], [p].[FullName], [p].[Gender], [p].[NationalId], [p].[Phone], [p].[UserId]
FROM [Patients] AS [p]
2026-06-28 22:55:10.895 +03:00 [INF] HTTP GET /api/patients responded 200 in 8ms
2026-06-28 22:55:14.680 +03:00 [INF] HTTP OPTIONS /api/patients responded 204 in 0ms
2026-06-28 22:55:14.695 +03:00 [INF] Executed DbCommand (2ms) [Parameters=[], CommandType='"Text"', CommandTimeout='30']
SELECT [p].[Id], [p].[Address], [p].[BloodType], [p].[CreatedAt], [p].[DateOfBirth], [p].[Email], [p].[FullName], [p].[Gender], [p].[NationalId], [p].[Phone], [p].[UserId]
FROM [Patients] AS [p]
2026-06-28 22:55:14.697 +03:00 [INF] HTTP GET /api/patients responded 200 in 9ms
2026-06-28 22:55:16.501 +03:00 [INF] HTTP OPTIONS /api/patients responded 204 in 0ms
2026-06-28 22:55:16.519 +03:00 [INF] Executed DbCommand (2ms) [Parameters=[], CommandType='"Text"', CommandTimeout='30']
SELECT [p].[Id], [p].[Address], [p].[BloodType], [p].[CreatedAt], [p].[DateOfBirth], [p].[Email], [p].[FullName], [p].[Gender], [p].[NationalId], [p].[Phone], [p].[UserId]
FROM [Patients] AS [p]
2026-06-28 22:55:16.520 +03:00 [INF] HTTP GET /api/patients responded 200 in 9ms
2026-06-28 22:55:16.887 +03:00 [INF] HTTP OPTIONS /api/patients responded 204 in 0ms
2026-06-28 22:55:16.897 +03:00 [INF] Executed DbCommand (1ms) [Parameters=[], CommandType='"Text"', CommandTimeout='30']
SELECT [p].[Id], [p].[Address], [p].[BloodType], [p].[CreatedAt], [p].[DateOfBirth], [p].[Email], [p].[FullName], [p].[Gender], [p].[NationalId], [p].[Phone], [p].[UserId]
FROM [Patients] AS [p]
2026-06-28 22:55:16.898 +03:00 [INF] HTTP GET /api/patients responded 200 in 4ms
2026-06-28 22:55:17.170 +03:00 [INF] HTTP OPTIONS /api/patients responded 204 in 0ms
2026-06-28 22:55:17.178 +03:00 [INF] Executed DbCommand (1ms) [Parameters=[], CommandType='"Text"', CommandTimeout='30']
SELECT [p].[Id], [p].[Address], [p].[BloodType], [p].[CreatedAt], [p].[DateOfBirth], [p].[Email], [p].[FullName], [p].[Gender], [p].[NationalId], [p].[Phone], [p].[UserId]
FROM [Patients] AS [p]
2026-06-28 22:55:17.179 +03:00 [INF] HTTP GET /api/patients responded 200 in 4ms
2026-06-28 22:55:17.976 +03:00 [INF] HTTP OPTIONS /api/patients responded 204 in 0ms
2026-06-28 22:55:17.989 +03:00 [INF] Executed DbCommand (1ms) [Parameters=[], CommandType='"Text"', CommandTimeout='30']
SELECT [p].[Id], [p].[Address], [p].[BloodType], [p].[CreatedAt], [p].[DateOfBirth], [p].[Email], [p].[FullName], [p].[Gender], [p].[NationalId], [p].[Phone], [p].[UserId]
FROM [Patients] AS [p]
2026-06-28 22:55:17.991 +03:00 [INF] HTTP GET /api/patients responded 200 in 7ms
2026-06-28 22:55:20.859 +03:00 [INF] HTTP OPTIONS /api/patients responded 204 in 0ms
2026-06-28 22:55:20.874 +03:00 [INF] Executed DbCommand (1ms) [Parameters=[], CommandType='"Text"', CommandTimeout='30']
SELECT [p].[Id], [p].[Address], [p].[BloodType], [p].[CreatedAt], [p].[DateOfBirth], [p].[Email], [p].[FullName], [p].[Gender], [p].[NationalId], [p].[Phone], [p].[UserId]
FROM [Patients] AS [p]
2026-06-28 22:55:20.876 +03:00 [INF] HTTP GET /api/patients responded 200 in 8ms
2026-06-28 22:55:41.162 +03:00 [INF] HTTP OPTIONS /api/departments responded 204 in 0ms
2026-06-28 22:55:41.162 +03:00 [INF] HTTP OPTIONS /api/patients responded 204 in 0ms
2026-06-28 22:55:41.182 +03:00 [INF] Executed DbCommand (2ms) [Parameters=[], CommandType='"Text"', CommandTimeout='30']
SELECT [p].[Id], [p].[Address], [p].[BloodType], [p].[CreatedAt], [p].[DateOfBirth], [p].[Email], [p].[FullName], [p].[Gender], [p].[NationalId], [p].[Phone], [p].[UserId]
FROM [Patients] AS [p]
2026-06-28 22:55:41.185 +03:00 [INF] HTTP GET /api/patients responded 200 in 10ms
2026-06-28 22:55:41.187 +03:00 [INF] Executed DbCommand (2ms) [Parameters=[], CommandType='"Text"', CommandTimeout='30']
SELECT [d].[Id], [d].[Description], [d].[IsActive], [d].[Name]
FROM [Departments] AS [d]
2026-06-28 22:55:41.189 +03:00 [INF] HTTP GET /api/departments responded 200 in 15ms
2026-06-28 22:55:42.102 +03:00 [INF] HTTP OPTIONS /api/patients/36574f06-f0f8-4c16-83d7-073e1107da0b responded 204 in 0ms
2026-06-28 22:55:42.115 +03:00 [INF] Executed DbCommand (1ms) [Parameters=[@p='?' (DbType = Guid)], CommandType='"Text"', CommandTimeout='30']
SELECT TOP(1) [p].[Id], [p].[Address], [p].[BloodType], [p].[CreatedAt], [p].[DateOfBirth], [p].[Email], [p].[FullName], [p].[Gender], [p].[NationalId], [p].[Phone], [p].[UserId]
FROM [Patients] AS [p]
WHERE [p].[Id] = @p
2026-06-28 22:55:42.115 +03:00 [INF] HTTP GET /api/patients/36574f06-f0f8-4c16-83d7-073e1107da0b responded 200 in 6ms
2026-06-28 22:55:47.439 +03:00 [INF] HTTP OPTIONS /api/auth/login responded 204 in 0ms
2026-06-28 22:55:47.456 +03:00 [INF] Executed DbCommand (2ms) [Parameters=[], CommandType='"Text"', CommandTimeout='30']
SELECT [u].[Id], [u].[CreatedAt], [u].[Email], [u].[IsActive], [u].[PasswordHash], [u].[Role]
FROM [Users] AS [u]
2026-06-28 22:55:48.011 +03:00 [INF] HTTP POST /api/auth/login responded 200 in 566ms
2026-06-28 22:55:48.030 +03:00 [INF] HTTP OPTIONS /api/patient/profile responded 204 in 0ms
2026-06-28 22:55:48.059 +03:00 [INF] Executed DbCommand (1ms) [Parameters=[], CommandType='"Text"', CommandTimeout='30']
SELECT [p].[Id], [p].[Address], [p].[BloodType], [p].[CreatedAt], [p].[DateOfBirth], [p].[Email], [p].[FullName], [p].[Gender], [p].[NationalId], [p].[Phone], [p].[UserId]
FROM [Patients] AS [p]
2026-06-28 22:55:48.061 +03:00 [INF] HTTP GET /api/patient/profile responded 200 in 26ms
2026-06-28 22:56:57.334 +03:00 [INF] HTTP OPTIONS /api/patient/profile responded 204 in 0ms
2026-06-28 22:56:57.357 +03:00 [INF] Executed DbCommand (2ms) [Parameters=[], CommandType='"Text"', CommandTimeout='30']
SELECT [p].[Id], [p].[Address], [p].[BloodType], [p].[CreatedAt], [p].[DateOfBirth], [p].[Email], [p].[FullName], [p].[Gender], [p].[NationalId], [p].[Phone], [p].[UserId]
FROM [Patients] AS [p]
2026-06-28 22:56:57.359 +03:00 [INF] HTTP GET /api/patient/profile responded 200 in 11ms
2026-06-28 22:57:55.271 +03:00 [INF] HTTP OPTIONS /api/patient/profile responded 204 in 0ms
2026-06-28 22:57:55.300 +03:00 [INF] Executed DbCommand (2ms) [Parameters=[], CommandType='"Text"', CommandTimeout='30']
SELECT [p].[Id], [p].[Address], [p].[BloodType], [p].[CreatedAt], [p].[DateOfBirth], [p].[Email], [p].[FullName], [p].[Gender], [p].[NationalId], [p].[Phone], [p].[UserId]
FROM [Patients] AS [p]
2026-06-28 22:57:55.302 +03:00 [INF] HTTP GET /api/patient/profile responded 200 in 17ms
2026-06-28 22:58:14.082 +03:00 [INF] HTTP OPTIONS /api/patient/profile responded 204 in 0ms
2026-06-28 22:58:14.091 +03:00 [INF] Executed DbCommand (1ms) [Parameters=[], CommandType='"Text"', CommandTimeout='30']
SELECT [p].[Id], [p].[Address], [p].[BloodType], [p].[CreatedAt], [p].[DateOfBirth], [p].[Email], [p].[FullName], [p].[Gender], [p].[NationalId], [p].[Phone], [p].[UserId]
FROM [Patients] AS [p]
2026-06-28 22:58:14.092 +03:00 [INF] HTTP GET /api/patient/profile responded 200 in 5ms
2026-06-28 23:02:52.786 +03:00 [INF] Executed DbCommand (69ms) [Parameters=[], CommandType='"Text"', CommandTimeout='30']
SELECT 1
2026-06-28 23:02:52.929 +03:00 [INF] Acquiring an exclusive lock for migration application. See https://aka.ms/efcore-docs-migrations-lock for more information if this takes too long.
2026-06-28 23:02:53.029 +03:00 [INF] Executed DbCommand (84ms) [Parameters=[], CommandType='"Text"', CommandTimeout='30']
DECLARE @result int;
EXEC @result = sp_getapplock @Resource = '__EFMigrationsLock', @LockOwner = 'Session', @LockMode = 'Exclusive';
SELECT @result
2026-06-28 23:02:53.347 +03:00 [INF] Executed DbCommand (5ms) [Parameters=[], CommandType='"Text"', CommandTimeout='30']
IF OBJECT_ID(N'[__EFMigrationsHistory]') IS NULL
BEGIN
    CREATE TABLE [__EFMigrationsHistory] (
        [MigrationId] nvarchar(150) NOT NULL,
        [ProductVersion] nvarchar(32) NOT NULL,
        CONSTRAINT [PK___EFMigrationsHistory] PRIMARY KEY ([MigrationId])
    );
END;
2026-06-28 23:02:53.405 +03:00 [INF] Executed DbCommand (1ms) [Parameters=[], CommandType='"Text"', CommandTimeout='30']
SELECT 1
2026-06-28 23:02:53.409 +03:00 [INF] Executed DbCommand (2ms) [Parameters=[], CommandType='"Text"', CommandTimeout='30']
SELECT OBJECT_ID(N'[__EFMigrationsHistory]');
2026-06-28 23:02:53.457 +03:00 [INF] Executed DbCommand (28ms) [Parameters=[], CommandType='"Text"', CommandTimeout='30']
SELECT [MigrationId], [ProductVersion]
FROM [__EFMigrationsHistory]
ORDER BY [MigrationId];
2026-06-28 23:02:53.534 +03:00 [INF] No migrations were applied. The database is already up to date.
2026-06-28 23:02:53.547 +03:00 [INF] Executed DbCommand (9ms) [Parameters=[], CommandType='"Text"', CommandTimeout='30']
DECLARE @result int;
EXEC @result = sp_releaseapplock @Resource = '__EFMigrationsLock', @LockOwner = 'Session';
SELECT @result
2026-06-28 23:02:54.443 +03:00 [INF] Executed DbCommand (24ms) [Parameters=[], CommandType='"Text"', CommandTimeout='30']
SELECT CASE
    WHEN EXISTS (
        SELECT 1
        FROM [Users] AS [u]) THEN CAST(1 AS bit)
    ELSE CAST(0 AS bit)
END
2026-06-28 23:02:54.460 +03:00 [INF] Database already seeded. Ensuring demo accounts exist.
2026-06-28 23:02:54.775 +03:00 [INF] Executed DbCommand (15ms) [Parameters=[], CommandType='"Text"', CommandTimeout='30']
SELECT TOP(1) [u].[Id], [u].[CreatedAt], [u].[Email], [u].[IsActive], [u].[PasswordHash], [u].[Role]
FROM [Users] AS [u]
WHERE [u].[Email] = N'patient@hospital.com'
2026-06-28 23:02:55.164 +03:00 [INF] Executed DbCommand (69ms) [Parameters=[@patientUser_Id='?' (DbType = Guid)], CommandType='"Text"', CommandTimeout='30']
SELECT TOP(1) [p].[Id], [p].[Address], [p].[BloodType], [p].[CreatedAt], [p].[DateOfBirth], [p].[Email], [p].[FullName], [p].[Gender], [p].[NationalId], [p].[Phone], [p].[UserId]
FROM [Patients] AS [p]
WHERE [p].[UserId] = @patientUser_Id
2026-06-28 23:02:55.874 +03:00 [INF] Now listening on: http://localhost:5000
2026-06-28 23:02:55.875 +03:00 [INF] Application started. Press Ctrl+C to shut down.
2026-06-28 23:02:55.876 +03:00 [INF] Hosting environment: Development
2026-06-28 23:02:55.876 +03:00 [INF] Content root path: G:\DEPI\HospitalSystem.API
2026-06-28 23:02:56.303 +03:00 [WRN] Failed to determine the https port for redirect.
2026-06-28 23:02:56.315 +03:00 [INF] HTTP OPTIONS /api/patient/profile responded 204 in 113ms
2026-06-28 23:02:57.049 +03:00 [INF] Executed DbCommand (3ms) [Parameters=[], CommandType='"Text"', CommandTimeout='30']
SELECT [p].[Id], [p].[Address], [p].[BloodType], [p].[CreatedAt], [p].[DateOfBirth], [p].[Email], [p].[FullName], [p].[Gender], [p].[NationalId], [p].[Phone], [p].[UserId]
FROM [Patients] AS [p]
2026-06-28 23:02:57.242 +03:00 [INF] HTTP GET /api/patient/profile responded 200 in 904ms
2026-06-28 23:02:58.085 +03:00 [INF] HTTP OPTIONS /api/patient/appointments responded 204 in 3ms
2026-06-28 23:02:58.137 +03:00 [INF] Executed DbCommand (1ms) [Parameters=[], CommandType='"Text"', CommandTimeout='30']
SELECT [p].[Id], [p].[Address], [p].[BloodType], [p].[CreatedAt], [p].[DateOfBirth], [p].[Email], [p].[FullName], [p].[Gender], [p].[NationalId], [p].[Phone], [p].[UserId]
FROM [Patients] AS [p]
2026-06-28 23:02:58.187 +03:00 [INF] Executed DbCommand (8ms) [Parameters=[@patientId='?' (DbType = Guid)], CommandType='"Text"', CommandTimeout='30']
SELECT [a].[Id], [a].[AppointmentDate], [a].[CreatedAt], [a].[CreatedByReceptionistId], [a].[DoctorId], [a].[EndTime], [a].[Notes], [a].[PatientId], [a].[StartTime], [a].[Status], [a].[UpdatedAt]
FROM [Appointments] AS [a]
WHERE [a].[PatientId] = @patientId
ORDER BY [a].[AppointmentDate] DESC, [a].[StartTime] DESC
2026-06-28 23:02:58.434 +03:00 [INF] Executed DbCommand (7ms) [Parameters=[@p='?' (DbType = Guid)], CommandType='"Text"', CommandTimeout='30']
SELECT TOP(1) [d].[Id], [d].[DepartmentId], [d].[FullName], [d].[IsActive], [d].[Phone], [d].[Specialization], [d].[UserId]
FROM [Doctors] AS [d]
WHERE [d].[Id] = @p
2026-06-28 23:02:58.565 +03:00 [INF] HTTP GET /api/patient/appointments responded 200 in 474ms
2026-06-28 23:03:07.230 +03:00 [INF] HTTP OPTIONS /api/patient/profile responded 204 in 0ms
2026-06-28 23:03:07.261 +03:00 [INF] Executed DbCommand (1ms) [Parameters=[], CommandType='"Text"', CommandTimeout='30']
SELECT [p].[Id], [p].[Address], [p].[BloodType], [p].[CreatedAt], [p].[DateOfBirth], [p].[Email], [p].[FullName], [p].[Gender], [p].[NationalId], [p].[Phone], [p].[UserId]
FROM [Patients] AS [p]
2026-06-28 23:03:07.263 +03:00 [INF] HTTP GET /api/patient/profile responded 200 in 30ms
2026-06-28 23:03:26.125 +03:00 [INF] HTTP OPTIONS /api/patient/appointments responded 204 in 0ms
2026-06-28 23:03:26.165 +03:00 [INF] Executed DbCommand (2ms) [Parameters=[], CommandType='"Text"', CommandTimeout='30']
SELECT [p].[Id], [p].[Address], [p].[BloodType], [p].[CreatedAt], [p].[DateOfBirth], [p].[Email], [p].[FullName], [p].[Gender], [p].[NationalId], [p].[Phone], [p].[UserId]
FROM [Patients] AS [p]
2026-06-28 23:03:26.200 +03:00 [INF] Executed DbCommand (3ms) [Parameters=[@patientId='?' (DbType = Guid)], CommandType='"Text"', CommandTimeout='30']
SELECT [a].[Id], [a].[AppointmentDate], [a].[CreatedAt], [a].[CreatedByReceptionistId], [a].[DoctorId], [a].[EndTime], [a].[Notes], [a].[PatientId], [a].[StartTime], [a].[Status], [a].[UpdatedAt]
FROM [Appointments] AS [a]
WHERE [a].[PatientId] = @patientId
ORDER BY [a].[AppointmentDate] DESC, [a].[StartTime] DESC
2026-06-28 23:03:26.217 +03:00 [INF] Executed DbCommand (3ms) [Parameters=[@p='?' (DbType = Guid)], CommandType='"Text"', CommandTimeout='30']
SELECT TOP(1) [d].[Id], [d].[DepartmentId], [d].[FullName], [d].[IsActive], [d].[Phone], [d].[Specialization], [d].[UserId]
FROM [Doctors] AS [d]
WHERE [d].[Id] = @p
2026-06-28 23:03:26.223 +03:00 [INF] HTTP GET /api/patient/appointments responded 200 in 69ms
2026-06-28 23:03:33.843 +03:00 [INF] HTTP OPTIONS /api/auth/login responded 204 in 0ms
2026-06-28 23:03:34.078 +03:00 [INF] Executed DbCommand (3ms) [Parameters=[], CommandType='"Text"', CommandTimeout='30']
SELECT [u].[Id], [u].[CreatedAt], [u].[Email], [u].[IsActive], [u].[PasswordHash], [u].[Role]
FROM [Users] AS [u]
2026-06-28 23:03:35.147 +03:00 [INF] HTTP POST /api/auth/login responded 200 in 1280ms
2026-06-28 23:03:35.190 +03:00 [INF] HTTP OPTIONS /api/patients responded 204 in 0ms
2026-06-28 23:03:35.245 +03:00 [INF] Executed DbCommand (1ms) [Parameters=[], CommandType='"Text"', CommandTimeout='30']
SELECT [p].[Id], [p].[Address], [p].[BloodType], [p].[CreatedAt], [p].[DateOfBirth], [p].[Email], [p].[FullName], [p].[Gender], [p].[NationalId], [p].[Phone], [p].[UserId]
FROM [Patients] AS [p]
2026-06-28 23:03:35.263 +03:00 [INF] HTTP GET /api/patients responded 200 in 68ms
2026-06-28 23:03:39.287 +03:00 [INF] HTTP OPTIONS /api/departments responded 204 in 0ms
2026-06-28 23:03:39.289 +03:00 [INF] HTTP OPTIONS /api/patients responded 204 in 0ms
2026-06-28 23:03:39.312 +03:00 [INF] Executed DbCommand (2ms) [Parameters=[], CommandType='"Text"', CommandTimeout='30']
SELECT [p].[Id], [p].[Address], [p].[BloodType], [p].[CreatedAt], [p].[DateOfBirth], [p].[Email], [p].[FullName], [p].[Gender], [p].[NationalId], [p].[Phone], [p].[UserId]
FROM [Patients] AS [p]
2026-06-28 23:03:39.316 +03:00 [INF] HTTP GET /api/patients responded 200 in 14ms
2026-06-28 23:03:39.423 +03:00 [INF] Executed DbCommand (15ms) [Parameters=[], CommandType='"Text"', CommandTimeout='30']
SELECT [d].[Id], [d].[Description], [d].[IsActive], [d].[Name]
FROM [Departments] AS [d]
2026-06-28 23:03:39.523 +03:00 [INF] HTTP GET /api/departments responded 200 in 224ms
2026-06-28 23:03:46.941 +03:00 [INF] HTTP OPTIONS /api/doctors/department/b7eb805e-1614-4a59-a61a-6084babacfc3 responded 204 in 1ms
2026-06-28 23:03:47.250 +03:00 [INF] Executed DbCommand (17ms) [Parameters=[@departmentId='?' (DbType = Guid)], CommandType='"Text"', CommandTimeout='30']
SELECT [d].[Id], [d].[DepartmentId], [d].[FullName], [d].[IsActive], [d].[Phone], [d].[Specialization], [d].[UserId], [d0].[Id], [d0].[Description], [d0].[IsActive], [d0].[Name]
FROM [Doctors] AS [d]
INNER JOIN [Departments] AS [d0] ON [d].[DepartmentId] = [d0].[Id]
WHERE [d].[DepartmentId] = @departmentId
2026-06-28 23:03:47.302 +03:00 [INF] HTTP GET /api/doctors/department/b7eb805e-1614-4a59-a61a-6084babacfc3 responded 200 in 352ms
2026-06-28 23:04:07.690 +03:00 [INF] HTTP OPTIONS /api/doctors/department/641f388e-a276-4114-831b-b67b68826f87 responded 204 in 0ms
2026-06-28 23:04:07.699 +03:00 [INF] Executed DbCommand (1ms) [Parameters=[@departmentId='?' (DbType = Guid)], CommandType='"Text"', CommandTimeout='30']
SELECT [d].[Id], [d].[DepartmentId], [d].[FullName], [d].[IsActive], [d].[Phone], [d].[Specialization], [d].[UserId], [d0].[Id], [d0].[Description], [d0].[IsActive], [d0].[Name]
FROM [Doctors] AS [d]
INNER JOIN [Departments] AS [d0] ON [d].[DepartmentId] = [d0].[Id]
WHERE [d].[DepartmentId] = @departmentId
2026-06-28 23:04:07.700 +03:00 [INF] HTTP GET /api/doctors/department/641f388e-a276-4114-831b-b67b68826f87 responded 200 in 4ms
2026-06-28 23:04:26.662 +03:00 [INF] HTTP OPTIONS /api/appointments/available-slots responded 204 in 0ms
2026-06-28 23:04:26.781 +03:00 [INF] Executed DbCommand (10ms) [Parameters=[], CommandType='"Text"', CommandTimeout='30']
SELECT [d].[Id], [d].[AppointmentDurationMinutes], [d].[DayOfWeek], [d].[DoctorId], [d].[EndTime], [d].[IsActive], [d].[StartTime]
FROM [DoctorSchedules] AS [d]
2026-06-28 23:04:26.917 +03:00 [INF] Executed DbCommand (16ms) [Parameters=[@doctorId='?' (DbType = Guid), @date='?' (DbType = Date)], CommandType='"Text"', CommandTimeout='30']
SELECT [a].[Id], [a].[AppointmentDate], [a].[CreatedAt], [a].[CreatedByReceptionistId], [a].[DoctorId], [a].[EndTime], [a].[Notes], [a].[PatientId], [a].[StartTime], [a].[Status], [a].[UpdatedAt]
FROM [Appointments] AS [a]
WHERE [a].[DoctorId] = @doctorId AND [a].[AppointmentDate] = @date
ORDER BY [a].[StartTime]
2026-06-28 23:04:26.937 +03:00 [INF] HTTP GET /api/appointments/available-slots responded 200 in 254ms
2026-06-28 23:04:49.649 +03:00 [INF] HTTP OPTIONS /api/appointments responded 204 in 0ms
2026-06-28 23:04:49.802 +03:00 [INF] Executed DbCommand (5ms) [Parameters=[@p='?' (DbType = Guid)], CommandType='"Text"', CommandTimeout='30']
SELECT TOP(1) [d].[Id], [d].[DepartmentId], [d].[FullName], [d].[IsActive], [d].[Phone], [d].[Specialization], [d].[UserId]
FROM [Doctors] AS [d]
WHERE [d].[Id] = @p
2026-06-28 23:04:49.825 +03:00 [INF] Executed DbCommand (5ms) [Parameters=[@p='?' (DbType = Guid)], CommandType='"Text"', CommandTimeout='30']
SELECT TOP(1) [p].[Id], [p].[Address], [p].[BloodType], [p].[CreatedAt], [p].[DateOfBirth], [p].[Email], [p].[FullName], [p].[Gender], [p].[NationalId], [p].[Phone], [p].[UserId]
FROM [Patients] AS [p]
WHERE [p].[Id] = @p
2026-06-28 23:04:49.830 +03:00 [INF] Executed DbCommand (3ms) [Parameters=[], CommandType='"Text"', CommandTimeout='30']
SELECT [d].[Id], [d].[AppointmentDurationMinutes], [d].[DayOfWeek], [d].[DoctorId], [d].[EndTime], [d].[IsActive], [d].[StartTime]
FROM [DoctorSchedules] AS [d]
2026-06-28 23:04:49.870 +03:00 [INF] Executed DbCommand (11ms) [Parameters=[@doctorId='?' (DbType = Guid), @date='?' (DbType = Date), @endTime='?' (DbType = Time), @startTime='?' (DbType = Time)], CommandType='"Text"', CommandTimeout='30']
SELECT CASE
    WHEN EXISTS (
        SELECT 1
        FROM [Appointments] AS [a]
        WHERE [a].[DoctorId] = @doctorId AND [a].[AppointmentDate] = @date AND [a].[Status] <> N'Cancelled' AND [a].[StartTime] < @endTime AND [a].[EndTime] > @startTime) THEN CAST(1 AS bit)
    ELSE CAST(0 AS bit)
END
2026-06-28 23:04:50.360 +03:00 [INF] Executed DbCommand (11ms) [Parameters=[@p0='?' (DbType = Guid), @p1='?' (DbType = Date), @p2='?' (DbType = DateTime2), @p3='?' (DbType = Guid), @p4='?' (DbType = Guid), @p5='?' (DbType = Time), @p6='?' (Size = 2000), @p7='?' (DbType = Guid), @p8='?' (DbType = Time), @p9='?' (Size = 50), @p10='?' (DbType = DateTime2)], CommandType='"Text"', CommandTimeout='30']
SET IMPLICIT_TRANSACTIONS OFF;
SET NOCOUNT ON;
INSERT INTO [Appointments] ([Id], [AppointmentDate], [CreatedAt], [CreatedByReceptionistId], [DoctorId], [EndTime], [Notes], [PatientId], [StartTime], [Status], [UpdatedAt])
VALUES (@p0, @p1, @p2, @p3, @p4, @p5, @p6, @p7, @p8, @p9, @p10);
2026-06-28 23:04:50.390 +03:00 [INF] Appointment booked "fc2a14d0-8703-4d1d-b626-ef8a09c5e9cb" for patient "d382320a-4b14-4d99-b259-40d342004dcb" with doctor "44450f15-4382-4c72-9e45-ffb270692955" on "2026-06-29" at "10:00:00" by receptionist "77d8c535-fcd4-49b8-9e59-82f614cf7b03"
2026-06-28 23:04:50.396 +03:00 [INF] HTTP POST /api/appointments responded 200 in 740ms
2026-06-28 23:04:53.871 +03:00 [INF] HTTP OPTIONS /api/patients responded 204 in 0ms
2026-06-28 23:04:53.890 +03:00 [INF] Executed DbCommand (6ms) [Parameters=[], CommandType='"Text"', CommandTimeout='30']
SELECT [p].[Id], [p].[Address], [p].[BloodType], [p].[CreatedAt], [p].[DateOfBirth], [p].[Email], [p].[FullName], [p].[Gender], [p].[NationalId], [p].[Phone], [p].[UserId]
FROM [Patients] AS [p]
2026-06-28 23:04:53.892 +03:00 [INF] HTTP GET /api/patients responded 200 in 13ms
2026-06-28 23:04:59.263 +03:00 [INF] HTTP OPTIONS /api/auth/login responded 204 in 0ms
2026-06-28 23:04:59.274 +03:00 [INF] Executed DbCommand (3ms) [Parameters=[], CommandType='"Text"', CommandTimeout='30']
SELECT [u].[Id], [u].[CreatedAt], [u].[Email], [u].[IsActive], [u].[PasswordHash], [u].[Role]
FROM [Users] AS [u]
2026-06-28 23:04:59.692 +03:00 [INF] HTTP POST /api/auth/login responded 200 in 426ms
2026-06-28 23:04:59.719 +03:00 [INF] HTTP OPTIONS /api/doctor/working-hours responded 204 in 0ms
2026-06-28 23:04:59.722 +03:00 [INF] HTTP OPTIONS /api/doctor/schedule responded 204 in 0ms
2026-06-28 23:04:59.749 +03:00 [INF] Executed DbCommand (3ms) [Parameters=[], CommandType='"Text"', CommandTimeout='30']
SELECT [d].[Id], [d].[DepartmentId], [d].[FullName], [d].[IsActive], [d].[Phone], [d].[Specialization], [d].[UserId]
FROM [Doctors] AS [d]
2026-06-28 23:04:59.755 +03:00 [INF] Executed DbCommand (1ms) [Parameters=[], CommandType='"Text"', CommandTimeout='30']
SELECT [d].[Id], [d].[DepartmentId], [d].[FullName], [d].[IsActive], [d].[Phone], [d].[Specialization], [d].[UserId]
FROM [Doctors] AS [d]
2026-06-28 23:04:59.762 +03:00 [INF] Executed DbCommand (3ms) [Parameters=[@p='?' (DbType = Guid)], CommandType='"Text"', CommandTimeout='30']
SELECT TOP(1) [d].[Id], [d].[Description], [d].[IsActive], [d].[Name]
FROM [Departments] AS [d]
WHERE [d].[Id] = @p
2026-06-28 23:04:59.762 +03:00 [INF] Executed DbCommand (4ms) [Parameters=[@p='?' (DbType = Guid)], CommandType='"Text"', CommandTimeout='30']
SELECT TOP(1) [d].[Id], [d].[Description], [d].[IsActive], [d].[Name]
FROM [Departments] AS [d]
WHERE [d].[Id] = @p
2026-06-28 23:04:59.768 +03:00 [INF] Executed DbCommand (1ms) [Parameters=[], CommandType='"Text"', CommandTimeout='30']
SELECT [d].[Id], [d].[AppointmentDurationMinutes], [d].[DayOfWeek], [d].[DoctorId], [d].[EndTime], [d].[IsActive], [d].[StartTime]
FROM [DoctorSchedules] AS [d]
2026-06-28 23:04:59.775 +03:00 [INF] Executed DbCommand (8ms) [Parameters=[@doctorId='?' (DbType = Guid), @date='?' (DbType = Date)], CommandType='"Text"', CommandTimeout='30']
SELECT [a].[Id], [a].[AppointmentDate], [a].[CreatedAt], [a].[CreatedByReceptionistId], [a].[DoctorId], [a].[EndTime], [a].[Notes], [a].[PatientId], [a].[StartTime], [a].[Status], [a].[UpdatedAt]
FROM [Appointments] AS [a]
WHERE [a].[DoctorId] = @doctorId AND [a].[AppointmentDate] = @date
ORDER BY [a].[StartTime]
2026-06-28 23:04:59.776 +03:00 [INF] HTTP GET /api/doctor/schedule responded 200 in 52ms
2026-06-28 23:04:59.798 +03:00 [INF] HTTP GET /api/doctor/working-hours responded 200 in 76ms
2026-06-28 23:04:59.822 +03:00 [INF] HTTP OPTIONS /api/doctor/schedule responded 204 in 0ms
2026-06-28 23:04:59.829 +03:00 [INF] Executed DbCommand (1ms) [Parameters=[], CommandType='"Text"', CommandTimeout='30']
SELECT [d].[Id], [d].[DepartmentId], [d].[FullName], [d].[IsActive], [d].[Phone], [d].[Specialization], [d].[UserId]
FROM [Doctors] AS [d]
2026-06-28 23:04:59.832 +03:00 [INF] Executed DbCommand (1ms) [Parameters=[@p='?' (DbType = Guid)], CommandType='"Text"', CommandTimeout='30']
SELECT TOP(1) [d].[Id], [d].[Description], [d].[IsActive], [d].[Name]
FROM [Departments] AS [d]
WHERE [d].[Id] = @p
2026-06-28 23:04:59.835 +03:00 [INF] Executed DbCommand (1ms) [Parameters=[@doctorId='?' (DbType = Guid), @date='?' (DbType = Date)], CommandType='"Text"', CommandTimeout='30']
SELECT [a].[Id], [a].[AppointmentDate], [a].[CreatedAt], [a].[CreatedByReceptionistId], [a].[DoctorId], [a].[EndTime], [a].[Notes], [a].[PatientId], [a].[StartTime], [a].[Status], [a].[UpdatedAt]
FROM [Appointments] AS [a]
WHERE [a].[DoctorId] = @doctorId AND [a].[AppointmentDate] = @date
ORDER BY [a].[StartTime]
2026-06-28 23:04:59.838 +03:00 [INF] Executed DbCommand (1ms) [Parameters=[@p='?' (DbType = Guid)], CommandType='"Text"', CommandTimeout='30']
SELECT TOP(1) [p].[Id], [p].[Address], [p].[BloodType], [p].[CreatedAt], [p].[DateOfBirth], [p].[Email], [p].[FullName], [p].[Gender], [p].[NationalId], [p].[Phone], [p].[UserId]
FROM [Patients] AS [p]
WHERE [p].[Id] = @p
2026-06-28 23:04:59.840 +03:00 [INF] Executed DbCommand (1ms) [Parameters=[@p='?' (DbType = Guid)], CommandType='"Text"', CommandTimeout='30']
SELECT TOP(1) [p].[Id], [p].[Address], [p].[BloodType], [p].[CreatedAt], [p].[DateOfBirth], [p].[Email], [p].[FullName], [p].[Gender], [p].[NationalId], [p].[Phone], [p].[UserId]
FROM [Patients] AS [p]
WHERE [p].[Id] = @p
2026-06-28 23:04:59.841 +03:00 [INF] HTTP GET /api/doctor/schedule responded 200 in 15ms
2026-06-28 23:05:21.548 +03:00 [INF] HTTP OPTIONS /api/doctor/appointments/4f3adcd4-78fa-4835-b823-efc1863e7733 responded 204 in 0ms
2026-06-28 23:05:21.621 +03:00 [INF] Executed DbCommand (2ms) [Parameters=[], CommandType='"Text"', CommandTimeout='30']
SELECT [d].[Id], [d].[DepartmentId], [d].[FullName], [d].[IsActive], [d].[Phone], [d].[Specialization], [d].[UserId]
FROM [Doctors] AS [d]
2026-06-28 23:05:21.624 +03:00 [INF] Executed DbCommand (1ms) [Parameters=[@p='?' (DbType = Guid)], CommandType='"Text"', CommandTimeout='30']
SELECT TOP(1) [d].[Id], [d].[Description], [d].[IsActive], [d].[Name]
FROM [Departments] AS [d]
WHERE [d].[Id] = @p
2026-06-28 23:05:21.648 +03:00 [INF] Executed DbCommand (4ms) [Parameters=[@p='?' (DbType = Guid)], CommandType='"Text"', CommandTimeout='30']
SELECT TOP(1) [a].[Id], [a].[AppointmentDate], [a].[CreatedAt], [a].[CreatedByReceptionistId], [a].[DoctorId], [a].[EndTime], [a].[Notes], [a].[PatientId], [a].[StartTime], [a].[Status], [a].[UpdatedAt]
FROM [Appointments] AS [a]
WHERE [a].[Id] = @p
2026-06-28 23:05:21.651 +03:00 [INF] Executed DbCommand (1ms) [Parameters=[@p='?' (DbType = Guid)], CommandType='"Text"', CommandTimeout='30']
SELECT TOP(1) [p].[Id], [p].[Address], [p].[BloodType], [p].[CreatedAt], [p].[DateOfBirth], [p].[Email], [p].[FullName], [p].[Gender], [p].[NationalId], [p].[Phone], [p].[UserId]
FROM [Patients] AS [p]
WHERE [p].[Id] = @p
2026-06-28 23:05:21.685 +03:00 [INF] Executed DbCommand (6ms) [Parameters=[], CommandType='"Text"', CommandTimeout='30']
SELECT [c].[Id], [c].[AppointmentId], [c].[CompletedAt], [c].[Diagnosis], [c].[DoctorId], [c].[Notes], [c].[PatientId], [c].[StartedAt]
FROM [Consultations] AS [c]
2026-06-28 23:05:21.769 +03:00 [INF] HTTP GET /api/doctor/appointments/4f3adcd4-78fa-4835-b823-efc1863e7733 responded 200 in 200ms
2026-06-28 23:05:21.780 +03:00 [INF] HTTP OPTIONS /api/doctor/patients/36574f06-f0f8-4c16-83d7-073e1107da0b/medical-history responded 204 in 0ms
2026-06-28 23:05:21.815 +03:00 [INF] Executed DbCommand (1ms) [Parameters=[], CommandType='"Text"', CommandTimeout='30']
SELECT [d].[Id], [d].[DepartmentId], [d].[FullName], [d].[IsActive], [d].[Phone], [d].[Specialization], [d].[UserId]
FROM [Doctors] AS [d]
2026-06-28 23:05:21.817 +03:00 [INF] Executed DbCommand (1ms) [Parameters=[@p='?' (DbType = Guid)], CommandType='"Text"', CommandTimeout='30']
SELECT TOP(1) [d].[Id], [d].[Description], [d].[IsActive], [d].[Name]
FROM [Departments] AS [d]
WHERE [d].[Id] = @p
2026-06-28 23:05:21.824 +03:00 [INF] Executed DbCommand (1ms) [Parameters=[@p='?' (DbType = Guid)], CommandType='"Text"', CommandTimeout='30']
SELECT TOP(1) [p].[Id], [p].[Address], [p].[BloodType], [p].[CreatedAt], [p].[DateOfBirth], [p].[Email], [p].[FullName], [p].[Gender], [p].[NationalId], [p].[Phone], [p].[UserId]
FROM [Patients] AS [p]
WHERE [p].[Id] = @p
2026-06-28 23:05:21.833 +03:00 [INF] Executed DbCommand (8ms) [Parameters=[@patientId='?' (DbType = Guid)], CommandType='"Text"', CommandTimeout='30']
SELECT [a].[Id], [a].[AppointmentDate], [a].[CreatedAt], [a].[CreatedByReceptionistId], [a].[DoctorId], [a].[EndTime], [a].[Notes], [a].[PatientId], [a].[StartTime], [a].[Status], [a].[UpdatedAt]
FROM [Appointments] AS [a]
WHERE [a].[PatientId] = @patientId
ORDER BY [a].[AppointmentDate] DESC, [a].[StartTime] DESC
2026-06-28 23:05:21.843 +03:00 [INF] Executed DbCommand (1ms) [Parameters=[@patientId='?' (DbType = Guid)], CommandType='"Text"', CommandTimeout='30']
SELECT [a].[Id], [a].[AppointmentDate], [a].[CreatedAt], [a].[CreatedByReceptionistId], [a].[DoctorId], [a].[EndTime], [a].[Notes], [a].[PatientId], [a].[StartTime], [a].[Status], [a].[UpdatedAt]
FROM [Appointments] AS [a]
WHERE [a].[PatientId] = @patientId
ORDER BY [a].[AppointmentDate] DESC, [a].[StartTime] DESC
2026-06-28 23:05:21.844 +03:00 [INF] Executed DbCommand (1ms) [Parameters=[], CommandType='"Text"', CommandTimeout='30']
SELECT [c].[Id], [c].[AppointmentId], [c].[CompletedAt], [c].[Diagnosis], [c].[DoctorId], [c].[Notes], [c].[PatientId], [c].[StartedAt]
FROM [Consultations] AS [c]
2026-06-28 23:05:21.881 +03:00 [INF] Executed DbCommand (9ms) [Parameters=[], CommandType='"Text"', CommandTimeout='30']
SELECT [p].[Id], [p].[ConsultationId], [p].[Dosage], [p].[Duration], [p].[Frequency], [p].[MedicationName], [p].[Notes]
FROM [Prescriptions] AS [p]
2026-06-28 23:05:21.884 +03:00 [INF] Executed DbCommand (1ms) [Parameters=[], CommandType='"Text"', CommandTimeout='30']
SELECT [d].[Id], [d].[DepartmentId], [d].[FullName], [d].[IsActive], [d].[Phone], [d].[Specialization], [d].[UserId]
FROM [Doctors] AS [d]
2026-06-28 23:05:21.901 +03:00 [INF] HTTP GET /api/doctor/patients/36574f06-f0f8-4c16-83d7-073e1107da0b/medical-history responded 200 in 117ms
2026-06-28 23:06:01.581 +03:00 [INF] HTTP OPTIONS /api/doctor/schedule responded 204 in 0ms
2026-06-28 23:06:01.581 +03:00 [INF] HTTP OPTIONS /api/doctor/working-hours responded 204 in 0ms
2026-06-28 23:06:01.584 +03:00 [INF] HTTP OPTIONS /api/doctor/schedule responded 204 in 0ms
2026-06-28 23:06:01.626 +03:00 [INF] Executed DbCommand (18ms) [Parameters=[], CommandType='"Text"', CommandTimeout='30']
SELECT [d].[Id], [d].[DepartmentId], [d].[FullName], [d].[IsActive], [d].[Phone], [d].[Specialization], [d].[UserId]
FROM [Doctors] AS [d]
2026-06-28 23:06:01.627 +03:00 [INF] Executed DbCommand (14ms) [Parameters=[], CommandType='"Text"', CommandTimeout='30']
SELECT [d].[Id], [d].[DepartmentId], [d].[FullName], [d].[IsActive], [d].[Phone], [d].[Specialization], [d].[UserId]
FROM [Doctors] AS [d]
2026-06-28 23:06:01.638 +03:00 [INF] Executed DbCommand (1ms) [Parameters=[], CommandType='"Text"', CommandTimeout='30']
SELECT [d].[Id], [d].[DepartmentId], [d].[FullName], [d].[IsActive], [d].[Phone], [d].[Specialization], [d].[UserId]
FROM [Doctors] AS [d]
2026-06-28 23:06:01.642 +03:00 [INF] Executed DbCommand (2ms) [Parameters=[@p='?' (DbType = Guid)], CommandType='"Text"', CommandTimeout='30']
SELECT TOP(1) [d].[Id], [d].[Description], [d].[IsActive], [d].[Name]
FROM [Departments] AS [d]
WHERE [d].[Id] = @p
2026-06-28 23:06:01.643 +03:00 [INF] Executed DbCommand (14ms) [Parameters=[@p='?' (DbType = Guid)], CommandType='"Text"', CommandTimeout='30']
SELECT TOP(1) [d].[Id], [d].[Description], [d].[IsActive], [d].[Name]
FROM [Departments] AS [d]
WHERE [d].[Id] = @p
2026-06-28 23:06:01.643 +03:00 [INF] Executed DbCommand (15ms) [Parameters=[@p='?' (DbType = Guid)], CommandType='"Text"', CommandTimeout='30']
SELECT TOP(1) [d].[Id], [d].[Description], [d].[IsActive], [d].[Name]
FROM [Departments] AS [d]
WHERE [d].[Id] = @p
2026-06-28 23:06:01.654 +03:00 [INF] Executed DbCommand (10ms) [Parameters=[], CommandType='"Text"', CommandTimeout='30']
SELECT [d].[Id], [d].[AppointmentDurationMinutes], [d].[DayOfWeek], [d].[DoctorId], [d].[EndTime], [d].[IsActive], [d].[StartTime]
FROM [DoctorSchedules] AS [d]
2026-06-28 23:06:01.656 +03:00 [INF] HTTP GET /api/doctor/working-hours responded 200 in 47ms
2026-06-28 23:06:01.660 +03:00 [INF] Executed DbCommand (15ms) [Parameters=[@doctorId='?' (DbType = Guid), @date='?' (DbType = Date)], CommandType='"Text"', CommandTimeout='30']
SELECT [a].[Id], [a].[AppointmentDate], [a].[CreatedAt], [a].[CreatedByReceptionistId], [a].[DoctorId], [a].[EndTime], [a].[Notes], [a].[PatientId], [a].[StartTime], [a].[Status], [a].[UpdatedAt]
FROM [Appointments] AS [a]
WHERE [a].[DoctorId] = @doctorId AND [a].[AppointmentDate] = @date
ORDER BY [a].[StartTime]
2026-06-28 23:06:01.660 +03:00 [INF] HTTP GET /api/doctor/schedule responded 200 in 57ms
2026-06-28 23:06:01.661 +03:00 [INF] Executed DbCommand (17ms) [Parameters=[@doctorId='?' (DbType = Guid), @date='?' (DbType = Date)], CommandType='"Text"', CommandTimeout='30']
SELECT [a].[Id], [a].[AppointmentDate], [a].[CreatedAt], [a].[CreatedByReceptionistId], [a].[DoctorId], [a].[EndTime], [a].[Notes], [a].[PatientId], [a].[StartTime], [a].[Status], [a].[UpdatedAt]
FROM [Appointments] AS [a]
WHERE [a].[DoctorId] = @doctorId AND [a].[AppointmentDate] = @date
ORDER BY [a].[StartTime]
2026-06-28 23:06:01.672 +03:00 [INF] Executed DbCommand (8ms) [Parameters=[@p='?' (DbType = Guid)], CommandType='"Text"', CommandTimeout='30']
SELECT TOP(1) [p].[Id], [p].[Address], [p].[BloodType], [p].[CreatedAt], [p].[DateOfBirth], [p].[Email], [p].[FullName], [p].[Gender], [p].[NationalId], [p].[Phone], [p].[UserId]
FROM [Patients] AS [p]
WHERE [p].[Id] = @p
2026-06-28 23:06:01.675 +03:00 [INF] Executed DbCommand (1ms) [Parameters=[@p='?' (DbType = Guid)], CommandType='"Text"', CommandTimeout='30']
SELECT TOP(1) [p].[Id], [p].[Address], [p].[BloodType], [p].[CreatedAt], [p].[DateOfBirth], [p].[Email], [p].[FullName], [p].[Gender], [p].[NationalId], [p].[Phone], [p].[UserId]
FROM [Patients] AS [p]
WHERE [p].[Id] = @p
2026-06-28 23:06:01.677 +03:00 [INF] HTTP GET /api/doctor/schedule responded 200 in 67ms
2026-06-28 23:06:18.369 +03:00 [INF] HTTP OPTIONS /api/auth/login responded 204 in 0ms
2026-06-28 23:06:18.402 +03:00 [INF] Executed DbCommand (6ms) [Parameters=[], CommandType='"Text"', CommandTimeout='30']
SELECT [u].[Id], [u].[CreatedAt], [u].[Email], [u].[IsActive], [u].[PasswordHash], [u].[Role]
FROM [Users] AS [u]
2026-06-28 23:06:18.897 +03:00 [INF] HTTP POST /api/auth/login responded 200 in 512ms
2026-06-28 23:06:25.990 +03:00 [INF] HTTP OPTIONS /api/auth/login responded 204 in 0ms
2026-06-28 23:06:26.013 +03:00 [INF] Executed DbCommand (1ms) [Parameters=[], CommandType='"Text"', CommandTimeout='30']
SELECT [u].[Id], [u].[CreatedAt], [u].[Email], [u].[IsActive], [u].[PasswordHash], [u].[Role]
FROM [Users] AS [u]
2026-06-28 23:06:26.397 +03:00 [INF] HTTP POST /api/auth/login responded 200 in 389ms
2026-06-28 23:06:26.433 +03:00 [INF] HTTP OPTIONS /api/patients responded 204 in 0ms
2026-06-28 23:06:26.440 +03:00 [INF] Executed DbCommand (3ms) [Parameters=[], CommandType='"Text"', CommandTimeout='30']
SELECT [p].[Id], [p].[Address], [p].[BloodType], [p].[CreatedAt], [p].[DateOfBirth], [p].[Email], [p].[FullName], [p].[Gender], [p].[NationalId], [p].[Phone], [p].[UserId]
FROM [Patients] AS [p]
2026-06-28 23:06:26.441 +03:00 [INF] HTTP GET /api/patients responded 200 in 5ms
2026-06-28 23:07:42.536 +03:00 [INF] HTTP OPTIONS /api/patients responded 204 in 0ms
2026-06-28 23:07:42.558 +03:00 [INF] Executed DbCommand (11ms) [Parameters=[], CommandType='"Text"', CommandTimeout='30']
SELECT [p].[Id], [p].[Address], [p].[BloodType], [p].[CreatedAt], [p].[DateOfBirth], [p].[Email], [p].[FullName], [p].[Gender], [p].[NationalId], [p].[Phone], [p].[UserId]
FROM [Patients] AS [p]
2026-06-28 23:07:42.559 +03:00 [INF] HTTP GET /api/patients responded 200 in 17ms
2026-06-28 23:07:51.038 +03:00 [INF] HTTP OPTIONS /api/auth/login responded 204 in 0ms
2026-06-28 23:07:51.060 +03:00 [INF] Executed DbCommand (11ms) [Parameters=[], CommandType='"Text"', CommandTimeout='30']
SELECT [u].[Id], [u].[CreatedAt], [u].[Email], [u].[IsActive], [u].[PasswordHash], [u].[Role]
FROM [Users] AS [u]
2026-06-28 23:07:51.675 +03:00 [INF] HTTP POST /api/auth/login responded 200 in 631ms
2026-06-28 23:07:53.097 +03:00 [INF] HTTP OPTIONS /api/doctors responded 204 in 0ms
2026-06-28 23:07:53.169 +03:00 [INF] Executed DbCommand (9ms) [Parameters=[], CommandType='"Text"', CommandTimeout='30']
SELECT [d].[Id], [d].[DepartmentId], [d].[FullName], [d].[IsActive], [d].[Phone], [d].[Specialization], [d].[UserId]
FROM [Doctors] AS [d]
2026-06-28 23:07:53.184 +03:00 [INF] Executed DbCommand (10ms) [Parameters=[@p='?' (DbType = Guid)], CommandType='"Text"', CommandTimeout='30']
SELECT TOP(1) [d].[Id], [d].[Description], [d].[IsActive], [d].[Name]
FROM [Departments] AS [d]
WHERE [d].[Id] = @p
2026-06-28 23:07:53.188 +03:00 [INF] Executed DbCommand (2ms) [Parameters=[@p='?' (DbType = Guid)], CommandType='"Text"', CommandTimeout='30']
SELECT TOP(1) [d].[Id], [d].[Description], [d].[IsActive], [d].[Name]
FROM [Departments] AS [d]
WHERE [d].[Id] = @p
2026-06-28 23:07:53.205 +03:00 [INF] HTTP GET /api/doctors responded 200 in 99ms
2026-06-28 23:07:53.223 +03:00 [INF] HTTP OPTIONS /api/appointments responded 204 in 0ms
2026-06-28 23:07:53.282 +03:00 [INF] Executed DbCommand (13ms) [Parameters=[@doctorId='?' (DbType = Guid), @date='?' (DbType = Date)], CommandType='"Text"', CommandTimeout='30']
SELECT [a].[Id], [a].[AppointmentDate], [a].[CreatedAt], [a].[CreatedByReceptionistId], [a].[DoctorId], [a].[EndTime], [a].[Notes], [a].[PatientId], [a].[StartTime], [a].[Status], [a].[UpdatedAt]
FROM [Appointments] AS [a]
WHERE [a].[DoctorId] = @doctorId AND [a].[AppointmentDate] = @date
ORDER BY [a].[StartTime]
2026-06-28 23:07:53.284 +03:00 [INF] HTTP GET /api/appointments responded 200 in 54ms
2026-06-28 23:07:53.299 +03:00 [INF] HTTP OPTIONS /api/appointments responded 204 in 0ms
2026-06-28 23:07:53.321 +03:00 [INF] Executed DbCommand (4ms) [Parameters=[@doctorId='?' (DbType = Guid), @date='?' (DbType = Date)], CommandType='"Text"', CommandTimeout='30']
SELECT [a].[Id], [a].[AppointmentDate], [a].[CreatedAt], [a].[CreatedByReceptionistId], [a].[DoctorId], [a].[EndTime], [a].[Notes], [a].[PatientId], [a].[StartTime], [a].[Status], [a].[UpdatedAt]
FROM [Appointments] AS [a]
WHERE [a].[DoctorId] = @doctorId AND [a].[AppointmentDate] = @date
ORDER BY [a].[StartTime]
2026-06-28 23:07:53.322 +03:00 [INF] HTTP GET /api/appointments responded 200 in 7ms
2026-06-28 23:08:11.588 +03:00 [INF] HTTP OPTIONS /api/departments responded 204 in 0ms
2026-06-28 23:08:11.589 +03:00 [INF] HTTP OPTIONS /api/patients responded 204 in 0ms
2026-06-28 23:08:11.613 +03:00 [INF] Executed DbCommand (10ms) [Parameters=[], CommandType='"Text"', CommandTimeout='30']
SELECT [d].[Id], [d].[Description], [d].[IsActive], [d].[Name]
FROM [Departments] AS [d]
2026-06-28 23:08:11.614 +03:00 [INF] Executed DbCommand (11ms) [Parameters=[], CommandType='"Text"', CommandTimeout='30']
SELECT [p].[Id], [p].[Address], [p].[BloodType], [p].[CreatedAt], [p].[DateOfBirth], [p].[Email], [p].[FullName], [p].[Gender], [p].[NationalId], [p].[Phone], [p].[UserId]
FROM [Patients] AS [p]
2026-06-28 23:08:11.616 +03:00 [INF] HTTP GET /api/patients responded 200 in 19ms
2026-06-28 23:08:11.616 +03:00 [INF] HTTP GET /api/departments responded 200 in 20ms
2026-06-28 23:08:16.974 +03:00 [INF] HTTP OPTIONS /api/patients responded 204 in 0ms
2026-06-28 23:08:16.987 +03:00 [INF] Executed DbCommand (2ms) [Parameters=[], CommandType='"Text"', CommandTimeout='30']
SELECT [p].[Id], [p].[Address], [p].[BloodType], [p].[CreatedAt], [p].[DateOfBirth], [p].[Email], [p].[FullName], [p].[Gender], [p].[NationalId], [p].[Phone], [p].[UserId]
FROM [Patients] AS [p]
2026-06-28 23:08:16.990 +03:00 [INF] HTTP GET /api/patients responded 200 in 9ms
2026-06-28 23:08:23.436 +03:00 [INF] HTTP OPTIONS /api/auth/login responded 204 in 0ms
2026-06-28 23:08:23.451 +03:00 [INF] Executed DbCommand (6ms) [Parameters=[], CommandType='"Text"', CommandTimeout='30']
SELECT [u].[Id], [u].[CreatedAt], [u].[Email], [u].[IsActive], [u].[PasswordHash], [u].[Role]
FROM [Users] AS [u]
2026-06-28 23:08:23.916 +03:00 [INF] HTTP POST /api/auth/login responded 200 in 474ms
2026-06-28 23:08:23.944 +03:00 [INF] HTTP OPTIONS /api/departments responded 204 in 0ms
2026-06-28 23:08:23.954 +03:00 [INF] Executed DbCommand (1ms) [Parameters=[], CommandType='"Text"', CommandTimeout='30']
SELECT [d].[Id], [d].[Description], [d].[IsActive], [d].[Name]
FROM [Departments] AS [d]
2026-06-28 23:08:23.955 +03:00 [INF] HTTP GET /api/departments responded 200 in 6ms
2026-06-28 23:08:30.682 +03:00 [INF] HTTP OPTIONS /api/doctors responded 204 in 0ms
2026-06-28 23:08:30.698 +03:00 [INF] Executed DbCommand (7ms) [Parameters=[], CommandType='"Text"', CommandTimeout='30']
SELECT [d].[Id], [d].[DepartmentId], [d].[FullName], [d].[IsActive], [d].[Phone], [d].[Specialization], [d].[UserId]
FROM [Doctors] AS [d]
2026-06-28 23:08:30.706 +03:00 [INF] Executed DbCommand (6ms) [Parameters=[@p='?' (DbType = Guid)], CommandType='"Text"', CommandTimeout='30']
SELECT TOP(1) [d].[Id], [d].[Description], [d].[IsActive], [d].[Name]
FROM [Departments] AS [d]
WHERE [d].[Id] = @p
2026-06-28 23:08:30.708 +03:00 [INF] Executed DbCommand (1ms) [Parameters=[@p='?' (DbType = Guid)], CommandType='"Text"', CommandTimeout='30']
SELECT TOP(1) [d].[Id], [d].[Description], [d].[IsActive], [d].[Name]
FROM [Departments] AS [d]
WHERE [d].[Id] = @p
2026-06-28 23:08:30.709 +03:00 [INF] HTTP GET /api/doctors responded 200 in 22ms
2026-06-28 23:08:34.148 +03:00 [INF] HTTP OPTIONS /api/doctors responded 204 in 0ms
2026-06-28 23:08:34.150 +03:00 [INF] HTTP OPTIONS /api/doctors/eea5306b-9d0d-474f-b644-e334fdedcbe6/schedule responded 204 in 0ms
2026-06-28 23:08:34.162 +03:00 [INF] Executed DbCommand (1ms) [Parameters=[], CommandType='"Text"', CommandTimeout='30']
SELECT [d].[Id], [d].[DepartmentId], [d].[FullName], [d].[IsActive], [d].[Phone], [d].[Specialization], [d].[UserId]
FROM [Doctors] AS [d]
2026-06-28 23:08:34.165 +03:00 [INF] Executed DbCommand (1ms) [Parameters=[@p='?' (DbType = Guid)], CommandType='"Text"', CommandTimeout='30']
SELECT TOP(1) [d].[Id], [d].[Description], [d].[IsActive], [d].[Name]
FROM [Departments] AS [d]
WHERE [d].[Id] = @p
2026-06-28 23:08:34.168 +03:00 [INF] Executed DbCommand (1ms) [Parameters=[@p='?' (DbType = Guid)], CommandType='"Text"', CommandTimeout='30']
SELECT TOP(1) [d].[Id], [d].[Description], [d].[IsActive], [d].[Name]
FROM [Departments] AS [d]
WHERE [d].[Id] = @p
2026-06-28 23:08:34.169 +03:00 [INF] HTTP GET /api/doctors responded 200 in 11ms
2026-06-28 23:08:34.203 +03:00 [INF] Executed DbCommand (6ms) [Parameters=[@p='?' (DbType = Guid)], CommandType='"Text"', CommandTimeout='30']
SELECT TOP(1) [d].[Id], [d].[DepartmentId], [d].[FullName], [d].[IsActive], [d].[Phone], [d].[Specialization], [d].[UserId]
FROM [Doctors] AS [d]
WHERE [d].[Id] = @p
2026-06-28 23:08:34.211 +03:00 [INF] Executed DbCommand (7ms) [Parameters=[], CommandType='"Text"', CommandTimeout='30']
SELECT [d].[Id], [d].[AppointmentDurationMinutes], [d].[DayOfWeek], [d].[DoctorId], [d].[EndTime], [d].[IsActive], [d].[StartTime]
FROM [DoctorSchedules] AS [d]
2026-06-28 23:08:34.213 +03:00 [INF] HTTP GET /api/doctors/eea5306b-9d0d-474f-b644-e334fdedcbe6/schedule responded 200 in 54ms
2026-06-28 23:10:49.970 +03:00 [INF] HTTP OPTIONS /api/departments responded 204 in 0ms
2026-06-28 23:10:50.004 +03:00 [INF] Executed DbCommand (13ms) [Parameters=[], CommandType='"Text"', CommandTimeout='30']
SELECT [d].[Id], [d].[Description], [d].[IsActive], [d].[Name]
FROM [Departments] AS [d]
2026-06-28 23:10:50.006 +03:00 [INF] HTTP GET /api/departments responded 200 in 23ms
2026-06-28 23:10:56.008 +03:00 [INF] HTTP OPTIONS /api/doctors responded 204 in 0ms
2026-06-28 23:10:56.012 +03:00 [INF] HTTP OPTIONS /api/departments responded 204 in 0ms
2026-06-28 23:10:56.024 +03:00 [INF] Executed DbCommand (1ms) [Parameters=[], CommandType='"Text"', CommandTimeout='30']
SELECT [d].[Id], [d].[Description], [d].[IsActive], [d].[Name]
FROM [Departments] AS [d]
2026-06-28 23:10:56.025 +03:00 [INF] HTTP GET /api/departments responded 200 in 4ms
2026-06-28 23:10:56.031 +03:00 [INF] Executed DbCommand (8ms) [Parameters=[], CommandType='"Text"', CommandTimeout='30']
SELECT [d].[Id], [d].[DepartmentId], [d].[FullName], [d].[IsActive], [d].[Phone], [d].[Specialization], [d].[UserId]
FROM [Doctors] AS [d]
2026-06-28 23:10:56.040 +03:00 [INF] Executed DbCommand (7ms) [Parameters=[@p='?' (DbType = Guid)], CommandType='"Text"', CommandTimeout='30']
SELECT TOP(1) [d].[Id], [d].[Description], [d].[IsActive], [d].[Name]
FROM [Departments] AS [d]
WHERE [d].[Id] = @p
2026-06-28 23:10:56.043 +03:00 [INF] Executed DbCommand (1ms) [Parameters=[@p='?' (DbType = Guid)], CommandType='"Text"', CommandTimeout='30']
SELECT TOP(1) [d].[Id], [d].[Description], [d].[IsActive], [d].[Name]
FROM [Departments] AS [d]
WHERE [d].[Id] = @p
2026-06-28 23:10:56.044 +03:00 [INF] HTTP GET /api/doctors responded 200 in 24ms
2026-06-28 23:11:20.662 +03:00 [INF] HTTP OPTIONS /api/receptionists responded 204 in 0ms
2026-06-28 23:11:20.796 +03:00 [INF] Executed DbCommand (7ms) [Parameters=[], CommandType='"Text"', CommandTimeout='30']
SELECT [r].[Id], [r].[FullName], [r].[IsActive], [r].[Phone], [r].[UserId]
FROM [Receptionists] AS [r]
2026-06-28 23:11:20.824 +03:00 [INF] HTTP GET /api/receptionists responded 200 in 140ms
2026-06-28 23:11:53.869 +03:00 [INF] HTTP OPTIONS /api/departments responded 204 in 0ms
2026-06-28 23:11:53.897 +03:00 [INF] Executed DbCommand (9ms) [Parameters=[], CommandType='"Text"', CommandTimeout='30']
SELECT [d].[Id], [d].[Description], [d].[IsActive], [d].[Name]
FROM [Departments] AS [d]
2026-06-28 23:11:53.899 +03:00 [INF] HTTP GET /api/departments responded 200 in 15ms
2026-06-28 23:12:00.187 +03:00 [INF] HTTP OPTIONS /api/doctors responded 204 in 0ms
2026-06-28 23:12:00.188 +03:00 [INF] HTTP OPTIONS /api/departments responded 204 in 0ms
2026-06-28 23:12:00.192 +03:00 [INF] Executed DbCommand (1ms) [Parameters=[], CommandType='"Text"', CommandTimeout='30']
SELECT [d].[Id], [d].[Description], [d].[IsActive], [d].[Name]
FROM [Departments] AS [d]
2026-06-28 23:12:00.193 +03:00 [INF] HTTP GET /api/departments responded 200 in 2ms
2026-06-28 23:12:00.194 +03:00 [INF] Executed DbCommand (2ms) [Parameters=[], CommandType='"Text"', CommandTimeout='30']
SELECT [d].[Id], [d].[DepartmentId], [d].[FullName], [d].[IsActive], [d].[Phone], [d].[Specialization], [d].[UserId]
FROM [Doctors] AS [d]
2026-06-28 23:12:00.197 +03:00 [INF] Executed DbCommand (2ms) [Parameters=[@p='?' (DbType = Guid)], CommandType='"Text"', CommandTimeout='30']
SELECT TOP(1) [d].[Id], [d].[Description], [d].[IsActive], [d].[Name]
FROM [Departments] AS [d]
WHERE [d].[Id] = @p
2026-06-28 23:12:00.198 +03:00 [INF] Executed DbCommand (1ms) [Parameters=[@p='?' (DbType = Guid)], CommandType='"Text"', CommandTimeout='30']
SELECT TOP(1) [d].[Id], [d].[Description], [d].[IsActive], [d].[Name]
FROM [Departments] AS [d]
WHERE [d].[Id] = @p
2026-06-28 23:12:00.199 +03:00 [INF] HTTP GET /api/doctors responded 200 in 8ms
2026-06-28 23:12:19.358 +03:00 [INF] HTTP OPTIONS /api/receptionists responded 204 in 0ms
2026-06-28 23:12:19.389 +03:00 [INF] Executed DbCommand (12ms) [Parameters=[], CommandType='"Text"', CommandTimeout='30']
SELECT [r].[Id], [r].[FullName], [r].[IsActive], [r].[Phone], [r].[UserId]
FROM [Receptionists] AS [r]
2026-06-28 23:12:19.390 +03:00 [INF] HTTP GET /api/receptionists responded 200 in 19ms
2026-06-28 23:12:21.880 +03:00 [INF] HTTP OPTIONS /api/doctors responded 204 in 0ms
2026-06-28 23:12:21.889 +03:00 [INF] HTTP OPTIONS /api/doctors/eea5306b-9d0d-474f-b644-e334fdedcbe6/schedule responded 204 in 0ms
2026-06-28 23:12:21.910 +03:00 [INF] Executed DbCommand (7ms) [Parameters=[], CommandType='"Text"', CommandTimeout='30']
SELECT [d].[Id], [d].[DepartmentId], [d].[FullName], [d].[IsActive], [d].[Phone], [d].[Specialization], [d].[UserId]
FROM [Doctors] AS [d]
2026-06-28 23:12:21.911 +03:00 [INF] Executed DbCommand (7ms) [Parameters=[@p='?' (DbType = Guid)], CommandType='"Text"', CommandTimeout='30']
SELECT TOP(1) [d].[Id], [d].[DepartmentId], [d].[FullName], [d].[IsActive], [d].[Phone], [d].[Specialization], [d].[UserId]
FROM [Doctors] AS [d]
WHERE [d].[Id] = @p
2026-06-28 23:12:21.918 +03:00 [INF] Executed DbCommand (6ms) [Parameters=[], CommandType='"Text"', CommandTimeout='30']
SELECT [d].[Id], [d].[AppointmentDurationMinutes], [d].[DayOfWeek], [d].[DoctorId], [d].[EndTime], [d].[IsActive], [d].[StartTime]
FROM [DoctorSchedules] AS [d]
2026-06-28 23:12:21.918 +03:00 [INF] Executed DbCommand (7ms) [Parameters=[@p='?' (DbType = Guid)], CommandType='"Text"', CommandTimeout='30']
SELECT TOP(1) [d].[Id], [d].[Description], [d].[IsActive], [d].[Name]
FROM [Departments] AS [d]
WHERE [d].[Id] = @p
2026-06-28 23:12:21.919 +03:00 [INF] HTTP GET /api/doctors/eea5306b-9d0d-474f-b644-e334fdedcbe6/schedule responded 200 in 19ms
2026-06-28 23:12:21.921 +03:00 [INF] Executed DbCommand (1ms) [Parameters=[@p='?' (DbType = Guid)], CommandType='"Text"', CommandTimeout='30']
SELECT TOP(1) [d].[Id], [d].[Description], [d].[IsActive], [d].[Name]
FROM [Departments] AS [d]
WHERE [d].[Id] = @p
2026-06-28 23:12:21.922 +03:00 [INF] HTTP GET /api/doctors responded 200 in 23ms
2026-06-28 23:12:31.575 +03:00 [INF] HTTP OPTIONS /api/auth/login responded 204 in 0ms
2026-06-28 23:12:31.590 +03:00 [INF] Executed DbCommand (5ms) [Parameters=[], CommandType='"Text"', CommandTimeout='30']
SELECT [u].[Id], [u].[CreatedAt], [u].[Email], [u].[IsActive], [u].[PasswordHash], [u].[Role]
FROM [Users] AS [u]
2026-06-28 23:12:32.117 +03:00 [INF] HTTP POST /api/auth/login responded 200 in 536ms
2026-06-28 23:12:32.141 +03:00 [INF] HTTP OPTIONS /api/doctor/working-hours responded 204 in 0ms
2026-06-28 23:12:32.142 +03:00 [INF] HTTP OPTIONS /api/doctor/schedule responded 204 in 0ms
2026-06-28 23:12:32.146 +03:00 [INF] Executed DbCommand (1ms) [Parameters=[], CommandType='"Text"', CommandTimeout='30']
SELECT [d].[Id], [d].[DepartmentId], [d].[FullName], [d].[IsActive], [d].[Phone], [d].[Specialization], [d].[UserId]
FROM [Doctors] AS [d]
2026-06-28 23:12:32.146 +03:00 [INF] Executed DbCommand (0ms) [Parameters=[], CommandType='"Text"', CommandTimeout='30']
SELECT [d].[Id], [d].[DepartmentId], [d].[FullName], [d].[IsActive], [d].[Phone], [d].[Specialization], [d].[UserId]
FROM [Doctors] AS [d]
2026-06-28 23:12:32.147 +03:00 [INF] Executed DbCommand (0ms) [Parameters=[@p='?' (DbType = Guid)], CommandType='"Text"', CommandTimeout='30']
SELECT TOP(1) [d].[Id], [d].[Description], [d].[IsActive], [d].[Name]
FROM [Departments] AS [d]
WHERE [d].[Id] = @p
2026-06-28 23:12:32.147 +03:00 [INF] Executed DbCommand (1ms) [Parameters=[@p='?' (DbType = Guid)], CommandType='"Text"', CommandTimeout='30']
SELECT TOP(1) [d].[Id], [d].[Description], [d].[IsActive], [d].[Name]
FROM [Departments] AS [d]
WHERE [d].[Id] = @p
2026-06-28 23:12:32.148 +03:00 [INF] Executed DbCommand (1ms) [Parameters=[], CommandType='"Text"', CommandTimeout='30']
SELECT [d].[Id], [d].[AppointmentDurationMinutes], [d].[DayOfWeek], [d].[DoctorId], [d].[EndTime], [d].[IsActive], [d].[StartTime]
FROM [DoctorSchedules] AS [d]
2026-06-28 23:12:32.149 +03:00 [INF] HTTP GET /api/doctor/working-hours responded 200 in 4ms
2026-06-28 23:12:32.154 +03:00 [INF] Executed DbCommand (5ms) [Parameters=[@doctorId='?' (DbType = Guid), @date='?' (DbType = Date)], CommandType='"Text"', CommandTimeout='30']
SELECT [a].[Id], [a].[AppointmentDate], [a].[CreatedAt], [a].[CreatedByReceptionistId], [a].[DoctorId], [a].[EndTime], [a].[Notes], [a].[PatientId], [a].[StartTime], [a].[Status], [a].[UpdatedAt]
FROM [Appointments] AS [a]
WHERE [a].[DoctorId] = @doctorId AND [a].[AppointmentDate] = @date
ORDER BY [a].[StartTime]
2026-06-28 23:12:32.155 +03:00 [INF] HTTP GET /api/doctor/schedule responded 200 in 10ms
2026-06-28 23:12:32.164 +03:00 [INF] HTTP OPTIONS /api/doctor/schedule responded 204 in 0ms
2026-06-28 23:12:32.168 +03:00 [INF] Executed DbCommand (0ms) [Parameters=[], CommandType='"Text"', CommandTimeout='30']
SELECT [d].[Id], [d].[DepartmentId], [d].[FullName], [d].[IsActive], [d].[Phone], [d].[Specialization], [d].[UserId]
FROM [Doctors] AS [d]
2026-06-28 23:12:32.169 +03:00 [INF] Executed DbCommand (1ms) [Parameters=[@p='?' (DbType = Guid)], CommandType='"Text"', CommandTimeout='30']
SELECT TOP(1) [d].[Id], [d].[Description], [d].[IsActive], [d].[Name]
FROM [Departments] AS [d]
WHERE [d].[Id] = @p
2026-06-28 23:12:32.170 +03:00 [INF] Executed DbCommand (1ms) [Parameters=[@doctorId='?' (DbType = Guid), @date='?' (DbType = Date)], CommandType='"Text"', CommandTimeout='30']
SELECT [a].[Id], [a].[AppointmentDate], [a].[CreatedAt], [a].[CreatedByReceptionistId], [a].[DoctorId], [a].[EndTime], [a].[Notes], [a].[PatientId], [a].[StartTime], [a].[Status], [a].[UpdatedAt]
FROM [Appointments] AS [a]
WHERE [a].[DoctorId] = @doctorId AND [a].[AppointmentDate] = @date
ORDER BY [a].[StartTime]
2026-06-28 23:12:32.174 +03:00 [INF] Executed DbCommand (3ms) [Parameters=[@p='?' (DbType = Guid)], CommandType='"Text"', CommandTimeout='30']
SELECT TOP(1) [p].[Id], [p].[Address], [p].[BloodType], [p].[CreatedAt], [p].[DateOfBirth], [p].[Email], [p].[FullName], [p].[Gender], [p].[NationalId], [p].[Phone], [p].[UserId]
FROM [Patients] AS [p]
WHERE [p].[Id] = @p
2026-06-28 23:12:32.176 +03:00 [INF] Executed DbCommand (1ms) [Parameters=[@p='?' (DbType = Guid)], CommandType='"Text"', CommandTimeout='30']
SELECT TOP(1) [p].[Id], [p].[Address], [p].[BloodType], [p].[CreatedAt], [p].[DateOfBirth], [p].[Email], [p].[FullName], [p].[Gender], [p].[NationalId], [p].[Phone], [p].[UserId]
FROM [Patients] AS [p]
WHERE [p].[Id] = @p
2026-06-28 23:12:32.176 +03:00 [INF] HTTP GET /api/doctor/schedule responded 200 in 10ms
2026-06-28 23:12:34.688 +03:00 [INF] HTTP OPTIONS /api/doctor/appointments/fc2a14d0-8703-4d1d-b626-ef8a09c5e9cb responded 204 in 0ms
2026-06-28 23:12:34.692 +03:00 [INF] Executed DbCommand (1ms) [Parameters=[], CommandType='"Text"', CommandTimeout='30']
SELECT [d].[Id], [d].[DepartmentId], [d].[FullName], [d].[IsActive], [d].[Phone], [d].[Specialization], [d].[UserId]
FROM [Doctors] AS [d]
2026-06-28 23:12:34.693 +03:00 [INF] Executed DbCommand (1ms) [Parameters=[@p='?' (DbType = Guid)], CommandType='"Text"', CommandTimeout='30']
SELECT TOP(1) [d].[Id], [d].[Description], [d].[IsActive], [d].[Name]
FROM [Departments] AS [d]
WHERE [d].[Id] = @p
2026-06-28 23:12:34.697 +03:00 [INF] Executed DbCommand (3ms) [Parameters=[@p='?' (DbType = Guid)], CommandType='"Text"', CommandTimeout='30']
SELECT TOP(1) [a].[Id], [a].[AppointmentDate], [a].[CreatedAt], [a].[CreatedByReceptionistId], [a].[DoctorId], [a].[EndTime], [a].[Notes], [a].[PatientId], [a].[StartTime], [a].[Status], [a].[UpdatedAt]
FROM [Appointments] AS [a]
WHERE [a].[Id] = @p
2026-06-28 23:12:34.698 +03:00 [INF] Executed DbCommand (1ms) [Parameters=[@p='?' (DbType = Guid)], CommandType='"Text"', CommandTimeout='30']
SELECT TOP(1) [p].[Id], [p].[Address], [p].[BloodType], [p].[CreatedAt], [p].[DateOfBirth], [p].[Email], [p].[FullName], [p].[Gender], [p].[NationalId], [p].[Phone], [p].[UserId]
FROM [Patients] AS [p]
WHERE [p].[Id] = @p
2026-06-28 23:12:34.702 +03:00 [INF] Executed DbCommand (3ms) [Parameters=[], CommandType='"Text"', CommandTimeout='30']
SELECT [c].[Id], [c].[AppointmentId], [c].[CompletedAt], [c].[Diagnosis], [c].[DoctorId], [c].[Notes], [c].[PatientId], [c].[StartedAt]
FROM [Consultations] AS [c]
2026-06-28 23:12:34.702 +03:00 [INF] HTTP GET /api/doctor/appointments/fc2a14d0-8703-4d1d-b626-ef8a09c5e9cb responded 200 in 11ms
2026-06-28 23:12:34.711 +03:00 [INF] HTTP OPTIONS /api/doctor/patients/d382320a-4b14-4d99-b259-40d342004dcb/medical-history responded 204 in 0ms
2026-06-28 23:12:34.715 +03:00 [INF] Executed DbCommand (1ms) [Parameters=[], CommandType='"Text"', CommandTimeout='30']
SELECT [d].[Id], [d].[DepartmentId], [d].[FullName], [d].[IsActive], [d].[Phone], [d].[Specialization], [d].[UserId]
FROM [Doctors] AS [d]
2026-06-28 23:12:34.716 +03:00 [INF] Executed DbCommand (0ms) [Parameters=[@p='?' (DbType = Guid)], CommandType='"Text"', CommandTimeout='30']
SELECT TOP(1) [d].[Id], [d].[Description], [d].[IsActive], [d].[Name]
FROM [Departments] AS [d]
WHERE [d].[Id] = @p
2026-06-28 23:12:34.717 +03:00 [INF] Executed DbCommand (0ms) [Parameters=[@p='?' (DbType = Guid)], CommandType='"Text"', CommandTimeout='30']
SELECT TOP(1) [p].[Id], [p].[Address], [p].[BloodType], [p].[CreatedAt], [p].[DateOfBirth], [p].[Email], [p].[FullName], [p].[Gender], [p].[NationalId], [p].[Phone], [p].[UserId]
FROM [Patients] AS [p]
WHERE [p].[Id] = @p
2026-06-28 23:12:34.721 +03:00 [INF] Executed DbCommand (3ms) [Parameters=[@patientId='?' (DbType = Guid)], CommandType='"Text"', CommandTimeout='30']
SELECT [a].[Id], [a].[AppointmentDate], [a].[CreatedAt], [a].[CreatedByReceptionistId], [a].[DoctorId], [a].[EndTime], [a].[Notes], [a].[PatientId], [a].[StartTime], [a].[Status], [a].[UpdatedAt]
FROM [Appointments] AS [a]
WHERE [a].[PatientId] = @patientId
ORDER BY [a].[AppointmentDate] DESC, [a].[StartTime] DESC
2026-06-28 23:12:34.722 +03:00 [INF] Executed DbCommand (1ms) [Parameters=[@patientId='?' (DbType = Guid)], CommandType='"Text"', CommandTimeout='30']
SELECT [a].[Id], [a].[AppointmentDate], [a].[CreatedAt], [a].[CreatedByReceptionistId], [a].[DoctorId], [a].[EndTime], [a].[Notes], [a].[PatientId], [a].[StartTime], [a].[Status], [a].[UpdatedAt]
FROM [Appointments] AS [a]
WHERE [a].[PatientId] = @patientId
ORDER BY [a].[AppointmentDate] DESC, [a].[StartTime] DESC
2026-06-28 23:12:34.723 +03:00 [INF] Executed DbCommand (0ms) [Parameters=[], CommandType='"Text"', CommandTimeout='30']
SELECT [c].[Id], [c].[AppointmentId], [c].[CompletedAt], [c].[Diagnosis], [c].[DoctorId], [c].[Notes], [c].[PatientId], [c].[StartedAt]
FROM [Consultations] AS [c]
2026-06-28 23:12:34.726 +03:00 [INF] Executed DbCommand (2ms) [Parameters=[], CommandType='"Text"', CommandTimeout='30']
SELECT [p].[Id], [p].[ConsultationId], [p].[Dosage], [p].[Duration], [p].[Frequency], [p].[MedicationName], [p].[Notes]
FROM [Prescriptions] AS [p]
2026-06-28 23:12:34.726 +03:00 [INF] Executed DbCommand (0ms) [Parameters=[], CommandType='"Text"', CommandTimeout='30']
SELECT [d].[Id], [d].[DepartmentId], [d].[FullName], [d].[IsActive], [d].[Phone], [d].[Specialization], [d].[UserId]
FROM [Doctors] AS [d]
2026-06-28 23:12:34.727 +03:00 [INF] HTTP GET /api/doctor/patients/d382320a-4b14-4d99-b259-40d342004dcb/medical-history responded 200 in 13ms
2026-06-28 23:13:42.948 +03:00 [INF] HTTP OPTIONS /api/doctor/working-hours responded 204 in 0ms
2026-06-28 23:13:42.950 +03:00 [INF] HTTP OPTIONS /api/doctor/schedule responded 204 in 0ms
2026-06-28 23:13:42.954 +03:00 [INF] HTTP OPTIONS /api/doctor/schedule responded 204 in 0ms
2026-06-28 23:13:42.997 +03:00 [INF] Executed DbCommand (19ms) [Parameters=[], CommandType='"Text"', CommandTimeout='30']
SELECT [d].[Id], [d].[DepartmentId], [d].[FullName], [d].[IsActive], [d].[Phone], [d].[Specialization], [d].[UserId]
FROM [Doctors] AS [d]
2026-06-28 23:13:42.997 +03:00 [INF] Executed DbCommand (19ms) [Parameters=[], CommandType='"Text"', CommandTimeout='30']
SELECT [d].[Id], [d].[DepartmentId], [d].[FullName], [d].[IsActive], [d].[Phone], [d].[Specialization], [d].[UserId]
FROM [Doctors] AS [d]
2026-06-28 23:13:43.009 +03:00 [INF] Executed DbCommand (8ms) [Parameters=[@p='?' (DbType = Guid)], CommandType='"Text"', CommandTimeout='30']
SELECT TOP(1) [d].[Id], [d].[Description], [d].[IsActive], [d].[Name]
FROM [Departments] AS [d]
WHERE [d].[Id] = @p
2026-06-28 23:13:43.009 +03:00 [INF] Executed DbCommand (9ms) [Parameters=[@p='?' (DbType = Guid)], CommandType='"Text"', CommandTimeout='30']
SELECT TOP(1) [d].[Id], [d].[Description], [d].[IsActive], [d].[Name]
FROM [Departments] AS [d]
WHERE [d].[Id] = @p
2026-06-28 23:13:43.026 +03:00 [INF] Executed DbCommand (16ms) [Parameters=[], CommandType='"Text"', CommandTimeout='30']
SELECT [d].[Id], [d].[AppointmentDurationMinutes], [d].[DayOfWeek], [d].[DoctorId], [d].[EndTime], [d].[IsActive], [d].[StartTime]
FROM [DoctorSchedules] AS [d]
2026-06-28 23:13:43.027 +03:00 [INF] HTTP GET /api/doctor/working-hours responded 200 in 55ms
2026-06-28 23:13:43.034 +03:00 [INF] Executed DbCommand (24ms) [Parameters=[@doctorId='?' (DbType = Guid), @date='?' (DbType = Date)], CommandType='"Text"', CommandTimeout='30']
SELECT [a].[Id], [a].[AppointmentDate], [a].[CreatedAt], [a].[CreatedByReceptionistId], [a].[DoctorId], [a].[EndTime], [a].[Notes], [a].[PatientId], [a].[StartTime], [a].[Status], [a].[UpdatedAt]
FROM [Appointments] AS [a]
WHERE [a].[DoctorId] = @doctorId AND [a].[AppointmentDate] = @date
ORDER BY [a].[StartTime]
2026-06-28 23:13:43.034 +03:00 [INF] Executed DbCommand (1ms) [Parameters=[], CommandType='"Text"', CommandTimeout='30']
SELECT [d].[Id], [d].[DepartmentId], [d].[FullName], [d].[IsActive], [d].[Phone], [d].[Specialization], [d].[UserId]
FROM [Doctors] AS [d]
2026-06-28 23:13:43.037 +03:00 [INF] Executed DbCommand (1ms) [Parameters=[@p='?' (DbType = Guid)], CommandType='"Text"', CommandTimeout='30']
SELECT TOP(1) [d].[Id], [d].[Description], [d].[IsActive], [d].[Name]
FROM [Departments] AS [d]
WHERE [d].[Id] = @p
2026-06-28 23:13:43.040 +03:00 [INF] Executed DbCommand (2ms) [Parameters=[@doctorId='?' (DbType = Guid), @date='?' (DbType = Date)], CommandType='"Text"', CommandTimeout='30']
SELECT [a].[Id], [a].[AppointmentDate], [a].[CreatedAt], [a].[CreatedByReceptionistId], [a].[DoctorId], [a].[EndTime], [a].[Notes], [a].[PatientId], [a].[StartTime], [a].[Status], [a].[UpdatedAt]
FROM [Appointments] AS [a]
WHERE [a].[DoctorId] = @doctorId AND [a].[AppointmentDate] = @date
ORDER BY [a].[StartTime]
2026-06-28 23:13:43.041 +03:00 [INF] HTTP GET /api/doctor/schedule responded 200 in 43ms
2026-06-28 23:13:43.049 +03:00 [INF] Executed DbCommand (14ms) [Parameters=[@p='?' (DbType = Guid)], CommandType='"Text"', CommandTimeout='30']
SELECT TOP(1) [p].[Id], [p].[Address], [p].[BloodType], [p].[CreatedAt], [p].[DateOfBirth], [p].[Email], [p].[FullName], [p].[Gender], [p].[NationalId], [p].[Phone], [p].[UserId]
FROM [Patients] AS [p]
WHERE [p].[Id] = @p
2026-06-28 23:13:43.052 +03:00 [INF] Executed DbCommand (1ms) [Parameters=[@p='?' (DbType = Guid)], CommandType='"Text"', CommandTimeout='30']
SELECT TOP(1) [p].[Id], [p].[Address], [p].[BloodType], [p].[CreatedAt], [p].[DateOfBirth], [p].[Email], [p].[FullName], [p].[Gender], [p].[NationalId], [p].[Phone], [p].[UserId]
FROM [Patients] AS [p]
WHERE [p].[Id] = @p
2026-06-28 23:13:43.053 +03:00 [INF] HTTP GET /api/doctor/schedule responded 200 in 80ms
2026-06-28 23:14:17.335 +03:00 [INF] HTTP OPTIONS /api/auth/login responded 204 in 0ms
2026-06-28 23:14:17.348 +03:00 [INF] Executed DbCommand (4ms) [Parameters=[], CommandType='"Text"', CommandTimeout='30']
SELECT [u].[Id], [u].[CreatedAt], [u].[Email], [u].[IsActive], [u].[PasswordHash], [u].[Role]
FROM [Users] AS [u]
2026-06-28 23:14:17.783 +03:00 [INF] HTTP POST /api/auth/login responded 200 in 442ms
2026-06-28 23:14:17.855 +03:00 [INF] HTTP OPTIONS /api/patient/medical-history responded 204 in 0ms
2026-06-28 23:14:17.883 +03:00 [INF] Executed DbCommand (2ms) [Parameters=[], CommandType='"Text"', CommandTimeout='30']
SELECT [p].[Id], [p].[Address], [p].[BloodType], [p].[CreatedAt], [p].[DateOfBirth], [p].[Email], [p].[FullName], [p].[Gender], [p].[NationalId], [p].[Phone], [p].[UserId]
FROM [Patients] AS [p]
2026-06-28 23:14:17.890 +03:00 [INF] Executed DbCommand (4ms) [Parameters=[@patientId='?' (DbType = Guid)], CommandType='"Text"', CommandTimeout='30']
SELECT [a].[Id], [a].[AppointmentDate], [a].[CreatedAt], [a].[CreatedByReceptionistId], [a].[DoctorId], [a].[EndTime], [a].[Notes], [a].[PatientId], [a].[StartTime], [a].[Status], [a].[UpdatedAt]
FROM [Appointments] AS [a]
WHERE [a].[PatientId] = @patientId
ORDER BY [a].[AppointmentDate] DESC, [a].[StartTime] DESC
2026-06-28 23:14:17.893 +03:00 [INF] Executed DbCommand (2ms) [Parameters=[], CommandType='"Text"', CommandTimeout='30']
SELECT [c].[Id], [c].[AppointmentId], [c].[CompletedAt], [c].[Diagnosis], [c].[DoctorId], [c].[Notes], [c].[PatientId], [c].[StartedAt]
FROM [Consultations] AS [c]
2026-06-28 23:14:17.896 +03:00 [INF] Executed DbCommand (2ms) [Parameters=[], CommandType='"Text"', CommandTimeout='30']
SELECT [p].[Id], [p].[ConsultationId], [p].[Dosage], [p].[Duration], [p].[Frequency], [p].[MedicationName], [p].[Notes]
FROM [Prescriptions] AS [p]
2026-06-28 23:14:17.897 +03:00 [INF] Executed DbCommand (1ms) [Parameters=[], CommandType='"Text"', CommandTimeout='30']
SELECT [d].[Id], [d].[DepartmentId], [d].[FullName], [d].[IsActive], [d].[Phone], [d].[Specialization], [d].[UserId]
FROM [Doctors] AS [d]
2026-06-28 23:14:17.898 +03:00 [INF] HTTP GET /api/patient/medical-history responded 200 in 40ms
2026-06-28 23:14:23.356 +03:00 [INF] HTTP OPTIONS /api/patient/appointments/fa6fd78d-72db-408d-bf3f-81eaa6a2a128 responded 204 in 0ms
2026-06-28 23:14:23.397 +03:00 [INF] Executed DbCommand (1ms) [Parameters=[], CommandType='"Text"', CommandTimeout='30']
SELECT [p].[Id], [p].[Address], [p].[BloodType], [p].[CreatedAt], [p].[DateOfBirth], [p].[Email], [p].[FullName], [p].[Gender], [p].[NationalId], [p].[Phone], [p].[UserId]
FROM [Patients] AS [p]
2026-06-28 23:14:23.404 +03:00 [INF] Executed DbCommand (5ms) [Parameters=[@p='?' (DbType = Guid)], CommandType='"Text"', CommandTimeout='30']
SELECT TOP(1) [a].[Id], [a].[AppointmentDate], [a].[CreatedAt], [a].[CreatedByReceptionistId], [a].[DoctorId], [a].[EndTime], [a].[Notes], [a].[PatientId], [a].[StartTime], [a].[Status], [a].[UpdatedAt]
FROM [Appointments] AS [a]
WHERE [a].[Id] = @p
2026-06-28 23:14:23.410 +03:00 [INF] Executed DbCommand (5ms) [Parameters=[@p='?' (DbType = Guid)], CommandType='"Text"', CommandTimeout='30']
SELECT TOP(1) [d].[Id], [d].[DepartmentId], [d].[FullName], [d].[IsActive], [d].[Phone], [d].[Specialization], [d].[UserId]
FROM [Doctors] AS [d]
WHERE [d].[Id] = @p
2026-06-28 23:14:23.412 +03:00 [INF] Executed DbCommand (1ms) [Parameters=[], CommandType='"Text"', CommandTimeout='30']
SELECT [c].[Id], [c].[AppointmentId], [c].[CompletedAt], [c].[Diagnosis], [c].[DoctorId], [c].[Notes], [c].[PatientId], [c].[StartedAt]
FROM [Consultations] AS [c]
2026-06-28 23:14:23.420 +03:00 [INF] Executed DbCommand (1ms) [Parameters=[], CommandType='"Text"', CommandTimeout='30']
SELECT [p].[Id], [p].[ConsultationId], [p].[Dosage], [p].[Duration], [p].[Frequency], [p].[MedicationName], [p].[Notes]
FROM [Prescriptions] AS [p]
2026-06-28 23:14:23.442 +03:00 [INF] HTTP GET /api/patient/appointments/fa6fd78d-72db-408d-bf3f-81eaa6a2a128 responded 200 in 80ms
2026-06-28 23:14:27.844 +03:00 [INF] HTTP OPTIONS /api/patient/profile responded 204 in 0ms
2026-06-28 23:14:27.854 +03:00 [INF] Executed DbCommand (5ms) [Parameters=[], CommandType='"Text"', CommandTimeout='30']
SELECT [p].[Id], [p].[Address], [p].[BloodType], [p].[CreatedAt], [p].[DateOfBirth], [p].[Email], [p].[FullName], [p].[Gender], [p].[NationalId], [p].[Phone], [p].[UserId]
FROM [Patients] AS [p]
2026-06-28 23:14:27.854 +03:00 [INF] HTTP GET /api/patient/profile responded 200 in 6ms
2026-06-28 23:15:09.249 +03:00 [INF] HTTP OPTIONS /api/patient/profile responded 204 in 0ms
2026-06-28 23:15:09.279 +03:00 [INF] Executed DbCommand (12ms) [Parameters=[], CommandType='"Text"', CommandTimeout='30']
SELECT [p].[Id], [p].[Address], [p].[BloodType], [p].[CreatedAt], [p].[DateOfBirth], [p].[Email], [p].[FullName], [p].[Gender], [p].[NationalId], [p].[Phone], [p].[UserId]
FROM [Patients] AS [p]
2026-06-28 23:15:09.280 +03:00 [INF] HTTP GET /api/patient/profile responded 200 in 17ms
2026-06-28 23:15:09.883 +03:00 [INF] HTTP OPTIONS /api/patient/appointments/fa6fd78d-72db-408d-bf3f-81eaa6a2a128 responded 204 in 0ms
2026-06-28 23:15:09.895 +03:00 [INF] Executed DbCommand (1ms) [Parameters=[], CommandType='"Text"', CommandTimeout='30']
SELECT [p].[Id], [p].[Address], [p].[BloodType], [p].[CreatedAt], [p].[DateOfBirth], [p].[Email], [p].[FullName], [p].[Gender], [p].[NationalId], [p].[Phone], [p].[UserId]
FROM [Patients] AS [p]
2026-06-28 23:15:09.901 +03:00 [INF] Executed DbCommand (5ms) [Parameters=[@p='?' (DbType = Guid)], CommandType='"Text"', CommandTimeout='30']
SELECT TOP(1) [a].[Id], [a].[AppointmentDate], [a].[CreatedAt], [a].[CreatedByReceptionistId], [a].[DoctorId], [a].[EndTime], [a].[Notes], [a].[PatientId], [a].[StartTime], [a].[Status], [a].[UpdatedAt]
FROM [Appointments] AS [a]
WHERE [a].[Id] = @p
2026-06-28 23:15:09.907 +03:00 [INF] Executed DbCommand (5ms) [Parameters=[@p='?' (DbType = Guid)], CommandType='"Text"', CommandTimeout='30']
SELECT TOP(1) [d].[Id], [d].[DepartmentId], [d].[FullName], [d].[IsActive], [d].[Phone], [d].[Specialization], [d].[UserId]
FROM [Doctors] AS [d]
WHERE [d].[Id] = @p
2026-06-28 23:15:09.911 +03:00 [INF] Executed DbCommand (3ms) [Parameters=[], CommandType='"Text"', CommandTimeout='30']
SELECT [c].[Id], [c].[AppointmentId], [c].[CompletedAt], [c].[Diagnosis], [c].[DoctorId], [c].[Notes], [c].[PatientId], [c].[StartedAt]
FROM [Consultations] AS [c]
2026-06-28 23:15:09.916 +03:00 [INF] Executed DbCommand (3ms) [Parameters=[], CommandType='"Text"', CommandTimeout='30']
SELECT [p].[Id], [p].[ConsultationId], [p].[Dosage], [p].[Duration], [p].[Frequency], [p].[MedicationName], [p].[Notes]
FROM [Prescriptions] AS [p]
2026-06-28 23:15:09.916 +03:00 [INF] HTTP GET /api/patient/appointments/fa6fd78d-72db-408d-bf3f-81eaa6a2a128 responded 200 in 23ms
2026-06-28 23:15:10.575 +03:00 [INF] HTTP OPTIONS /api/patient/medical-history responded 204 in 0ms
2026-06-28 23:15:10.582 +03:00 [INF] Executed DbCommand (0ms) [Parameters=[], CommandType='"Text"', CommandTimeout='30']
SELECT [p].[Id], [p].[Address], [p].[BloodType], [p].[CreatedAt], [p].[DateOfBirth], [p].[Email], [p].[FullName], [p].[Gender], [p].[NationalId], [p].[Phone], [p].[UserId]
FROM [Patients] AS [p]
2026-06-28 23:15:10.588 +03:00 [INF] Executed DbCommand (5ms) [Parameters=[@patientId='?' (DbType = Guid)], CommandType='"Text"', CommandTimeout='30']
SELECT [a].[Id], [a].[AppointmentDate], [a].[CreatedAt], [a].[CreatedByReceptionistId], [a].[DoctorId], [a].[EndTime], [a].[Notes], [a].[PatientId], [a].[StartTime], [a].[Status], [a].[UpdatedAt]
FROM [Appointments] AS [a]
WHERE [a].[PatientId] = @patientId
ORDER BY [a].[AppointmentDate] DESC, [a].[StartTime] DESC
2026-06-28 23:15:10.589 +03:00 [INF] Executed DbCommand (1ms) [Parameters=[], CommandType='"Text"', CommandTimeout='30']
SELECT [c].[Id], [c].[AppointmentId], [c].[CompletedAt], [c].[Diagnosis], [c].[DoctorId], [c].[Notes], [c].[PatientId], [c].[StartedAt]
FROM [Consultations] AS [c]
2026-06-28 23:15:10.590 +03:00 [INF] Executed DbCommand (1ms) [Parameters=[], CommandType='"Text"', CommandTimeout='30']
SELECT [p].[Id], [p].[ConsultationId], [p].[Dosage], [p].[Duration], [p].[Frequency], [p].[MedicationName], [p].[Notes]
FROM [Prescriptions] AS [p]
2026-06-28 23:15:10.593 +03:00 [INF] Executed DbCommand (2ms) [Parameters=[], CommandType='"Text"', CommandTimeout='30']
SELECT [d].[Id], [d].[DepartmentId], [d].[FullName], [d].[IsActive], [d].[Phone], [d].[Specialization], [d].[UserId]
FROM [Doctors] AS [d]
2026-06-28 23:15:10.593 +03:00 [INF] HTTP GET /api/patient/medical-history responded 200 in 12ms
2026-06-28 23:15:16.856 +03:00 [INF] HTTP OPTIONS /api/auth/login responded 204 in 0ms
2026-06-28 23:15:16.865 +03:00 [INF] Executed DbCommand (4ms) [Parameters=[], CommandType='"Text"', CommandTimeout='30']
SELECT [u].[Id], [u].[CreatedAt], [u].[Email], [u].[IsActive], [u].[PasswordHash], [u].[Role]
FROM [Users] AS [u]
2026-06-28 23:15:17.222 +03:00 [INF] HTTP POST /api/auth/login responded 200 in 362ms
2026-06-28 23:15:17.249 +03:00 [INF] HTTP OPTIONS /api/patients responded 204 in 0ms
2026-06-28 23:15:17.253 +03:00 [INF] Executed DbCommand (1ms) [Parameters=[], CommandType='"Text"', CommandTimeout='30']
SELECT [p].[Id], [p].[Address], [p].[BloodType], [p].[CreatedAt], [p].[DateOfBirth], [p].[Email], [p].[FullName], [p].[Gender], [p].[NationalId], [p].[Phone], [p].[UserId]
FROM [Patients] AS [p]
2026-06-28 23:15:17.253 +03:00 [INF] HTTP GET /api/patients responded 200 in 2ms
2026-06-28 23:15:21.933 +03:00 [INF] HTTP OPTIONS /api/departments responded 204 in 0ms
2026-06-28 23:15:21.935 +03:00 [INF] HTTP OPTIONS /api/patients responded 204 in 0ms
2026-06-28 23:15:21.948 +03:00 [INF] Executed DbCommand (1ms) [Parameters=[], CommandType='"Text"', CommandTimeout='30']
SELECT [p].[Id], [p].[Address], [p].[BloodType], [p].[CreatedAt], [p].[DateOfBirth], [p].[Email], [p].[FullName], [p].[Gender], [p].[NationalId], [p].[Phone], [p].[UserId]
FROM [Patients] AS [p]
2026-06-28 23:15:21.949 +03:00 [INF] HTTP GET /api/patients responded 200 in 5ms
2026-06-28 23:15:21.952 +03:00 [INF] Executed DbCommand (6ms) [Parameters=[], CommandType='"Text"', CommandTimeout='30']
SELECT [d].[Id], [d].[Description], [d].[IsActive], [d].[Name]
FROM [Departments] AS [d]
2026-06-28 23:15:21.953 +03:00 [INF] HTTP GET /api/departments responded 200 in 11ms
2026-06-28 23:15:23.950 +03:00 [INF] HTTP OPTIONS /api/doctors responded 204 in 0ms
2026-06-28 23:15:23.961 +03:00 [INF] Executed DbCommand (1ms) [Parameters=[], CommandType='"Text"', CommandTimeout='30']
SELECT [d].[Id], [d].[DepartmentId], [d].[FullName], [d].[IsActive], [d].[Phone], [d].[Specialization], [d].[UserId]
FROM [Doctors] AS [d]
2026-06-28 23:15:23.970 +03:00 [INF] Executed DbCommand (7ms) [Parameters=[@p='?' (DbType = Guid)], CommandType='"Text"', CommandTimeout='30']
SELECT TOP(1) [d].[Id], [d].[Description], [d].[IsActive], [d].[Name]
FROM [Departments] AS [d]
WHERE [d].[Id] = @p
2026-06-28 23:15:23.972 +03:00 [INF] Executed DbCommand (1ms) [Parameters=[@p='?' (DbType = Guid)], CommandType='"Text"', CommandTimeout='30']
SELECT TOP(1) [d].[Id], [d].[Description], [d].[IsActive], [d].[Name]
FROM [Departments] AS [d]
WHERE [d].[Id] = @p
2026-06-28 23:15:23.973 +03:00 [INF] HTTP GET /api/doctors responded 200 in 16ms
2026-06-28 23:15:23.993 +03:00 [INF] HTTP OPTIONS /api/appointments responded 204 in 0ms
2026-06-28 23:15:24.020 +03:00 [INF] Executed DbCommand (15ms) [Parameters=[@doctorId='?' (DbType = Guid), @date='?' (DbType = Date)], CommandType='"Text"', CommandTimeout='30']
SELECT [a].[Id], [a].[AppointmentDate], [a].[CreatedAt], [a].[CreatedByReceptionistId], [a].[DoctorId], [a].[EndTime], [a].[Notes], [a].[PatientId], [a].[StartTime], [a].[Status], [a].[UpdatedAt]
FROM [Appointments] AS [a]
WHERE [a].[DoctorId] = @doctorId AND [a].[AppointmentDate] = @date
ORDER BY [a].[StartTime]
2026-06-28 23:15:24.021 +03:00 [INF] HTTP GET /api/appointments responded 200 in 19ms
2026-06-28 23:15:24.035 +03:00 [INF] HTTP OPTIONS /api/appointments responded 204 in 0ms
2026-06-28 23:15:24.047 +03:00 [INF] Executed DbCommand (2ms) [Parameters=[@doctorId='?' (DbType = Guid), @date='?' (DbType = Date)], CommandType='"Text"', CommandTimeout='30']
SELECT [a].[Id], [a].[AppointmentDate], [a].[CreatedAt], [a].[CreatedByReceptionistId], [a].[DoctorId], [a].[EndTime], [a].[Notes], [a].[PatientId], [a].[StartTime], [a].[Status], [a].[UpdatedAt]
FROM [Appointments] AS [a]
WHERE [a].[DoctorId] = @doctorId AND [a].[AppointmentDate] = @date
ORDER BY [a].[StartTime]
2026-06-28 23:15:24.048 +03:00 [INF] HTTP GET /api/appointments responded 200 in 7ms
2026-06-28 23:16:36.272 +03:00 [INF] HTTP OPTIONS /api/patients responded 204 in 0ms
2026-06-28 23:16:36.291 +03:00 [INF] Executed DbCommand (10ms) [Parameters=[], CommandType='"Text"', CommandTimeout='30']
SELECT [p].[Id], [p].[Address], [p].[BloodType], [p].[CreatedAt], [p].[DateOfBirth], [p].[Email], [p].[FullName], [p].[Gender], [p].[NationalId], [p].[Phone], [p].[UserId]
FROM [Patients] AS [p]
2026-06-28 23:16:36.292 +03:00 [INF] HTTP GET /api/patients responded 200 in 14ms
2026-06-28 23:16:37.092 +03:00 [INF] HTTP OPTIONS /api/doctors responded 204 in 0ms
2026-06-28 23:16:37.094 +03:00 [INF] HTTP OPTIONS /api/appointments responded 204 in 0ms
2026-06-28 23:16:37.120 +03:00 [INF] Executed DbCommand (7ms) [Parameters=[], CommandType='"Text"', CommandTimeout='30']
SELECT [d].[Id], [d].[DepartmentId], [d].[FullName], [d].[IsActive], [d].[Phone], [d].[Specialization], [d].[UserId]
FROM [Doctors] AS [d]
2026-06-28 23:16:37.127 +03:00 [INF] Executed DbCommand (13ms) [Parameters=[@doctorId='?' (DbType = Guid), @date='?' (DbType = Date)], CommandType='"Text"', CommandTimeout='30']
SELECT [a].[Id], [a].[AppointmentDate], [a].[CreatedAt], [a].[CreatedByReceptionistId], [a].[DoctorId], [a].[EndTime], [a].[Notes], [a].[PatientId], [a].[StartTime], [a].[Status], [a].[UpdatedAt]
FROM [Appointments] AS [a]
WHERE [a].[DoctorId] = @doctorId AND [a].[AppointmentDate] = @date
ORDER BY [a].[StartTime]
2026-06-28 23:16:37.127 +03:00 [INF] HTTP GET /api/appointments responded 200 in 16ms
2026-06-28 23:16:37.129 +03:00 [INF] Executed DbCommand (8ms) [Parameters=[@p='?' (DbType = Guid)], CommandType='"Text"', CommandTimeout='30']
SELECT TOP(1) [d].[Id], [d].[Description], [d].[IsActive], [d].[Name]
FROM [Departments] AS [d]
WHERE [d].[Id] = @p
2026-06-28 23:16:37.131 +03:00 [INF] Executed DbCommand (1ms) [Parameters=[@p='?' (DbType = Guid)], CommandType='"Text"', CommandTimeout='30']
SELECT TOP(1) [d].[Id], [d].[Description], [d].[IsActive], [d].[Name]
FROM [Departments] AS [d]
WHERE [d].[Id] = @p
2026-06-28 23:16:37.132 +03:00 [INF] HTTP GET /api/doctors responded 200 in 22ms
2026-06-28 23:16:37.140 +03:00 [INF] HTTP OPTIONS /api/appointments responded 204 in 0ms
2026-06-28 23:16:37.151 +03:00 [INF] Executed DbCommand (2ms) [Parameters=[@doctorId='?' (DbType = Guid), @date='?' (DbType = Date)], CommandType='"Text"', CommandTimeout='30']
SELECT [a].[Id], [a].[AppointmentDate], [a].[CreatedAt], [a].[CreatedByReceptionistId], [a].[DoctorId], [a].[EndTime], [a].[Notes], [a].[PatientId], [a].[StartTime], [a].[Status], [a].[UpdatedAt]
FROM [Appointments] AS [a]
WHERE [a].[DoctorId] = @doctorId AND [a].[AppointmentDate] = @date
ORDER BY [a].[StartTime]
2026-06-28 23:16:37.152 +03:00 [INF] HTTP GET /api/appointments responded 200 in 6ms
2026-06-28 23:16:37.991 +03:00 [INF] HTTP OPTIONS /api/departments responded 204 in 0ms
2026-06-28 23:16:37.994 +03:00 [INF] HTTP OPTIONS /api/patients responded 204 in 0ms
2026-06-28 23:16:38.016 +03:00 [INF] Executed DbCommand (11ms) [Parameters=[], CommandType='"Text"', CommandTimeout='30']
SELECT [d].[Id], [d].[Description], [d].[IsActive], [d].[Name]
FROM [Departments] AS [d]
2026-06-28 23:16:38.018 +03:00 [INF] HTTP GET /api/departments responded 200 in 16ms
2026-06-28 23:16:38.025 +03:00 [INF] Executed DbCommand (14ms) [Parameters=[], CommandType='"Text"', CommandTimeout='30']
SELECT [p].[Id], [p].[Address], [p].[BloodType], [p].[CreatedAt], [p].[DateOfBirth], [p].[Email], [p].[FullName], [p].[Gender], [p].[NationalId], [p].[Phone], [p].[UserId]
FROM [Patients] AS [p]
2026-06-28 23:16:38.026 +03:00 [INF] HTTP GET /api/patients responded 200 in 17ms
2026-06-28 23:27:40.873 +03:00 [INF] HTTP OPTIONS /api/auth/login responded 204 in 0ms
2026-06-28 23:27:42.503 +03:00 [INF] Executed DbCommand (11ms) [Parameters=[], CommandType='"Text"', CommandTimeout='30']
SELECT [u].[Id], [u].[CreatedAt], [u].[Email], [u].[IsActive], [u].[PasswordHash], [u].[Role]
FROM [Users] AS [u]
2026-06-28 23:27:42.847 +03:00 [INF] HTTP POST /api/auth/login responded 200 in 1969ms
2026-06-28 23:27:42.862 +03:00 [INF] HTTP OPTIONS /api/patient/medical-history responded 204 in 0ms
2026-06-28 23:27:42.874 +03:00 [INF] Executed DbCommand (9ms) [Parameters=[], CommandType='"Text"', CommandTimeout='30']
SELECT [p].[Id], [p].[Address], [p].[BloodType], [p].[CreatedAt], [p].[DateOfBirth], [p].[Email], [p].[FullName], [p].[Gender], [p].[NationalId], [p].[Phone], [p].[UserId]
FROM [Patients] AS [p]
2026-06-28 23:27:42.881 +03:00 [INF] Executed DbCommand (6ms) [Parameters=[@patientId='?' (DbType = Guid)], CommandType='"Text"', CommandTimeout='30']
SELECT [a].[Id], [a].[AppointmentDate], [a].[CreatedAt], [a].[CreatedByReceptionistId], [a].[DoctorId], [a].[EndTime], [a].[Notes], [a].[PatientId], [a].[StartTime], [a].[Status], [a].[UpdatedAt]
FROM [Appointments] AS [a]
WHERE [a].[PatientId] = @patientId
ORDER BY [a].[AppointmentDate] DESC, [a].[StartTime] DESC
2026-06-28 23:27:42.884 +03:00 [INF] Executed DbCommand (3ms) [Parameters=[], CommandType='"Text"', CommandTimeout='30']
SELECT [c].[Id], [c].[AppointmentId], [c].[CompletedAt], [c].[Diagnosis], [c].[DoctorId], [c].[Notes], [c].[PatientId], [c].[StartedAt]
FROM [Consultations] AS [c]
2026-06-28 23:27:42.887 +03:00 [INF] Executed DbCommand (2ms) [Parameters=[], CommandType='"Text"', CommandTimeout='30']
SELECT [p].[Id], [p].[ConsultationId], [p].[Dosage], [p].[Duration], [p].[Frequency], [p].[MedicationName], [p].[Notes]
FROM [Prescriptions] AS [p]
2026-06-28 23:27:42.891 +03:00 [INF] Executed DbCommand (3ms) [Parameters=[], CommandType='"Text"', CommandTimeout='30']
SELECT [d].[Id], [d].[DepartmentId], [d].[FullName], [d].[IsActive], [d].[Phone], [d].[Specialization], [d].[UserId]
FROM [Doctors] AS [d]
2026-06-28 23:27:42.891 +03:00 [INF] HTTP GET /api/patient/medical-history responded 200 in 27ms
2026-06-28 23:27:46.961 +03:00 [INF] HTTP OPTIONS /api/patient/profile responded 204 in 0ms
2026-06-28 23:27:46.970 +03:00 [INF] Executed DbCommand (1ms) [Parameters=[], CommandType='"Text"', CommandTimeout='30']
SELECT [p].[Id], [p].[Address], [p].[BloodType], [p].[CreatedAt], [p].[DateOfBirth], [p].[Email], [p].[FullName], [p].[Gender], [p].[NationalId], [p].[Phone], [p].[UserId]
FROM [Patients] AS [p]
2026-06-28 23:27:46.971 +03:00 [INF] HTTP GET /api/patient/profile responded 200 in 4ms
2026-06-28 23:27:48.610 +03:00 [INF] HTTP OPTIONS /api/patient/appointments responded 204 in 0ms
2026-06-28 23:27:48.619 +03:00 [INF] Executed DbCommand (1ms) [Parameters=[], CommandType='"Text"', CommandTimeout='30']
SELECT [p].[Id], [p].[Address], [p].[BloodType], [p].[CreatedAt], [p].[DateOfBirth], [p].[Email], [p].[FullName], [p].[Gender], [p].[NationalId], [p].[Phone], [p].[UserId]
FROM [Patients] AS [p]
2026-06-28 23:27:48.622 +03:00 [INF] Executed DbCommand (2ms) [Parameters=[@patientId='?' (DbType = Guid)], CommandType='"Text"', CommandTimeout='30']
SELECT [a].[Id], [a].[AppointmentDate], [a].[CreatedAt], [a].[CreatedByReceptionistId], [a].[DoctorId], [a].[EndTime], [a].[Notes], [a].[PatientId], [a].[StartTime], [a].[Status], [a].[UpdatedAt]
FROM [Appointments] AS [a]
WHERE [a].[PatientId] = @patientId
ORDER BY [a].[AppointmentDate] DESC, [a].[StartTime] DESC
2026-06-28 23:27:48.630 +03:00 [INF] Executed DbCommand (6ms) [Parameters=[@p='?' (DbType = Guid)], CommandType='"Text"', CommandTimeout='30']
SELECT TOP(1) [d].[Id], [d].[DepartmentId], [d].[FullName], [d].[IsActive], [d].[Phone], [d].[Specialization], [d].[UserId]
FROM [Doctors] AS [d]
WHERE [d].[Id] = @p
2026-06-28 23:27:48.631 +03:00 [INF] HTTP GET /api/patient/appointments responded 200 in 14ms
2026-06-28 23:27:51.229 +03:00 [INF] HTTP OPTIONS /api/patient/appointments/fa6fd78d-72db-408d-bf3f-81eaa6a2a128 responded 204 in 0ms
2026-06-28 23:27:51.239 +03:00 [INF] Executed DbCommand (1ms) [Parameters=[], CommandType='"Text"', CommandTimeout='30']
SELECT [p].[Id], [p].[Address], [p].[BloodType], [p].[CreatedAt], [p].[DateOfBirth], [p].[Email], [p].[FullName], [p].[Gender], [p].[NationalId], [p].[Phone], [p].[UserId]
FROM [Patients] AS [p]
2026-06-28 23:27:51.248 +03:00 [INF] Executed DbCommand (8ms) [Parameters=[@p='?' (DbType = Guid)], CommandType='"Text"', CommandTimeout='30']
SELECT TOP(1) [a].[Id], [a].[AppointmentDate], [a].[CreatedAt], [a].[CreatedByReceptionistId], [a].[DoctorId], [a].[EndTime], [a].[Notes], [a].[PatientId], [a].[StartTime], [a].[Status], [a].[UpdatedAt]
FROM [Appointments] AS [a]
WHERE [a].[Id] = @p
2026-06-28 23:27:51.251 +03:00 [INF] Executed DbCommand (1ms) [Parameters=[@p='?' (DbType = Guid)], CommandType='"Text"', CommandTimeout='30']
SELECT TOP(1) [d].[Id], [d].[DepartmentId], [d].[FullName], [d].[IsActive], [d].[Phone], [d].[Specialization], [d].[UserId]
FROM [Doctors] AS [d]
WHERE [d].[Id] = @p
2026-06-28 23:27:51.252 +03:00 [INF] Executed DbCommand (1ms) [Parameters=[], CommandType='"Text"', CommandTimeout='30']
SELECT [c].[Id], [c].[AppointmentId], [c].[CompletedAt], [c].[Diagnosis], [c].[DoctorId], [c].[Notes], [c].[PatientId], [c].[StartedAt]
FROM [Consultations] AS [c]
2026-06-28 23:27:51.254 +03:00 [INF] Executed DbCommand (1ms) [Parameters=[], CommandType='"Text"', CommandTimeout='30']
SELECT [p].[Id], [p].[ConsultationId], [p].[Dosage], [p].[Duration], [p].[Frequency], [p].[MedicationName], [p].[Notes]
FROM [Prescriptions] AS [p]
2026-06-28 23:27:51.255 +03:00 [INF] HTTP GET /api/patient/appointments/fa6fd78d-72db-408d-bf3f-81eaa6a2a128 responded 200 in 19ms
2026-06-28 23:28:18.672 +03:00 [INF] HTTP OPTIONS /api/auth/login responded 204 in 0ms
2026-06-28 23:28:18.682 +03:00 [INF] Executed DbCommand (2ms) [Parameters=[], CommandType='"Text"', CommandTimeout='30']
SELECT [u].[Id], [u].[CreatedAt], [u].[Email], [u].[IsActive], [u].[PasswordHash], [u].[Role]
FROM [Users] AS [u]
2026-06-28 23:28:19.170 +03:00 [INF] HTTP POST /api/auth/login responded 200 in 493ms
2026-06-28 23:28:19.194 +03:00 [INF] HTTP OPTIONS /api/patients responded 204 in 0ms
2026-06-28 23:28:19.200 +03:00 [INF] Executed DbCommand (1ms) [Parameters=[], CommandType='"Text"', CommandTimeout='30']
SELECT [p].[Id], [p].[Address], [p].[BloodType], [p].[CreatedAt], [p].[DateOfBirth], [p].[Email], [p].[FullName], [p].[Gender], [p].[NationalId], [p].[Phone], [p].[UserId]
FROM [Patients] AS [p]
2026-06-28 23:28:19.201 +03:00 [INF] HTTP GET /api/patients responded 200 in 3ms
2026-06-28 23:28:23.203 +03:00 [INF] HTTP OPTIONS /api/doctors responded 204 in 0ms
2026-06-28 23:28:23.213 +03:00 [INF] Executed DbCommand (1ms) [Parameters=[], CommandType='"Text"', CommandTimeout='30']
SELECT [d].[Id], [d].[DepartmentId], [d].[FullName], [d].[IsActive], [d].[Phone], [d].[Specialization], [d].[UserId]
FROM [Doctors] AS [d]
2026-06-28 23:28:23.232 +03:00 [INF] Executed DbCommand (18ms) [Parameters=[@p='?' (DbType = Guid)], CommandType='"Text"', CommandTimeout='30']
SELECT TOP(1) [d].[Id], [d].[Description], [d].[IsActive], [d].[Name]
FROM [Departments] AS [d]
WHERE [d].[Id] = @p
2026-06-28 23:28:23.234 +03:00 [INF] Executed DbCommand (1ms) [Parameters=[@p='?' (DbType = Guid)], CommandType='"Text"', CommandTimeout='30']
SELECT TOP(1) [d].[Id], [d].[Description], [d].[IsActive], [d].[Name]
FROM [Departments] AS [d]
WHERE [d].[Id] = @p
2026-06-28 23:28:23.235 +03:00 [INF] HTTP GET /api/doctors responded 200 in 25ms
2026-06-28 23:28:23.248 +03:00 [INF] HTTP OPTIONS /api/appointments responded 204 in 0ms
2026-06-28 23:28:23.267 +03:00 [INF] Executed DbCommand (10ms) [Parameters=[@doctorId='?' (DbType = Guid), @date='?' (DbType = Date)], CommandType='"Text"', CommandTimeout='30']
SELECT [a].[Id], [a].[AppointmentDate], [a].[CreatedAt], [a].[CreatedByReceptionistId], [a].[DoctorId], [a].[EndTime], [a].[Notes], [a].[PatientId], [a].[StartTime], [a].[Status], [a].[UpdatedAt]
FROM [Appointments] AS [a]
WHERE [a].[DoctorId] = @doctorId AND [a].[AppointmentDate] = @date
ORDER BY [a].[StartTime]
2026-06-28 23:28:23.267 +03:00 [INF] HTTP GET /api/appointments responded 200 in 13ms
2026-06-28 23:28:23.277 +03:00 [INF] HTTP OPTIONS /api/appointments responded 204 in 0ms
2026-06-28 23:28:23.285 +03:00 [INF] Executed DbCommand (1ms) [Parameters=[@doctorId='?' (DbType = Guid), @date='?' (DbType = Date)], CommandType='"Text"', CommandTimeout='30']
SELECT [a].[Id], [a].[AppointmentDate], [a].[CreatedAt], [a].[CreatedByReceptionistId], [a].[DoctorId], [a].[EndTime], [a].[Notes], [a].[PatientId], [a].[StartTime], [a].[Status], [a].[UpdatedAt]
FROM [Appointments] AS [a]
WHERE [a].[DoctorId] = @doctorId AND [a].[AppointmentDate] = @date
ORDER BY [a].[StartTime]
2026-06-28 23:28:23.286 +03:00 [INF] HTTP GET /api/appointments responded 200 in 4ms
2026-06-28 23:29:56.085 +03:00 [INF] HTTP OPTIONS /api/doctors responded 204 in 0ms
2026-06-28 23:29:56.089 +03:00 [INF] HTTP OPTIONS /api/doctors responded 204 in 0ms
2026-06-28 23:29:56.093 +03:00 [INF] HTTP OPTIONS /api/appointments responded 204 in 0ms
2026-06-28 23:29:56.105 +03:00 [INF] Executed DbCommand (3ms) [Parameters=[], CommandType='"Text"', CommandTimeout='30']
SELECT [d].[Id], [d].[DepartmentId], [d].[FullName], [d].[IsActive], [d].[Phone], [d].[Specialization], [d].[UserId]
FROM [Doctors] AS [d]
2026-06-28 23:29:56.108 +03:00 [INF] Executed DbCommand (1ms) [Parameters=[@p='?' (DbType = Guid)], CommandType='"Text"', CommandTimeout='30']
SELECT TOP(1) [d].[Id], [d].[Description], [d].[IsActive], [d].[Name]
FROM [Departments] AS [d]
WHERE [d].[Id] = @p
2026-06-28 23:29:56.111 +03:00 [INF] Executed DbCommand (2ms) [Parameters=[@p='?' (DbType = Guid)], CommandType='"Text"', CommandTimeout='30']
SELECT TOP(1) [d].[Id], [d].[Description], [d].[IsActive], [d].[Name]
FROM [Departments] AS [d]
WHERE [d].[Id] = @p
2026-06-28 23:29:56.112 +03:00 [INF] HTTP GET /api/doctors responded 200 in 12ms
2026-06-28 23:29:56.122 +03:00 [INF] Executed DbCommand (1ms) [Parameters=[], CommandType='"Text"', CommandTimeout='30']
SELECT [d].[Id], [d].[DepartmentId], [d].[FullName], [d].[IsActive], [d].[Phone], [d].[Specialization], [d].[UserId]
FROM [Doctors] AS [d]
2026-06-28 23:29:56.123 +03:00 [INF] Executed DbCommand (2ms) [Parameters=[@doctorId='?' (DbType = Guid), @date='?' (DbType = Date)], CommandType='"Text"', CommandTimeout='30']
SELECT [a].[Id], [a].[AppointmentDate], [a].[CreatedAt], [a].[CreatedByReceptionistId], [a].[DoctorId], [a].[EndTime], [a].[Notes], [a].[PatientId], [a].[StartTime], [a].[Status], [a].[UpdatedAt]
FROM [Appointments] AS [a]
WHERE [a].[DoctorId] = @doctorId AND [a].[AppointmentDate] = @date
ORDER BY [a].[StartTime]
2026-06-28 23:29:56.123 +03:00 [INF] HTTP GET /api/appointments responded 200 in 22ms
2026-06-28 23:29:56.124 +03:00 [INF] Executed DbCommand (1ms) [Parameters=[@p='?' (DbType = Guid)], CommandType='"Text"', CommandTimeout='30']
SELECT TOP(1) [d].[Id], [d].[Description], [d].[IsActive], [d].[Name]
FROM [Departments] AS [d]
WHERE [d].[Id] = @p
2026-06-28 23:29:56.126 +03:00 [INF] Executed DbCommand (1ms) [Parameters=[@p='?' (DbType = Guid)], CommandType='"Text"', CommandTimeout='30']
SELECT TOP(1) [d].[Id], [d].[Description], [d].[IsActive], [d].[Name]
FROM [Departments] AS [d]
WHERE [d].[Id] = @p
2026-06-28 23:29:56.127 +03:00 [INF] HTTP GET /api/doctors responded 200 in 9ms
2026-06-28 23:29:56.141 +03:00 [INF] HTTP OPTIONS /api/appointments responded 204 in 0ms
2026-06-28 23:29:56.156 +03:00 [INF] Executed DbCommand (2ms) [Parameters=[@doctorId='?' (DbType = Guid), @date='?' (DbType = Date)], CommandType='"Text"', CommandTimeout='30']
SELECT [a].[Id], [a].[AppointmentDate], [a].[CreatedAt], [a].[CreatedByReceptionistId], [a].[DoctorId], [a].[EndTime], [a].[Notes], [a].[PatientId], [a].[StartTime], [a].[Status], [a].[UpdatedAt]
FROM [Appointments] AS [a]
WHERE [a].[DoctorId] = @doctorId AND [a].[AppointmentDate] = @date
ORDER BY [a].[StartTime]
2026-06-28 23:29:56.157 +03:00 [INF] HTTP GET /api/appointments responded 200 in 6ms
2026-06-28 23:29:56.165 +03:00 [INF] HTTP OPTIONS /api/doctors/eea5306b-9d0d-474f-b644-e334fdedcbe6/schedule responded 204 in 0ms
2026-06-28 23:29:56.172 +03:00 [INF] HTTP OPTIONS /api/doctors/44450f15-4382-4c72-9e45-ffb270692955/schedule responded 204 in 0ms
2026-06-28 23:29:56.177 +03:00 [INF] Executed DbCommand (1ms) [Parameters=[@p='?' (DbType = Guid)], CommandType='"Text"', CommandTimeout='30']
SELECT TOP(1) [d].[Id], [d].[DepartmentId], [d].[FullName], [d].[IsActive], [d].[Phone], [d].[Specialization], [d].[UserId]
FROM [Doctors] AS [d]
WHERE [d].[Id] = @p
2026-06-28 23:29:56.238 +03:00 [INF] Executed DbCommand (60ms) [Parameters=[], CommandType='"Text"', CommandTimeout='30']
SELECT [d].[Id], [d].[AppointmentDurationMinutes], [d].[DayOfWeek], [d].[DoctorId], [d].[EndTime], [d].[IsActive], [d].[StartTime]
FROM [DoctorSchedules] AS [d]
2026-06-28 23:29:56.239 +03:00 [INF] HTTP GET /api/doctors/eea5306b-9d0d-474f-b644-e334fdedcbe6/schedule responded 200 in 66ms
2026-06-28 23:29:56.239 +03:00 [INF] Executed DbCommand (1ms) [Parameters=[@p='?' (DbType = Guid)], CommandType='"Text"', CommandTimeout='30']
SELECT TOP(1) [d].[Id], [d].[DepartmentId], [d].[FullName], [d].[IsActive], [d].[Phone], [d].[Specialization], [d].[UserId]
FROM [Doctors] AS [d]
WHERE [d].[Id] = @p
2026-06-28 23:29:56.240 +03:00 [INF] Executed DbCommand (0ms) [Parameters=[], CommandType='"Text"', CommandTimeout='30']
SELECT [d].[Id], [d].[AppointmentDurationMinutes], [d].[DayOfWeek], [d].[DoctorId], [d].[EndTime], [d].[IsActive], [d].[StartTime]
FROM [DoctorSchedules] AS [d]
2026-06-28 23:29:56.241 +03:00 [INF] HTTP GET /api/doctors/44450f15-4382-4c72-9e45-ffb270692955/schedule responded 200 in 60ms
2026-06-28 23:30:29.387 +03:00 [INF] HTTP OPTIONS /api/doctors responded 204 in 0ms
2026-06-28 23:30:29.391 +03:00 [INF] HTTP OPTIONS /api/doctors responded 204 in 0ms
2026-06-28 23:30:29.392 +03:00 [INF] HTTP OPTIONS /api/appointments responded 204 in 0ms
2026-06-28 23:30:29.398 +03:00 [INF] Executed DbCommand (1ms) [Parameters=[], CommandType='"Text"', CommandTimeout='30']
SELECT [d].[Id], [d].[DepartmentId], [d].[FullName], [d].[IsActive], [d].[Phone], [d].[Specialization], [d].[UserId]
FROM [Doctors] AS [d]
2026-06-28 23:30:29.399 +03:00 [INF] Executed DbCommand (1ms) [Parameters=[@doctorId='?' (DbType = Guid), @date='?' (DbType = Date)], CommandType='"Text"', CommandTimeout='30']
SELECT [a].[Id], [a].[AppointmentDate], [a].[CreatedAt], [a].[CreatedByReceptionistId], [a].[DoctorId], [a].[EndTime], [a].[Notes], [a].[PatientId], [a].[StartTime], [a].[Status], [a].[UpdatedAt]
FROM [Appointments] AS [a]
WHERE [a].[DoctorId] = @doctorId AND [a].[AppointmentDate] = @date
ORDER BY [a].[StartTime]
2026-06-28 23:30:29.399 +03:00 [INF] HTTP GET /api/appointments responded 200 in 2ms
2026-06-28 23:30:29.399 +03:00 [INF] Executed DbCommand (1ms) [Parameters=[@p='?' (DbType = Guid)], CommandType='"Text"', CommandTimeout='30']
SELECT TOP(1) [d].[Id], [d].[Description], [d].[IsActive], [d].[Name]
FROM [Departments] AS [d]
WHERE [d].[Id] = @p
2026-06-28 23:30:29.401 +03:00 [INF] Executed DbCommand (1ms) [Parameters=[@p='?' (DbType = Guid)], CommandType='"Text"', CommandTimeout='30']
SELECT TOP(1) [d].[Id], [d].[Description], [d].[IsActive], [d].[Name]
FROM [Departments] AS [d]
WHERE [d].[Id] = @p
2026-06-28 23:30:29.401 +03:00 [INF] HTTP GET /api/doctors responded 200 in 5ms
2026-06-28 23:30:29.404 +03:00 [INF] Executed DbCommand (1ms) [Parameters=[], CommandType='"Text"', CommandTimeout='30']
SELECT [d].[Id], [d].[DepartmentId], [d].[FullName], [d].[IsActive], [d].[Phone], [d].[Specialization], [d].[UserId]
FROM [Doctors] AS [d]
2026-06-28 23:30:29.404 +03:00 [INF] HTTP OPTIONS /api/appointments responded 204 in 0ms
2026-06-28 23:30:29.405 +03:00 [INF] Executed DbCommand (0ms) [Parameters=[@p='?' (DbType = Guid)], CommandType='"Text"', CommandTimeout='30']
SELECT TOP(1) [d].[Id], [d].[Description], [d].[IsActive], [d].[Name]
FROM [Departments] AS [d]
WHERE [d].[Id] = @p
2026-06-28 23:30:29.406 +03:00 [INF] Executed DbCommand (0ms) [Parameters=[@p='?' (DbType = Guid)], CommandType='"Text"', CommandTimeout='30']
SELECT TOP(1) [d].[Id], [d].[Description], [d].[IsActive], [d].[Name]
FROM [Departments] AS [d]
WHERE [d].[Id] = @p
2026-06-28 23:30:29.406 +03:00 [INF] HTTP GET /api/doctors responded 200 in 3ms
2026-06-28 23:30:29.408 +03:00 [INF] Executed DbCommand (1ms) [Parameters=[@doctorId='?' (DbType = Guid), @date='?' (DbType = Date)], CommandType='"Text"', CommandTimeout='30']
SELECT [a].[Id], [a].[AppointmentDate], [a].[CreatedAt], [a].[CreatedByReceptionistId], [a].[DoctorId], [a].[EndTime], [a].[Notes], [a].[PatientId], [a].[StartTime], [a].[Status], [a].[UpdatedAt]
FROM [Appointments] AS [a]
WHERE [a].[DoctorId] = @doctorId AND [a].[AppointmentDate] = @date
ORDER BY [a].[StartTime]
2026-06-28 23:30:29.408 +03:00 [INF] HTTP GET /api/appointments responded 200 in 1ms
2026-06-28 23:30:29.411 +03:00 [INF] HTTP OPTIONS /api/doctors/eea5306b-9d0d-474f-b644-e334fdedcbe6/schedule responded 204 in 0ms
2026-06-28 23:30:29.412 +03:00 [INF] HTTP OPTIONS /api/doctors/44450f15-4382-4c72-9e45-ffb270692955/schedule responded 204 in 0ms
2026-06-28 23:30:29.417 +03:00 [INF] Executed DbCommand (1ms) [Parameters=[@p='?' (DbType = Guid)], CommandType='"Text"', CommandTimeout='30']
SELECT TOP(1) [d].[Id], [d].[DepartmentId], [d].[FullName], [d].[IsActive], [d].[Phone], [d].[Specialization], [d].[UserId]
FROM [Doctors] AS [d]
WHERE [d].[Id] = @p
2026-06-28 23:30:29.417 +03:00 [INF] Executed DbCommand (0ms) [Parameters=[@p='?' (DbType = Guid)], CommandType='"Text"', CommandTimeout='30']
SELECT TOP(1) [d].[Id], [d].[DepartmentId], [d].[FullName], [d].[IsActive], [d].[Phone], [d].[Specialization], [d].[UserId]
FROM [Doctors] AS [d]
WHERE [d].[Id] = @p
2026-06-28 23:30:29.417 +03:00 [INF] Executed DbCommand (0ms) [Parameters=[], CommandType='"Text"', CommandTimeout='30']
SELECT [d].[Id], [d].[AppointmentDurationMinutes], [d].[DayOfWeek], [d].[DoctorId], [d].[EndTime], [d].[IsActive], [d].[StartTime]
FROM [DoctorSchedules] AS [d]
2026-06-28 23:30:29.417 +03:00 [INF] Executed DbCommand (1ms) [Parameters=[], CommandType='"Text"', CommandTimeout='30']
SELECT [d].[Id], [d].[AppointmentDurationMinutes], [d].[DayOfWeek], [d].[DoctorId], [d].[EndTime], [d].[IsActive], [d].[StartTime]
FROM [DoctorSchedules] AS [d]
2026-06-28 23:30:29.418 +03:00 [INF] HTTP GET /api/doctors/44450f15-4382-4c72-9e45-ffb270692955/schedule responded 200 in 2ms
2026-06-28 23:30:29.418 +03:00 [INF] HTTP GET /api/doctors/eea5306b-9d0d-474f-b644-e334fdedcbe6/schedule responded 200 in 2ms
2026-06-28 23:31:09.100 +03:00 [INF] HTTP OPTIONS /api/appointments responded 204 in 0ms
2026-06-28 23:31:09.113 +03:00 [INF] Executed DbCommand (1ms) [Parameters=[@doctorId='?' (DbType = Guid), @date='?' (DbType = Date)], CommandType='"Text"', CommandTimeout='30']
SELECT [a].[Id], [a].[AppointmentDate], [a].[CreatedAt], [a].[CreatedByReceptionistId], [a].[DoctorId], [a].[EndTime], [a].[Notes], [a].[PatientId], [a].[StartTime], [a].[Status], [a].[UpdatedAt]
FROM [Appointments] AS [a]
WHERE [a].[DoctorId] = @doctorId AND [a].[AppointmentDate] = @date
ORDER BY [a].[StartTime]
2026-06-28 23:31:09.113 +03:00 [INF] HTTP GET /api/appointments responded 200 in 4ms
2026-06-28 23:31:09.131 +03:00 [INF] HTTP OPTIONS /api/appointments responded 204 in 0ms
2026-06-28 23:31:09.138 +03:00 [INF] Executed DbCommand (1ms) [Parameters=[@doctorId='?' (DbType = Guid), @date='?' (DbType = Date)], CommandType='"Text"', CommandTimeout='30']
SELECT [a].[Id], [a].[AppointmentDate], [a].[CreatedAt], [a].[CreatedByReceptionistId], [a].[DoctorId], [a].[EndTime], [a].[Notes], [a].[PatientId], [a].[StartTime], [a].[Status], [a].[UpdatedAt]
FROM [Appointments] AS [a]
WHERE [a].[DoctorId] = @doctorId AND [a].[AppointmentDate] = @date
ORDER BY [a].[StartTime]
2026-06-28 23:31:09.145 +03:00 [INF] Executed DbCommand (6ms) [Parameters=[@p='?' (DbType = Guid)], CommandType='"Text"', CommandTimeout='30']
SELECT TOP(1) [p].[Id], [p].[Address], [p].[BloodType], [p].[CreatedAt], [p].[DateOfBirth], [p].[Email], [p].[FullName], [p].[Gender], [p].[NationalId], [p].[Phone], [p].[UserId]
FROM [Patients] AS [p]
WHERE [p].[Id] = @p
2026-06-28 23:31:09.147 +03:00 [INF] Executed DbCommand (1ms) [Parameters=[@p='?' (DbType = Guid)], CommandType='"Text"', CommandTimeout='30']
SELECT TOP(1) [d].[Id], [d].[DepartmentId], [d].[FullName], [d].[IsActive], [d].[Phone], [d].[Specialization], [d].[UserId]
FROM [Doctors] AS [d]
WHERE [d].[Id] = @p
2026-06-28 23:31:09.149 +03:00 [INF] Executed DbCommand (1ms) [Parameters=[@p='?' (DbType = Guid)], CommandType='"Text"', CommandTimeout='30']
SELECT TOP(1) [p].[Id], [p].[Address], [p].[BloodType], [p].[CreatedAt], [p].[DateOfBirth], [p].[Email], [p].[FullName], [p].[Gender], [p].[NationalId], [p].[Phone], [p].[UserId]
FROM [Patients] AS [p]
WHERE [p].[Id] = @p
2026-06-28 23:31:09.150 +03:00 [INF] HTTP GET /api/appointments responded 200 in 15ms
2026-06-28 23:31:21.391 +03:00 [INF] HTTP OPTIONS /api/appointments/4f3adcd4-78fa-4835-b823-efc1863e7733/checkin responded 204 in 0ms
2026-06-28 23:31:21.427 +03:00 [INF] Executed DbCommand (1ms) [Parameters=[@p='?' (DbType = Guid)], CommandType='"Text"', CommandTimeout='30']
SELECT TOP(1) [a].[Id], [a].[AppointmentDate], [a].[CreatedAt], [a].[CreatedByReceptionistId], [a].[DoctorId], [a].[EndTime], [a].[Notes], [a].[PatientId], [a].[StartTime], [a].[Status], [a].[UpdatedAt]
FROM [Appointments] AS [a]
WHERE [a].[Id] = @p
2026-06-28 23:31:21.479 +03:00 [INF] Executed DbCommand (28ms) [Parameters=[@p10='?' (DbType = Guid), @p0='?' (DbType = Date), @p1='?' (DbType = DateTime2), @p2='?' (DbType = Guid), @p3='?' (DbType = Guid), @p4='?' (DbType = Time), @p5='?' (Size = 2000), @p6='?' (DbType = Guid), @p7='?' (DbType = Time), @p8='?' (Size = 50), @p9='?' (DbType = DateTime2)], CommandType='"Text"', CommandTimeout='30']
SET IMPLICIT_TRANSACTIONS OFF;
SET NOCOUNT ON;
UPDATE [Appointments] SET [AppointmentDate] = @p0, [CreatedAt] = @p1, [CreatedByReceptionistId] = @p2, [DoctorId] = @p3, [EndTime] = @p4, [Notes] = @p5, [PatientId] = @p6, [StartTime] = @p7, [Status] = @p8, [UpdatedAt] = @p9
OUTPUT 1
WHERE [Id] = @p10;
2026-06-28 23:31:21.490 +03:00 [INF] Appointment checked in "4f3adcd4-78fa-4835-b823-efc1863e7733"
2026-06-28 23:31:21.492 +03:00 [INF] Executed DbCommand (1ms) [Parameters=[@p='?' (DbType = Guid)], CommandType='"Text"', CommandTimeout='30']
SELECT TOP(1) [p].[Id], [p].[Address], [p].[BloodType], [p].[CreatedAt], [p].[DateOfBirth], [p].[Email], [p].[FullName], [p].[Gender], [p].[NationalId], [p].[Phone], [p].[UserId]
FROM [Patients] AS [p]
WHERE [p].[Id] = @p
2026-06-28 23:31:21.494 +03:00 [INF] Executed DbCommand (1ms) [Parameters=[@p='?' (DbType = Guid)], CommandType='"Text"', CommandTimeout='30']
SELECT TOP(1) [d].[Id], [d].[DepartmentId], [d].[FullName], [d].[IsActive], [d].[Phone], [d].[Specialization], [d].[UserId]
FROM [Doctors] AS [d]
WHERE [d].[Id] = @p
2026-06-28 23:31:21.495 +03:00 [INF] HTTP PUT /api/appointments/4f3adcd4-78fa-4835-b823-efc1863e7733/checkin responded 200 in 96ms
2026-06-28 23:31:21.504 +03:00 [INF] HTTP OPTIONS /api/appointments responded 204 in 0ms
2026-06-28 23:31:21.512 +03:00 [INF] Executed DbCommand (1ms) [Parameters=[@doctorId='?' (DbType = Guid), @date='?' (DbType = Date)], CommandType='"Text"', CommandTimeout='30']
SELECT [a].[Id], [a].[AppointmentDate], [a].[CreatedAt], [a].[CreatedByReceptionistId], [a].[DoctorId], [a].[EndTime], [a].[Notes], [a].[PatientId], [a].[StartTime], [a].[Status], [a].[UpdatedAt]
FROM [Appointments] AS [a]
WHERE [a].[DoctorId] = @doctorId AND [a].[AppointmentDate] = @date
ORDER BY [a].[StartTime]
2026-06-28 23:31:21.512 +03:00 [INF] HTTP GET /api/appointments responded 200 in 3ms
2026-06-28 23:31:21.553 +03:00 [INF] HTTP OPTIONS /api/appointments responded 204 in 0ms
2026-06-28 23:31:21.561 +03:00 [INF] Executed DbCommand (1ms) [Parameters=[@doctorId='?' (DbType = Guid), @date='?' (DbType = Date)], CommandType='"Text"', CommandTimeout='30']
SELECT [a].[Id], [a].[AppointmentDate], [a].[CreatedAt], [a].[CreatedByReceptionistId], [a].[DoctorId], [a].[EndTime], [a].[Notes], [a].[PatientId], [a].[StartTime], [a].[Status], [a].[UpdatedAt]
FROM [Appointments] AS [a]
WHERE [a].[DoctorId] = @doctorId AND [a].[AppointmentDate] = @date
ORDER BY [a].[StartTime]
2026-06-28 23:31:21.563 +03:00 [INF] Executed DbCommand (1ms) [Parameters=[@p='?' (DbType = Guid)], CommandType='"Text"', CommandTimeout='30']
SELECT TOP(1) [p].[Id], [p].[Address], [p].[BloodType], [p].[CreatedAt], [p].[DateOfBirth], [p].[Email], [p].[FullName], [p].[Gender], [p].[NationalId], [p].[Phone], [p].[UserId]
FROM [Patients] AS [p]
WHERE [p].[Id] = @p
2026-06-28 23:31:21.565 +03:00 [INF] Executed DbCommand (1ms) [Parameters=[@p='?' (DbType = Guid)], CommandType='"Text"', CommandTimeout='30']
SELECT TOP(1) [d].[Id], [d].[DepartmentId], [d].[FullName], [d].[IsActive], [d].[Phone], [d].[Specialization], [d].[UserId]
FROM [Doctors] AS [d]
WHERE [d].[Id] = @p
2026-06-28 23:31:21.568 +03:00 [INF] Executed DbCommand (1ms) [Parameters=[@p='?' (DbType = Guid)], CommandType='"Text"', CommandTimeout='30']
SELECT TOP(1) [p].[Id], [p].[Address], [p].[BloodType], [p].[CreatedAt], [p].[DateOfBirth], [p].[Email], [p].[FullName], [p].[Gender], [p].[NationalId], [p].[Phone], [p].[UserId]
FROM [Patients] AS [p]
WHERE [p].[Id] = @p
2026-06-28 23:31:21.568 +03:00 [INF] HTTP GET /api/appointments responded 200 in 10ms
2026-06-28 23:31:25.452 +03:00 [INF] HTTP OPTIONS /api/appointments/fc2a14d0-8703-4d1d-b626-ef8a09c5e9cb responded 204 in 0ms
2026-06-28 23:31:25.499 +03:00 [INF] Executed DbCommand (1ms) [Parameters=[@p='?' (DbType = Guid)], CommandType='"Text"', CommandTimeout='30']
SELECT TOP(1) [a].[Id], [a].[AppointmentDate], [a].[CreatedAt], [a].[CreatedByReceptionistId], [a].[DoctorId], [a].[EndTime], [a].[Notes], [a].[PatientId], [a].[StartTime], [a].[Status], [a].[UpdatedAt]
FROM [Appointments] AS [a]
WHERE [a].[Id] = @p
2026-06-28 23:31:25.501 +03:00 [INF] Executed DbCommand (1ms) [Parameters=[@p='?' (DbType = Guid)], CommandType='"Text"', CommandTimeout='30']
SELECT TOP(1) [p].[Id], [p].[Address], [p].[BloodType], [p].[CreatedAt], [p].[DateOfBirth], [p].[Email], [p].[FullName], [p].[Gender], [p].[NationalId], [p].[Phone], [p].[UserId]
FROM [Patients] AS [p]
WHERE [p].[Id] = @p
2026-06-28 23:31:25.504 +03:00 [INF] Executed DbCommand (1ms) [Parameters=[@p='?' (DbType = Guid)], CommandType='"Text"', CommandTimeout='30']
SELECT TOP(1) [d].[Id], [d].[DepartmentId], [d].[FullName], [d].[IsActive], [d].[Phone], [d].[Specialization], [d].[UserId]
FROM [Doctors] AS [d]
WHERE [d].[Id] = @p
2026-06-28 23:31:25.505 +03:00 [INF] HTTP GET /api/appointments/fc2a14d0-8703-4d1d-b626-ef8a09c5e9cb responded 200 in 46ms
2026-06-28 23:31:29.865 +03:00 [INF] HTTP OPTIONS /api/doctors responded 204 in 0ms
2026-06-28 23:31:29.866 +03:00 [INF] HTTP OPTIONS /api/doctors responded 204 in 0ms
2026-06-28 23:31:29.867 +03:00 [INF] HTTP OPTIONS /api/appointments responded 204 in 0ms
2026-06-28 23:31:29.878 +03:00 [INF] Executed DbCommand (1ms) [Parameters=[], CommandType='"Text"', CommandTimeout='30']
SELECT [d].[Id], [d].[DepartmentId], [d].[FullName], [d].[IsActive], [d].[Phone], [d].[Specialization], [d].[UserId]
FROM [Doctors] AS [d]
2026-06-28 23:31:29.879 +03:00 [INF] Executed DbCommand (1ms) [Parameters=[@doctorId='?' (DbType = Guid), @date='?' (DbType = Date)], CommandType='"Text"', CommandTimeout='30']
SELECT [a].[Id], [a].[AppointmentDate], [a].[CreatedAt], [a].[CreatedByReceptionistId], [a].[DoctorId], [a].[EndTime], [a].[Notes], [a].[PatientId], [a].[StartTime], [a].[Status], [a].[UpdatedAt]
FROM [Appointments] AS [a]
WHERE [a].[DoctorId] = @doctorId AND [a].[AppointmentDate] = @date
ORDER BY [a].[StartTime]
2026-06-28 23:31:29.880 +03:00 [INF] HTTP GET /api/appointments responded 200 in 4ms
2026-06-28 23:31:29.880 +03:00 [INF] Executed DbCommand (1ms) [Parameters=[@p='?' (DbType = Guid)], CommandType='"Text"', CommandTimeout='30']
SELECT TOP(1) [d].[Id], [d].[Description], [d].[IsActive], [d].[Name]
FROM [Departments] AS [d]
WHERE [d].[Id] = @p
2026-06-28 23:31:29.883 +03:00 [INF] Executed DbCommand (1ms) [Parameters=[@p='?' (DbType = Guid)], CommandType='"Text"', CommandTimeout='30']
SELECT TOP(1) [d].[Id], [d].[Description], [d].[IsActive], [d].[Name]
FROM [Departments] AS [d]
WHERE [d].[Id] = @p
2026-06-28 23:31:29.883 +03:00 [INF] HTTP GET /api/doctors responded 200 in 9ms
2026-06-28 23:31:29.890 +03:00 [INF] Executed DbCommand (1ms) [Parameters=[], CommandType='"Text"', CommandTimeout='30']
SELECT [d].[Id], [d].[DepartmentId], [d].[FullName], [d].[IsActive], [d].[Phone], [d].[Specialization], [d].[UserId]
FROM [Doctors] AS [d]
2026-06-28 23:31:29.893 +03:00 [INF] Executed DbCommand (1ms) [Parameters=[@p='?' (DbType = Guid)], CommandType='"Text"', CommandTimeout='30']
SELECT TOP(1) [d].[Id], [d].[Description], [d].[IsActive], [d].[Name]
FROM [Departments] AS [d]
WHERE [d].[Id] = @p
2026-06-28 23:31:29.895 +03:00 [INF] Executed DbCommand (1ms) [Parameters=[@p='?' (DbType = Guid)], CommandType='"Text"', CommandTimeout='30']
SELECT TOP(1) [d].[Id], [d].[Description], [d].[IsActive], [d].[Name]
FROM [Departments] AS [d]
WHERE [d].[Id] = @p
2026-06-28 23:31:29.896 +03:00 [INF] HTTP GET /api/doctors responded 200 in 10ms
2026-06-28 23:31:29.898 +03:00 [INF] HTTP OPTIONS /api/appointments responded 204 in 0ms
2026-06-28 23:31:29.908 +03:00 [INF] Executed DbCommand (1ms) [Parameters=[@doctorId='?' (DbType = Guid), @date='?' (DbType = Date)], CommandType='"Text"', CommandTimeout='30']
SELECT [a].[Id], [a].[AppointmentDate], [a].[CreatedAt], [a].[CreatedByReceptionistId], [a].[DoctorId], [a].[EndTime], [a].[Notes], [a].[PatientId], [a].[StartTime], [a].[Status], [a].[UpdatedAt]
FROM [Appointments] AS [a]
WHERE [a].[DoctorId] = @doctorId AND [a].[AppointmentDate] = @date
ORDER BY [a].[StartTime]
2026-06-28 23:31:29.908 +03:00 [INF] HTTP OPTIONS /api/doctors/eea5306b-9d0d-474f-b644-e334fdedcbe6/schedule responded 204 in 0ms
2026-06-28 23:31:29.909 +03:00 [INF] HTTP GET /api/appointments responded 200 in 4ms
2026-06-28 23:31:29.909 +03:00 [INF] HTTP OPTIONS /api/doctors/44450f15-4382-4c72-9e45-ffb270692955/schedule responded 204 in 0ms
2026-06-28 23:31:29.922 +03:00 [INF] Executed DbCommand (1ms) [Parameters=[@p='?' (DbType = Guid)], CommandType='"Text"', CommandTimeout='30']
SELECT TOP(1) [d].[Id], [d].[DepartmentId], [d].[FullName], [d].[IsActive], [d].[Phone], [d].[Specialization], [d].[UserId]
FROM [Doctors] AS [d]
WHERE [d].[Id] = @p
2026-06-28 23:31:29.922 +03:00 [INF] Executed DbCommand (1ms) [Parameters=[@p='?' (DbType = Guid)], CommandType='"Text"', CommandTimeout='30']
SELECT TOP(1) [d].[Id], [d].[DepartmentId], [d].[FullName], [d].[IsActive], [d].[Phone], [d].[Specialization], [d].[UserId]
FROM [Doctors] AS [d]
WHERE [d].[Id] = @p
2026-06-28 23:31:29.924 +03:00 [INF] Executed DbCommand (1ms) [Parameters=[], CommandType='"Text"', CommandTimeout='30']
SELECT [d].[Id], [d].[AppointmentDurationMinutes], [d].[DayOfWeek], [d].[DoctorId], [d].[EndTime], [d].[IsActive], [d].[StartTime]
FROM [DoctorSchedules] AS [d]
2026-06-28 23:31:29.924 +03:00 [INF] Executed DbCommand (1ms) [Parameters=[], CommandType='"Text"', CommandTimeout='30']
SELECT [d].[Id], [d].[AppointmentDurationMinutes], [d].[DayOfWeek], [d].[DoctorId], [d].[EndTime], [d].[IsActive], [d].[StartTime]
FROM [DoctorSchedules] AS [d]
2026-06-28 23:31:29.925 +03:00 [INF] HTTP GET /api/doctors/eea5306b-9d0d-474f-b644-e334fdedcbe6/schedule responded 200 in 7ms
2026-06-28 23:31:29.925 +03:00 [INF] HTTP GET /api/doctors/44450f15-4382-4c72-9e45-ffb270692955/schedule responded 200 in 6ms
2026-06-28 23:31:52.377 +03:00 [INF] HTTP OPTIONS /api/appointments responded 204 in 0ms
2026-06-28 23:31:52.391 +03:00 [INF] Executed DbCommand (1ms) [Parameters=[@doctorId='?' (DbType = Guid), @date='?' (DbType = Date)], CommandType='"Text"', CommandTimeout='30']
SELECT [a].[Id], [a].[AppointmentDate], [a].[CreatedAt], [a].[CreatedByReceptionistId], [a].[DoctorId], [a].[EndTime], [a].[Notes], [a].[PatientId], [a].[StartTime], [a].[Status], [a].[UpdatedAt]
FROM [Appointments] AS [a]
WHERE [a].[DoctorId] = @doctorId AND [a].[AppointmentDate] = @date
ORDER BY [a].[StartTime]
2026-06-28 23:31:52.392 +03:00 [INF] HTTP GET /api/appointments responded 200 in 3ms
2026-06-28 23:31:52.400 +03:00 [INF] HTTP OPTIONS /api/appointments responded 204 in 0ms
2026-06-28 23:31:52.408 +03:00 [INF] Executed DbCommand (1ms) [Parameters=[@doctorId='?' (DbType = Guid), @date='?' (DbType = Date)], CommandType='"Text"', CommandTimeout='30']
SELECT [a].[Id], [a].[AppointmentDate], [a].[CreatedAt], [a].[CreatedByReceptionistId], [a].[DoctorId], [a].[EndTime], [a].[Notes], [a].[PatientId], [a].[StartTime], [a].[Status], [a].[UpdatedAt]
FROM [Appointments] AS [a]
WHERE [a].[DoctorId] = @doctorId AND [a].[AppointmentDate] = @date
ORDER BY [a].[StartTime]
2026-06-28 23:31:52.410 +03:00 [INF] Executed DbCommand (1ms) [Parameters=[@p='?' (DbType = Guid)], CommandType='"Text"', CommandTimeout='30']
SELECT TOP(1) [p].[Id], [p].[Address], [p].[BloodType], [p].[CreatedAt], [p].[DateOfBirth], [p].[Email], [p].[FullName], [p].[Gender], [p].[NationalId], [p].[Phone], [p].[UserId]
FROM [Patients] AS [p]
WHERE [p].[Id] = @p
2026-06-28 23:31:52.412 +03:00 [INF] Executed DbCommand (1ms) [Parameters=[@p='?' (DbType = Guid)], CommandType='"Text"', CommandTimeout='30']
SELECT TOP(1) [d].[Id], [d].[DepartmentId], [d].[FullName], [d].[IsActive], [d].[Phone], [d].[Specialization], [d].[UserId]
FROM [Doctors] AS [d]
WHERE [d].[Id] = @p
2026-06-28 23:31:52.414 +03:00 [INF] Executed DbCommand (1ms) [Parameters=[@p='?' (DbType = Guid)], CommandType='"Text"', CommandTimeout='30']
SELECT TOP(1) [p].[Id], [p].[Address], [p].[BloodType], [p].[CreatedAt], [p].[DateOfBirth], [p].[Email], [p].[FullName], [p].[Gender], [p].[NationalId], [p].[Phone], [p].[UserId]
FROM [Patients] AS [p]
WHERE [p].[Id] = @p
2026-06-28 23:31:52.414 +03:00 [INF] HTTP GET /api/appointments responded 200 in 9ms
2026-06-28 23:31:59.328 +03:00 [INF] HTTP OPTIONS /api/appointments/fc2a14d0-8703-4d1d-b626-ef8a09c5e9cb responded 204 in 0ms
2026-06-28 23:31:59.339 +03:00 [INF] Executed DbCommand (1ms) [Parameters=[@p='?' (DbType = Guid)], CommandType='"Text"', CommandTimeout='30']
SELECT TOP(1) [a].[Id], [a].[AppointmentDate], [a].[CreatedAt], [a].[CreatedByReceptionistId], [a].[DoctorId], [a].[EndTime], [a].[Notes], [a].[PatientId], [a].[StartTime], [a].[Status], [a].[UpdatedAt]
FROM [Appointments] AS [a]
WHERE [a].[Id] = @p
2026-06-28 23:31:59.341 +03:00 [INF] Executed DbCommand (1ms) [Parameters=[@p='?' (DbType = Guid)], CommandType='"Text"', CommandTimeout='30']
SELECT TOP(1) [p].[Id], [p].[Address], [p].[BloodType], [p].[CreatedAt], [p].[DateOfBirth], [p].[Email], [p].[FullName], [p].[Gender], [p].[NationalId], [p].[Phone], [p].[UserId]
FROM [Patients] AS [p]
WHERE [p].[Id] = @p
2026-06-28 23:31:59.343 +03:00 [INF] Executed DbCommand (1ms) [Parameters=[@p='?' (DbType = Guid)], CommandType='"Text"', CommandTimeout='30']
SELECT TOP(1) [d].[Id], [d].[DepartmentId], [d].[FullName], [d].[IsActive], [d].[Phone], [d].[Specialization], [d].[UserId]
FROM [Doctors] AS [d]
WHERE [d].[Id] = @p
2026-06-28 23:31:59.344 +03:00 [INF] HTTP GET /api/appointments/fc2a14d0-8703-4d1d-b626-ef8a09c5e9cb responded 200 in 8ms
2026-06-28 23:32:09.671 +03:00 [INF] HTTP OPTIONS /api/appointments/fc2a14d0-8703-4d1d-b626-ef8a09c5e9cb/cancel responded 204 in 0ms
2026-06-28 23:32:09.714 +03:00 [INF] Executed DbCommand (1ms) [Parameters=[@p='?' (DbType = Guid)], CommandType='"Text"', CommandTimeout='30']
SELECT TOP(1) [a].[Id], [a].[AppointmentDate], [a].[CreatedAt], [a].[CreatedByReceptionistId], [a].[DoctorId], [a].[EndTime], [a].[Notes], [a].[PatientId], [a].[StartTime], [a].[Status], [a].[UpdatedAt]
FROM [Appointments] AS [a]
WHERE [a].[Id] = @p
2026-06-28 23:32:09.719 +03:00 [INF] Executed DbCommand (2ms) [Parameters=[@p10='?' (DbType = Guid), @p0='?' (DbType = Date), @p1='?' (DbType = DateTime2), @p2='?' (DbType = Guid), @p3='?' (DbType = Guid), @p4='?' (DbType = Time), @p5='?' (Size = 2000), @p6='?' (DbType = Guid), @p7='?' (DbType = Time), @p8='?' (Size = 50), @p9='?' (DbType = DateTime2)], CommandType='"Text"', CommandTimeout='30']
SET IMPLICIT_TRANSACTIONS OFF;
SET NOCOUNT ON;
UPDATE [Appointments] SET [AppointmentDate] = @p0, [CreatedAt] = @p1, [CreatedByReceptionistId] = @p2, [DoctorId] = @p3, [EndTime] = @p4, [Notes] = @p5, [PatientId] = @p6, [StartTime] = @p7, [Status] = @p8, [UpdatedAt] = @p9
OUTPUT 1
WHERE [Id] = @p10;
2026-06-28 23:32:09.720 +03:00 [INF] Appointment cancelled "fc2a14d0-8703-4d1d-b626-ef8a09c5e9cb" by receptionist "77d8c535-fcd4-49b8-9e59-82f614cf7b03"
2026-06-28 23:32:09.724 +03:00 [INF] HTTP PUT /api/appointments/fc2a14d0-8703-4d1d-b626-ef8a09c5e9cb/cancel responded 200 in 46ms
2026-06-28 23:32:09.732 +03:00 [INF] HTTP OPTIONS /api/appointments/fc2a14d0-8703-4d1d-b626-ef8a09c5e9cb responded 204 in 0ms
2026-06-28 23:32:09.740 +03:00 [INF] Executed DbCommand (1ms) [Parameters=[@p='?' (DbType = Guid)], CommandType='"Text"', CommandTimeout='30']
SELECT TOP(1) [a].[Id], [a].[AppointmentDate], [a].[CreatedAt], [a].[CreatedByReceptionistId], [a].[DoctorId], [a].[EndTime], [a].[Notes], [a].[PatientId], [a].[StartTime], [a].[Status], [a].[UpdatedAt]
FROM [Appointments] AS [a]
WHERE [a].[Id] = @p
2026-06-28 23:32:09.742 +03:00 [INF] Executed DbCommand (1ms) [Parameters=[@p='?' (DbType = Guid)], CommandType='"Text"', CommandTimeout='30']
SELECT TOP(1) [p].[Id], [p].[Address], [p].[BloodType], [p].[CreatedAt], [p].[DateOfBirth], [p].[Email], [p].[FullName], [p].[Gender], [p].[NationalId], [p].[Phone], [p].[UserId]
FROM [Patients] AS [p]
WHERE [p].[Id] = @p
2026-06-28 23:32:09.744 +03:00 [INF] Executed DbCommand (1ms) [Parameters=[@p='?' (DbType = Guid)], CommandType='"Text"', CommandTimeout='30']
SELECT TOP(1) [d].[Id], [d].[DepartmentId], [d].[FullName], [d].[IsActive], [d].[Phone], [d].[Specialization], [d].[UserId]
FROM [Doctors] AS [d]
WHERE [d].[Id] = @p
2026-06-28 23:32:09.744 +03:00 [INF] HTTP GET /api/appointments/fc2a14d0-8703-4d1d-b626-ef8a09c5e9cb responded 200 in 7ms
2026-06-28 23:32:13.506 +03:00 [INF] HTTP OPTIONS /api/doctors responded 204 in 0ms
2026-06-28 23:32:13.508 +03:00 [INF] HTTP OPTIONS /api/doctors responded 204 in 0ms
2026-06-28 23:32:13.508 +03:00 [INF] HTTP OPTIONS /api/appointments responded 204 in 0ms
2026-06-28 23:32:13.519 +03:00 [INF] Executed DbCommand (1ms) [Parameters=[], CommandType='"Text"', CommandTimeout='30']
SELECT [d].[Id], [d].[DepartmentId], [d].[FullName], [d].[IsActive], [d].[Phone], [d].[Specialization], [d].[UserId]
FROM [Doctors] AS [d]
2026-06-28 23:32:13.522 +03:00 [INF] Executed DbCommand (1ms) [Parameters=[@p='?' (DbType = Guid)], CommandType='"Text"', CommandTimeout='30']
SELECT TOP(1) [d].[Id], [d].[Description], [d].[IsActive], [d].[Name]
FROM [Departments] AS [d]
WHERE [d].[Id] = @p
2026-06-28 23:32:13.524 +03:00 [INF] Executed DbCommand (1ms) [Parameters=[@p='?' (DbType = Guid)], CommandType='"Text"', CommandTimeout='30']
SELECT TOP(1) [d].[Id], [d].[Description], [d].[IsActive], [d].[Name]
FROM [Departments] AS [d]
WHERE [d].[Id] = @p
2026-06-28 23:32:13.525 +03:00 [INF] HTTP GET /api/doctors responded 200 in 8ms
2026-06-28 23:32:13.532 +03:00 [INF] Executed DbCommand (1ms) [Parameters=[], CommandType='"Text"', CommandTimeout='30']
SELECT [d].[Id], [d].[DepartmentId], [d].[FullName], [d].[IsActive], [d].[Phone], [d].[Specialization], [d].[UserId]
FROM [Doctors] AS [d]
2026-06-28 23:32:13.534 +03:00 [INF] Executed DbCommand (1ms) [Parameters=[@doctorId='?' (DbType = Guid), @date='?' (DbType = Date)], CommandType='"Text"', CommandTimeout='30']
SELECT [a].[Id], [a].[AppointmentDate], [a].[CreatedAt], [a].[CreatedByReceptionistId], [a].[DoctorId], [a].[EndTime], [a].[Notes], [a].[PatientId], [a].[StartTime], [a].[Status], [a].[UpdatedAt]
FROM [Appointments] AS [a]
WHERE [a].[DoctorId] = @doctorId AND [a].[AppointmentDate] = @date
ORDER BY [a].[StartTime]
2026-06-28 23:32:13.534 +03:00 [INF] Executed DbCommand (1ms) [Parameters=[@p='?' (DbType = Guid)], CommandType='"Text"', CommandTimeout='30']
SELECT TOP(1) [d].[Id], [d].[Description], [d].[IsActive], [d].[Name]
FROM [Departments] AS [d]
WHERE [d].[Id] = @p
2026-06-28 23:32:13.534 +03:00 [INF] HTTP GET /api/appointments responded 200 in 5ms
2026-06-28 23:32:13.537 +03:00 [INF] Executed DbCommand (1ms) [Parameters=[@p='?' (DbType = Guid)], CommandType='"Text"', CommandTimeout='30']
SELECT TOP(1) [d].[Id], [d].[Description], [d].[IsActive], [d].[Name]
FROM [Departments] AS [d]
WHERE [d].[Id] = @p
2026-06-28 23:32:13.537 +03:00 [INF] HTTP GET /api/doctors responded 200 in 9ms
2026-06-28 23:32:13.545 +03:00 [INF] HTTP OPTIONS /api/appointments responded 204 in 0ms
2026-06-28 23:32:13.548 +03:00 [INF] HTTP OPTIONS /api/doctors/eea5306b-9d0d-474f-b644-e334fdedcbe6/schedule responded 204 in 0ms
2026-06-28 23:32:13.551 +03:00 [INF] HTTP OPTIONS /api/doctors/44450f15-4382-4c72-9e45-ffb270692955/schedule responded 204 in 0ms
2026-06-28 23:32:13.561 +03:00 [INF] Executed DbCommand (3ms) [Parameters=[@doctorId='?' (DbType = Guid), @date='?' (DbType = Date)], CommandType='"Text"', CommandTimeout='30']
SELECT [a].[Id], [a].[AppointmentDate], [a].[CreatedAt], [a].[CreatedByReceptionistId], [a].[DoctorId], [a].[EndTime], [a].[Notes], [a].[PatientId], [a].[StartTime], [a].[Status], [a].[UpdatedAt]
FROM [Appointments] AS [a]
WHERE [a].[DoctorId] = @doctorId AND [a].[AppointmentDate] = @date
ORDER BY [a].[StartTime]
2026-06-28 23:32:13.562 +03:00 [INF] Executed DbCommand (1ms) [Parameters=[@p='?' (DbType = Guid)], CommandType='"Text"', CommandTimeout='30']
SELECT TOP(1) [d].[Id], [d].[DepartmentId], [d].[FullName], [d].[IsActive], [d].[Phone], [d].[Specialization], [d].[UserId]
FROM [Doctors] AS [d]
WHERE [d].[Id] = @p
2026-06-28 23:32:13.562 +03:00 [INF] HTTP GET /api/appointments responded 200 in 6ms
2026-06-28 23:32:13.564 +03:00 [INF] Executed DbCommand (1ms) [Parameters=[], CommandType='"Text"', CommandTimeout='30']
SELECT [d].[Id], [d].[AppointmentDurationMinutes], [d].[DayOfWeek], [d].[DoctorId], [d].[EndTime], [d].[IsActive], [d].[StartTime]
FROM [DoctorSchedules] AS [d]
2026-06-28 23:32:13.565 +03:00 [INF] HTTP GET /api/doctors/44450f15-4382-4c72-9e45-ffb270692955/schedule responded 200 in 6ms
2026-06-28 23:32:13.582 +03:00 [INF] Executed DbCommand (2ms) [Parameters=[@p='?' (DbType = Guid)], CommandType='"Text"', CommandTimeout='30']
SELECT TOP(1) [d].[Id], [d].[DepartmentId], [d].[FullName], [d].[IsActive], [d].[Phone], [d].[Specialization], [d].[UserId]
FROM [Doctors] AS [d]
WHERE [d].[Id] = @p
2026-06-28 23:32:13.585 +03:00 [INF] Executed DbCommand (2ms) [Parameters=[], CommandType='"Text"', CommandTimeout='30']
SELECT [d].[Id], [d].[AppointmentDurationMinutes], [d].[DayOfWeek], [d].[DoctorId], [d].[EndTime], [d].[IsActive], [d].[StartTime]
FROM [DoctorSchedules] AS [d]
2026-06-28 23:32:13.586 +03:00 [INF] HTTP GET /api/doctors/eea5306b-9d0d-474f-b644-e334fdedcbe6/schedule responded 200 in 28ms
2026-06-28 23:32:45.111 +03:00 [INF] HTTP OPTIONS /api/appointments responded 204 in 0ms
2026-06-28 23:32:45.127 +03:00 [INF] Executed DbCommand (1ms) [Parameters=[@doctorId='?' (DbType = Guid), @date='?' (DbType = Date)], CommandType='"Text"', CommandTimeout='30']
SELECT [a].[Id], [a].[AppointmentDate], [a].[CreatedAt], [a].[CreatedByReceptionistId], [a].[DoctorId], [a].[EndTime], [a].[Notes], [a].[PatientId], [a].[StartTime], [a].[Status], [a].[UpdatedAt]
FROM [Appointments] AS [a]
WHERE [a].[DoctorId] = @doctorId AND [a].[AppointmentDate] = @date
ORDER BY [a].[StartTime]
2026-06-28 23:32:45.128 +03:00 [INF] HTTP GET /api/appointments responded 200 in 4ms
2026-06-28 23:32:45.136 +03:00 [INF] HTTP OPTIONS /api/appointments responded 204 in 0ms
2026-06-28 23:32:45.145 +03:00 [INF] Executed DbCommand (1ms) [Parameters=[@doctorId='?' (DbType = Guid), @date='?' (DbType = Date)], CommandType='"Text"', CommandTimeout='30']
SELECT [a].[Id], [a].[AppointmentDate], [a].[CreatedAt], [a].[CreatedByReceptionistId], [a].[DoctorId], [a].[EndTime], [a].[Notes], [a].[PatientId], [a].[StartTime], [a].[Status], [a].[UpdatedAt]
FROM [Appointments] AS [a]
WHERE [a].[DoctorId] = @doctorId AND [a].[AppointmentDate] = @date
ORDER BY [a].[StartTime]
2026-06-28 23:32:45.147 +03:00 [INF] Executed DbCommand (1ms) [Parameters=[@p='?' (DbType = Guid)], CommandType='"Text"', CommandTimeout='30']
SELECT TOP(1) [p].[Id], [p].[Address], [p].[BloodType], [p].[CreatedAt], [p].[DateOfBirth], [p].[Email], [p].[FullName], [p].[Gender], [p].[NationalId], [p].[Phone], [p].[UserId]
FROM [Patients] AS [p]
WHERE [p].[Id] = @p
2026-06-28 23:32:45.149 +03:00 [INF] Executed DbCommand (1ms) [Parameters=[@p='?' (DbType = Guid)], CommandType='"Text"', CommandTimeout='30']
SELECT TOP(1) [d].[Id], [d].[DepartmentId], [d].[FullName], [d].[IsActive], [d].[Phone], [d].[Specialization], [d].[UserId]
FROM [Doctors] AS [d]
WHERE [d].[Id] = @p
2026-06-28 23:32:45.151 +03:00 [INF] Executed DbCommand (1ms) [Parameters=[@p='?' (DbType = Guid)], CommandType='"Text"', CommandTimeout='30']
SELECT TOP(1) [p].[Id], [p].[Address], [p].[BloodType], [p].[CreatedAt], [p].[DateOfBirth], [p].[Email], [p].[FullName], [p].[Gender], [p].[NationalId], [p].[Phone], [p].[UserId]
FROM [Patients] AS [p]
WHERE [p].[Id] = @p
2026-06-28 23:32:45.151 +03:00 [INF] HTTP GET /api/appointments responded 200 in 9ms
2026-06-28 23:32:50.843 +03:00 [INF] HTTP OPTIONS /api/appointments/4f3adcd4-78fa-4835-b823-efc1863e7733 responded 204 in 0ms
2026-06-28 23:32:50.854 +03:00 [INF] Executed DbCommand (1ms) [Parameters=[@p='?' (DbType = Guid)], CommandType='"Text"', CommandTimeout='30']
SELECT TOP(1) [a].[Id], [a].[AppointmentDate], [a].[CreatedAt], [a].[CreatedByReceptionistId], [a].[DoctorId], [a].[EndTime], [a].[Notes], [a].[PatientId], [a].[StartTime], [a].[Status], [a].[UpdatedAt]
FROM [Appointments] AS [a]
WHERE [a].[Id] = @p
2026-06-28 23:32:50.856 +03:00 [INF] Executed DbCommand (1ms) [Parameters=[@p='?' (DbType = Guid)], CommandType='"Text"', CommandTimeout='30']
SELECT TOP(1) [p].[Id], [p].[Address], [p].[BloodType], [p].[CreatedAt], [p].[DateOfBirth], [p].[Email], [p].[FullName], [p].[Gender], [p].[NationalId], [p].[Phone], [p].[UserId]
FROM [Patients] AS [p]
WHERE [p].[Id] = @p
2026-06-28 23:32:50.858 +03:00 [INF] Executed DbCommand (1ms) [Parameters=[@p='?' (DbType = Guid)], CommandType='"Text"', CommandTimeout='30']
SELECT TOP(1) [d].[Id], [d].[DepartmentId], [d].[FullName], [d].[IsActive], [d].[Phone], [d].[Specialization], [d].[UserId]
FROM [Doctors] AS [d]
WHERE [d].[Id] = @p
2026-06-28 23:32:50.859 +03:00 [INF] HTTP GET /api/appointments/4f3adcd4-78fa-4835-b823-efc1863e7733 responded 200 in 7ms
2026-06-28 23:32:53.727 +03:00 [INF] HTTP OPTIONS /api/doctors responded 204 in 0ms
2026-06-28 23:32:53.727 +03:00 [INF] HTTP OPTIONS /api/doctors responded 204 in 0ms
2026-06-28 23:32:53.729 +03:00 [INF] HTTP OPTIONS /api/appointments responded 204 in 0ms
2026-06-28 23:32:53.741 +03:00 [INF] Executed DbCommand (1ms) [Parameters=[], CommandType='"Text"', CommandTimeout='30']
SELECT [d].[Id], [d].[DepartmentId], [d].[FullName], [d].[IsActive], [d].[Phone], [d].[Specialization], [d].[UserId]
FROM [Doctors] AS [d]
2026-06-28 23:32:53.744 +03:00 [INF] Executed DbCommand (1ms) [Parameters=[@p='?' (DbType = Guid)], CommandType='"Text"', CommandTimeout='30']
SELECT TOP(1) [d].[Id], [d].[Description], [d].[IsActive], [d].[Name]
FROM [Departments] AS [d]
WHERE [d].[Id] = @p
2026-06-28 23:32:53.746 +03:00 [INF] Executed DbCommand (1ms) [Parameters=[@p='?' (DbType = Guid)], CommandType='"Text"', CommandTimeout='30']
SELECT TOP(1) [d].[Id], [d].[Description], [d].[IsActive], [d].[Name]
FROM [Departments] AS [d]
WHERE [d].[Id] = @p
2026-06-28 23:32:53.746 +03:00 [INF] HTTP GET /api/doctors responded 200 in 9ms
2026-06-28 23:32:53.753 +03:00 [INF] Executed DbCommand (1ms) [Parameters=[@doctorId='?' (DbType = Guid), @date='?' (DbType = Date)], CommandType='"Text"', CommandTimeout='30']
SELECT [a].[Id], [a].[AppointmentDate], [a].[CreatedAt], [a].[CreatedByReceptionistId], [a].[DoctorId], [a].[EndTime], [a].[Notes], [a].[PatientId], [a].[StartTime], [a].[Status], [a].[UpdatedAt]
FROM [Appointments] AS [a]
WHERE [a].[DoctorId] = @doctorId AND [a].[AppointmentDate] = @date
ORDER BY [a].[StartTime]
2026-06-28 23:32:53.753 +03:00 [INF] Executed DbCommand (1ms) [Parameters=[], CommandType='"Text"', CommandTimeout='30']
SELECT [d].[Id], [d].[DepartmentId], [d].[FullName], [d].[IsActive], [d].[Phone], [d].[Specialization], [d].[UserId]
FROM [Doctors] AS [d]
2026-06-28 23:32:53.753 +03:00 [INF] HTTP GET /api/appointments responded 200 in 4ms
2026-06-28 23:32:53.755 +03:00 [INF] Executed DbCommand (1ms) [Parameters=[@p='?' (DbType = Guid)], CommandType='"Text"', CommandTimeout='30']
SELECT TOP(1) [d].[Id], [d].[Description], [d].[IsActive], [d].[Name]
FROM [Departments] AS [d]
WHERE [d].[Id] = @p
2026-06-28 23:32:53.757 +03:00 [INF] Executed DbCommand (1ms) [Parameters=[@p='?' (DbType = Guid)], CommandType='"Text"', CommandTimeout='30']
SELECT TOP(1) [d].[Id], [d].[Description], [d].[IsActive], [d].[Name]
FROM [Departments] AS [d]
WHERE [d].[Id] = @p
2026-06-28 23:32:53.758 +03:00 [INF] HTTP GET /api/doctors responded 200 in 8ms
2026-06-28 23:32:53.765 +03:00 [INF] HTTP OPTIONS /api/appointments responded 204 in 0ms
2026-06-28 23:32:53.770 +03:00 [INF] HTTP OPTIONS /api/doctors/eea5306b-9d0d-474f-b644-e334fdedcbe6/schedule responded 204 in 0ms
2026-06-28 23:32:53.772 +03:00 [INF] HTTP OPTIONS /api/doctors/44450f15-4382-4c72-9e45-ffb270692955/schedule responded 204 in 0ms
2026-06-28 23:32:53.776 +03:00 [INF] Executed DbCommand (1ms) [Parameters=[@doctorId='?' (DbType = Guid), @date='?' (DbType = Date)], CommandType='"Text"', CommandTimeout='30']
SELECT [a].[Id], [a].[AppointmentDate], [a].[CreatedAt], [a].[CreatedByReceptionistId], [a].[DoctorId], [a].[EndTime], [a].[Notes], [a].[PatientId], [a].[StartTime], [a].[Status], [a].[UpdatedAt]
FROM [Appointments] AS [a]
WHERE [a].[DoctorId] = @doctorId AND [a].[AppointmentDate] = @date
ORDER BY [a].[StartTime]
2026-06-28 23:32:53.776 +03:00 [INF] HTTP GET /api/appointments responded 200 in 4ms
2026-06-28 23:32:53.782 +03:00 [INF] Executed DbCommand (1ms) [Parameters=[@p='?' (DbType = Guid)], CommandType='"Text"', CommandTimeout='30']
SELECT TOP(1) [d].[Id], [d].[DepartmentId], [d].[FullName], [d].[IsActive], [d].[Phone], [d].[Specialization], [d].[UserId]
FROM [Doctors] AS [d]
WHERE [d].[Id] = @p
2026-06-28 23:32:53.782 +03:00 [INF] Executed DbCommand (1ms) [Parameters=[@p='?' (DbType = Guid)], CommandType='"Text"', CommandTimeout='30']
SELECT TOP(1) [d].[Id], [d].[DepartmentId], [d].[FullName], [d].[IsActive], [d].[Phone], [d].[Specialization], [d].[UserId]
FROM [Doctors] AS [d]
WHERE [d].[Id] = @p
2026-06-28 23:32:53.784 +03:00 [INF] Executed DbCommand (1ms) [Parameters=[], CommandType='"Text"', CommandTimeout='30']
SELECT [d].[Id], [d].[AppointmentDurationMinutes], [d].[DayOfWeek], [d].[DoctorId], [d].[EndTime], [d].[IsActive], [d].[StartTime]
FROM [DoctorSchedules] AS [d]
2026-06-28 23:32:53.784 +03:00 [INF] Executed DbCommand (1ms) [Parameters=[], CommandType='"Text"', CommandTimeout='30']
SELECT [d].[Id], [d].[AppointmentDurationMinutes], [d].[DayOfWeek], [d].[DoctorId], [d].[EndTime], [d].[IsActive], [d].[StartTime]
FROM [DoctorSchedules] AS [d]
2026-06-28 23:32:53.785 +03:00 [INF] HTTP GET /api/doctors/44450f15-4382-4c72-9e45-ffb270692955/schedule responded 200 in 6ms
2026-06-28 23:32:53.785 +03:00 [INF] HTTP GET /api/doctors/eea5306b-9d0d-474f-b644-e334fdedcbe6/schedule responded 200 in 6ms
2026-06-28 23:33:11.641 +03:00 [INF] HTTP OPTIONS /api/departments responded 204 in 0ms
2026-06-28 23:33:11.643 +03:00 [INF] HTTP OPTIONS /api/patients responded 204 in 0ms
2026-06-28 23:33:11.661 +03:00 [INF] Executed DbCommand (1ms) [Parameters=[], CommandType='"Text"', CommandTimeout='30']
SELECT [p].[Id], [p].[Address], [p].[BloodType], [p].[CreatedAt], [p].[DateOfBirth], [p].[Email], [p].[FullName], [p].[Gender], [p].[NationalId], [p].[Phone], [p].[UserId]
FROM [Patients] AS [p]
2026-06-28 23:33:11.662 +03:00 [INF] HTTP GET /api/patients responded 200 in 5ms
2026-06-28 23:33:11.667 +03:00 [INF] Executed DbCommand (9ms) [Parameters=[], CommandType='"Text"', CommandTimeout='30']
SELECT [d].[Id], [d].[Description], [d].[IsActive], [d].[Name]
FROM [Departments] AS [d]
2026-06-28 23:33:11.668 +03:00 [INF] HTTP GET /api/departments responded 200 in 12ms
2026-06-28 23:33:16.191 +03:00 [INF] HTTP OPTIONS /api/doctors/department/b7eb805e-1614-4a59-a61a-6084babacfc3 responded 204 in 0ms
2026-06-28 23:33:16.211 +03:00 [INF] Executed DbCommand (11ms) [Parameters=[@departmentId='?' (DbType = Guid)], CommandType='"Text"', CommandTimeout='30']
SELECT [d].[Id], [d].[DepartmentId], [d].[FullName], [d].[IsActive], [d].[Phone], [d].[Specialization], [d].[UserId], [d0].[Id], [d0].[Description], [d0].[IsActive], [d0].[Name]
FROM [Doctors] AS [d]
INNER JOIN [Departments] AS [d0] ON [d].[DepartmentId] = [d0].[Id]
WHERE [d].[DepartmentId] = @departmentId
2026-06-28 23:33:16.212 +03:00 [INF] HTTP GET /api/doctors/department/b7eb805e-1614-4a59-a61a-6084babacfc3 responded 200 in 13ms
2026-06-28 23:33:22.747 +03:00 [INF] HTTP OPTIONS /api/appointments/available-slots responded 204 in 0ms
2026-06-28 23:33:22.756 +03:00 [INF] Executed DbCommand (1ms) [Parameters=[], CommandType='"Text"', CommandTimeout='30']
SELECT [d].[Id], [d].[AppointmentDurationMinutes], [d].[DayOfWeek], [d].[DoctorId], [d].[EndTime], [d].[IsActive], [d].[StartTime]
FROM [DoctorSchedules] AS [d]
2026-06-28 23:33:22.758 +03:00 [INF] Executed DbCommand (1ms) [Parameters=[@doctorId='?' (DbType = Guid), @date='?' (DbType = Date)], CommandType='"Text"', CommandTimeout='30']
SELECT [a].[Id], [a].[AppointmentDate], [a].[CreatedAt], [a].[CreatedByReceptionistId], [a].[DoctorId], [a].[EndTime], [a].[Notes], [a].[PatientId], [a].[StartTime], [a].[Status], [a].[UpdatedAt]
FROM [Appointments] AS [a]
WHERE [a].[DoctorId] = @doctorId AND [a].[AppointmentDate] = @date
ORDER BY [a].[StartTime]
2026-06-28 23:33:22.760 +03:00 [INF] HTTP GET /api/appointments/available-slots responded 200 in 6ms
2026-06-28 23:33:26.593 +03:00 [INF] HTTP OPTIONS /api/doctors responded 204 in 0ms
2026-06-28 23:33:26.594 +03:00 [INF] HTTP OPTIONS /api/doctors responded 204 in 0ms
2026-06-28 23:33:26.595 +03:00 [INF] HTTP OPTIONS /api/appointments responded 204 in 0ms
2026-06-28 23:33:26.607 +03:00 [INF] Executed DbCommand (1ms) [Parameters=[], CommandType='"Text"', CommandTimeout='30']
SELECT [d].[Id], [d].[DepartmentId], [d].[FullName], [d].[IsActive], [d].[Phone], [d].[Specialization], [d].[UserId]
FROM [Doctors] AS [d]
2026-06-28 23:33:26.608 +03:00 [INF] Executed DbCommand (1ms) [Parameters=[@doctorId='?' (DbType = Guid), @date='?' (DbType = Date)], CommandType='"Text"', CommandTimeout='30']
SELECT [a].[Id], [a].[AppointmentDate], [a].[CreatedAt], [a].[CreatedByReceptionistId], [a].[DoctorId], [a].[EndTime], [a].[Notes], [a].[PatientId], [a].[StartTime], [a].[Status], [a].[UpdatedAt]
FROM [Appointments] AS [a]
WHERE [a].[DoctorId] = @doctorId AND [a].[AppointmentDate] = @date
ORDER BY [a].[StartTime]
2026-06-28 23:33:26.609 +03:00 [INF] HTTP GET /api/appointments responded 200 in 4ms
2026-06-28 23:33:26.611 +03:00 [INF] Executed DbCommand (2ms) [Parameters=[@p='?' (DbType = Guid)], CommandType='"Text"', CommandTimeout='30']
SELECT TOP(1) [d].[Id], [d].[Description], [d].[IsActive], [d].[Name]
FROM [Departments] AS [d]
WHERE [d].[Id] = @p
2026-06-28 23:33:26.613 +03:00 [INF] Executed DbCommand (1ms) [Parameters=[@p='?' (DbType = Guid)], CommandType='"Text"', CommandTimeout='30']
SELECT TOP(1) [d].[Id], [d].[Description], [d].[IsActive], [d].[Name]
FROM [Departments] AS [d]
WHERE [d].[Id] = @p
2026-06-28 23:33:26.614 +03:00 [INF] HTTP GET /api/doctors responded 200 in 10ms
2026-06-28 23:33:26.622 +03:00 [INF] Executed DbCommand (1ms) [Parameters=[], CommandType='"Text"', CommandTimeout='30']
SELECT [d].[Id], [d].[DepartmentId], [d].[FullName], [d].[IsActive], [d].[Phone], [d].[Specialization], [d].[UserId]
FROM [Doctors] AS [d]
2026-06-28 23:33:26.624 +03:00 [INF] Executed DbCommand (1ms) [Parameters=[@p='?' (DbType = Guid)], CommandType='"Text"', CommandTimeout='30']
SELECT TOP(1) [d].[Id], [d].[Description], [d].[IsActive], [d].[Name]
FROM [Departments] AS [d]
WHERE [d].[Id] = @p
2026-06-28 23:33:26.624 +03:00 [INF] HTTP OPTIONS /api/appointments responded 204 in 0ms
2026-06-28 23:33:26.627 +03:00 [INF] Executed DbCommand (1ms) [Parameters=[@p='?' (DbType = Guid)], CommandType='"Text"', CommandTimeout='30']
SELECT TOP(1) [d].[Id], [d].[Description], [d].[IsActive], [d].[Name]
FROM [Departments] AS [d]
WHERE [d].[Id] = @p
2026-06-28 23:33:26.628 +03:00 [INF] HTTP GET /api/doctors responded 200 in 9ms
2026-06-28 23:33:26.637 +03:00 [INF] Executed DbCommand (2ms) [Parameters=[@doctorId='?' (DbType = Guid), @date='?' (DbType = Date)], CommandType='"Text"', CommandTimeout='30']
SELECT [a].[Id], [a].[AppointmentDate], [a].[CreatedAt], [a].[CreatedByReceptionistId], [a].[DoctorId], [a].[EndTime], [a].[Notes], [a].[PatientId], [a].[StartTime], [a].[Status], [a].[UpdatedAt]
FROM [Appointments] AS [a]
WHERE [a].[DoctorId] = @doctorId AND [a].[AppointmentDate] = @date
ORDER BY [a].[StartTime]
2026-06-28 23:33:26.638 +03:00 [INF] HTTP GET /api/appointments responded 200 in 5ms
2026-06-28 23:33:26.640 +03:00 [INF] HTTP OPTIONS /api/doctors/eea5306b-9d0d-474f-b644-e334fdedcbe6/schedule responded 204 in 0ms
2026-06-28 23:33:26.642 +03:00 [INF] HTTP OPTIONS /api/doctors/44450f15-4382-4c72-9e45-ffb270692955/schedule responded 204 in 0ms
2026-06-28 23:33:26.653 +03:00 [INF] Executed DbCommand (1ms) [Parameters=[@p='?' (DbType = Guid)], CommandType='"Text"', CommandTimeout='30']
SELECT TOP(1) [d].[Id], [d].[DepartmentId], [d].[FullName], [d].[IsActive], [d].[Phone], [d].[Specialization], [d].[UserId]
FROM [Doctors] AS [d]
WHERE [d].[Id] = @p
2026-06-28 23:33:26.654 +03:00 [INF] Executed DbCommand (1ms) [Parameters=[@p='?' (DbType = Guid)], CommandType='"Text"', CommandTimeout='30']
SELECT TOP(1) [d].[Id], [d].[DepartmentId], [d].[FullName], [d].[IsActive], [d].[Phone], [d].[Specialization], [d].[UserId]
FROM [Doctors] AS [d]
WHERE [d].[Id] = @p
2026-06-28 23:33:26.655 +03:00 [INF] Executed DbCommand (1ms) [Parameters=[], CommandType='"Text"', CommandTimeout='30']
SELECT [d].[Id], [d].[AppointmentDurationMinutes], [d].[DayOfWeek], [d].[DoctorId], [d].[EndTime], [d].[IsActive], [d].[StartTime]
FROM [DoctorSchedules] AS [d]
2026-06-28 23:33:26.655 +03:00 [INF] Executed DbCommand (1ms) [Parameters=[], CommandType='"Text"', CommandTimeout='30']
SELECT [d].[Id], [d].[AppointmentDurationMinutes], [d].[DayOfWeek], [d].[DoctorId], [d].[EndTime], [d].[IsActive], [d].[StartTime]
FROM [DoctorSchedules] AS [d]
2026-06-28 23:33:26.656 +03:00 [INF] HTTP GET /api/doctors/eea5306b-9d0d-474f-b644-e334fdedcbe6/schedule responded 200 in 6ms
2026-06-28 23:33:26.656 +03:00 [INF] HTTP GET /api/doctors/44450f15-4382-4c72-9e45-ffb270692955/schedule responded 200 in 6ms
2026-06-28 23:33:27.616 +03:00 [INF] HTTP OPTIONS /api/patients responded 204 in 0ms
2026-06-28 23:33:27.626 +03:00 [INF] Executed DbCommand (1ms) [Parameters=[], CommandType='"Text"', CommandTimeout='30']
SELECT [p].[Id], [p].[Address], [p].[BloodType], [p].[CreatedAt], [p].[DateOfBirth], [p].[Email], [p].[FullName], [p].[Gender], [p].[NationalId], [p].[Phone], [p].[UserId]
FROM [Patients] AS [p]
2026-06-28 23:33:27.626 +03:00 [INF] HTTP GET /api/patients responded 200 in 4ms
2026-06-28 23:33:30.861 +03:00 [INF] HTTP OPTIONS /api/auth/login responded 204 in 0ms
2026-06-28 23:33:30.870 +03:00 [INF] Executed DbCommand (1ms) [Parameters=[], CommandType='"Text"', CommandTimeout='30']
SELECT [u].[Id], [u].[CreatedAt], [u].[Email], [u].[IsActive], [u].[PasswordHash], [u].[Role]
FROM [Users] AS [u]
2026-06-28 23:33:31.260 +03:00 [INF] HTTP POST /api/auth/login responded 200 in 393ms
2026-06-28 23:33:42.341 +03:00 [INF] HTTP OPTIONS /api/appointments responded 204 in 0ms
2026-06-28 23:33:42.355 +03:00 [INF] Executed DbCommand (1ms) [Parameters=[@doctorId='?' (DbType = Guid), @date='?' (DbType = Date)], CommandType='"Text"', CommandTimeout='30']
SELECT [a].[Id], [a].[AppointmentDate], [a].[CreatedAt], [a].[CreatedByReceptionistId], [a].[DoctorId], [a].[EndTime], [a].[Notes], [a].[PatientId], [a].[StartTime], [a].[Status], [a].[UpdatedAt]
FROM [Appointments] AS [a]
WHERE [a].[DoctorId] = @doctorId AND [a].[AppointmentDate] = @date
ORDER BY [a].[StartTime]
2026-06-28 23:33:42.356 +03:00 [INF] HTTP GET /api/appointments responded 200 in 3ms
2026-06-28 23:33:42.364 +03:00 [INF] HTTP OPTIONS /api/appointments responded 204 in 0ms
2026-06-28 23:33:42.373 +03:00 [INF] Executed DbCommand (1ms) [Parameters=[@doctorId='?' (DbType = Guid), @date='?' (DbType = Date)], CommandType='"Text"', CommandTimeout='30']
SELECT [a].[Id], [a].[AppointmentDate], [a].[CreatedAt], [a].[CreatedByReceptionistId], [a].[DoctorId], [a].[EndTime], [a].[Notes], [a].[PatientId], [a].[StartTime], [a].[Status], [a].[UpdatedAt]
FROM [Appointments] AS [a]
WHERE [a].[DoctorId] = @doctorId AND [a].[AppointmentDate] = @date
ORDER BY [a].[StartTime]
2026-06-28 23:33:42.375 +03:00 [INF] Executed DbCommand (1ms) [Parameters=[@p='?' (DbType = Guid)], CommandType='"Text"', CommandTimeout='30']
SELECT TOP(1) [p].[Id], [p].[Address], [p].[BloodType], [p].[CreatedAt], [p].[DateOfBirth], [p].[Email], [p].[FullName], [p].[Gender], [p].[NationalId], [p].[Phone], [p].[UserId]
FROM [Patients] AS [p]
WHERE [p].[Id] = @p
2026-06-28 23:33:42.377 +03:00 [INF] Executed DbCommand (1ms) [Parameters=[@p='?' (DbType = Guid)], CommandType='"Text"', CommandTimeout='30']
SELECT TOP(1) [d].[Id], [d].[DepartmentId], [d].[FullName], [d].[IsActive], [d].[Phone], [d].[Specialization], [d].[UserId]
FROM [Doctors] AS [d]
WHERE [d].[Id] = @p
2026-06-28 23:33:42.379 +03:00 [INF] Executed DbCommand (1ms) [Parameters=[@p='?' (DbType = Guid)], CommandType='"Text"', CommandTimeout='30']
SELECT TOP(1) [p].[Id], [p].[Address], [p].[BloodType], [p].[CreatedAt], [p].[DateOfBirth], [p].[Email], [p].[FullName], [p].[Gender], [p].[NationalId], [p].[Phone], [p].[UserId]
FROM [Patients] AS [p]
WHERE [p].[Id] = @p
2026-06-28 23:33:42.380 +03:00 [INF] HTTP GET /api/appointments responded 200 in 10ms
2026-06-28 23:34:03.488 +03:00 [INF] HTTP OPTIONS /api/appointments/4f3adcd4-78fa-4835-b823-efc1863e7733 responded 204 in 0ms
2026-06-28 23:34:03.501 +03:00 [INF] Executed DbCommand (1ms) [Parameters=[@p='?' (DbType = Guid)], CommandType='"Text"', CommandTimeout='30']
SELECT TOP(1) [a].[Id], [a].[AppointmentDate], [a].[CreatedAt], [a].[CreatedByReceptionistId], [a].[DoctorId], [a].[EndTime], [a].[Notes], [a].[PatientId], [a].[StartTime], [a].[Status], [a].[UpdatedAt]
FROM [Appointments] AS [a]
WHERE [a].[Id] = @p
2026-06-28 23:34:03.503 +03:00 [INF] Executed DbCommand (1ms) [Parameters=[@p='?' (DbType = Guid)], CommandType='"Text"', CommandTimeout='30']
SELECT TOP(1) [p].[Id], [p].[Address], [p].[BloodType], [p].[CreatedAt], [p].[DateOfBirth], [p].[Email], [p].[FullName], [p].[Gender], [p].[NationalId], [p].[Phone], [p].[UserId]
FROM [Patients] AS [p]
WHERE [p].[Id] = @p
2026-06-28 23:34:03.506 +03:00 [INF] Executed DbCommand (1ms) [Parameters=[@p='?' (DbType = Guid)], CommandType='"Text"', CommandTimeout='30']
SELECT TOP(1) [d].[Id], [d].[DepartmentId], [d].[FullName], [d].[IsActive], [d].[Phone], [d].[Specialization], [d].[UserId]
FROM [Doctors] AS [d]
WHERE [d].[Id] = @p
2026-06-28 23:34:03.507 +03:00 [INF] HTTP GET /api/appointments/4f3adcd4-78fa-4835-b823-efc1863e7733 responded 200 in 10ms
2026-06-28 23:35:43.541 +03:00 [INF] HTTP OPTIONS /api/appointments/4f3adcd4-78fa-4835-b823-efc1863e7733 responded 204 in 0ms
2026-06-28 23:35:43.553 +03:00 [INF] Executed DbCommand (1ms) [Parameters=[@p='?' (DbType = Guid)], CommandType='"Text"', CommandTimeout='30']
SELECT TOP(1) [a].[Id], [a].[AppointmentDate], [a].[CreatedAt], [a].[CreatedByReceptionistId], [a].[DoctorId], [a].[EndTime], [a].[Notes], [a].[PatientId], [a].[StartTime], [a].[Status], [a].[UpdatedAt]
FROM [Appointments] AS [a]
WHERE [a].[Id] = @p
2026-06-28 23:35:43.556 +03:00 [INF] Executed DbCommand (1ms) [Parameters=[@p='?' (DbType = Guid)], CommandType='"Text"', CommandTimeout='30']
SELECT TOP(1) [p].[Id], [p].[Address], [p].[BloodType], [p].[CreatedAt], [p].[DateOfBirth], [p].[Email], [p].[FullName], [p].[Gender], [p].[NationalId], [p].[Phone], [p].[UserId]
FROM [Patients] AS [p]
WHERE [p].[Id] = @p
2026-06-28 23:35:43.559 +03:00 [INF] Executed DbCommand (1ms) [Parameters=[@p='?' (DbType = Guid)], CommandType='"Text"', CommandTimeout='30']
SELECT TOP(1) [d].[Id], [d].[DepartmentId], [d].[FullName], [d].[IsActive], [d].[Phone], [d].[Specialization], [d].[UserId]
FROM [Doctors] AS [d]
WHERE [d].[Id] = @p
2026-06-28 23:35:43.560 +03:00 [INF] HTTP GET /api/appointments/4f3adcd4-78fa-4835-b823-efc1863e7733 responded 200 in 12ms
2026-06-28 23:35:57.314 +03:00 [INF] HTTP OPTIONS /api/appointments/4f3adcd4-78fa-4835-b823-efc1863e7733 responded 204 in 0ms
2026-06-28 23:35:57.333 +03:00 [INF] Executed DbCommand (12ms) [Parameters=[@p='?' (DbType = Guid)], CommandType='"Text"', CommandTimeout='30']
SELECT TOP(1) [a].[Id], [a].[AppointmentDate], [a].[CreatedAt], [a].[CreatedByReceptionistId], [a].[DoctorId], [a].[EndTime], [a].[Notes], [a].[PatientId], [a].[StartTime], [a].[Status], [a].[UpdatedAt]
FROM [Appointments] AS [a]
WHERE [a].[Id] = @p
2026-06-28 23:35:57.338 +03:00 [INF] Executed DbCommand (5ms) [Parameters=[@p='?' (DbType = Guid)], CommandType='"Text"', CommandTimeout='30']
SELECT TOP(1) [p].[Id], [p].[Address], [p].[BloodType], [p].[CreatedAt], [p].[DateOfBirth], [p].[Email], [p].[FullName], [p].[Gender], [p].[NationalId], [p].[Phone], [p].[UserId]
FROM [Patients] AS [p]
WHERE [p].[Id] = @p
2026-06-28 23:35:57.342 +03:00 [INF] Executed DbCommand (3ms) [Parameters=[@p='?' (DbType = Guid)], CommandType='"Text"', CommandTimeout='30']
SELECT TOP(1) [d].[Id], [d].[DepartmentId], [d].[FullName], [d].[IsActive], [d].[Phone], [d].[Specialization], [d].[UserId]
FROM [Doctors] AS [d]
WHERE [d].[Id] = @p
2026-06-28 23:35:57.342 +03:00 [INF] HTTP GET /api/appointments/4f3adcd4-78fa-4835-b823-efc1863e7733 responded 200 in 22ms
2026-06-28 23:37:07.868 +03:00 [INF] HTTP OPTIONS /api/appointments/4f3adcd4-78fa-4835-b823-efc1863e7733 responded 204 in 0ms
2026-06-28 23:37:07.881 +03:00 [INF] Executed DbCommand (1ms) [Parameters=[@p='?' (DbType = Guid)], CommandType='"Text"', CommandTimeout='30']
SELECT TOP(1) [a].[Id], [a].[AppointmentDate], [a].[CreatedAt], [a].[CreatedByReceptionistId], [a].[DoctorId], [a].[EndTime], [a].[Notes], [a].[PatientId], [a].[StartTime], [a].[Status], [a].[UpdatedAt]
FROM [Appointments] AS [a]
WHERE [a].[Id] = @p
2026-06-28 23:37:07.884 +03:00 [INF] Executed DbCommand (1ms) [Parameters=[@p='?' (DbType = Guid)], CommandType='"Text"', CommandTimeout='30']
SELECT TOP(1) [p].[Id], [p].[Address], [p].[BloodType], [p].[CreatedAt], [p].[DateOfBirth], [p].[Email], [p].[FullName], [p].[Gender], [p].[NationalId], [p].[Phone], [p].[UserId]
FROM [Patients] AS [p]
WHERE [p].[Id] = @p
2026-06-28 23:37:07.886 +03:00 [INF] Executed DbCommand (1ms) [Parameters=[@p='?' (DbType = Guid)], CommandType='"Text"', CommandTimeout='30']
SELECT TOP(1) [d].[Id], [d].[DepartmentId], [d].[FullName], [d].[IsActive], [d].[Phone], [d].[Specialization], [d].[UserId]
FROM [Doctors] AS [d]
WHERE [d].[Id] = @p
2026-06-28 23:37:07.887 +03:00 [INF] HTTP GET /api/appointments/4f3adcd4-78fa-4835-b823-efc1863e7733 responded 200 in 9ms
2026-06-28 23:37:12.196 +03:00 [INF] Executed DbCommand (1ms) [Parameters=[@p='?' (DbType = Guid)], CommandType='"Text"', CommandTimeout='30']
SELECT TOP(1) [a].[Id], [a].[AppointmentDate], [a].[CreatedAt], [a].[CreatedByReceptionistId], [a].[DoctorId], [a].[EndTime], [a].[Notes], [a].[PatientId], [a].[StartTime], [a].[Status], [a].[UpdatedAt]
FROM [Appointments] AS [a]
WHERE [a].[Id] = @p
2026-06-28 23:37:12.199 +03:00 [INF] Executed DbCommand (2ms) [Parameters=[@p='?' (DbType = Guid)], CommandType='"Text"', CommandTimeout='30']
SELECT TOP(1) [p].[Id], [p].[Address], [p].[BloodType], [p].[CreatedAt], [p].[DateOfBirth], [p].[Email], [p].[FullName], [p].[Gender], [p].[NationalId], [p].[Phone], [p].[UserId]
FROM [Patients] AS [p]
WHERE [p].[Id] = @p
2026-06-28 23:37:12.202 +03:00 [INF] Executed DbCommand (2ms) [Parameters=[@p='?' (DbType = Guid)], CommandType='"Text"', CommandTimeout='30']
SELECT TOP(1) [d].[Id], [d].[DepartmentId], [d].[FullName], [d].[IsActive], [d].[Phone], [d].[Specialization], [d].[UserId]
FROM [Doctors] AS [d]
WHERE [d].[Id] = @p
2026-06-28 23:37:12.203 +03:00 [INF] HTTP GET /api/appointments/4f3adcd4-78fa-4835-b823-efc1863e7733 responded 200 in 9ms
2026-06-28 23:37:17.936 +03:00 [INF] HTTP OPTIONS /api/appointments/available-slots responded 204 in 0ms
2026-06-28 23:37:17.946 +03:00 [INF] Executed DbCommand (1ms) [Parameters=[], CommandType='"Text"', CommandTimeout='30']
SELECT [d].[Id], [d].[AppointmentDurationMinutes], [d].[DayOfWeek], [d].[DoctorId], [d].[EndTime], [d].[IsActive], [d].[StartTime]
FROM [DoctorSchedules] AS [d]
2026-06-28 23:37:17.948 +03:00 [INF] Executed DbCommand (1ms) [Parameters=[@doctorId='?' (DbType = Guid), @date='?' (DbType = Date)], CommandType='"Text"', CommandTimeout='30']
SELECT [a].[Id], [a].[AppointmentDate], [a].[CreatedAt], [a].[CreatedByReceptionistId], [a].[DoctorId], [a].[EndTime], [a].[Notes], [a].[PatientId], [a].[StartTime], [a].[Status], [a].[UpdatedAt]
FROM [Appointments] AS [a]
WHERE [a].[DoctorId] = @doctorId AND [a].[AppointmentDate] = @date
ORDER BY [a].[StartTime]
2026-06-28 23:37:17.949 +03:00 [INF] HTTP GET /api/appointments/available-slots responded 200 in 7ms
2026-06-28 23:37:25.142 +03:00 [INF] HTTP OPTIONS /api/doctors responded 204 in 0ms
2026-06-28 23:37:25.145 +03:00 [INF] HTTP OPTIONS /api/doctors responded 204 in 0ms
2026-06-28 23:37:25.157 +03:00 [INF] Executed DbCommand (1ms) [Parameters=[], CommandType='"Text"', CommandTimeout='30']
SELECT [d].[Id], [d].[DepartmentId], [d].[FullName], [d].[IsActive], [d].[Phone], [d].[Specialization], [d].[UserId]
FROM [Doctors] AS [d]
2026-06-28 23:37:25.159 +03:00 [INF] Executed DbCommand (1ms) [Parameters=[@p='?' (DbType = Guid)], CommandType='"Text"', CommandTimeout='30']
SELECT TOP(1) [d].[Id], [d].[Description], [d].[IsActive], [d].[Name]
FROM [Departments] AS [d]
WHERE [d].[Id] = @p
2026-06-28 23:37:25.162 +03:00 [INF] Executed DbCommand (1ms) [Parameters=[@p='?' (DbType = Guid)], CommandType='"Text"', CommandTimeout='30']
SELECT TOP(1) [d].[Id], [d].[Description], [d].[IsActive], [d].[Name]
FROM [Departments] AS [d]
WHERE [d].[Id] = @p
2026-06-28 23:37:25.162 +03:00 [INF] HTTP GET /api/doctors responded 200 in 8ms
2026-06-28 23:37:25.174 +03:00 [INF] Executed DbCommand (1ms) [Parameters=[], CommandType='"Text"', CommandTimeout='30']
SELECT [d].[Id], [d].[DepartmentId], [d].[FullName], [d].[IsActive], [d].[Phone], [d].[Specialization], [d].[UserId]
FROM [Doctors] AS [d]
2026-06-28 23:37:25.177 +03:00 [INF] Executed DbCommand (1ms) [Parameters=[@p='?' (DbType = Guid)], CommandType='"Text"', CommandTimeout='30']
SELECT TOP(1) [d].[Id], [d].[Description], [d].[IsActive], [d].[Name]
FROM [Departments] AS [d]
WHERE [d].[Id] = @p
2026-06-28 23:37:25.179 +03:00 [INF] Executed DbCommand (1ms) [Parameters=[@p='?' (DbType = Guid)], CommandType='"Text"', CommandTimeout='30']
SELECT TOP(1) [d].[Id], [d].[Description], [d].[IsActive], [d].[Name]
FROM [Departments] AS [d]
WHERE [d].[Id] = @p
2026-06-28 23:37:25.180 +03:00 [INF] HTTP GET /api/doctors responded 200 in 9ms
2026-06-28 23:37:25.191 +03:00 [INF] HTTP OPTIONS /api/appointments responded 204 in 0ms
2026-06-28 23:37:25.199 +03:00 [INF] Executed DbCommand (1ms) [Parameters=[@doctorId='?' (DbType = Guid), @date='?' (DbType = Date)], CommandType='"Text"', CommandTimeout='30']
SELECT [a].[Id], [a].[AppointmentDate], [a].[CreatedAt], [a].[CreatedByReceptionistId], [a].[DoctorId], [a].[EndTime], [a].[Notes], [a].[PatientId], [a].[StartTime], [a].[Status], [a].[UpdatedAt]
FROM [Appointments] AS [a]
WHERE [a].[DoctorId] = @doctorId AND [a].[AppointmentDate] = @date
ORDER BY [a].[StartTime]
2026-06-28 23:37:25.200 +03:00 [INF] HTTP OPTIONS /api/doctors/eea5306b-9d0d-474f-b644-e334fdedcbe6/schedule responded 204 in 0ms
2026-06-28 23:37:25.200 +03:00 [INF] HTTP GET /api/appointments responded 200 in 4ms
2026-06-28 23:37:25.205 +03:00 [INF] HTTP OPTIONS /api/doctors/44450f15-4382-4c72-9e45-ffb270692955/schedule responded 204 in 0ms
2026-06-28 23:37:25.215 +03:00 [INF] HTTP OPTIONS /api/appointments responded 204 in 0ms
2026-06-28 23:37:25.217 +03:00 [INF] Executed DbCommand (4ms) [Parameters=[@p='?' (DbType = Guid)], CommandType='"Text"', CommandTimeout='30']
SELECT TOP(1) [d].[Id], [d].[DepartmentId], [d].[FullName], [d].[IsActive], [d].[Phone], [d].[Specialization], [d].[UserId]
FROM [Doctors] AS [d]
WHERE [d].[Id] = @p
2026-06-28 23:37:25.217 +03:00 [INF] Executed DbCommand (3ms) [Parameters=[@p='?' (DbType = Guid)], CommandType='"Text"', CommandTimeout='30']
SELECT TOP(1) [d].[Id], [d].[DepartmentId], [d].[FullName], [d].[IsActive], [d].[Phone], [d].[Specialization], [d].[UserId]
FROM [Doctors] AS [d]
WHERE [d].[Id] = @p
2026-06-28 23:37:25.219 +03:00 [INF] Executed DbCommand (2ms) [Parameters=[], CommandType='"Text"', CommandTimeout='30']
SELECT [d].[Id], [d].[AppointmentDurationMinutes], [d].[DayOfWeek], [d].[DoctorId], [d].[EndTime], [d].[IsActive], [d].[StartTime]
FROM [DoctorSchedules] AS [d]
2026-06-28 23:37:25.220 +03:00 [INF] Executed DbCommand (2ms) [Parameters=[], CommandType='"Text"', CommandTimeout='30']
SELECT [d].[Id], [d].[AppointmentDurationMinutes], [d].[DayOfWeek], [d].[DoctorId], [d].[EndTime], [d].[IsActive], [d].[StartTime]
FROM [DoctorSchedules] AS [d]
2026-06-28 23:37:25.221 +03:00 [INF] HTTP GET /api/doctors/eea5306b-9d0d-474f-b644-e334fdedcbe6/schedule responded 200 in 10ms
2026-06-28 23:37:25.221 +03:00 [INF] HTTP GET /api/doctors/44450f15-4382-4c72-9e45-ffb270692955/schedule responded 200 in 9ms
2026-06-28 23:37:25.226 +03:00 [INF] Executed DbCommand (1ms) [Parameters=[@doctorId='?' (DbType = Guid), @date='?' (DbType = Date)], CommandType='"Text"', CommandTimeout='30']
SELECT [a].[Id], [a].[AppointmentDate], [a].[CreatedAt], [a].[CreatedByReceptionistId], [a].[DoctorId], [a].[EndTime], [a].[Notes], [a].[PatientId], [a].[StartTime], [a].[Status], [a].[UpdatedAt]
FROM [Appointments] AS [a]
WHERE [a].[DoctorId] = @doctorId AND [a].[AppointmentDate] = @date
ORDER BY [a].[StartTime]
2026-06-28 23:37:25.227 +03:00 [INF] HTTP GET /api/appointments responded 200 in 4ms
2026-06-28 23:37:38.870 +03:00 [INF] HTTP OPTIONS /api/appointments responded 204 in 0ms
2026-06-28 23:37:38.887 +03:00 [INF] Executed DbCommand (1ms) [Parameters=[@doctorId='?' (DbType = Guid), @date='?' (DbType = Date)], CommandType='"Text"', CommandTimeout='30']
SELECT [a].[Id], [a].[AppointmentDate], [a].[CreatedAt], [a].[CreatedByReceptionistId], [a].[DoctorId], [a].[EndTime], [a].[Notes], [a].[PatientId], [a].[StartTime], [a].[Status], [a].[UpdatedAt]
FROM [Appointments] AS [a]
WHERE [a].[DoctorId] = @doctorId AND [a].[AppointmentDate] = @date
ORDER BY [a].[StartTime]
2026-06-28 23:37:38.887 +03:00 [INF] HTTP GET /api/appointments responded 200 in 4ms
2026-06-28 23:37:38.897 +03:00 [INF] HTTP OPTIONS /api/appointments responded 204 in 0ms
2026-06-28 23:37:38.906 +03:00 [INF] Executed DbCommand (2ms) [Parameters=[@doctorId='?' (DbType = Guid), @date='?' (DbType = Date)], CommandType='"Text"', CommandTimeout='30']
SELECT [a].[Id], [a].[AppointmentDate], [a].[CreatedAt], [a].[CreatedByReceptionistId], [a].[DoctorId], [a].[EndTime], [a].[Notes], [a].[PatientId], [a].[StartTime], [a].[Status], [a].[UpdatedAt]
FROM [Appointments] AS [a]
WHERE [a].[DoctorId] = @doctorId AND [a].[AppointmentDate] = @date
ORDER BY [a].[StartTime]
2026-06-28 23:37:38.908 +03:00 [INF] Executed DbCommand (1ms) [Parameters=[@p='?' (DbType = Guid)], CommandType='"Text"', CommandTimeout='30']
SELECT TOP(1) [p].[Id], [p].[Address], [p].[BloodType], [p].[CreatedAt], [p].[DateOfBirth], [p].[Email], [p].[FullName], [p].[Gender], [p].[NationalId], [p].[Phone], [p].[UserId]
FROM [Patients] AS [p]
WHERE [p].[Id] = @p
2026-06-28 23:37:38.910 +03:00 [INF] Executed DbCommand (1ms) [Parameters=[@p='?' (DbType = Guid)], CommandType='"Text"', CommandTimeout='30']
SELECT TOP(1) [d].[Id], [d].[DepartmentId], [d].[FullName], [d].[IsActive], [d].[Phone], [d].[Specialization], [d].[UserId]
FROM [Doctors] AS [d]
WHERE [d].[Id] = @p
2026-06-28 23:37:38.912 +03:00 [INF] Executed DbCommand (1ms) [Parameters=[@p='?' (DbType = Guid)], CommandType='"Text"', CommandTimeout='30']
SELECT TOP(1) [p].[Id], [p].[Address], [p].[BloodType], [p].[CreatedAt], [p].[DateOfBirth], [p].[Email], [p].[FullName], [p].[Gender], [p].[NationalId], [p].[Phone], [p].[UserId]
FROM [Patients] AS [p]
WHERE [p].[Id] = @p
2026-06-28 23:37:38.913 +03:00 [INF] HTTP GET /api/appointments responded 200 in 10ms
2026-06-28 23:38:17.676 +03:00 [INF] HTTP OPTIONS /api/auth/login responded 204 in 0ms
2026-06-28 23:38:17.687 +03:00 [INF] Executed DbCommand (2ms) [Parameters=[], CommandType='"Text"', CommandTimeout='30']
SELECT [u].[Id], [u].[CreatedAt], [u].[Email], [u].[IsActive], [u].[PasswordHash], [u].[Role]
FROM [Users] AS [u]
2026-06-28 23:38:18.100 +03:00 [INF] HTTP POST /api/auth/login responded 200 in 418ms
2026-06-28 23:38:18.167 +03:00 [INF] HTTP OPTIONS /api/patients responded 204 in 0ms
2026-06-28 23:38:18.173 +03:00 [INF] Executed DbCommand (1ms) [Parameters=[], CommandType='"Text"', CommandTimeout='30']
SELECT [p].[Id], [p].[Address], [p].[BloodType], [p].[CreatedAt], [p].[DateOfBirth], [p].[Email], [p].[FullName], [p].[Gender], [p].[NationalId], [p].[Phone], [p].[UserId]
FROM [Patients] AS [p]
2026-06-28 23:38:18.173 +03:00 [INF] HTTP GET /api/patients responded 200 in 3ms
2026-06-28 23:38:19.902 +03:00 [INF] HTTP OPTIONS /api/doctors responded 204 in 0ms
2026-06-28 23:38:19.902 +03:00 [INF] HTTP OPTIONS /api/doctors responded 204 in 0ms
2026-06-28 23:38:19.912 +03:00 [INF] Executed DbCommand (1ms) [Parameters=[], CommandType='"Text"', CommandTimeout='30']
SELECT [d].[Id], [d].[DepartmentId], [d].[FullName], [d].[IsActive], [d].[Phone], [d].[Specialization], [d].[UserId]
FROM [Doctors] AS [d]
2026-06-28 23:38:19.915 +03:00 [INF] Executed DbCommand (1ms) [Parameters=[@p='?' (DbType = Guid)], CommandType='"Text"', CommandTimeout='30']
SELECT TOP(1) [d].[Id], [d].[Description], [d].[IsActive], [d].[Name]
FROM [Departments] AS [d]
WHERE [d].[Id] = @p
2026-06-28 23:38:19.916 +03:00 [INF] Executed DbCommand (1ms) [Parameters=[@p='?' (DbType = Guid)], CommandType='"Text"', CommandTimeout='30']
SELECT TOP(1) [d].[Id], [d].[Description], [d].[IsActive], [d].[Name]
FROM [Departments] AS [d]
WHERE [d].[Id] = @p
2026-06-28 23:38:19.917 +03:00 [INF] HTTP GET /api/doctors responded 200 in 7ms
2026-06-28 23:38:19.924 +03:00 [INF] Executed DbCommand (1ms) [Parameters=[], CommandType='"Text"', CommandTimeout='30']
SELECT [d].[Id], [d].[DepartmentId], [d].[FullName], [d].[IsActive], [d].[Phone], [d].[Specialization], [d].[UserId]
FROM [Doctors] AS [d]
2026-06-28 23:38:19.926 +03:00 [INF] Executed DbCommand (1ms) [Parameters=[@p='?' (DbType = Guid)], CommandType='"Text"', CommandTimeout='30']
SELECT TOP(1) [d].[Id], [d].[Description], [d].[IsActive], [d].[Name]
FROM [Departments] AS [d]
WHERE [d].[Id] = @p
2026-06-28 23:38:19.929 +03:00 [INF] Executed DbCommand (1ms) [Parameters=[@p='?' (DbType = Guid)], CommandType='"Text"', CommandTimeout='30']
SELECT TOP(1) [d].[Id], [d].[Description], [d].[IsActive], [d].[Name]
FROM [Departments] AS [d]
WHERE [d].[Id] = @p
2026-06-28 23:38:19.929 +03:00 [INF] HTTP GET /api/doctors responded 200 in 8ms
2026-06-28 23:38:19.937 +03:00 [INF] HTTP OPTIONS /api/appointments responded 204 in 0ms
2026-06-28 23:38:19.942 +03:00 [INF] HTTP OPTIONS /api/doctors/eea5306b-9d0d-474f-b644-e334fdedcbe6/schedule responded 204 in 0ms
2026-06-28 23:38:19.944 +03:00 [INF] HTTP OPTIONS /api/doctors/44450f15-4382-4c72-9e45-ffb270692955/schedule responded 204 in 0ms
2026-06-28 23:38:19.948 +03:00 [INF] Executed DbCommand (1ms) [Parameters=[@doctorId='?' (DbType = Guid), @date='?' (DbType = Date)], CommandType='"Text"', CommandTimeout='30']
SELECT [a].[Id], [a].[AppointmentDate], [a].[CreatedAt], [a].[CreatedByReceptionistId], [a].[DoctorId], [a].[EndTime], [a].[Notes], [a].[PatientId], [a].[StartTime], [a].[Status], [a].[UpdatedAt]
FROM [Appointments] AS [a]
WHERE [a].[DoctorId] = @doctorId AND [a].[AppointmentDate] = @date
ORDER BY [a].[StartTime]
2026-06-28 23:38:19.949 +03:00 [INF] HTTP GET /api/appointments responded 200 in 4ms
2026-06-28 23:38:19.954 +03:00 [INF] Executed DbCommand (1ms) [Parameters=[@p='?' (DbType = Guid)], CommandType='"Text"', CommandTimeout='30']
SELECT TOP(1) [d].[Id], [d].[DepartmentId], [d].[FullName], [d].[IsActive], [d].[Phone], [d].[Specialization], [d].[UserId]
FROM [Doctors] AS [d]
WHERE [d].[Id] = @p
2026-06-28 23:38:19.956 +03:00 [INF] Executed DbCommand (1ms) [Parameters=[@p='?' (DbType = Guid)], CommandType='"Text"', CommandTimeout='30']
SELECT TOP(1) [d].[Id], [d].[DepartmentId], [d].[FullName], [d].[IsActive], [d].[Phone], [d].[Specialization], [d].[UserId]
FROM [Doctors] AS [d]
WHERE [d].[Id] = @p
2026-06-28 23:38:19.956 +03:00 [INF] Executed DbCommand (1ms) [Parameters=[], CommandType='"Text"', CommandTimeout='30']
SELECT [d].[Id], [d].[AppointmentDurationMinutes], [d].[DayOfWeek], [d].[DoctorId], [d].[EndTime], [d].[IsActive], [d].[StartTime]
FROM [DoctorSchedules] AS [d]
2026-06-28 23:38:19.957 +03:00 [INF] HTTP GET /api/doctors/eea5306b-9d0d-474f-b644-e334fdedcbe6/schedule responded 200 in 7ms
2026-06-28 23:38:19.958 +03:00 [INF] Executed DbCommand (1ms) [Parameters=[], CommandType='"Text"', CommandTimeout='30']
SELECT [d].[Id], [d].[AppointmentDurationMinutes], [d].[DayOfWeek], [d].[DoctorId], [d].[EndTime], [d].[IsActive], [d].[StartTime]
FROM [DoctorSchedules] AS [d]
2026-06-28 23:38:19.959 +03:00 [INF] HTTP GET /api/doctors/44450f15-4382-4c72-9e45-ffb270692955/schedule responded 200 in 7ms
2026-06-28 23:38:19.967 +03:00 [INF] HTTP OPTIONS /api/appointments responded 204 in 0ms
2026-06-28 23:38:19.977 +03:00 [INF] Executed DbCommand (1ms) [Parameters=[@doctorId='?' (DbType = Guid), @date='?' (DbType = Date)], CommandType='"Text"', CommandTimeout='30']
SELECT [a].[Id], [a].[AppointmentDate], [a].[CreatedAt], [a].[CreatedByReceptionistId], [a].[DoctorId], [a].[EndTime], [a].[Notes], [a].[PatientId], [a].[StartTime], [a].[Status], [a].[UpdatedAt]
FROM [Appointments] AS [a]
WHERE [a].[DoctorId] = @doctorId AND [a].[AppointmentDate] = @date
ORDER BY [a].[StartTime]
2026-06-28 23:38:19.977 +03:00 [INF] HTTP GET /api/appointments responded 200 in 4ms
2026-06-28 23:38:23.660 +03:00 [INF] HTTP OPTIONS /api/appointments responded 204 in 0ms
2026-06-28 23:38:23.678 +03:00 [INF] Executed DbCommand (2ms) [Parameters=[@doctorId='?' (DbType = Guid), @date='?' (DbType = Date)], CommandType='"Text"', CommandTimeout='30']
SELECT [a].[Id], [a].[AppointmentDate], [a].[CreatedAt], [a].[CreatedByReceptionistId], [a].[DoctorId], [a].[EndTime], [a].[Notes], [a].[PatientId], [a].[StartTime], [a].[Status], [a].[UpdatedAt]
FROM [Appointments] AS [a]
WHERE [a].[DoctorId] = @doctorId AND [a].[AppointmentDate] = @date
ORDER BY [a].[StartTime]
2026-06-28 23:38:23.679 +03:00 [INF] HTTP GET /api/appointments responded 200 in 5ms
2026-06-28 23:38:23.688 +03:00 [INF] HTTP OPTIONS /api/appointments responded 204 in 0ms
2026-06-28 23:38:23.698 +03:00 [INF] Executed DbCommand (1ms) [Parameters=[@doctorId='?' (DbType = Guid), @date='?' (DbType = Date)], CommandType='"Text"', CommandTimeout='30']
SELECT [a].[Id], [a].[AppointmentDate], [a].[CreatedAt], [a].[CreatedByReceptionistId], [a].[DoctorId], [a].[EndTime], [a].[Notes], [a].[PatientId], [a].[StartTime], [a].[Status], [a].[UpdatedAt]
FROM [Appointments] AS [a]
WHERE [a].[DoctorId] = @doctorId AND [a].[AppointmentDate] = @date
ORDER BY [a].[StartTime]
2026-06-28 23:38:23.700 +03:00 [INF] Executed DbCommand (1ms) [Parameters=[@p='?' (DbType = Guid)], CommandType='"Text"', CommandTimeout='30']
SELECT TOP(1) [p].[Id], [p].[Address], [p].[BloodType], [p].[CreatedAt], [p].[DateOfBirth], [p].[Email], [p].[FullName], [p].[Gender], [p].[NationalId], [p].[Phone], [p].[UserId]
FROM [Patients] AS [p]
WHERE [p].[Id] = @p
2026-06-28 23:38:23.702 +03:00 [INF] Executed DbCommand (1ms) [Parameters=[@p='?' (DbType = Guid)], CommandType='"Text"', CommandTimeout='30']
SELECT TOP(1) [d].[Id], [d].[DepartmentId], [d].[FullName], [d].[IsActive], [d].[Phone], [d].[Specialization], [d].[UserId]
FROM [Doctors] AS [d]
WHERE [d].[Id] = @p
2026-06-28 23:38:23.704 +03:00 [INF] Executed DbCommand (1ms) [Parameters=[@p='?' (DbType = Guid)], CommandType='"Text"', CommandTimeout='30']
SELECT TOP(1) [p].[Id], [p].[Address], [p].[BloodType], [p].[CreatedAt], [p].[DateOfBirth], [p].[Email], [p].[FullName], [p].[Gender], [p].[NationalId], [p].[Phone], [p].[UserId]
FROM [Patients] AS [p]
WHERE [p].[Id] = @p
2026-06-28 23:38:23.704 +03:00 [INF] HTTP GET /api/appointments responded 200 in 10ms
