2026-06-27 20:01:28.181 +03:00 [INF] Executed DbCommand (38ms) [Parameters=[], CommandType='"Text"', CommandTimeout='30']
SELECT 1
2026-06-27 20:01:28.239 +03:00 [INF] Acquiring an exclusive lock for migration application. See https://aka.ms/efcore-docs-migrations-lock for more information if this takes too long.
2026-06-27 20:01:28.281 +03:00 [INF] Executed DbCommand (37ms) [Parameters=[], CommandType='"Text"', CommandTimeout='30']
DECLARE @result int;
EXEC @result = sp_getapplock @Resource = '__EFMigrationsLock', @LockOwner = 'Session', @LockMode = 'Exclusive';
SELECT @result
2026-06-27 20:01:28.375 +03:00 [INF] Executed DbCommand (2ms) [Parameters=[], CommandType='"Text"', CommandTimeout='30']
IF OBJECT_ID(N'[__EFMigrationsHistory]') IS NULL
BEGIN
    CREATE TABLE [__EFMigrationsHistory] (
        [MigrationId] nvarchar(150) NOT NULL,
        [ProductVersion] nvarchar(32) NOT NULL,
        CONSTRAINT [PK___EFMigrationsHistory] PRIMARY KEY ([MigrationId])
    );
END;
2026-06-27 20:01:28.395 +03:00 [INF] Executed DbCommand (1ms) [Parameters=[], CommandType='"Text"', CommandTimeout='30']
SELECT 1
2026-06-27 20:01:28.397 +03:00 [INF] Executed DbCommand (1ms) [Parameters=[], CommandType='"Text"', CommandTimeout='30']
SELECT OBJECT_ID(N'[__EFMigrationsHistory]');
2026-06-27 20:01:28.409 +03:00 [INF] Executed DbCommand (8ms) [Parameters=[], CommandType='"Text"', CommandTimeout='30']
SELECT [MigrationId], [ProductVersion]
FROM [__EFMigrationsHistory]
ORDER BY [MigrationId];
2026-06-27 20:01:28.427 +03:00 [INF] No migrations were applied. The database is already up to date.
2026-06-27 20:01:28.433 +03:00 [INF] Executed DbCommand (4ms) [Parameters=[], CommandType='"Text"', CommandTimeout='30']
DECLARE @result int;
EXEC @result = sp_releaseapplock @Resource = '__EFMigrationsLock', @LockOwner = 'Session';
SELECT @result
2026-06-27 20:01:28.781 +03:00 [INF] Executed DbCommand (6ms) [Parameters=[], CommandType='"Text"', CommandTimeout='30']
SELECT CASE
    WHEN EXISTS (
        SELECT 1
        FROM [Users] AS [u]) THEN CAST(1 AS bit)
    ELSE CAST(0 AS bit)
END
2026-06-27 20:01:28.787 +03:00 [INF] Database already seeded. Skipping.
2026-06-27 20:01:28.960 +03:00 [INF] Now listening on: http://localhost:5000
2026-06-27 20:01:28.960 +03:00 [INF] Application started. Press Ctrl+C to shut down.
2026-06-27 20:01:28.961 +03:00 [INF] Hosting environment: Development
2026-06-27 20:01:28.961 +03:00 [INF] Content root path: G:\New folder\HospitalSystem.API
2026-06-27 20:02:24.939 +03:00 [WRN] Failed to determine the https port for redirect.
2026-06-27 20:02:24.943 +03:00 [INF] HTTP OPTIONS /api/auth/login responded 204 in 42ms
2026-06-27 20:02:25.133 +03:00 [INF] Executed DbCommand (3ms) [Parameters=[], CommandType='"Text"', CommandTimeout='30']
SELECT [u].[Id], [u].[CreatedAt], [u].[Email], [u].[IsActive], [u].[PasswordHash], [u].[Role]
FROM [Users] AS [u]
2026-06-27 20:02:25.523 +03:00 [WRN] Request failed with "Unauthorized"
HospitalSystem.Application.Exceptions.UnauthorizedException: Invalid email or password.
   at HospitalSystem.Application.Services.AuthService.LoginAsync(LoginRequest request, CancellationToken cancellationToken) in G:\New folder\HospitalSystem.Application\Services\AuthService.cs:line 32
   at HospitalSystem.API.Controllers.AuthController.Login(LoginRequest request, CancellationToken cancellationToken) in G:\New folder\HospitalSystem.API\Controllers\AuthController.cs:line 22
   at lambda_method10(Closure, Object)
   at Microsoft.AspNetCore.Mvc.Infrastructure.ActionMethodExecutor.AwaitableObjectResultExecutor.Execute(ActionContext actionContext, IActionResultTypeMapper mapper, ObjectMethodExecutor executor, Object controller, Object[] arguments)
   at Microsoft.AspNetCore.Mvc.Infrastructure.ControllerActionInvoker.<InvokeActionMethodAsync>g__Awaited|12_0(ControllerActionInvoker invoker, ValueTask`1 actionResultValueTask)
   at Microsoft.AspNetCore.Mvc.Infrastructure.ControllerActionInvoker.<InvokeNextActionFilterAsync>g__Awaited|10_0(ControllerActionInvoker invoker, Task lastTask, State next, Scope scope, Object state, Boolean isCompleted)
   at Microsoft.AspNetCore.Mvc.Infrastructure.ControllerActionInvoker.Rethrow(ActionExecutedContextSealed context)
   at Microsoft.AspNetCore.Mvc.Infrastructure.ControllerActionInvoker.Next(State& next, Scope& scope, Object& state, Boolean& isCompleted)
   at Microsoft.AspNetCore.Mvc.Infrastructure.ControllerActionInvoker.<InvokeInnerFilterAsync>g__Awaited|13_0(ControllerActionInvoker invoker, Task lastTask, State next, Scope scope, Object state, Boolean isCompleted)
   at Microsoft.AspNetCore.Mvc.Infrastructure.ResourceInvoker.<InvokeFilterPipelineAsync>g__Awaited|20_0(ResourceInvoker invoker, Task lastTask, State next, Scope scope, Object state, Boolean isCompleted)
   at Microsoft.AspNetCore.Mvc.Infrastructure.ResourceInvoker.<InvokeAsync>g__Awaited|17_0(ResourceInvoker invoker, Task task, IDisposable scope)
   at Microsoft.AspNetCore.Mvc.Infrastructure.ResourceInvoker.<InvokeAsync>g__Awaited|17_0(ResourceInvoker invoker, Task task, IDisposable scope)
   at Microsoft.AspNetCore.Authorization.AuthorizationMiddleware.Invoke(HttpContext context)
   at Microsoft.AspNetCore.Authentication.AuthenticationMiddleware.Invoke(HttpContext context)
   at Swashbuckle.AspNetCore.SwaggerUI.SwaggerUIMiddleware.Invoke(HttpContext httpContext)
   at Swashbuckle.AspNetCore.Swagger.SwaggerMiddleware.Invoke(HttpContext httpContext, ISwaggerProvider swaggerProvider)
   at HospitalSystem.API.Middleware.RequestLoggingMiddleware.InvokeAsync(HttpContext context) in G:\New folder\HospitalSystem.API\Middleware\RequestLoggingMiddleware.cs:line 19
   at HospitalSystem.API.Middleware.ExceptionHandlingMiddleware.InvokeAsync(HttpContext context) in G:\New folder\HospitalSystem.API\Middleware\ExceptionHandlingMiddleware.cs:line 24
2026-06-27 20:02:40.850 +03:00 [INF] HTTP OPTIONS /api/auth/login responded 204 in 1ms
2026-06-27 20:02:40.857 +03:00 [INF] Executed DbCommand (1ms) [Parameters=[], CommandType='"Text"', CommandTimeout='30']
SELECT [u].[Id], [u].[CreatedAt], [u].[Email], [u].[IsActive], [u].[PasswordHash], [u].[Role]
FROM [Users] AS [u]
2026-06-27 20:02:41.175 +03:00 [INF] HTTP POST /api/auth/login responded 200 in 323ms
2026-06-27 20:02:41.205 +03:00 [INF] HTTP OPTIONS /api/departments responded 204 in 0ms
2026-06-27 20:02:41.276 +03:00 [INF] Executed DbCommand (2ms) [Parameters=[], CommandType='"Text"', CommandTimeout='30']
SELECT [d].[Id], [d].[Description], [d].[IsActive], [d].[Name]
FROM [Departments] AS [d]
2026-06-27 20:02:41.293 +03:00 [INF] HTTP GET /api/departments responded 200 in 85ms
2026-06-27 20:02:45.404 +03:00 [INF] HTTP OPTIONS /api/doctors responded 204 in 0ms
2026-06-27 20:02:45.406 +03:00 [INF] HTTP OPTIONS /api/departments responded 204 in 0ms
2026-06-27 20:02:45.411 +03:00 [INF] Executed DbCommand (0ms) [Parameters=[], CommandType='"Text"', CommandTimeout='30']
SELECT [d].[Id], [d].[Description], [d].[IsActive], [d].[Name]
FROM [Departments] AS [d]
2026-06-27 20:02:45.412 +03:00 [INF] HTTP GET /api/departments responded 200 in 4ms
2026-06-27 20:02:45.427 +03:00 [INF] Executed DbCommand (3ms) [Parameters=[], CommandType='"Text"', CommandTimeout='30']
SELECT [d].[Id], [d].[DepartmentId], [d].[FullName], [d].[IsActive], [d].[Phone], [d].[Specialization], [d].[UserId]
FROM [Doctors] AS [d]
2026-06-27 20:02:45.528 +03:00 [INF] Executed DbCommand (17ms) [Parameters=[@p='?' (DbType = Guid)], CommandType='"Text"', CommandTimeout='30']
SELECT TOP(1) [d].[Id], [d].[Description], [d].[IsActive], [d].[Name]
FROM [Departments] AS [d]
WHERE [d].[Id] = @p
2026-06-27 20:02:45.556 +03:00 [INF] Executed DbCommand (1ms) [Parameters=[@p='?' (DbType = Guid)], CommandType='"Text"', CommandTimeout='30']
SELECT TOP(1) [d].[Id], [d].[Description], [d].[IsActive], [d].[Name]
FROM [Departments] AS [d]
WHERE [d].[Id] = @p
2026-06-27 20:02:45.561 +03:00 [INF] HTTP GET /api/doctors responded 200 in 153ms
2026-06-27 20:02:49.310 +03:00 [INF] HTTP OPTIONS /api/receptionists responded 204 in 0ms
2026-06-27 20:02:49.333 +03:00 [INF] Executed DbCommand (3ms) [Parameters=[], CommandType='"Text"', CommandTimeout='30']
SELECT [r].[Id], [r].[FullName], [r].[IsActive], [r].[Phone], [r].[UserId]
FROM [Receptionists] AS [r]
2026-06-27 20:02:49.343 +03:00 [INF] HTTP GET /api/receptionists responded 200 in 30ms
2026-06-27 20:03:27.487 +03:00 [INF] HTTP OPTIONS /api/doctors responded 204 in 0ms
2026-06-27 20:03:27.487 +03:00 [INF] HTTP OPTIONS /api/doctors/eea5306b-9d0d-474f-b644-e334fdedcbe6/schedule responded 204 in 0ms
2026-06-27 20:03:27.494 +03:00 [INF] Executed DbCommand (0ms) [Parameters=[], CommandType='"Text"', CommandTimeout='30']
SELECT [d].[Id], [d].[DepartmentId], [d].[FullName], [d].[IsActive], [d].[Phone], [d].[Specialization], [d].[UserId]
FROM [Doctors] AS [d]
2026-06-27 20:03:27.496 +03:00 [INF] Executed DbCommand (1ms) [Parameters=[@p='?' (DbType = Guid)], CommandType='"Text"', CommandTimeout='30']
SELECT TOP(1) [d].[Id], [d].[Description], [d].[IsActive], [d].[Name]
FROM [Departments] AS [d]
WHERE [d].[Id] = @p
2026-06-27 20:03:27.498 +03:00 [INF] Executed DbCommand (0ms) [Parameters=[@p='?' (DbType = Guid)], CommandType='"Text"', CommandTimeout='30']
SELECT TOP(1) [d].[Id], [d].[Description], [d].[IsActive], [d].[Name]
FROM [Departments] AS [d]
WHERE [d].[Id] = @p
2026-06-27 20:03:27.498 +03:00 [INF] HTTP GET /api/doctors responded 200 in 6ms
2026-06-27 20:03:27.514 +03:00 [INF] Executed DbCommand (3ms) [Parameters=[@p='?' (DbType = Guid)], CommandType='"Text"', CommandTimeout='30']
SELECT TOP(1) [d].[Id], [d].[DepartmentId], [d].[FullName], [d].[IsActive], [d].[Phone], [d].[Specialization], [d].[UserId]
FROM [Doctors] AS [d]
WHERE [d].[Id] = @p
2026-06-27 20:03:27.522 +03:00 [INF] Executed DbCommand (2ms) [Parameters=[], CommandType='"Text"', CommandTimeout='30']
SELECT [d].[Id], [d].[AppointmentDurationMinutes], [d].[DayOfWeek], [d].[DoctorId], [d].[EndTime], [d].[IsActive], [d].[StartTime]
FROM [DoctorSchedules] AS [d]
2026-06-27 20:03:27.551 +03:00 [INF] HTTP GET /api/doctors/eea5306b-9d0d-474f-b644-e334fdedcbe6/schedule responded 200 in 59ms
2026-06-27 20:03:43.696 +03:00 [INF] HTTP OPTIONS /api/departments responded 204 in 0ms
2026-06-27 20:03:43.702 +03:00 [INF] Executed DbCommand (0ms) [Parameters=[], CommandType='"Text"', CommandTimeout='30']
SELECT [d].[Id], [d].[Description], [d].[IsActive], [d].[Name]
FROM [Departments] AS [d]
2026-06-27 20:03:43.703 +03:00 [INF] HTTP GET /api/departments responded 200 in 4ms
2026-06-27 20:03:44.916 +03:00 [INF] HTTP OPTIONS /api/doctors responded 204 in 0ms
2026-06-27 20:03:44.916 +03:00 [INF] HTTP OPTIONS /api/departments responded 204 in 0ms
2026-06-27 20:03:44.921 +03:00 [INF] Executed DbCommand (0ms) [Parameters=[], CommandType='"Text"', CommandTimeout='30']
SELECT [d].[Id], [d].[Description], [d].[IsActive], [d].[Name]
FROM [Departments] AS [d]
2026-06-27 20:03:44.924 +03:00 [INF] HTTP GET /api/departments responded 200 in 5ms
2026-06-27 20:03:44.928 +03:00 [INF] Executed DbCommand (0ms) [Parameters=[], CommandType='"Text"', CommandTimeout='30']
SELECT [d].[Id], [d].[DepartmentId], [d].[FullName], [d].[IsActive], [d].[Phone], [d].[Specialization], [d].[UserId]
FROM [Doctors] AS [d]
2026-06-27 20:03:44.929 +03:00 [INF] Executed DbCommand (1ms) [Parameters=[@p='?' (DbType = Guid)], CommandType='"Text"', CommandTimeout='30']
SELECT TOP(1) [d].[Id], [d].[Description], [d].[IsActive], [d].[Name]
FROM [Departments] AS [d]
WHERE [d].[Id] = @p
2026-06-27 20:03:44.931 +03:00 [INF] Executed DbCommand (1ms) [Parameters=[@p='?' (DbType = Guid)], CommandType='"Text"', CommandTimeout='30']
SELECT TOP(1) [d].[Id], [d].[Description], [d].[IsActive], [d].[Name]
FROM [Departments] AS [d]
WHERE [d].[Id] = @p
2026-06-27 20:03:44.932 +03:00 [INF] HTTP GET /api/doctors responded 200 in 12ms
2026-06-27 20:03:46.250 +03:00 [INF] HTTP OPTIONS /api/receptionists responded 204 in 0ms
2026-06-27 20:03:46.255 +03:00 [INF] Executed DbCommand (1ms) [Parameters=[], CommandType='"Text"', CommandTimeout='30']
SELECT [r].[Id], [r].[FullName], [r].[IsActive], [r].[Phone], [r].[UserId]
FROM [Receptionists] AS [r]
2026-06-27 20:03:46.256 +03:00 [INF] HTTP GET /api/receptionists responded 200 in 2ms
2026-06-27 20:04:15.431 +03:00 [INF] HTTP OPTIONS /api/departments responded 204 in 0ms
2026-06-27 20:04:15.435 +03:00 [INF] Executed DbCommand (1ms) [Parameters=[], CommandType='"Text"', CommandTimeout='30']
SELECT [d].[Id], [d].[Description], [d].[IsActive], [d].[Name]
FROM [Departments] AS [d]
2026-06-27 20:04:15.436 +03:00 [INF] HTTP GET /api/departments responded 200 in 2ms
2026-06-27 20:04:16.066 +03:00 [INF] HTTP OPTIONS /api/doctors responded 204 in 0ms
2026-06-27 20:04:16.067 +03:00 [INF] HTTP OPTIONS /api/doctors/eea5306b-9d0d-474f-b644-e334fdedcbe6/schedule responded 204 in 0ms
2026-06-27 20:04:16.072 +03:00 [INF] Executed DbCommand (1ms) [Parameters=[], CommandType='"Text"', CommandTimeout='30']
SELECT [d].[Id], [d].[DepartmentId], [d].[FullName], [d].[IsActive], [d].[Phone], [d].[Specialization], [d].[UserId]
FROM [Doctors] AS [d]
2026-06-27 20:04:16.072 +03:00 [INF] Executed DbCommand (0ms) [Parameters=[@p='?' (DbType = Guid)], CommandType='"Text"', CommandTimeout='30']
SELECT TOP(1) [d].[Id], [d].[DepartmentId], [d].[FullName], [d].[IsActive], [d].[Phone], [d].[Specialization], [d].[UserId]
FROM [Doctors] AS [d]
WHERE [d].[Id] = @p
2026-06-27 20:04:16.074 +03:00 [INF] Executed DbCommand (1ms) [Parameters=[], CommandType='"Text"', CommandTimeout='30']
SELECT [d].[Id], [d].[AppointmentDurationMinutes], [d].[DayOfWeek], [d].[DoctorId], [d].[EndTime], [d].[IsActive], [d].[StartTime]
FROM [DoctorSchedules] AS [d]
2026-06-27 20:04:16.074 +03:00 [INF] Executed DbCommand (1ms) [Parameters=[@p='?' (DbType = Guid)], CommandType='"Text"', CommandTimeout='30']
SELECT TOP(1) [d].[Id], [d].[Description], [d].[IsActive], [d].[Name]
FROM [Departments] AS [d]
WHERE [d].[Id] = @p
2026-06-27 20:04:16.076 +03:00 [INF] HTTP GET /api/doctors/eea5306b-9d0d-474f-b644-e334fdedcbe6/schedule responded 200 in 5ms
2026-06-27 20:04:16.076 +03:00 [INF] Executed DbCommand (1ms) [Parameters=[@p='?' (DbType = Guid)], CommandType='"Text"', CommandTimeout='30']
SELECT TOP(1) [d].[Id], [d].[Description], [d].[IsActive], [d].[Name]
FROM [Departments] AS [d]
WHERE [d].[Id] = @p
2026-06-27 20:04:16.077 +03:00 [INF] HTTP GET /api/doctors responded 200 in 7ms
2026-06-27 20:04:16.790 +03:00 [INF] HTTP OPTIONS /api/doctors responded 204 in 0ms
2026-06-27 20:04:16.791 +03:00 [INF] HTTP OPTIONS /api/departments responded 204 in 0ms
2026-06-27 20:04:16.796 +03:00 [INF] Executed DbCommand (1ms) [Parameters=[], CommandType='"Text"', CommandTimeout='30']
SELECT [d].[Id], [d].[DepartmentId], [d].[FullName], [d].[IsActive], [d].[Phone], [d].[Specialization], [d].[UserId]
FROM [Doctors] AS [d]
2026-06-27 20:04:16.796 +03:00 [INF] Executed DbCommand (1ms) [Parameters=[], CommandType='"Text"', CommandTimeout='30']
SELECT [d].[Id], [d].[Description], [d].[IsActive], [d].[Name]
FROM [Departments] AS [d]
2026-06-27 20:04:16.797 +03:00 [INF] HTTP GET /api/departments responded 200 in 2ms
2026-06-27 20:04:16.798 +03:00 [INF] Executed DbCommand (1ms) [Parameters=[@p='?' (DbType = Guid)], CommandType='"Text"', CommandTimeout='30']
SELECT TOP(1) [d].[Id], [d].[Description], [d].[IsActive], [d].[Name]
FROM [Departments] AS [d]
WHERE [d].[Id] = @p
2026-06-27 20:04:16.800 +03:00 [INF] Executed DbCommand (0ms) [Parameters=[@p='?' (DbType = Guid)], CommandType='"Text"', CommandTimeout='30']
SELECT TOP(1) [d].[Id], [d].[Description], [d].[IsActive], [d].[Name]
FROM [Departments] AS [d]
WHERE [d].[Id] = @p
2026-06-27 20:04:16.800 +03:00 [INF] HTTP GET /api/doctors responded 200 in 6ms
2026-06-27 20:04:18.213 +03:00 [INF] HTTP OPTIONS /api/receptionists responded 204 in 0ms
2026-06-27 20:04:18.219 +03:00 [INF] Executed DbCommand (0ms) [Parameters=[], CommandType='"Text"', CommandTimeout='30']
SELECT [r].[Id], [r].[FullName], [r].[IsActive], [r].[Phone], [r].[UserId]
FROM [Receptionists] AS [r]
2026-06-27 20:04:18.219 +03:00 [INF] HTTP GET /api/receptionists responded 200 in 3ms
2026-06-27 20:04:37.982 +03:00 [INF] HTTP OPTIONS /api/auth/login responded 204 in 0ms
2026-06-27 20:04:37.987 +03:00 [INF] Executed DbCommand (0ms) [Parameters=[], CommandType='"Text"', CommandTimeout='30']
SELECT [u].[Id], [u].[CreatedAt], [u].[Email], [u].[IsActive], [u].[PasswordHash], [u].[Role]
FROM [Users] AS [u]
2026-06-27 20:04:38.139 +03:00 [WRN] Request failed with "Unauthorized"
HospitalSystem.Application.Exceptions.UnauthorizedException: Invalid email or password.
   at HospitalSystem.Application.Services.AuthService.LoginAsync(LoginRequest request, CancellationToken cancellationToken) in G:\New folder\HospitalSystem.Application\Services\AuthService.cs:line 32
   at HospitalSystem.API.Controllers.AuthController.Login(LoginRequest request, CancellationToken cancellationToken) in G:\New folder\HospitalSystem.API\Controllers\AuthController.cs:line 22
   at lambda_method10(Closure, Object)
   at Microsoft.AspNetCore.Mvc.Infrastructure.ActionMethodExecutor.AwaitableObjectResultExecutor.Execute(ActionContext actionContext, IActionResultTypeMapper mapper, ObjectMethodExecutor executor, Object controller, Object[] arguments)
   at Microsoft.AspNetCore.Mvc.Infrastructure.ControllerActionInvoker.<InvokeActionMethodAsync>g__Awaited|12_0(ControllerActionInvoker invoker, ValueTask`1 actionResultValueTask)
   at Microsoft.AspNetCore.Mvc.Infrastructure.ControllerActionInvoker.<InvokeNextActionFilterAsync>g__Awaited|10_0(ControllerActionInvoker invoker, Task lastTask, State next, Scope scope, Object state, Boolean isCompleted)
   at Microsoft.AspNetCore.Mvc.Infrastructure.ControllerActionInvoker.Rethrow(ActionExecutedContextSealed context)
   at Microsoft.AspNetCore.Mvc.Infrastructure.ControllerActionInvoker.Next(State& next, Scope& scope, Object& state, Boolean& isCompleted)
   at Microsoft.AspNetCore.Mvc.Infrastructure.ControllerActionInvoker.<InvokeInnerFilterAsync>g__Awaited|13_0(ControllerActionInvoker invoker, Task lastTask, State next, Scope scope, Object state, Boolean isCompleted)
   at Microsoft.AspNetCore.Mvc.Infrastructure.ResourceInvoker.<InvokeFilterPipelineAsync>g__Awaited|20_0(ResourceInvoker invoker, Task lastTask, State next, Scope scope, Object state, Boolean isCompleted)
   at Microsoft.AspNetCore.Mvc.Infrastructure.ResourceInvoker.<InvokeAsync>g__Awaited|17_0(ResourceInvoker invoker, Task task, IDisposable scope)
   at Microsoft.AspNetCore.Mvc.Infrastructure.ResourceInvoker.<InvokeAsync>g__Awaited|17_0(ResourceInvoker invoker, Task task, IDisposable scope)
   at Microsoft.AspNetCore.Authorization.AuthorizationMiddleware.Invoke(HttpContext context)
   at Microsoft.AspNetCore.Authentication.AuthenticationMiddleware.Invoke(HttpContext context)
   at Swashbuckle.AspNetCore.SwaggerUI.SwaggerUIMiddleware.Invoke(HttpContext httpContext)
   at Swashbuckle.AspNetCore.Swagger.SwaggerMiddleware.Invoke(HttpContext httpContext, ISwaggerProvider swaggerProvider)
   at HospitalSystem.API.Middleware.RequestLoggingMiddleware.InvokeAsync(HttpContext context) in G:\New folder\HospitalSystem.API\Middleware\RequestLoggingMiddleware.cs:line 19
   at HospitalSystem.API.Middleware.ExceptionHandlingMiddleware.InvokeAsync(HttpContext context) in G:\New folder\HospitalSystem.API\Middleware\ExceptionHandlingMiddleware.cs:line 24
2026-06-27 20:04:59.944 +03:00 [INF] HTTP OPTIONS /api/auth/login responded 204 in 0ms
2026-06-27 20:04:59.948 +03:00 [INF] Executed DbCommand (1ms) [Parameters=[], CommandType='"Text"', CommandTimeout='30']
SELECT [u].[Id], [u].[CreatedAt], [u].[Email], [u].[IsActive], [u].[PasswordHash], [u].[Role]
FROM [Users] AS [u]
2026-06-27 20:05:00.114 +03:00 [INF] HTTP POST /api/auth/login responded 200 in 167ms
2026-06-27 20:05:00.135 +03:00 [INF] HTTP OPTIONS /api/patients responded 204 in 0ms
2026-06-27 20:05:00.160 +03:00 [INF] Executed DbCommand (4ms) [Parameters=[], CommandType='"Text"', CommandTimeout='30']
SELECT [p].[Id], [p].[Address], [p].[BloodType], [p].[CreatedAt], [p].[DateOfBirth], [p].[Email], [p].[FullName], [p].[Gender], [p].[NationalId], [p].[Phone], [p].[UserId]
FROM [Patients] AS [p]
2026-06-27 20:05:00.198 +03:00 [INF] HTTP GET /api/patients responded 200 in 60ms
2026-06-27 20:05:10.033 +03:00 [INF] HTTP OPTIONS /api/patients/36574f06-f0f8-4c16-83d7-073e1107da0b responded 204 in 0ms
2026-06-27 20:05:10.061 +03:00 [INF] Executed DbCommand (4ms) [Parameters=[@p='?' (DbType = Guid)], CommandType='"Text"', CommandTimeout='30']
SELECT TOP(1) [p].[Id], [p].[Address], [p].[BloodType], [p].[CreatedAt], [p].[DateOfBirth], [p].[Email], [p].[FullName], [p].[Gender], [p].[NationalId], [p].[Phone], [p].[UserId]
FROM [Patients] AS [p]
WHERE [p].[Id] = @p
2026-06-27 20:05:10.062 +03:00 [INF] HTTP GET /api/patients/36574f06-f0f8-4c16-83d7-073e1107da0b responded 200 in 27ms
2026-06-27 20:05:15.502 +03:00 [INF] HTTP OPTIONS /api/departments responded 204 in 0ms
2026-06-27 20:05:15.502 +03:00 [INF] HTTP OPTIONS /api/patients responded 204 in 0ms
2026-06-27 20:05:15.508 +03:00 [INF] Executed DbCommand (0ms) [Parameters=[], CommandType='"Text"', CommandTimeout='30']
SELECT [d].[Id], [d].[Description], [d].[IsActive], [d].[Name]
FROM [Departments] AS [d]
2026-06-27 20:05:15.508 +03:00 [INF] HTTP GET /api/departments responded 200 in 1ms
2026-06-27 20:05:15.509 +03:00 [INF] Executed DbCommand (0ms) [Parameters=[], CommandType='"Text"', CommandTimeout='30']
SELECT [p].[Id], [p].[Address], [p].[BloodType], [p].[CreatedAt], [p].[DateOfBirth], [p].[Email], [p].[FullName], [p].[Gender], [p].[NationalId], [p].[Phone], [p].[UserId]
FROM [Patients] AS [p]
2026-06-27 20:05:15.509 +03:00 [INF] HTTP GET /api/patients responded 200 in 3ms
2026-06-27 20:05:24.371 +03:00 [INF] HTTP OPTIONS /api/doctors/department/b7eb805e-1614-4a59-a61a-6084babacfc3 responded 204 in 0ms
2026-06-27 20:05:24.420 +03:00 [INF] Executed DbCommand (6ms) [Parameters=[@departmentId='?' (DbType = Guid)], CommandType='"Text"', CommandTimeout='30']
SELECT [d].[Id], [d].[DepartmentId], [d].[FullName], [d].[IsActive], [d].[Phone], [d].[Specialization], [d].[UserId], [d0].[Id], [d0].[Description], [d0].[IsActive], [d0].[Name]
FROM [Doctors] AS [d]
INNER JOIN [Departments] AS [d0] ON [d].[DepartmentId] = [d0].[Id]
WHERE [d].[DepartmentId] = @departmentId
2026-06-27 20:05:24.422 +03:00 [INF] HTTP GET /api/doctors/department/b7eb805e-1614-4a59-a61a-6084babacfc3 responded 200 in 49ms
2026-06-27 20:05:37.446 +03:00 [INF] HTTP OPTIONS /api/appointments/available-slots responded 204 in 0ms
2026-06-27 20:05:37.456 +03:00 [INF] Executed DbCommand (1ms) [Parameters=[], CommandType='"Text"', CommandTimeout='30']
SELECT [d].[Id], [d].[AppointmentDurationMinutes], [d].[DayOfWeek], [d].[DoctorId], [d].[EndTime], [d].[IsActive], [d].[StartTime]
FROM [DoctorSchedules] AS [d]
2026-06-27 20:05:37.458 +03:00 [WRN] Request failed with "BadRequest"
HospitalSystem.Application.Exceptions.ValidationException: Doctor is not available on this day.
   at HospitalSystem.Application.Services.AppointmentService.GetDoctorScheduleForDayAsync(Guid doctorId, DateOnly date, CancellationToken cancellationToken) in G:\New folder\HospitalSystem.Application\Services\AppointmentService.cs:line 221
   at HospitalSystem.Application.Services.AppointmentService.GetAvailableSlotsAsync(Guid doctorId, DateOnly date, CancellationToken cancellationToken) in G:\New folder\HospitalSystem.Application\Services\AppointmentService.cs:line 149
   at HospitalSystem.API.Controllers.AppointmentsController.GetAvailableSlots(Guid doctorId, DateOnly date, CancellationToken cancellationToken) in G:\New folder\HospitalSystem.API\Controllers\AppointmentsController.cs:line 34
   at lambda_method459(Closure, Object)
   at Microsoft.AspNetCore.Mvc.Infrastructure.ActionMethodExecutor.AwaitableObjectResultExecutor.Execute(ActionContext actionContext, IActionResultTypeMapper mapper, ObjectMethodExecutor executor, Object controller, Object[] arguments)
   at Microsoft.AspNetCore.Mvc.Infrastructure.ControllerActionInvoker.<InvokeActionMethodAsync>g__Awaited|12_0(ControllerActionInvoker invoker, ValueTask`1 actionResultValueTask)
   at Microsoft.AspNetCore.Mvc.Infrastructure.ControllerActionInvoker.<InvokeNextActionFilterAsync>g__Awaited|10_0(ControllerActionInvoker invoker, Task lastTask, State next, Scope scope, Object state, Boolean isCompleted)
   at Microsoft.AspNetCore.Mvc.Infrastructure.ControllerActionInvoker.Rethrow(ActionExecutedContextSealed context)
   at Microsoft.AspNetCore.Mvc.Infrastructure.ControllerActionInvoker.Next(State& next, Scope& scope, Object& state, Boolean& isCompleted)
   at Microsoft.AspNetCore.Mvc.Infrastructure.ControllerActionInvoker.<InvokeInnerFilterAsync>g__Awaited|13_0(ControllerActionInvoker invoker, Task lastTask, State next, Scope scope, Object state, Boolean isCompleted)
   at Microsoft.AspNetCore.Mvc.Infrastructure.ResourceInvoker.<InvokeFilterPipelineAsync>g__Awaited|20_0(ResourceInvoker invoker, Task lastTask, State next, Scope scope, Object state, Boolean isCompleted)
   at Microsoft.AspNetCore.Mvc.Infrastructure.ResourceInvoker.<InvokeAsync>g__Awaited|17_0(ResourceInvoker invoker, Task task, IDisposable scope)
   at Microsoft.AspNetCore.Mvc.Infrastructure.ResourceInvoker.<InvokeAsync>g__Awaited|17_0(ResourceInvoker invoker, Task task, IDisposable scope)
   at Microsoft.AspNetCore.Authorization.AuthorizationMiddleware.Invoke(HttpContext context)
   at Microsoft.AspNetCore.Authentication.AuthenticationMiddleware.Invoke(HttpContext context)
   at Swashbuckle.AspNetCore.SwaggerUI.SwaggerUIMiddleware.Invoke(HttpContext httpContext)
   at Swashbuckle.AspNetCore.Swagger.SwaggerMiddleware.Invoke(HttpContext httpContext, ISwaggerProvider swaggerProvider)
   at HospitalSystem.API.Middleware.RequestLoggingMiddleware.InvokeAsync(HttpContext context) in G:\New folder\HospitalSystem.API\Middleware\RequestLoggingMiddleware.cs:line 19
   at HospitalSystem.API.Middleware.ExceptionHandlingMiddleware.InvokeAsync(HttpContext context) in G:\New folder\HospitalSystem.API\Middleware\ExceptionHandlingMiddleware.cs:line 24
2026-06-27 20:05:38.467 +03:00 [INF] Executed DbCommand (0ms) [Parameters=[], CommandType='"Text"', CommandTimeout='30']
SELECT [d].[Id], [d].[AppointmentDurationMinutes], [d].[DayOfWeek], [d].[DoctorId], [d].[EndTime], [d].[IsActive], [d].[StartTime]
FROM [DoctorSchedules] AS [d]
2026-06-27 20:05:38.468 +03:00 [WRN] Request failed with "BadRequest"
HospitalSystem.Application.Exceptions.ValidationException: Doctor is not available on this day.
   at HospitalSystem.Application.Services.AppointmentService.GetDoctorScheduleForDayAsync(Guid doctorId, DateOnly date, CancellationToken cancellationToken) in G:\New folder\HospitalSystem.Application\Services\AppointmentService.cs:line 221
   at HospitalSystem.Application.Services.AppointmentService.GetAvailableSlotsAsync(Guid doctorId, DateOnly date, CancellationToken cancellationToken) in G:\New folder\HospitalSystem.Application\Services\AppointmentService.cs:line 149
   at HospitalSystem.API.Controllers.AppointmentsController.GetAvailableSlots(Guid doctorId, DateOnly date, CancellationToken cancellationToken) in G:\New folder\HospitalSystem.API\Controllers\AppointmentsController.cs:line 34
   at lambda_method459(Closure, Object)
   at Microsoft.AspNetCore.Mvc.Infrastructure.ActionMethodExecutor.AwaitableObjectResultExecutor.Execute(ActionContext actionContext, IActionResultTypeMapper mapper, ObjectMethodExecutor executor, Object controller, Object[] arguments)
   at Microsoft.AspNetCore.Mvc.Infrastructure.ControllerActionInvoker.<InvokeActionMethodAsync>g__Awaited|12_0(ControllerActionInvoker invoker, ValueTask`1 actionResultValueTask)
   at Microsoft.AspNetCore.Mvc.Infrastructure.ControllerActionInvoker.<InvokeNextActionFilterAsync>g__Awaited|10_0(ControllerActionInvoker invoker, Task lastTask, State next, Scope scope, Object state, Boolean isCompleted)
   at Microsoft.AspNetCore.Mvc.Infrastructure.ControllerActionInvoker.Rethrow(ActionExecutedContextSealed context)
   at Microsoft.AspNetCore.Mvc.Infrastructure.ControllerActionInvoker.Next(State& next, Scope& scope, Object& state, Boolean& isCompleted)
   at Microsoft.AspNetCore.Mvc.Infrastructure.ControllerActionInvoker.<InvokeInnerFilterAsync>g__Awaited|13_0(ControllerActionInvoker invoker, Task lastTask, State next, Scope scope, Object state, Boolean isCompleted)
   at Microsoft.AspNetCore.Mvc.Infrastructure.ResourceInvoker.<InvokeFilterPipelineAsync>g__Awaited|20_0(ResourceInvoker invoker, Task lastTask, State next, Scope scope, Object state, Boolean isCompleted)
   at Microsoft.AspNetCore.Mvc.Infrastructure.ResourceInvoker.<InvokeAsync>g__Awaited|17_0(ResourceInvoker invoker, Task task, IDisposable scope)
   at Microsoft.AspNetCore.Mvc.Infrastructure.ResourceInvoker.<InvokeAsync>g__Awaited|17_0(ResourceInvoker invoker, Task task, IDisposable scope)
   at Microsoft.AspNetCore.Authorization.AuthorizationMiddleware.Invoke(HttpContext context)
   at Microsoft.AspNetCore.Authentication.AuthenticationMiddleware.Invoke(HttpContext context)
   at Swashbuckle.AspNetCore.SwaggerUI.SwaggerUIMiddleware.Invoke(HttpContext httpContext)
   at Swashbuckle.AspNetCore.Swagger.SwaggerMiddleware.Invoke(HttpContext httpContext, ISwaggerProvider swaggerProvider)
   at HospitalSystem.API.Middleware.RequestLoggingMiddleware.InvokeAsync(HttpContext context) in G:\New folder\HospitalSystem.API\Middleware\RequestLoggingMiddleware.cs:line 19
   at HospitalSystem.API.Middleware.ExceptionHandlingMiddleware.InvokeAsync(HttpContext context) in G:\New folder\HospitalSystem.API\Middleware\ExceptionHandlingMiddleware.cs:line 24
2026-06-27 20:05:48.215 +03:00 [INF] HTTP OPTIONS /api/patients/36574f06-f0f8-4c16-83d7-073e1107da0b responded 204 in 0ms
2026-06-27 20:05:48.220 +03:00 [INF] Executed DbCommand (0ms) [Parameters=[@p='?' (DbType = Guid)], CommandType='"Text"', CommandTimeout='30']
SELECT TOP(1) [p].[Id], [p].[Address], [p].[BloodType], [p].[CreatedAt], [p].[DateOfBirth], [p].[Email], [p].[FullName], [p].[Gender], [p].[NationalId], [p].[Phone], [p].[UserId]
FROM [Patients] AS [p]
WHERE [p].[Id] = @p
2026-06-27 20:05:48.220 +03:00 [INF] HTTP GET /api/patients/36574f06-f0f8-4c16-83d7-073e1107da0b responded 200 in 2ms
2026-06-27 20:05:49.907 +03:00 [INF] HTTP OPTIONS /api/doctors responded 204 in 0ms
2026-06-27 20:05:49.912 +03:00 [INF] Executed DbCommand (1ms) [Parameters=[], CommandType='"Text"', CommandTimeout='30']
SELECT [d].[Id], [d].[DepartmentId], [d].[FullName], [d].[IsActive], [d].[Phone], [d].[Specialization], [d].[UserId]
FROM [Doctors] AS [d]
2026-06-27 20:05:49.913 +03:00 [INF] Executed DbCommand (1ms) [Parameters=[@p='?' (DbType = Guid)], CommandType='"Text"', CommandTimeout='30']
SELECT TOP(1) [d].[Id], [d].[Description], [d].[IsActive], [d].[Name]
FROM [Departments] AS [d]
WHERE [d].[Id] = @p
2026-06-27 20:05:49.915 +03:00 [INF] Executed DbCommand (1ms) [Parameters=[@p='?' (DbType = Guid)], CommandType='"Text"', CommandTimeout='30']
SELECT TOP(1) [d].[Id], [d].[Description], [d].[IsActive], [d].[Name]
FROM [Departments] AS [d]
WHERE [d].[Id] = @p
2026-06-27 20:05:49.915 +03:00 [INF] HTTP GET /api/doctors responded 200 in 6ms
2026-06-27 20:05:49.922 +03:00 [INF] HTTP OPTIONS /api/appointments responded 204 in 0ms
2026-06-27 20:05:49.961 +03:00 [INF] Executed DbCommand (3ms) [Parameters=[@doctorId='?' (DbType = Guid), @date='?' (DbType = Date)], CommandType='"Text"', CommandTimeout='30']
SELECT [a].[Id], [a].[AppointmentDate], [a].[CreatedAt], [a].[CreatedByReceptionistId], [a].[DoctorId], [a].[EndTime], [a].[Notes], [a].[PatientId], [a].[StartTime], [a].[Status], [a].[UpdatedAt]
FROM [Appointments] AS [a]
WHERE [a].[DoctorId] = @doctorId AND [a].[AppointmentDate] = @date
ORDER BY [a].[StartTime]
2026-06-27 20:05:49.971 +03:00 [INF] HTTP GET /api/appointments responded 200 in 46ms
2026-06-27 20:05:49.973 +03:00 [INF] HTTP OPTIONS /api/appointments responded 204 in 0ms
2026-06-27 20:05:49.977 +03:00 [INF] Executed DbCommand (0ms) [Parameters=[@doctorId='?' (DbType = Guid), @date='?' (DbType = Date)], CommandType='"Text"', CommandTimeout='30']
SELECT [a].[Id], [a].[AppointmentDate], [a].[CreatedAt], [a].[CreatedByReceptionistId], [a].[DoctorId], [a].[EndTime], [a].[Notes], [a].[PatientId], [a].[StartTime], [a].[Status], [a].[UpdatedAt]
FROM [Appointments] AS [a]
WHERE [a].[DoctorId] = @doctorId AND [a].[AppointmentDate] = @date
ORDER BY [a].[StartTime]
2026-06-27 20:05:49.977 +03:00 [INF] HTTP GET /api/appointments responded 200 in 2ms
2026-06-27 20:05:52.612 +03:00 [INF] HTTP OPTIONS /api/departments responded 204 in 0ms
2026-06-27 20:05:52.613 +03:00 [INF] HTTP OPTIONS /api/patients responded 204 in 0ms
2026-06-27 20:05:52.619 +03:00 [INF] Executed DbCommand (0ms) [Parameters=[], CommandType='"Text"', CommandTimeout='30']
SELECT [d].[Id], [d].[Description], [d].[IsActive], [d].[Name]
FROM [Departments] AS [d]
2026-06-27 20:05:52.619 +03:00 [INF] Executed DbCommand (0ms) [Parameters=[], CommandType='"Text"', CommandTimeout='30']
SELECT [p].[Id], [p].[Address], [p].[BloodType], [p].[CreatedAt], [p].[DateOfBirth], [p].[Email], [p].[FullName], [p].[Gender], [p].[NationalId], [p].[Phone], [p].[UserId]
FROM [Patients] AS [p]
2026-06-27 20:05:52.619 +03:00 [INF] HTTP GET /api/patients responded 200 in 2ms
2026-06-27 20:05:52.619 +03:00 [INF] HTTP GET /api/departments responded 200 in 2ms
2026-06-27 20:05:54.952 +03:00 [INF] HTTP OPTIONS /api/patients responded 204 in 0ms
2026-06-27 20:05:54.956 +03:00 [INF] Executed DbCommand (1ms) [Parameters=[], CommandType='"Text"', CommandTimeout='30']
SELECT [p].[Id], [p].[Address], [p].[BloodType], [p].[CreatedAt], [p].[DateOfBirth], [p].[Email], [p].[FullName], [p].[Gender], [p].[NationalId], [p].[Phone], [p].[UserId]
FROM [Patients] AS [p]
2026-06-27 20:05:54.957 +03:00 [INF] HTTP GET /api/patients responded 200 in 3ms
2026-06-27 20:06:18.122 +03:00 [INF] HTTP OPTIONS /api/auth/login responded 204 in 0ms
2026-06-27 20:06:18.126 +03:00 [INF] Executed DbCommand (1ms) [Parameters=[], CommandType='"Text"', CommandTimeout='30']
SELECT [u].[Id], [u].[CreatedAt], [u].[Email], [u].[IsActive], [u].[PasswordHash], [u].[Role]
FROM [Users] AS [u]
2026-06-27 20:06:18.127 +03:00 [WRN] Request failed with "Unauthorized"
HospitalSystem.Application.Exceptions.UnauthorizedException: Invalid email or password.
   at HospitalSystem.Application.Services.AuthService.LoginAsync(LoginRequest request, CancellationToken cancellationToken) in G:\New folder\HospitalSystem.Application\Services\AuthService.cs:line 32
   at HospitalSystem.API.Controllers.AuthController.Login(LoginRequest request, CancellationToken cancellationToken) in G:\New folder\HospitalSystem.API\Controllers\AuthController.cs:line 22
   at lambda_method10(Closure, Object)
   at Microsoft.AspNetCore.Mvc.Infrastructure.ActionMethodExecutor.AwaitableObjectResultExecutor.Execute(ActionContext actionContext, IActionResultTypeMapper mapper, ObjectMethodExecutor executor, Object controller, Object[] arguments)
   at Microsoft.AspNetCore.Mvc.Infrastructure.ControllerActionInvoker.<InvokeActionMethodAsync>g__Awaited|12_0(ControllerActionInvoker invoker, ValueTask`1 actionResultValueTask)
   at Microsoft.AspNetCore.Mvc.Infrastructure.ControllerActionInvoker.<InvokeNextActionFilterAsync>g__Awaited|10_0(ControllerActionInvoker invoker, Task lastTask, State next, Scope scope, Object state, Boolean isCompleted)
   at Microsoft.AspNetCore.Mvc.Infrastructure.ControllerActionInvoker.Rethrow(ActionExecutedContextSealed context)
   at Microsoft.AspNetCore.Mvc.Infrastructure.ControllerActionInvoker.Next(State& next, Scope& scope, Object& state, Boolean& isCompleted)
   at Microsoft.AspNetCore.Mvc.Infrastructure.ControllerActionInvoker.<InvokeInnerFilterAsync>g__Awaited|13_0(ControllerActionInvoker invoker, Task lastTask, State next, Scope scope, Object state, Boolean isCompleted)
   at Microsoft.AspNetCore.Mvc.Infrastructure.ResourceInvoker.<InvokeFilterPipelineAsync>g__Awaited|20_0(ResourceInvoker invoker, Task lastTask, State next, Scope scope, Object state, Boolean isCompleted)
   at Microsoft.AspNetCore.Mvc.Infrastructure.ResourceInvoker.<InvokeAsync>g__Awaited|17_0(ResourceInvoker invoker, Task task, IDisposable scope)
   at Microsoft.AspNetCore.Mvc.Infrastructure.ResourceInvoker.<InvokeAsync>g__Awaited|17_0(ResourceInvoker invoker, Task task, IDisposable scope)
   at Microsoft.AspNetCore.Authorization.AuthorizationMiddleware.Invoke(HttpContext context)
   at Microsoft.AspNetCore.Authentication.AuthenticationMiddleware.Invoke(HttpContext context)
   at Swashbuckle.AspNetCore.SwaggerUI.SwaggerUIMiddleware.Invoke(HttpContext httpContext)
   at Swashbuckle.AspNetCore.Swagger.SwaggerMiddleware.Invoke(HttpContext httpContext, ISwaggerProvider swaggerProvider)
   at HospitalSystem.API.Middleware.RequestLoggingMiddleware.InvokeAsync(HttpContext context) in G:\New folder\HospitalSystem.API\Middleware\RequestLoggingMiddleware.cs:line 19
   at HospitalSystem.API.Middleware.ExceptionHandlingMiddleware.InvokeAsync(HttpContext context) in G:\New folder\HospitalSystem.API\Middleware\ExceptionHandlingMiddleware.cs:line 24
2026-06-27 20:06:22.197 +03:00 [INF] Executed DbCommand (0ms) [Parameters=[], CommandType='"Text"', CommandTimeout='30']
SELECT [u].[Id], [u].[CreatedAt], [u].[Email], [u].[IsActive], [u].[PasswordHash], [u].[Role]
FROM [Users] AS [u]
2026-06-27 20:06:22.198 +03:00 [WRN] Request failed with "Unauthorized"
HospitalSystem.Application.Exceptions.UnauthorizedException: Invalid email or password.
   at HospitalSystem.Application.Services.AuthService.LoginAsync(LoginRequest request, CancellationToken cancellationToken) in G:\New folder\HospitalSystem.Application\Services\AuthService.cs:line 32
   at HospitalSystem.API.Controllers.AuthController.Login(LoginRequest request, CancellationToken cancellationToken) in G:\New folder\HospitalSystem.API\Controllers\AuthController.cs:line 22
   at lambda_method10(Closure, Object)
   at Microsoft.AspNetCore.Mvc.Infrastructure.ActionMethodExecutor.AwaitableObjectResultExecutor.Execute(ActionContext actionContext, IActionResultTypeMapper mapper, ObjectMethodExecutor executor, Object controller, Object[] arguments)
   at Microsoft.AspNetCore.Mvc.Infrastructure.ControllerActionInvoker.<InvokeActionMethodAsync>g__Awaited|12_0(ControllerActionInvoker invoker, ValueTask`1 actionResultValueTask)
   at Microsoft.AspNetCore.Mvc.Infrastructure.ControllerActionInvoker.<InvokeNextActionFilterAsync>g__Awaited|10_0(ControllerActionInvoker invoker, Task lastTask, State next, Scope scope, Object state, Boolean isCompleted)
   at Microsoft.AspNetCore.Mvc.Infrastructure.ControllerActionInvoker.Rethrow(ActionExecutedContextSealed context)
   at Microsoft.AspNetCore.Mvc.Infrastructure.ControllerActionInvoker.Next(State& next, Scope& scope, Object& state, Boolean& isCompleted)
   at Microsoft.AspNetCore.Mvc.Infrastructure.ControllerActionInvoker.<InvokeInnerFilterAsync>g__Awaited|13_0(ControllerActionInvoker invoker, Task lastTask, State next, Scope scope, Object state, Boolean isCompleted)
   at Microsoft.AspNetCore.Mvc.Infrastructure.ResourceInvoker.<InvokeFilterPipelineAsync>g__Awaited|20_0(ResourceInvoker invoker, Task lastTask, State next, Scope scope, Object state, Boolean isCompleted)
   at Microsoft.AspNetCore.Mvc.Infrastructure.ResourceInvoker.<InvokeAsync>g__Awaited|17_0(ResourceInvoker invoker, Task task, IDisposable scope)
   at Microsoft.AspNetCore.Mvc.Infrastructure.ResourceInvoker.<InvokeAsync>g__Awaited|17_0(ResourceInvoker invoker, Task task, IDisposable scope)
   at Microsoft.AspNetCore.Authorization.AuthorizationMiddleware.Invoke(HttpContext context)
   at Microsoft.AspNetCore.Authentication.AuthenticationMiddleware.Invoke(HttpContext context)
   at Swashbuckle.AspNetCore.SwaggerUI.SwaggerUIMiddleware.Invoke(HttpContext httpContext)
   at Swashbuckle.AspNetCore.Swagger.SwaggerMiddleware.Invoke(HttpContext httpContext, ISwaggerProvider swaggerProvider)
   at HospitalSystem.API.Middleware.RequestLoggingMiddleware.InvokeAsync(HttpContext context) in G:\New folder\HospitalSystem.API\Middleware\RequestLoggingMiddleware.cs:line 19
   at HospitalSystem.API.Middleware.ExceptionHandlingMiddleware.InvokeAsync(HttpContext context) in G:\New folder\HospitalSystem.API\Middleware\ExceptionHandlingMiddleware.cs:line 24
2026-06-27 20:06:36.304 +03:00 [INF] HTTP OPTIONS /api/auth/login responded 204 in 0ms
2026-06-27 20:06:36.307 +03:00 [INF] Executed DbCommand (0ms) [Parameters=[], CommandType='"Text"', CommandTimeout='30']
SELECT [u].[Id], [u].[CreatedAt], [u].[Email], [u].[IsActive], [u].[PasswordHash], [u].[Role]
FROM [Users] AS [u]
2026-06-27 20:06:36.307 +03:00 [WRN] Request failed with "Unauthorized"
HospitalSystem.Application.Exceptions.UnauthorizedException: Invalid email or password.
   at HospitalSystem.Application.Services.AuthService.LoginAsync(LoginRequest request, CancellationToken cancellationToken) in G:\New folder\HospitalSystem.Application\Services\AuthService.cs:line 32
   at HospitalSystem.API.Controllers.AuthController.Login(LoginRequest request, CancellationToken cancellationToken) in G:\New folder\HospitalSystem.API\Controllers\AuthController.cs:line 22
   at lambda_method10(Closure, Object)
   at Microsoft.AspNetCore.Mvc.Infrastructure.ActionMethodExecutor.AwaitableObjectResultExecutor.Execute(ActionContext actionContext, IActionResultTypeMapper mapper, ObjectMethodExecutor executor, Object controller, Object[] arguments)
   at Microsoft.AspNetCore.Mvc.Infrastructure.ControllerActionInvoker.<InvokeActionMethodAsync>g__Awaited|12_0(ControllerActionInvoker invoker, ValueTask`1 actionResultValueTask)
   at Microsoft.AspNetCore.Mvc.Infrastructure.ControllerActionInvoker.<InvokeNextActionFilterAsync>g__Awaited|10_0(ControllerActionInvoker invoker, Task lastTask, State next, Scope scope, Object state, Boolean isCompleted)
   at Microsoft.AspNetCore.Mvc.Infrastructure.ControllerActionInvoker.Rethrow(ActionExecutedContextSealed context)
   at Microsoft.AspNetCore.Mvc.Infrastructure.ControllerActionInvoker.Next(State& next, Scope& scope, Object& state, Boolean& isCompleted)
   at Microsoft.AspNetCore.Mvc.Infrastructure.ControllerActionInvoker.<InvokeInnerFilterAsync>g__Awaited|13_0(ControllerActionInvoker invoker, Task lastTask, State next, Scope scope, Object state, Boolean isCompleted)
   at Microsoft.AspNetCore.Mvc.Infrastructure.ResourceInvoker.<InvokeFilterPipelineAsync>g__Awaited|20_0(ResourceInvoker invoker, Task lastTask, State next, Scope scope, Object state, Boolean isCompleted)
   at Microsoft.AspNetCore.Mvc.Infrastructure.ResourceInvoker.<InvokeAsync>g__Awaited|17_0(ResourceInvoker invoker, Task task, IDisposable scope)
   at Microsoft.AspNetCore.Mvc.Infrastructure.ResourceInvoker.<InvokeAsync>g__Awaited|17_0(ResourceInvoker invoker, Task task, IDisposable scope)
   at Microsoft.AspNetCore.Authorization.AuthorizationMiddleware.Invoke(HttpContext context)
   at Microsoft.AspNetCore.Authentication.AuthenticationMiddleware.Invoke(HttpContext context)
   at Swashbuckle.AspNetCore.SwaggerUI.SwaggerUIMiddleware.Invoke(HttpContext httpContext)
   at Swashbuckle.AspNetCore.Swagger.SwaggerMiddleware.Invoke(HttpContext httpContext, ISwaggerProvider swaggerProvider)
   at HospitalSystem.API.Middleware.RequestLoggingMiddleware.InvokeAsync(HttpContext context) in G:\New folder\HospitalSystem.API\Middleware\RequestLoggingMiddleware.cs:line 19
   at HospitalSystem.API.Middleware.ExceptionHandlingMiddleware.InvokeAsync(HttpContext context) in G:\New folder\HospitalSystem.API\Middleware\ExceptionHandlingMiddleware.cs:line 24
2026-06-27 20:06:37.410 +03:00 [INF] Executed DbCommand (0ms) [Parameters=[], CommandType='"Text"', CommandTimeout='30']
SELECT [u].[Id], [u].[CreatedAt], [u].[Email], [u].[IsActive], [u].[PasswordHash], [u].[Role]
FROM [Users] AS [u]
2026-06-27 20:06:37.411 +03:00 [WRN] Request failed with "Unauthorized"
HospitalSystem.Application.Exceptions.UnauthorizedException: Invalid email or password.
   at HospitalSystem.Application.Services.AuthService.LoginAsync(LoginRequest request, CancellationToken cancellationToken) in G:\New folder\HospitalSystem.Application\Services\AuthService.cs:line 32
   at HospitalSystem.API.Controllers.AuthController.Login(LoginRequest request, CancellationToken cancellationToken) in G:\New folder\HospitalSystem.API\Controllers\AuthController.cs:line 22
   at lambda_method10(Closure, Object)
   at Microsoft.AspNetCore.Mvc.Infrastructure.ActionMethodExecutor.AwaitableObjectResultExecutor.Execute(ActionContext actionContext, IActionResultTypeMapper mapper, ObjectMethodExecutor executor, Object controller, Object[] arguments)
   at Microsoft.AspNetCore.Mvc.Infrastructure.ControllerActionInvoker.<InvokeActionMethodAsync>g__Awaited|12_0(ControllerActionInvoker invoker, ValueTask`1 actionResultValueTask)
   at Microsoft.AspNetCore.Mvc.Infrastructure.ControllerActionInvoker.<InvokeNextActionFilterAsync>g__Awaited|10_0(ControllerActionInvoker invoker, Task lastTask, State next, Scope scope, Object state, Boolean isCompleted)
   at Microsoft.AspNetCore.Mvc.Infrastructure.ControllerActionInvoker.Rethrow(ActionExecutedContextSealed context)
   at Microsoft.AspNetCore.Mvc.Infrastructure.ControllerActionInvoker.Next(State& next, Scope& scope, Object& state, Boolean& isCompleted)
   at Microsoft.AspNetCore.Mvc.Infrastructure.ControllerActionInvoker.<InvokeInnerFilterAsync>g__Awaited|13_0(ControllerActionInvoker invoker, Task lastTask, State next, Scope scope, Object state, Boolean isCompleted)
   at Microsoft.AspNetCore.Mvc.Infrastructure.ResourceInvoker.<InvokeFilterPipelineAsync>g__Awaited|20_0(ResourceInvoker invoker, Task lastTask, State next, Scope scope, Object state, Boolean isCompleted)
   at Microsoft.AspNetCore.Mvc.Infrastructure.ResourceInvoker.<InvokeAsync>g__Awaited|17_0(ResourceInvoker invoker, Task task, IDisposable scope)
   at Microsoft.AspNetCore.Mvc.Infrastructure.ResourceInvoker.<InvokeAsync>g__Awaited|17_0(ResourceInvoker invoker, Task task, IDisposable scope)
   at Microsoft.AspNetCore.Authorization.AuthorizationMiddleware.Invoke(HttpContext context)
   at Microsoft.AspNetCore.Authentication.AuthenticationMiddleware.Invoke(HttpContext context)
   at Swashbuckle.AspNetCore.SwaggerUI.SwaggerUIMiddleware.Invoke(HttpContext httpContext)
   at Swashbuckle.AspNetCore.Swagger.SwaggerMiddleware.Invoke(HttpContext httpContext, ISwaggerProvider swaggerProvider)
   at HospitalSystem.API.Middleware.RequestLoggingMiddleware.InvokeAsync(HttpContext context) in G:\New folder\HospitalSystem.API\Middleware\RequestLoggingMiddleware.cs:line 19
   at HospitalSystem.API.Middleware.ExceptionHandlingMiddleware.InvokeAsync(HttpContext context) in G:\New folder\HospitalSystem.API\Middleware\ExceptionHandlingMiddleware.cs:line 24
2026-06-27 20:06:37.626 +03:00 [INF] Executed DbCommand (0ms) [Parameters=[], CommandType='"Text"', CommandTimeout='30']
SELECT [u].[Id], [u].[CreatedAt], [u].[Email], [u].[IsActive], [u].[PasswordHash], [u].[Role]
FROM [Users] AS [u]
2026-06-27 20:06:37.626 +03:00 [WRN] Request failed with "Unauthorized"
HospitalSystem.Application.Exceptions.UnauthorizedException: Invalid email or password.
   at HospitalSystem.Application.Services.AuthService.LoginAsync(LoginRequest request, CancellationToken cancellationToken) in G:\New folder\HospitalSystem.Application\Services\AuthService.cs:line 32
   at HospitalSystem.API.Controllers.AuthController.Login(LoginRequest request, CancellationToken cancellationToken) in G:\New folder\HospitalSystem.API\Controllers\AuthController.cs:line 22
   at lambda_method10(Closure, Object)
   at Microsoft.AspNetCore.Mvc.Infrastructure.ActionMethodExecutor.AwaitableObjectResultExecutor.Execute(ActionContext actionContext, IActionResultTypeMapper mapper, ObjectMethodExecutor executor, Object controller, Object[] arguments)
   at Microsoft.AspNetCore.Mvc.Infrastructure.ControllerActionInvoker.<InvokeActionMethodAsync>g__Awaited|12_0(ControllerActionInvoker invoker, ValueTask`1 actionResultValueTask)
   at Microsoft.AspNetCore.Mvc.Infrastructure.ControllerActionInvoker.<InvokeNextActionFilterAsync>g__Awaited|10_0(ControllerActionInvoker invoker, Task lastTask, State next, Scope scope, Object state, Boolean isCompleted)
   at Microsoft.AspNetCore.Mvc.Infrastructure.ControllerActionInvoker.Rethrow(ActionExecutedContextSealed context)
   at Microsoft.AspNetCore.Mvc.Infrastructure.ControllerActionInvoker.Next(State& next, Scope& scope, Object& state, Boolean& isCompleted)
   at Microsoft.AspNetCore.Mvc.Infrastructure.ControllerActionInvoker.<InvokeInnerFilterAsync>g__Awaited|13_0(ControllerActionInvoker invoker, Task lastTask, State next, Scope scope, Object state, Boolean isCompleted)
   at Microsoft.AspNetCore.Mvc.Infrastructure.ResourceInvoker.<InvokeFilterPipelineAsync>g__Awaited|20_0(ResourceInvoker invoker, Task lastTask, State next, Scope scope, Object state, Boolean isCompleted)
   at Microsoft.AspNetCore.Mvc.Infrastructure.ResourceInvoker.<InvokeAsync>g__Awaited|17_0(ResourceInvoker invoker, Task task, IDisposable scope)
   at Microsoft.AspNetCore.Mvc.Infrastructure.ResourceInvoker.<InvokeAsync>g__Awaited|17_0(ResourceInvoker invoker, Task task, IDisposable scope)
   at Microsoft.AspNetCore.Authorization.AuthorizationMiddleware.Invoke(HttpContext context)
   at Microsoft.AspNetCore.Authentication.AuthenticationMiddleware.Invoke(HttpContext context)
   at Swashbuckle.AspNetCore.SwaggerUI.SwaggerUIMiddleware.Invoke(HttpContext httpContext)
   at Swashbuckle.AspNetCore.Swagger.SwaggerMiddleware.Invoke(HttpContext httpContext, ISwaggerProvider swaggerProvider)
   at HospitalSystem.API.Middleware.RequestLoggingMiddleware.InvokeAsync(HttpContext context) in G:\New folder\HospitalSystem.API\Middleware\RequestLoggingMiddleware.cs:line 19
   at HospitalSystem.API.Middleware.ExceptionHandlingMiddleware.InvokeAsync(HttpContext context) in G:\New folder\HospitalSystem.API\Middleware\ExceptionHandlingMiddleware.cs:line 24
2026-06-27 20:07:07.313 +03:00 [INF] HTTP OPTIONS /api/auth/login responded 204 in 0ms
2026-06-27 20:07:07.316 +03:00 [INF] Executed DbCommand (0ms) [Parameters=[], CommandType='"Text"', CommandTimeout='30']
SELECT [u].[Id], [u].[CreatedAt], [u].[Email], [u].[IsActive], [u].[PasswordHash], [u].[Role]
FROM [Users] AS [u]
2026-06-27 20:07:07.316 +03:00 [WRN] Request failed with "Unauthorized"
HospitalSystem.Application.Exceptions.UnauthorizedException: Invalid email or password.
   at HospitalSystem.Application.Services.AuthService.LoginAsync(LoginRequest request, CancellationToken cancellationToken) in G:\New folder\HospitalSystem.Application\Services\AuthService.cs:line 32
   at HospitalSystem.API.Controllers.AuthController.Login(LoginRequest request, CancellationToken cancellationToken) in G:\New folder\HospitalSystem.API\Controllers\AuthController.cs:line 22
   at lambda_method10(Closure, Object)
   at Microsoft.AspNetCore.Mvc.Infrastructure.ActionMethodExecutor.AwaitableObjectResultExecutor.Execute(ActionContext actionContext, IActionResultTypeMapper mapper, ObjectMethodExecutor executor, Object controller, Object[] arguments)
   at Microsoft.AspNetCore.Mvc.Infrastructure.ControllerActionInvoker.<InvokeActionMethodAsync>g__Awaited|12_0(ControllerActionInvoker invoker, ValueTask`1 actionResultValueTask)
   at Microsoft.AspNetCore.Mvc.Infrastructure.ControllerActionInvoker.<InvokeNextActionFilterAsync>g__Awaited|10_0(ControllerActionInvoker invoker, Task lastTask, State next, Scope scope, Object state, Boolean isCompleted)
   at Microsoft.AspNetCore.Mvc.Infrastructure.ControllerActionInvoker.Rethrow(ActionExecutedContextSealed context)
   at Microsoft.AspNetCore.Mvc.Infrastructure.ControllerActionInvoker.Next(State& next, Scope& scope, Object& state, Boolean& isCompleted)
   at Microsoft.AspNetCore.Mvc.Infrastructure.ControllerActionInvoker.<InvokeInnerFilterAsync>g__Awaited|13_0(ControllerActionInvoker invoker, Task lastTask, State next, Scope scope, Object state, Boolean isCompleted)
   at Microsoft.AspNetCore.Mvc.Infrastructure.ResourceInvoker.<InvokeFilterPipelineAsync>g__Awaited|20_0(ResourceInvoker invoker, Task lastTask, State next, Scope scope, Object state, Boolean isCompleted)
   at Microsoft.AspNetCore.Mvc.Infrastructure.ResourceInvoker.<InvokeAsync>g__Awaited|17_0(ResourceInvoker invoker, Task task, IDisposable scope)
   at Microsoft.AspNetCore.Mvc.Infrastructure.ResourceInvoker.<InvokeAsync>g__Awaited|17_0(ResourceInvoker invoker, Task task, IDisposable scope)
   at Microsoft.AspNetCore.Authorization.AuthorizationMiddleware.Invoke(HttpContext context)
   at Microsoft.AspNetCore.Authentication.AuthenticationMiddleware.Invoke(HttpContext context)
   at Swashbuckle.AspNetCore.SwaggerUI.SwaggerUIMiddleware.Invoke(HttpContext httpContext)
   at Swashbuckle.AspNetCore.Swagger.SwaggerMiddleware.Invoke(HttpContext httpContext, ISwaggerProvider swaggerProvider)
   at HospitalSystem.API.Middleware.RequestLoggingMiddleware.InvokeAsync(HttpContext context) in G:\New folder\HospitalSystem.API\Middleware\RequestLoggingMiddleware.cs:line 19
   at HospitalSystem.API.Middleware.ExceptionHandlingMiddleware.InvokeAsync(HttpContext context) in G:\New folder\HospitalSystem.API\Middleware\ExceptionHandlingMiddleware.cs:line 24
2026-06-27 20:07:08.146 +03:00 [INF] Executed DbCommand (0ms) [Parameters=[], CommandType='"Text"', CommandTimeout='30']
SELECT [u].[Id], [u].[CreatedAt], [u].[Email], [u].[IsActive], [u].[PasswordHash], [u].[Role]
FROM [Users] AS [u]
2026-06-27 20:07:08.147 +03:00 [WRN] Request failed with "Unauthorized"
HospitalSystem.Application.Exceptions.UnauthorizedException: Invalid email or password.
   at HospitalSystem.Application.Services.AuthService.LoginAsync(LoginRequest request, CancellationToken cancellationToken) in G:\New folder\HospitalSystem.Application\Services\AuthService.cs:line 32
   at HospitalSystem.API.Controllers.AuthController.Login(LoginRequest request, CancellationToken cancellationToken) in G:\New folder\HospitalSystem.API\Controllers\AuthController.cs:line 22
   at lambda_method10(Closure, Object)
   at Microsoft.AspNetCore.Mvc.Infrastructure.ActionMethodExecutor.AwaitableObjectResultExecutor.Execute(ActionContext actionContext, IActionResultTypeMapper mapper, ObjectMethodExecutor executor, Object controller, Object[] arguments)
   at Microsoft.AspNetCore.Mvc.Infrastructure.ControllerActionInvoker.<InvokeActionMethodAsync>g__Awaited|12_0(ControllerActionInvoker invoker, ValueTask`1 actionResultValueTask)
   at Microsoft.AspNetCore.Mvc.Infrastructure.ControllerActionInvoker.<InvokeNextActionFilterAsync>g__Awaited|10_0(ControllerActionInvoker invoker, Task lastTask, State next, Scope scope, Object state, Boolean isCompleted)
   at Microsoft.AspNetCore.Mvc.Infrastructure.ControllerActionInvoker.Rethrow(ActionExecutedContextSealed context)
   at Microsoft.AspNetCore.Mvc.Infrastructure.ControllerActionInvoker.Next(State& next, Scope& scope, Object& state, Boolean& isCompleted)
   at Microsoft.AspNetCore.Mvc.Infrastructure.ControllerActionInvoker.<InvokeInnerFilterAsync>g__Awaited|13_0(ControllerActionInvoker invoker, Task lastTask, State next, Scope scope, Object state, Boolean isCompleted)
   at Microsoft.AspNetCore.Mvc.Infrastructure.ResourceInvoker.<InvokeFilterPipelineAsync>g__Awaited|20_0(ResourceInvoker invoker, Task lastTask, State next, Scope scope, Object state, Boolean isCompleted)
   at Microsoft.AspNetCore.Mvc.Infrastructure.ResourceInvoker.<InvokeAsync>g__Awaited|17_0(ResourceInvoker invoker, Task task, IDisposable scope)
   at Microsoft.AspNetCore.Mvc.Infrastructure.ResourceInvoker.<InvokeAsync>g__Awaited|17_0(ResourceInvoker invoker, Task task, IDisposable scope)
   at Microsoft.AspNetCore.Authorization.AuthorizationMiddleware.Invoke(HttpContext context)
   at Microsoft.AspNetCore.Authentication.AuthenticationMiddleware.Invoke(HttpContext context)
   at Swashbuckle.AspNetCore.SwaggerUI.SwaggerUIMiddleware.Invoke(HttpContext httpContext)
   at Swashbuckle.AspNetCore.Swagger.SwaggerMiddleware.Invoke(HttpContext httpContext, ISwaggerProvider swaggerProvider)
   at HospitalSystem.API.Middleware.RequestLoggingMiddleware.InvokeAsync(HttpContext context) in G:\New folder\HospitalSystem.API\Middleware\RequestLoggingMiddleware.cs:line 19
   at HospitalSystem.API.Middleware.ExceptionHandlingMiddleware.InvokeAsync(HttpContext context) in G:\New folder\HospitalSystem.API\Middleware\ExceptionHandlingMiddleware.cs:line 24
2026-06-27 20:07:08.361 +03:00 [INF] Executed DbCommand (0ms) [Parameters=[], CommandType='"Text"', CommandTimeout='30']
SELECT [u].[Id], [u].[CreatedAt], [u].[Email], [u].[IsActive], [u].[PasswordHash], [u].[Role]
FROM [Users] AS [u]
2026-06-27 20:07:08.362 +03:00 [WRN] Request failed with "Unauthorized"
HospitalSystem.Application.Exceptions.UnauthorizedException: Invalid email or password.
   at HospitalSystem.Application.Services.AuthService.LoginAsync(LoginRequest request, CancellationToken cancellationToken) in G:\New folder\HospitalSystem.Application\Services\AuthService.cs:line 32
   at HospitalSystem.API.Controllers.AuthController.Login(LoginRequest request, CancellationToken cancellationToken) in G:\New folder\HospitalSystem.API\Controllers\AuthController.cs:line 22
   at lambda_method10(Closure, Object)
   at Microsoft.AspNetCore.Mvc.Infrastructure.ActionMethodExecutor.AwaitableObjectResultExecutor.Execute(ActionContext actionContext, IActionResultTypeMapper mapper, ObjectMethodExecutor executor, Object controller, Object[] arguments)
   at Microsoft.AspNetCore.Mvc.Infrastructure.ControllerActionInvoker.<InvokeActionMethodAsync>g__Awaited|12_0(ControllerActionInvoker invoker, ValueTask`1 actionResultValueTask)
   at Microsoft.AspNetCore.Mvc.Infrastructure.ControllerActionInvoker.<InvokeNextActionFilterAsync>g__Awaited|10_0(ControllerActionInvoker invoker, Task lastTask, State next, Scope scope, Object state, Boolean isCompleted)
   at Microsoft.AspNetCore.Mvc.Infrastructure.ControllerActionInvoker.Rethrow(ActionExecutedContextSealed context)
   at Microsoft.AspNetCore.Mvc.Infrastructure.ControllerActionInvoker.Next(State& next, Scope& scope, Object& state, Boolean& isCompleted)
   at Microsoft.AspNetCore.Mvc.Infrastructure.ControllerActionInvoker.<InvokeInnerFilterAsync>g__Awaited|13_0(ControllerActionInvoker invoker, Task lastTask, State next, Scope scope, Object state, Boolean isCompleted)
   at Microsoft.AspNetCore.Mvc.Infrastructure.ResourceInvoker.<InvokeFilterPipelineAsync>g__Awaited|20_0(ResourceInvoker invoker, Task lastTask, State next, Scope scope, Object state, Boolean isCompleted)
   at Microsoft.AspNetCore.Mvc.Infrastructure.ResourceInvoker.<InvokeAsync>g__Awaited|17_0(ResourceInvoker invoker, Task task, IDisposable scope)
   at Microsoft.AspNetCore.Mvc.Infrastructure.ResourceInvoker.<InvokeAsync>g__Awaited|17_0(ResourceInvoker invoker, Task task, IDisposable scope)
   at Microsoft.AspNetCore.Authorization.AuthorizationMiddleware.Invoke(HttpContext context)
   at Microsoft.AspNetCore.Authentication.AuthenticationMiddleware.Invoke(HttpContext context)
   at Swashbuckle.AspNetCore.SwaggerUI.SwaggerUIMiddleware.Invoke(HttpContext httpContext)
   at Swashbuckle.AspNetCore.Swagger.SwaggerMiddleware.Invoke(HttpContext httpContext, ISwaggerProvider swaggerProvider)
   at HospitalSystem.API.Middleware.RequestLoggingMiddleware.InvokeAsync(HttpContext context) in G:\New folder\HospitalSystem.API\Middleware\RequestLoggingMiddleware.cs:line 19
   at HospitalSystem.API.Middleware.ExceptionHandlingMiddleware.InvokeAsync(HttpContext context) in G:\New folder\HospitalSystem.API\Middleware\ExceptionHandlingMiddleware.cs:line 24
2026-06-27 20:07:20.963 +03:00 [INF] HTTP OPTIONS /api/auth/login responded 204 in 0ms
2026-06-27 20:07:20.966 +03:00 [INF] Executed DbCommand (0ms) [Parameters=[], CommandType='"Text"', CommandTimeout='30']
SELECT [u].[Id], [u].[CreatedAt], [u].[Email], [u].[IsActive], [u].[PasswordHash], [u].[Role]
FROM [Users] AS [u]
2026-06-27 20:07:20.966 +03:00 [WRN] Request failed with "Unauthorized"
HospitalSystem.Application.Exceptions.UnauthorizedException: Invalid email or password.
   at HospitalSystem.Application.Services.AuthService.LoginAsync(LoginRequest request, CancellationToken cancellationToken) in G:\New folder\HospitalSystem.Application\Services\AuthService.cs:line 32
   at HospitalSystem.API.Controllers.AuthController.Login(LoginRequest request, CancellationToken cancellationToken) in G:\New folder\HospitalSystem.API\Controllers\AuthController.cs:line 22
   at lambda_method10(Closure, Object)
   at Microsoft.AspNetCore.Mvc.Infrastructure.ActionMethodExecutor.AwaitableObjectResultExecutor.Execute(ActionContext actionContext, IActionResultTypeMapper mapper, ObjectMethodExecutor executor, Object controller, Object[] arguments)
   at Microsoft.AspNetCore.Mvc.Infrastructure.ControllerActionInvoker.<InvokeActionMethodAsync>g__Awaited|12_0(ControllerActionInvoker invoker, ValueTask`1 actionResultValueTask)
   at Microsoft.AspNetCore.Mvc.Infrastructure.ControllerActionInvoker.<InvokeNextActionFilterAsync>g__Awaited|10_0(ControllerActionInvoker invoker, Task lastTask, State next, Scope scope, Object state, Boolean isCompleted)
   at Microsoft.AspNetCore.Mvc.Infrastructure.ControllerActionInvoker.Rethrow(ActionExecutedContextSealed context)
   at Microsoft.AspNetCore.Mvc.Infrastructure.ControllerActionInvoker.Next(State& next, Scope& scope, Object& state, Boolean& isCompleted)
   at Microsoft.AspNetCore.Mvc.Infrastructure.ControllerActionInvoker.<InvokeInnerFilterAsync>g__Awaited|13_0(ControllerActionInvoker invoker, Task lastTask, State next, Scope scope, Object state, Boolean isCompleted)
   at Microsoft.AspNetCore.Mvc.Infrastructure.ResourceInvoker.<InvokeFilterPipelineAsync>g__Awaited|20_0(ResourceInvoker invoker, Task lastTask, State next, Scope scope, Object state, Boolean isCompleted)
   at Microsoft.AspNetCore.Mvc.Infrastructure.ResourceInvoker.<InvokeAsync>g__Awaited|17_0(ResourceInvoker invoker, Task task, IDisposable scope)
   at Microsoft.AspNetCore.Mvc.Infrastructure.ResourceInvoker.<InvokeAsync>g__Awaited|17_0(ResourceInvoker invoker, Task task, IDisposable scope)
   at Microsoft.AspNetCore.Authorization.AuthorizationMiddleware.Invoke(HttpContext context)
   at Microsoft.AspNetCore.Authentication.AuthenticationMiddleware.Invoke(HttpContext context)
   at Swashbuckle.AspNetCore.SwaggerUI.SwaggerUIMiddleware.Invoke(HttpContext httpContext)
   at Swashbuckle.AspNetCore.Swagger.SwaggerMiddleware.Invoke(HttpContext httpContext, ISwaggerProvider swaggerProvider)
   at HospitalSystem.API.Middleware.RequestLoggingMiddleware.InvokeAsync(HttpContext context) in G:\New folder\HospitalSystem.API\Middleware\RequestLoggingMiddleware.cs:line 19
   at HospitalSystem.API.Middleware.ExceptionHandlingMiddleware.InvokeAsync(HttpContext context) in G:\New folder\HospitalSystem.API\Middleware\ExceptionHandlingMiddleware.cs:line 24
2026-06-27 20:07:21.973 +03:00 [INF] Executed DbCommand (0ms) [Parameters=[], CommandType='"Text"', CommandTimeout='30']
SELECT [u].[Id], [u].[CreatedAt], [u].[Email], [u].[IsActive], [u].[PasswordHash], [u].[Role]
FROM [Users] AS [u]
2026-06-27 20:07:21.974 +03:00 [WRN] Request failed with "Unauthorized"
HospitalSystem.Application.Exceptions.UnauthorizedException: Invalid email or password.
   at HospitalSystem.Application.Services.AuthService.LoginAsync(LoginRequest request, CancellationToken cancellationToken) in G:\New folder\HospitalSystem.Application\Services\AuthService.cs:line 32
   at HospitalSystem.API.Controllers.AuthController.Login(LoginRequest request, CancellationToken cancellationToken) in G:\New folder\HospitalSystem.API\Controllers\AuthController.cs:line 22
   at lambda_method10(Closure, Object)
   at Microsoft.AspNetCore.Mvc.Infrastructure.ActionMethodExecutor.AwaitableObjectResultExecutor.Execute(ActionContext actionContext, IActionResultTypeMapper mapper, ObjectMethodExecutor executor, Object controller, Object[] arguments)
   at Microsoft.AspNetCore.Mvc.Infrastructure.ControllerActionInvoker.<InvokeActionMethodAsync>g__Awaited|12_0(ControllerActionInvoker invoker, ValueTask`1 actionResultValueTask)
   at Microsoft.AspNetCore.Mvc.Infrastructure.ControllerActionInvoker.<InvokeNextActionFilterAsync>g__Awaited|10_0(ControllerActionInvoker invoker, Task lastTask, State next, Scope scope, Object state, Boolean isCompleted)
   at Microsoft.AspNetCore.Mvc.Infrastructure.ControllerActionInvoker.Rethrow(ActionExecutedContextSealed context)
   at Microsoft.AspNetCore.Mvc.Infrastructure.ControllerActionInvoker.Next(State& next, Scope& scope, Object& state, Boolean& isCompleted)
   at Microsoft.AspNetCore.Mvc.Infrastructure.ControllerActionInvoker.<InvokeInnerFilterAsync>g__Awaited|13_0(ControllerActionInvoker invoker, Task lastTask, State next, Scope scope, Object state, Boolean isCompleted)
   at Microsoft.AspNetCore.Mvc.Infrastructure.ResourceInvoker.<InvokeFilterPipelineAsync>g__Awaited|20_0(ResourceInvoker invoker, Task lastTask, State next, Scope scope, Object state, Boolean isCompleted)
   at Microsoft.AspNetCore.Mvc.Infrastructure.ResourceInvoker.<InvokeAsync>g__Awaited|17_0(ResourceInvoker invoker, Task task, IDisposable scope)
   at Microsoft.AspNetCore.Mvc.Infrastructure.ResourceInvoker.<InvokeAsync>g__Awaited|17_0(ResourceInvoker invoker, Task task, IDisposable scope)
   at Microsoft.AspNetCore.Authorization.AuthorizationMiddleware.Invoke(HttpContext context)
   at Microsoft.AspNetCore.Authentication.AuthenticationMiddleware.Invoke(HttpContext context)
   at Swashbuckle.AspNetCore.SwaggerUI.SwaggerUIMiddleware.Invoke(HttpContext httpContext)
   at Swashbuckle.AspNetCore.Swagger.SwaggerMiddleware.Invoke(HttpContext httpContext, ISwaggerProvider swaggerProvider)
   at HospitalSystem.API.Middleware.RequestLoggingMiddleware.InvokeAsync(HttpContext context) in G:\New folder\HospitalSystem.API\Middleware\RequestLoggingMiddleware.cs:line 19
   at HospitalSystem.API.Middleware.ExceptionHandlingMiddleware.InvokeAsync(HttpContext context) in G:\New folder\HospitalSystem.API\Middleware\ExceptionHandlingMiddleware.cs:line 24
2026-06-27 20:07:44.544 +03:00 [INF] HTTP OPTIONS /api/auth/login responded 204 in 0ms
2026-06-27 20:07:44.547 +03:00 [INF] Executed DbCommand (0ms) [Parameters=[], CommandType='"Text"', CommandTimeout='30']
SELECT [u].[Id], [u].[CreatedAt], [u].[Email], [u].[IsActive], [u].[PasswordHash], [u].[Role]
FROM [Users] AS [u]
2026-06-27 20:07:44.548 +03:00 [WRN] Request failed with "Unauthorized"
HospitalSystem.Application.Exceptions.UnauthorizedException: Invalid email or password.
   at HospitalSystem.Application.Services.AuthService.LoginAsync(LoginRequest request, CancellationToken cancellationToken) in G:\New folder\HospitalSystem.Application\Services\AuthService.cs:line 32
   at HospitalSystem.API.Controllers.AuthController.Login(LoginRequest request, CancellationToken cancellationToken) in G:\New folder\HospitalSystem.API\Controllers\AuthController.cs:line 22
   at lambda_method10(Closure, Object)
   at Microsoft.AspNetCore.Mvc.Infrastructure.ActionMethodExecutor.AwaitableObjectResultExecutor.Execute(ActionContext actionContext, IActionResultTypeMapper mapper, ObjectMethodExecutor executor, Object controller, Object[] arguments)
   at Microsoft.AspNetCore.Mvc.Infrastructure.ControllerActionInvoker.<InvokeActionMethodAsync>g__Awaited|12_0(ControllerActionInvoker invoker, ValueTask`1 actionResultValueTask)
   at Microsoft.AspNetCore.Mvc.Infrastructure.ControllerActionInvoker.<InvokeNextActionFilterAsync>g__Awaited|10_0(ControllerActionInvoker invoker, Task lastTask, State next, Scope scope, Object state, Boolean isCompleted)
   at Microsoft.AspNetCore.Mvc.Infrastructure.ControllerActionInvoker.Rethrow(ActionExecutedContextSealed context)
   at Microsoft.AspNetCore.Mvc.Infrastructure.ControllerActionInvoker.Next(State& next, Scope& scope, Object& state, Boolean& isCompleted)
   at Microsoft.AspNetCore.Mvc.Infrastructure.ControllerActionInvoker.<InvokeInnerFilterAsync>g__Awaited|13_0(ControllerActionInvoker invoker, Task lastTask, State next, Scope scope, Object state, Boolean isCompleted)
   at Microsoft.AspNetCore.Mvc.Infrastructure.ResourceInvoker.<InvokeFilterPipelineAsync>g__Awaited|20_0(ResourceInvoker invoker, Task lastTask, State next, Scope scope, Object state, Boolean isCompleted)
   at Microsoft.AspNetCore.Mvc.Infrastructure.ResourceInvoker.<InvokeAsync>g__Awaited|17_0(ResourceInvoker invoker, Task task, IDisposable scope)
   at Microsoft.AspNetCore.Mvc.Infrastructure.ResourceInvoker.<InvokeAsync>g__Awaited|17_0(ResourceInvoker invoker, Task task, IDisposable scope)
   at Microsoft.AspNetCore.Authorization.AuthorizationMiddleware.Invoke(HttpContext context)
   at Microsoft.AspNetCore.Authentication.AuthenticationMiddleware.Invoke(HttpContext context)
   at Swashbuckle.AspNetCore.SwaggerUI.SwaggerUIMiddleware.Invoke(HttpContext httpContext)
   at Swashbuckle.AspNetCore.Swagger.SwaggerMiddleware.Invoke(HttpContext httpContext, ISwaggerProvider swaggerProvider)
   at HospitalSystem.API.Middleware.RequestLoggingMiddleware.InvokeAsync(HttpContext context) in G:\New folder\HospitalSystem.API\Middleware\RequestLoggingMiddleware.cs:line 19
   at HospitalSystem.API.Middleware.ExceptionHandlingMiddleware.InvokeAsync(HttpContext context) in G:\New folder\HospitalSystem.API\Middleware\ExceptionHandlingMiddleware.cs:line 24
2026-06-27 20:07:45.520 +03:00 [INF] Executed DbCommand (0ms) [Parameters=[], CommandType='"Text"', CommandTimeout='30']
SELECT [u].[Id], [u].[CreatedAt], [u].[Email], [u].[IsActive], [u].[PasswordHash], [u].[Role]
FROM [Users] AS [u]
2026-06-27 20:07:45.520 +03:00 [WRN] Request failed with "Unauthorized"
HospitalSystem.Application.Exceptions.UnauthorizedException: Invalid email or password.
   at HospitalSystem.Application.Services.AuthService.LoginAsync(LoginRequest request, CancellationToken cancellationToken) in G:\New folder\HospitalSystem.Application\Services\AuthService.cs:line 32
   at HospitalSystem.API.Controllers.AuthController.Login(LoginRequest request, CancellationToken cancellationToken) in G:\New folder\HospitalSystem.API\Controllers\AuthController.cs:line 22
   at lambda_method10(Closure, Object)
   at Microsoft.AspNetCore.Mvc.Infrastructure.ActionMethodExecutor.AwaitableObjectResultExecutor.Execute(ActionContext actionContext, IActionResultTypeMapper mapper, ObjectMethodExecutor executor, Object controller, Object[] arguments)
   at Microsoft.AspNetCore.Mvc.Infrastructure.ControllerActionInvoker.<InvokeActionMethodAsync>g__Awaited|12_0(ControllerActionInvoker invoker, ValueTask`1 actionResultValueTask)
   at Microsoft.AspNetCore.Mvc.Infrastructure.ControllerActionInvoker.<InvokeNextActionFilterAsync>g__Awaited|10_0(ControllerActionInvoker invoker, Task lastTask, State next, Scope scope, Object state, Boolean isCompleted)
   at Microsoft.AspNetCore.Mvc.Infrastructure.ControllerActionInvoker.Rethrow(ActionExecutedContextSealed context)
   at Microsoft.AspNetCore.Mvc.Infrastructure.ControllerActionInvoker.Next(State& next, Scope& scope, Object& state, Boolean& isCompleted)
   at Microsoft.AspNetCore.Mvc.Infrastructure.ControllerActionInvoker.<InvokeInnerFilterAsync>g__Awaited|13_0(ControllerActionInvoker invoker, Task lastTask, State next, Scope scope, Object state, Boolean isCompleted)
   at Microsoft.AspNetCore.Mvc.Infrastructure.ResourceInvoker.<InvokeFilterPipelineAsync>g__Awaited|20_0(ResourceInvoker invoker, Task lastTask, State next, Scope scope, Object state, Boolean isCompleted)
   at Microsoft.AspNetCore.Mvc.Infrastructure.ResourceInvoker.<InvokeAsync>g__Awaited|17_0(ResourceInvoker invoker, Task task, IDisposable scope)
   at Microsoft.AspNetCore.Mvc.Infrastructure.ResourceInvoker.<InvokeAsync>g__Awaited|17_0(ResourceInvoker invoker, Task task, IDisposable scope)
   at Microsoft.AspNetCore.Authorization.AuthorizationMiddleware.Invoke(HttpContext context)
   at Microsoft.AspNetCore.Authentication.AuthenticationMiddleware.Invoke(HttpContext context)
   at Swashbuckle.AspNetCore.SwaggerUI.SwaggerUIMiddleware.Invoke(HttpContext httpContext)
   at Swashbuckle.AspNetCore.Swagger.SwaggerMiddleware.Invoke(HttpContext httpContext, ISwaggerProvider swaggerProvider)
   at HospitalSystem.API.Middleware.RequestLoggingMiddleware.InvokeAsync(HttpContext context) in G:\New folder\HospitalSystem.API\Middleware\RequestLoggingMiddleware.cs:line 19
   at HospitalSystem.API.Middleware.ExceptionHandlingMiddleware.InvokeAsync(HttpContext context) in G:\New folder\HospitalSystem.API\Middleware\ExceptionHandlingMiddleware.cs:line 24
2026-06-27 20:08:02.581 +03:00 [INF] HTTP OPTIONS /api/auth/login responded 204 in 0ms
2026-06-27 20:08:02.584 +03:00 [INF] Executed DbCommand (0ms) [Parameters=[], CommandType='"Text"', CommandTimeout='30']
SELECT [u].[Id], [u].[CreatedAt], [u].[Email], [u].[IsActive], [u].[PasswordHash], [u].[Role]
FROM [Users] AS [u]
2026-06-27 20:08:02.584 +03:00 [WRN] Request failed with "Unauthorized"
HospitalSystem.Application.Exceptions.UnauthorizedException: Invalid email or password.
   at HospitalSystem.Application.Services.AuthService.LoginAsync(LoginRequest request, CancellationToken cancellationToken) in G:\New folder\HospitalSystem.Application\Services\AuthService.cs:line 32
   at HospitalSystem.API.Controllers.AuthController.Login(LoginRequest request, CancellationToken cancellationToken) in G:\New folder\HospitalSystem.API\Controllers\AuthController.cs:line 22
   at lambda_method10(Closure, Object)
   at Microsoft.AspNetCore.Mvc.Infrastructure.ActionMethodExecutor.AwaitableObjectResultExecutor.Execute(ActionContext actionContext, IActionResultTypeMapper mapper, ObjectMethodExecutor executor, Object controller, Object[] arguments)
   at Microsoft.AspNetCore.Mvc.Infrastructure.ControllerActionInvoker.<InvokeActionMethodAsync>g__Awaited|12_0(ControllerActionInvoker invoker, ValueTask`1 actionResultValueTask)
   at Microsoft.AspNetCore.Mvc.Infrastructure.ControllerActionInvoker.<InvokeNextActionFilterAsync>g__Awaited|10_0(ControllerActionInvoker invoker, Task lastTask, State next, Scope scope, Object state, Boolean isCompleted)
   at Microsoft.AspNetCore.Mvc.Infrastructure.ControllerActionInvoker.Rethrow(ActionExecutedContextSealed context)
   at Microsoft.AspNetCore.Mvc.Infrastructure.ControllerActionInvoker.Next(State& next, Scope& scope, Object& state, Boolean& isCompleted)
   at Microsoft.AspNetCore.Mvc.Infrastructure.ControllerActionInvoker.<InvokeInnerFilterAsync>g__Awaited|13_0(ControllerActionInvoker invoker, Task lastTask, State next, Scope scope, Object state, Boolean isCompleted)
   at Microsoft.AspNetCore.Mvc.Infrastructure.ResourceInvoker.<InvokeFilterPipelineAsync>g__Awaited|20_0(ResourceInvoker invoker, Task lastTask, State next, Scope scope, Object state, Boolean isCompleted)
   at Microsoft.AspNetCore.Mvc.Infrastructure.ResourceInvoker.<InvokeAsync>g__Awaited|17_0(ResourceInvoker invoker, Task task, IDisposable scope)
   at Microsoft.AspNetCore.Mvc.Infrastructure.ResourceInvoker.<InvokeAsync>g__Awaited|17_0(ResourceInvoker invoker, Task task, IDisposable scope)
   at Microsoft.AspNetCore.Authorization.AuthorizationMiddleware.Invoke(HttpContext context)
   at Microsoft.AspNetCore.Authentication.AuthenticationMiddleware.Invoke(HttpContext context)
   at Swashbuckle.AspNetCore.SwaggerUI.SwaggerUIMiddleware.Invoke(HttpContext httpContext)
   at Swashbuckle.AspNetCore.Swagger.SwaggerMiddleware.Invoke(HttpContext httpContext, ISwaggerProvider swaggerProvider)
   at HospitalSystem.API.Middleware.RequestLoggingMiddleware.InvokeAsync(HttpContext context) in G:\New folder\HospitalSystem.API\Middleware\RequestLoggingMiddleware.cs:line 19
   at HospitalSystem.API.Middleware.ExceptionHandlingMiddleware.InvokeAsync(HttpContext context) in G:\New folder\HospitalSystem.API\Middleware\ExceptionHandlingMiddleware.cs:line 24
2026-06-27 20:08:15.331 +03:00 [INF] HTTP OPTIONS /api/auth/login responded 204 in 0ms
2026-06-27 20:08:15.335 +03:00 [INF] Executed DbCommand (1ms) [Parameters=[], CommandType='"Text"', CommandTimeout='30']
SELECT [u].[Id], [u].[CreatedAt], [u].[Email], [u].[IsActive], [u].[PasswordHash], [u].[Role]
FROM [Users] AS [u]
2026-06-27 20:08:15.335 +03:00 [WRN] Request failed with "Unauthorized"
HospitalSystem.Application.Exceptions.UnauthorizedException: Invalid email or password.
   at HospitalSystem.Application.Services.AuthService.LoginAsync(LoginRequest request, CancellationToken cancellationToken) in G:\New folder\HospitalSystem.Application\Services\AuthService.cs:line 32
   at HospitalSystem.API.Controllers.AuthController.Login(LoginRequest request, CancellationToken cancellationToken) in G:\New folder\HospitalSystem.API\Controllers\AuthController.cs:line 22
   at lambda_method10(Closure, Object)
   at Microsoft.AspNetCore.Mvc.Infrastructure.ActionMethodExecutor.AwaitableObjectResultExecutor.Execute(ActionContext actionContext, IActionResultTypeMapper mapper, ObjectMethodExecutor executor, Object controller, Object[] arguments)
   at Microsoft.AspNetCore.Mvc.Infrastructure.ControllerActionInvoker.<InvokeActionMethodAsync>g__Awaited|12_0(ControllerActionInvoker invoker, ValueTask`1 actionResultValueTask)
   at Microsoft.AspNetCore.Mvc.Infrastructure.ControllerActionInvoker.<InvokeNextActionFilterAsync>g__Awaited|10_0(ControllerActionInvoker invoker, Task lastTask, State next, Scope scope, Object state, Boolean isCompleted)
   at Microsoft.AspNetCore.Mvc.Infrastructure.ControllerActionInvoker.Rethrow(ActionExecutedContextSealed context)
   at Microsoft.AspNetCore.Mvc.Infrastructure.ControllerActionInvoker.Next(State& next, Scope& scope, Object& state, Boolean& isCompleted)
   at Microsoft.AspNetCore.Mvc.Infrastructure.ControllerActionInvoker.<InvokeInnerFilterAsync>g__Awaited|13_0(ControllerActionInvoker invoker, Task lastTask, State next, Scope scope, Object state, Boolean isCompleted)
   at Microsoft.AspNetCore.Mvc.Infrastructure.ResourceInvoker.<InvokeFilterPipelineAsync>g__Awaited|20_0(ResourceInvoker invoker, Task lastTask, State next, Scope scope, Object state, Boolean isCompleted)
   at Microsoft.AspNetCore.Mvc.Infrastructure.ResourceInvoker.<InvokeAsync>g__Awaited|17_0(ResourceInvoker invoker, Task task, IDisposable scope)
   at Microsoft.AspNetCore.Mvc.Infrastructure.ResourceInvoker.<InvokeAsync>g__Awaited|17_0(ResourceInvoker invoker, Task task, IDisposable scope)
   at Microsoft.AspNetCore.Authorization.AuthorizationMiddleware.Invoke(HttpContext context)
   at Microsoft.AspNetCore.Authentication.AuthenticationMiddleware.Invoke(HttpContext context)
   at Swashbuckle.AspNetCore.SwaggerUI.SwaggerUIMiddleware.Invoke(HttpContext httpContext)
   at Swashbuckle.AspNetCore.Swagger.SwaggerMiddleware.Invoke(HttpContext httpContext, ISwaggerProvider swaggerProvider)
   at HospitalSystem.API.Middleware.RequestLoggingMiddleware.InvokeAsync(HttpContext context) in G:\New folder\HospitalSystem.API\Middleware\RequestLoggingMiddleware.cs:line 19
   at HospitalSystem.API.Middleware.ExceptionHandlingMiddleware.InvokeAsync(HttpContext context) in G:\New folder\HospitalSystem.API\Middleware\ExceptionHandlingMiddleware.cs:line 24
2026-06-27 20:08:16.351 +03:00 [INF] Executed DbCommand (0ms) [Parameters=[], CommandType='"Text"', CommandTimeout='30']
SELECT [u].[Id], [u].[CreatedAt], [u].[Email], [u].[IsActive], [u].[PasswordHash], [u].[Role]
FROM [Users] AS [u]
2026-06-27 20:08:16.351 +03:00 [WRN] Request failed with "Unauthorized"
HospitalSystem.Application.Exceptions.UnauthorizedException: Invalid email or password.
   at HospitalSystem.Application.Services.AuthService.LoginAsync(LoginRequest request, CancellationToken cancellationToken) in G:\New folder\HospitalSystem.Application\Services\AuthService.cs:line 32
   at HospitalSystem.API.Controllers.AuthController.Login(LoginRequest request, CancellationToken cancellationToken) in G:\New folder\HospitalSystem.API\Controllers\AuthController.cs:line 22
   at lambda_method10(Closure, Object)
   at Microsoft.AspNetCore.Mvc.Infrastructure.ActionMethodExecutor.AwaitableObjectResultExecutor.Execute(ActionContext actionContext, IActionResultTypeMapper mapper, ObjectMethodExecutor executor, Object controller, Object[] arguments)
   at Microsoft.AspNetCore.Mvc.Infrastructure.ControllerActionInvoker.<InvokeActionMethodAsync>g__Awaited|12_0(ControllerActionInvoker invoker, ValueTask`1 actionResultValueTask)
   at Microsoft.AspNetCore.Mvc.Infrastructure.ControllerActionInvoker.<InvokeNextActionFilterAsync>g__Awaited|10_0(ControllerActionInvoker invoker, Task lastTask, State next, Scope scope, Object state, Boolean isCompleted)
   at Microsoft.AspNetCore.Mvc.Infrastructure.ControllerActionInvoker.Rethrow(ActionExecutedContextSealed context)
   at Microsoft.AspNetCore.Mvc.Infrastructure.ControllerActionInvoker.Next(State& next, Scope& scope, Object& state, Boolean& isCompleted)
   at Microsoft.AspNetCore.Mvc.Infrastructure.ControllerActionInvoker.<InvokeInnerFilterAsync>g__Awaited|13_0(ControllerActionInvoker invoker, Task lastTask, State next, Scope scope, Object state, Boolean isCompleted)
   at Microsoft.AspNetCore.Mvc.Infrastructure.ResourceInvoker.<InvokeFilterPipelineAsync>g__Awaited|20_0(ResourceInvoker invoker, Task lastTask, State next, Scope scope, Object state, Boolean isCompleted)
   at Microsoft.AspNetCore.Mvc.Infrastructure.ResourceInvoker.<InvokeAsync>g__Awaited|17_0(ResourceInvoker invoker, Task task, IDisposable scope)
   at Microsoft.AspNetCore.Mvc.Infrastructure.ResourceInvoker.<InvokeAsync>g__Awaited|17_0(ResourceInvoker invoker, Task task, IDisposable scope)
   at Microsoft.AspNetCore.Authorization.AuthorizationMiddleware.Invoke(HttpContext context)
   at Microsoft.AspNetCore.Authentication.AuthenticationMiddleware.Invoke(HttpContext context)
   at Swashbuckle.AspNetCore.SwaggerUI.SwaggerUIMiddleware.Invoke(HttpContext httpContext)
   at Swashbuckle.AspNetCore.Swagger.SwaggerMiddleware.Invoke(HttpContext httpContext, ISwaggerProvider swaggerProvider)
   at HospitalSystem.API.Middleware.RequestLoggingMiddleware.InvokeAsync(HttpContext context) in G:\New folder\HospitalSystem.API\Middleware\RequestLoggingMiddleware.cs:line 19
   at HospitalSystem.API.Middleware.ExceptionHandlingMiddleware.InvokeAsync(HttpContext context) in G:\New folder\HospitalSystem.API\Middleware\ExceptionHandlingMiddleware.cs:line 24
2026-06-27 20:09:12.370 +03:00 [INF] HTTP OPTIONS /api/auth/login responded 204 in 0ms
2026-06-27 20:09:12.373 +03:00 [INF] Executed DbCommand (0ms) [Parameters=[], CommandType='"Text"', CommandTimeout='30']
SELECT [u].[Id], [u].[CreatedAt], [u].[Email], [u].[IsActive], [u].[PasswordHash], [u].[Role]
FROM [Users] AS [u]
2026-06-27 20:09:12.374 +03:00 [WRN] Request failed with "Unauthorized"
HospitalSystem.Application.Exceptions.UnauthorizedException: Invalid email or password.
   at HospitalSystem.Application.Services.AuthService.LoginAsync(LoginRequest request, CancellationToken cancellationToken) in G:\New folder\HospitalSystem.Application\Services\AuthService.cs:line 32
   at HospitalSystem.API.Controllers.AuthController.Login(LoginRequest request, CancellationToken cancellationToken) in G:\New folder\HospitalSystem.API\Controllers\AuthController.cs:line 22
   at lambda_method10(Closure, Object)
   at Microsoft.AspNetCore.Mvc.Infrastructure.ActionMethodExecutor.AwaitableObjectResultExecutor.Execute(ActionContext actionContext, IActionResultTypeMapper mapper, ObjectMethodExecutor executor, Object controller, Object[] arguments)
   at Microsoft.AspNetCore.Mvc.Infrastructure.ControllerActionInvoker.<InvokeActionMethodAsync>g__Awaited|12_0(ControllerActionInvoker invoker, ValueTask`1 actionResultValueTask)
   at Microsoft.AspNetCore.Mvc.Infrastructure.ControllerActionInvoker.<InvokeNextActionFilterAsync>g__Awaited|10_0(ControllerActionInvoker invoker, Task lastTask, State next, Scope scope, Object state, Boolean isCompleted)
   at Microsoft.AspNetCore.Mvc.Infrastructure.ControllerActionInvoker.Rethrow(ActionExecutedContextSealed context)
   at Microsoft.AspNetCore.Mvc.Infrastructure.ControllerActionInvoker.Next(State& next, Scope& scope, Object& state, Boolean& isCompleted)
   at Microsoft.AspNetCore.Mvc.Infrastructure.ControllerActionInvoker.<InvokeInnerFilterAsync>g__Awaited|13_0(ControllerActionInvoker invoker, Task lastTask, State next, Scope scope, Object state, Boolean isCompleted)
   at Microsoft.AspNetCore.Mvc.Infrastructure.ResourceInvoker.<InvokeFilterPipelineAsync>g__Awaited|20_0(ResourceInvoker invoker, Task lastTask, State next, Scope scope, Object state, Boolean isCompleted)
   at Microsoft.AspNetCore.Mvc.Infrastructure.ResourceInvoker.<InvokeAsync>g__Awaited|17_0(ResourceInvoker invoker, Task task, IDisposable scope)
   at Microsoft.AspNetCore.Mvc.Infrastructure.ResourceInvoker.<InvokeAsync>g__Awaited|17_0(ResourceInvoker invoker, Task task, IDisposable scope)
   at Microsoft.AspNetCore.Authorization.AuthorizationMiddleware.Invoke(HttpContext context)
   at Microsoft.AspNetCore.Authentication.AuthenticationMiddleware.Invoke(HttpContext context)
   at Swashbuckle.AspNetCore.SwaggerUI.SwaggerUIMiddleware.Invoke(HttpContext httpContext)
   at Swashbuckle.AspNetCore.Swagger.SwaggerMiddleware.Invoke(HttpContext httpContext, ISwaggerProvider swaggerProvider)
   at HospitalSystem.API.Middleware.RequestLoggingMiddleware.InvokeAsync(HttpContext context) in G:\New folder\HospitalSystem.API\Middleware\RequestLoggingMiddleware.cs:line 19
   at HospitalSystem.API.Middleware.ExceptionHandlingMiddleware.InvokeAsync(HttpContext context) in G:\New folder\HospitalSystem.API\Middleware\ExceptionHandlingMiddleware.cs:line 24
2026-06-27 20:09:37.145 +03:00 [INF] HTTP OPTIONS /api/auth/login responded 204 in 0ms
2026-06-27 20:09:37.149 +03:00 [INF] Executed DbCommand (0ms) [Parameters=[], CommandType='"Text"', CommandTimeout='30']
SELECT [u].[Id], [u].[CreatedAt], [u].[Email], [u].[IsActive], [u].[PasswordHash], [u].[Role]
FROM [Users] AS [u]
2026-06-27 20:09:37.149 +03:00 [WRN] Request failed with "Unauthorized"
HospitalSystem.Application.Exceptions.UnauthorizedException: Invalid email or password.
   at HospitalSystem.Application.Services.AuthService.LoginAsync(LoginRequest request, CancellationToken cancellationToken) in G:\New folder\HospitalSystem.Application\Services\AuthService.cs:line 32
   at HospitalSystem.API.Controllers.AuthController.Login(LoginRequest request, CancellationToken cancellationToken) in G:\New folder\HospitalSystem.API\Controllers\AuthController.cs:line 22
   at lambda_method10(Closure, Object)
   at Microsoft.AspNetCore.Mvc.Infrastructure.ActionMethodExecutor.AwaitableObjectResultExecutor.Execute(ActionContext actionContext, IActionResultTypeMapper mapper, ObjectMethodExecutor executor, Object controller, Object[] arguments)
   at Microsoft.AspNetCore.Mvc.Infrastructure.ControllerActionInvoker.<InvokeActionMethodAsync>g__Awaited|12_0(ControllerActionInvoker invoker, ValueTask`1 actionResultValueTask)
   at Microsoft.AspNetCore.Mvc.Infrastructure.ControllerActionInvoker.<InvokeNextActionFilterAsync>g__Awaited|10_0(ControllerActionInvoker invoker, Task lastTask, State next, Scope scope, Object state, Boolean isCompleted)
   at Microsoft.AspNetCore.Mvc.Infrastructure.ControllerActionInvoker.Rethrow(ActionExecutedContextSealed context)
   at Microsoft.AspNetCore.Mvc.Infrastructure.ControllerActionInvoker.Next(State& next, Scope& scope, Object& state, Boolean& isCompleted)
   at Microsoft.AspNetCore.Mvc.Infrastructure.ControllerActionInvoker.<InvokeInnerFilterAsync>g__Awaited|13_0(ControllerActionInvoker invoker, Task lastTask, State next, Scope scope, Object state, Boolean isCompleted)
   at Microsoft.AspNetCore.Mvc.Infrastructure.ResourceInvoker.<InvokeFilterPipelineAsync>g__Awaited|20_0(ResourceInvoker invoker, Task lastTask, State next, Scope scope, Object state, Boolean isCompleted)
   at Microsoft.AspNetCore.Mvc.Infrastructure.ResourceInvoker.<InvokeAsync>g__Awaited|17_0(ResourceInvoker invoker, Task task, IDisposable scope)
   at Microsoft.AspNetCore.Mvc.Infrastructure.ResourceInvoker.<InvokeAsync>g__Awaited|17_0(ResourceInvoker invoker, Task task, IDisposable scope)
   at Microsoft.AspNetCore.Authorization.AuthorizationMiddleware.Invoke(HttpContext context)
   at Microsoft.AspNetCore.Authentication.AuthenticationMiddleware.Invoke(HttpContext context)
   at Swashbuckle.AspNetCore.SwaggerUI.SwaggerUIMiddleware.Invoke(HttpContext httpContext)
   at Swashbuckle.AspNetCore.Swagger.SwaggerMiddleware.Invoke(HttpContext httpContext, ISwaggerProvider swaggerProvider)
   at HospitalSystem.API.Middleware.RequestLoggingMiddleware.InvokeAsync(HttpContext context) in G:\New folder\HospitalSystem.API\Middleware\RequestLoggingMiddleware.cs:line 19
   at HospitalSystem.API.Middleware.ExceptionHandlingMiddleware.InvokeAsync(HttpContext context) in G:\New folder\HospitalSystem.API\Middleware\ExceptionHandlingMiddleware.cs:line 24
2026-06-27 20:09:38.160 +03:00 [INF] Executed DbCommand (0ms) [Parameters=[], CommandType='"Text"', CommandTimeout='30']
SELECT [u].[Id], [u].[CreatedAt], [u].[Email], [u].[IsActive], [u].[PasswordHash], [u].[Role]
FROM [Users] AS [u]
2026-06-27 20:09:38.160 +03:00 [WRN] Request failed with "Unauthorized"
HospitalSystem.Application.Exceptions.UnauthorizedException: Invalid email or password.
   at HospitalSystem.Application.Services.AuthService.LoginAsync(LoginRequest request, CancellationToken cancellationToken) in G:\New folder\HospitalSystem.Application\Services\AuthService.cs:line 32
   at HospitalSystem.API.Controllers.AuthController.Login(LoginRequest request, CancellationToken cancellationToken) in G:\New folder\HospitalSystem.API\Controllers\AuthController.cs:line 22
   at lambda_method10(Closure, Object)
   at Microsoft.AspNetCore.Mvc.Infrastructure.ActionMethodExecutor.AwaitableObjectResultExecutor.Execute(ActionContext actionContext, IActionResultTypeMapper mapper, ObjectMethodExecutor executor, Object controller, Object[] arguments)
   at Microsoft.AspNetCore.Mvc.Infrastructure.ControllerActionInvoker.<InvokeActionMethodAsync>g__Awaited|12_0(ControllerActionInvoker invoker, ValueTask`1 actionResultValueTask)
   at Microsoft.AspNetCore.Mvc.Infrastructure.ControllerActionInvoker.<InvokeNextActionFilterAsync>g__Awaited|10_0(ControllerActionInvoker invoker, Task lastTask, State next, Scope scope, Object state, Boolean isCompleted)
   at Microsoft.AspNetCore.Mvc.Infrastructure.ControllerActionInvoker.Rethrow(ActionExecutedContextSealed context)
   at Microsoft.AspNetCore.Mvc.Infrastructure.ControllerActionInvoker.Next(State& next, Scope& scope, Object& state, Boolean& isCompleted)
   at Microsoft.AspNetCore.Mvc.Infrastructure.ControllerActionInvoker.<InvokeInnerFilterAsync>g__Awaited|13_0(ControllerActionInvoker invoker, Task lastTask, State next, Scope scope, Object state, Boolean isCompleted)
   at Microsoft.AspNetCore.Mvc.Infrastructure.ResourceInvoker.<InvokeFilterPipelineAsync>g__Awaited|20_0(ResourceInvoker invoker, Task lastTask, State next, Scope scope, Object state, Boolean isCompleted)
   at Microsoft.AspNetCore.Mvc.Infrastructure.ResourceInvoker.<InvokeAsync>g__Awaited|17_0(ResourceInvoker invoker, Task task, IDisposable scope)
   at Microsoft.AspNetCore.Mvc.Infrastructure.ResourceInvoker.<InvokeAsync>g__Awaited|17_0(ResourceInvoker invoker, Task task, IDisposable scope)
   at Microsoft.AspNetCore.Authorization.AuthorizationMiddleware.Invoke(HttpContext context)
   at Microsoft.AspNetCore.Authentication.AuthenticationMiddleware.Invoke(HttpContext context)
   at Swashbuckle.AspNetCore.SwaggerUI.SwaggerUIMiddleware.Invoke(HttpContext httpContext)
   at Swashbuckle.AspNetCore.Swagger.SwaggerMiddleware.Invoke(HttpContext httpContext, ISwaggerProvider swaggerProvider)
   at HospitalSystem.API.Middleware.RequestLoggingMiddleware.InvokeAsync(HttpContext context) in G:\New folder\HospitalSystem.API\Middleware\RequestLoggingMiddleware.cs:line 19
   at HospitalSystem.API.Middleware.ExceptionHandlingMiddleware.InvokeAsync(HttpContext context) in G:\New folder\HospitalSystem.API\Middleware\ExceptionHandlingMiddleware.cs:line 24
2026-06-27 20:09:38.310 +03:00 [INF] Executed DbCommand (0ms) [Parameters=[], CommandType='"Text"', CommandTimeout='30']
SELECT [u].[Id], [u].[CreatedAt], [u].[Email], [u].[IsActive], [u].[PasswordHash], [u].[Role]
FROM [Users] AS [u]
2026-06-27 20:09:38.311 +03:00 [WRN] Request failed with "Unauthorized"
HospitalSystem.Application.Exceptions.UnauthorizedException: Invalid email or password.
   at HospitalSystem.Application.Services.AuthService.LoginAsync(LoginRequest request, CancellationToken cancellationToken) in G:\New folder\HospitalSystem.Application\Services\AuthService.cs:line 32
   at HospitalSystem.API.Controllers.AuthController.Login(LoginRequest request, CancellationToken cancellationToken) in G:\New folder\HospitalSystem.API\Controllers\AuthController.cs:line 22
   at lambda_method10(Closure, Object)
   at Microsoft.AspNetCore.Mvc.Infrastructure.ActionMethodExecutor.AwaitableObjectResultExecutor.Execute(ActionContext actionContext, IActionResultTypeMapper mapper, ObjectMethodExecutor executor, Object controller, Object[] arguments)
   at Microsoft.AspNetCore.Mvc.Infrastructure.ControllerActionInvoker.<InvokeActionMethodAsync>g__Awaited|12_0(ControllerActionInvoker invoker, ValueTask`1 actionResultValueTask)
   at Microsoft.AspNetCore.Mvc.Infrastructure.ControllerActionInvoker.<InvokeNextActionFilterAsync>g__Awaited|10_0(ControllerActionInvoker invoker, Task lastTask, State next, Scope scope, Object state, Boolean isCompleted)
   at Microsoft.AspNetCore.Mvc.Infrastructure.ControllerActionInvoker.Rethrow(ActionExecutedContextSealed context)
   at Microsoft.AspNetCore.Mvc.Infrastructure.ControllerActionInvoker.Next(State& next, Scope& scope, Object& state, Boolean& isCompleted)
   at Microsoft.AspNetCore.Mvc.Infrastructure.ControllerActionInvoker.<InvokeInnerFilterAsync>g__Awaited|13_0(ControllerActionInvoker invoker, Task lastTask, State next, Scope scope, Object state, Boolean isCompleted)
   at Microsoft.AspNetCore.Mvc.Infrastructure.ResourceInvoker.<InvokeFilterPipelineAsync>g__Awaited|20_0(ResourceInvoker invoker, Task lastTask, State next, Scope scope, Object state, Boolean isCompleted)
   at Microsoft.AspNetCore.Mvc.Infrastructure.ResourceInvoker.<InvokeAsync>g__Awaited|17_0(ResourceInvoker invoker, Task task, IDisposable scope)
   at Microsoft.AspNetCore.Mvc.Infrastructure.ResourceInvoker.<InvokeAsync>g__Awaited|17_0(ResourceInvoker invoker, Task task, IDisposable scope)
   at Microsoft.AspNetCore.Authorization.AuthorizationMiddleware.Invoke(HttpContext context)
   at Microsoft.AspNetCore.Authentication.AuthenticationMiddleware.Invoke(HttpContext context)
   at Swashbuckle.AspNetCore.SwaggerUI.SwaggerUIMiddleware.Invoke(HttpContext httpContext)
   at Swashbuckle.AspNetCore.Swagger.SwaggerMiddleware.Invoke(HttpContext httpContext, ISwaggerProvider swaggerProvider)
   at HospitalSystem.API.Middleware.RequestLoggingMiddleware.InvokeAsync(HttpContext context) in G:\New folder\HospitalSystem.API\Middleware\RequestLoggingMiddleware.cs:line 19
   at HospitalSystem.API.Middleware.ExceptionHandlingMiddleware.InvokeAsync(HttpContext context) in G:\New folder\HospitalSystem.API\Middleware\ExceptionHandlingMiddleware.cs:line 24
2026-06-27 20:11:13.845 +03:00 [INF] HTTP OPTIONS /api/auth/login responded 204 in 0ms
2026-06-27 20:11:13.849 +03:00 [INF] Executed DbCommand (0ms) [Parameters=[], CommandType='"Text"', CommandTimeout='30']
SELECT [u].[Id], [u].[CreatedAt], [u].[Email], [u].[IsActive], [u].[PasswordHash], [u].[Role]
FROM [Users] AS [u]
2026-06-27 20:11:13.849 +03:00 [WRN] Request failed with "Unauthorized"
HospitalSystem.Application.Exceptions.UnauthorizedException: Invalid email or password.
   at HospitalSystem.Application.Services.AuthService.LoginAsync(LoginRequest request, CancellationToken cancellationToken) in G:\New folder\HospitalSystem.Application\Services\AuthService.cs:line 32
   at HospitalSystem.API.Controllers.AuthController.Login(LoginRequest request, CancellationToken cancellationToken) in G:\New folder\HospitalSystem.API\Controllers\AuthController.cs:line 22
   at lambda_method10(Closure, Object)
   at Microsoft.AspNetCore.Mvc.Infrastructure.ActionMethodExecutor.AwaitableObjectResultExecutor.Execute(ActionContext actionContext, IActionResultTypeMapper mapper, ObjectMethodExecutor executor, Object controller, Object[] arguments)
   at Microsoft.AspNetCore.Mvc.Infrastructure.ControllerActionInvoker.<InvokeActionMethodAsync>g__Awaited|12_0(ControllerActionInvoker invoker, ValueTask`1 actionResultValueTask)
   at Microsoft.AspNetCore.Mvc.Infrastructure.ControllerActionInvoker.<InvokeNextActionFilterAsync>g__Awaited|10_0(ControllerActionInvoker invoker, Task lastTask, State next, Scope scope, Object state, Boolean isCompleted)
   at Microsoft.AspNetCore.Mvc.Infrastructure.ControllerActionInvoker.Rethrow(ActionExecutedContextSealed context)
   at Microsoft.AspNetCore.Mvc.Infrastructure.ControllerActionInvoker.Next(State& next, Scope& scope, Object& state, Boolean& isCompleted)
   at Microsoft.AspNetCore.Mvc.Infrastructure.ControllerActionInvoker.<InvokeInnerFilterAsync>g__Awaited|13_0(ControllerActionInvoker invoker, Task lastTask, State next, Scope scope, Object state, Boolean isCompleted)
   at Microsoft.AspNetCore.Mvc.Infrastructure.ResourceInvoker.<InvokeFilterPipelineAsync>g__Awaited|20_0(ResourceInvoker invoker, Task lastTask, State next, Scope scope, Object state, Boolean isCompleted)
   at Microsoft.AspNetCore.Mvc.Infrastructure.ResourceInvoker.<InvokeAsync>g__Awaited|17_0(ResourceInvoker invoker, Task task, IDisposable scope)
   at Microsoft.AspNetCore.Mvc.Infrastructure.ResourceInvoker.<InvokeAsync>g__Awaited|17_0(ResourceInvoker invoker, Task task, IDisposable scope)
   at Microsoft.AspNetCore.Authorization.AuthorizationMiddleware.Invoke(HttpContext context)
   at Microsoft.AspNetCore.Authentication.AuthenticationMiddleware.Invoke(HttpContext context)
   at Swashbuckle.AspNetCore.SwaggerUI.SwaggerUIMiddleware.Invoke(HttpContext httpContext)
   at Swashbuckle.AspNetCore.Swagger.SwaggerMiddleware.Invoke(HttpContext httpContext, ISwaggerProvider swaggerProvider)
   at HospitalSystem.API.Middleware.RequestLoggingMiddleware.InvokeAsync(HttpContext context) in G:\New folder\HospitalSystem.API\Middleware\RequestLoggingMiddleware.cs:line 19
   at HospitalSystem.API.Middleware.ExceptionHandlingMiddleware.InvokeAsync(HttpContext context) in G:\New folder\HospitalSystem.API\Middleware\ExceptionHandlingMiddleware.cs:line 24
2026-06-27 20:15:41.107 +03:00 [INF] HTTP GET /swagger/index.html responded 200 in 43ms
2026-06-27 20:16:48.325 +03:00 [INF] HTTP OPTIONS /api/auth/login responded 204 in 0ms
2026-06-27 20:16:48.327 +03:00 [INF] Executed DbCommand (0ms) [Parameters=[], CommandType='"Text"', CommandTimeout='30']
SELECT [u].[Id], [u].[CreatedAt], [u].[Email], [u].[IsActive], [u].[PasswordHash], [u].[Role]
FROM [Users] AS [u]
2026-06-27 20:16:48.464 +03:00 [INF] HTTP POST /api/auth/login responded 200 in 138ms
2026-06-27 20:16:48.507 +03:00 [INF] HTTP OPTIONS /api/departments responded 204 in 0ms
2026-06-27 20:16:48.511 +03:00 [INF] Executed DbCommand (0ms) [Parameters=[], CommandType='"Text"', CommandTimeout='30']
SELECT [d].[Id], [d].[Description], [d].[IsActive], [d].[Name]
FROM [Departments] AS [d]
2026-06-27 20:16:48.511 +03:00 [INF] HTTP GET /api/departments responded 200 in 2ms
2026-06-27 20:16:58.558 +03:00 [INF] HTTP OPTIONS /api/doctors responded 204 in 0ms
2026-06-27 20:16:58.559 +03:00 [INF] HTTP OPTIONS /api/departments responded 204 in 0ms
2026-06-27 20:16:58.563 +03:00 [INF] Executed DbCommand (0ms) [Parameters=[], CommandType='"Text"', CommandTimeout='30']
SELECT [d].[Id], [d].[DepartmentId], [d].[FullName], [d].[IsActive], [d].[Phone], [d].[Specialization], [d].[UserId]
FROM [Doctors] AS [d]
2026-06-27 20:16:58.564 +03:00 [INF] Executed DbCommand (0ms) [Parameters=[@p='?' (DbType = Guid)], CommandType='"Text"', CommandTimeout='30']
SELECT TOP(1) [d].[Id], [d].[Description], [d].[IsActive], [d].[Name]
FROM [Departments] AS [d]
WHERE [d].[Id] = @p
2026-06-27 20:16:58.565 +03:00 [INF] Executed DbCommand (0ms) [Parameters=[@p='?' (DbType = Guid)], CommandType='"Text"', CommandTimeout='30']
SELECT TOP(1) [d].[Id], [d].[Description], [d].[IsActive], [d].[Name]
FROM [Departments] AS [d]
WHERE [d].[Id] = @p
2026-06-27 20:16:58.566 +03:00 [INF] HTTP GET /api/doctors responded 200 in 4ms
2026-06-27 20:16:58.569 +03:00 [INF] Executed DbCommand (0ms) [Parameters=[], CommandType='"Text"', CommandTimeout='30']
SELECT [d].[Id], [d].[Description], [d].[IsActive], [d].[Name]
FROM [Departments] AS [d]
2026-06-27 20:16:58.569 +03:00 [INF] HTTP GET /api/departments responded 200 in 6ms
2026-06-27 20:17:02.099 +03:00 [INF] HTTP OPTIONS /api/receptionists responded 204 in 0ms
2026-06-27 20:17:02.105 +03:00 [INF] Executed DbCommand (0ms) [Parameters=[], CommandType='"Text"', CommandTimeout='30']
SELECT [r].[Id], [r].[FullName], [r].[IsActive], [r].[Phone], [r].[UserId]
FROM [Receptionists] AS [r]
2026-06-27 20:17:02.106 +03:00 [INF] HTTP GET /api/receptionists responded 200 in 4ms
2026-06-27 20:17:33.424 +03:00 [INF] HTTP OPTIONS /api/auth/login responded 204 in 0ms
2026-06-27 20:17:33.430 +03:00 [INF] Executed DbCommand (1ms) [Parameters=[], CommandType='"Text"', CommandTimeout='30']
SELECT [u].[Id], [u].[CreatedAt], [u].[Email], [u].[IsActive], [u].[PasswordHash], [u].[Role]
FROM [Users] AS [u]
2026-06-27 20:17:33.431 +03:00 [WRN] Request failed with "Unauthorized"
HospitalSystem.Application.Exceptions.UnauthorizedException: Invalid email or password.
   at HospitalSystem.Application.Services.AuthService.LoginAsync(LoginRequest request, CancellationToken cancellationToken) in G:\New folder\HospitalSystem.Application\Services\AuthService.cs:line 32
   at HospitalSystem.API.Controllers.AuthController.Login(LoginRequest request, CancellationToken cancellationToken) in G:\New folder\HospitalSystem.API\Controllers\AuthController.cs:line 22
   at lambda_method10(Closure, Object)
   at Microsoft.AspNetCore.Mvc.Infrastructure.ActionMethodExecutor.AwaitableObjectResultExecutor.Execute(ActionContext actionContext, IActionResultTypeMapper mapper, ObjectMethodExecutor executor, Object controller, Object[] arguments)
   at Microsoft.AspNetCore.Mvc.Infrastructure.ControllerActionInvoker.<InvokeActionMethodAsync>g__Awaited|12_0(ControllerActionInvoker invoker, ValueTask`1 actionResultValueTask)
   at Microsoft.AspNetCore.Mvc.Infrastructure.ControllerActionInvoker.<InvokeNextActionFilterAsync>g__Awaited|10_0(ControllerActionInvoker invoker, Task lastTask, State next, Scope scope, Object state, Boolean isCompleted)
   at Microsoft.AspNetCore.Mvc.Infrastructure.ControllerActionInvoker.Rethrow(ActionExecutedContextSealed context)
   at Microsoft.AspNetCore.Mvc.Infrastructure.ControllerActionInvoker.Next(State& next, Scope& scope, Object& state, Boolean& isCompleted)
   at Microsoft.AspNetCore.Mvc.Infrastructure.ControllerActionInvoker.<InvokeInnerFilterAsync>g__Awaited|13_0(ControllerActionInvoker invoker, Task lastTask, State next, Scope scope, Object state, Boolean isCompleted)
   at Microsoft.AspNetCore.Mvc.Infrastructure.ResourceInvoker.<InvokeFilterPipelineAsync>g__Awaited|20_0(ResourceInvoker invoker, Task lastTask, State next, Scope scope, Object state, Boolean isCompleted)
   at Microsoft.AspNetCore.Mvc.Infrastructure.ResourceInvoker.<InvokeAsync>g__Awaited|17_0(ResourceInvoker invoker, Task task, IDisposable scope)
   at Microsoft.AspNetCore.Mvc.Infrastructure.ResourceInvoker.<InvokeAsync>g__Awaited|17_0(ResourceInvoker invoker, Task task, IDisposable scope)
   at Microsoft.AspNetCore.Authorization.AuthorizationMiddleware.Invoke(HttpContext context)
   at Microsoft.AspNetCore.Authentication.AuthenticationMiddleware.Invoke(HttpContext context)
   at Swashbuckle.AspNetCore.SwaggerUI.SwaggerUIMiddleware.Invoke(HttpContext httpContext)
   at Swashbuckle.AspNetCore.Swagger.SwaggerMiddleware.Invoke(HttpContext httpContext, ISwaggerProvider swaggerProvider)
   at HospitalSystem.API.Middleware.RequestLoggingMiddleware.InvokeAsync(HttpContext context) in G:\New folder\HospitalSystem.API\Middleware\RequestLoggingMiddleware.cs:line 19
   at HospitalSystem.API.Middleware.ExceptionHandlingMiddleware.InvokeAsync(HttpContext context) in G:\New folder\HospitalSystem.API\Middleware\ExceptionHandlingMiddleware.cs:line 24
2026-06-27 20:17:34.574 +03:00 [INF] Executed DbCommand (0ms) [Parameters=[], CommandType='"Text"', CommandTimeout='30']
SELECT [u].[Id], [u].[CreatedAt], [u].[Email], [u].[IsActive], [u].[PasswordHash], [u].[Role]
FROM [Users] AS [u]
2026-06-27 20:17:34.574 +03:00 [WRN] Request failed with "Unauthorized"
HospitalSystem.Application.Exceptions.UnauthorizedException: Invalid email or password.
   at HospitalSystem.Application.Services.AuthService.LoginAsync(LoginRequest request, CancellationToken cancellationToken) in G:\New folder\HospitalSystem.Application\Services\AuthService.cs:line 32
   at HospitalSystem.API.Controllers.AuthController.Login(LoginRequest request, CancellationToken cancellationToken) in G:\New folder\HospitalSystem.API\Controllers\AuthController.cs:line 22
   at lambda_method10(Closure, Object)
   at Microsoft.AspNetCore.Mvc.Infrastructure.ActionMethodExecutor.AwaitableObjectResultExecutor.Execute(ActionContext actionContext, IActionResultTypeMapper mapper, ObjectMethodExecutor executor, Object controller, Object[] arguments)
   at Microsoft.AspNetCore.Mvc.Infrastructure.ControllerActionInvoker.<InvokeActionMethodAsync>g__Awaited|12_0(ControllerActionInvoker invoker, ValueTask`1 actionResultValueTask)
   at Microsoft.AspNetCore.Mvc.Infrastructure.ControllerActionInvoker.<InvokeNextActionFilterAsync>g__Awaited|10_0(ControllerActionInvoker invoker, Task lastTask, State next, Scope scope, Object state, Boolean isCompleted)
   at Microsoft.AspNetCore.Mvc.Infrastructure.ControllerActionInvoker.Rethrow(ActionExecutedContextSealed context)
   at Microsoft.AspNetCore.Mvc.Infrastructure.ControllerActionInvoker.Next(State& next, Scope& scope, Object& state, Boolean& isCompleted)
   at Microsoft.AspNetCore.Mvc.Infrastructure.ControllerActionInvoker.<InvokeInnerFilterAsync>g__Awaited|13_0(ControllerActionInvoker invoker, Task lastTask, State next, Scope scope, Object state, Boolean isCompleted)
   at Microsoft.AspNetCore.Mvc.Infrastructure.ResourceInvoker.<InvokeFilterPipelineAsync>g__Awaited|20_0(ResourceInvoker invoker, Task lastTask, State next, Scope scope, Object state, Boolean isCompleted)
   at Microsoft.AspNetCore.Mvc.Infrastructure.ResourceInvoker.<InvokeAsync>g__Awaited|17_0(ResourceInvoker invoker, Task task, IDisposable scope)
   at Microsoft.AspNetCore.Mvc.Infrastructure.ResourceInvoker.<InvokeAsync>g__Awaited|17_0(ResourceInvoker invoker, Task task, IDisposable scope)
   at Microsoft.AspNetCore.Authorization.AuthorizationMiddleware.Invoke(HttpContext context)
   at Microsoft.AspNetCore.Authentication.AuthenticationMiddleware.Invoke(HttpContext context)
   at Swashbuckle.AspNetCore.SwaggerUI.SwaggerUIMiddleware.Invoke(HttpContext httpContext)
   at Swashbuckle.AspNetCore.Swagger.SwaggerMiddleware.Invoke(HttpContext httpContext, ISwaggerProvider swaggerProvider)
   at HospitalSystem.API.Middleware.RequestLoggingMiddleware.InvokeAsync(HttpContext context) in G:\New folder\HospitalSystem.API\Middleware\RequestLoggingMiddleware.cs:line 19
   at HospitalSystem.API.Middleware.ExceptionHandlingMiddleware.InvokeAsync(HttpContext context) in G:\New folder\HospitalSystem.API\Middleware\ExceptionHandlingMiddleware.cs:line 24
2026-06-27 20:17:35.190 +03:00 [INF] Executed DbCommand (0ms) [Parameters=[], CommandType='"Text"', CommandTimeout='30']
SELECT [u].[Id], [u].[CreatedAt], [u].[Email], [u].[IsActive], [u].[PasswordHash], [u].[Role]
FROM [Users] AS [u]
2026-06-27 20:17:35.190 +03:00 [WRN] Request failed with "Unauthorized"
HospitalSystem.Application.Exceptions.UnauthorizedException: Invalid email or password.
   at HospitalSystem.Application.Services.AuthService.LoginAsync(LoginRequest request, CancellationToken cancellationToken) in G:\New folder\HospitalSystem.Application\Services\AuthService.cs:line 32
   at HospitalSystem.API.Controllers.AuthController.Login(LoginRequest request, CancellationToken cancellationToken) in G:\New folder\HospitalSystem.API\Controllers\AuthController.cs:line 22
   at lambda_method10(Closure, Object)
   at Microsoft.AspNetCore.Mvc.Infrastructure.ActionMethodExecutor.AwaitableObjectResultExecutor.Execute(ActionContext actionContext, IActionResultTypeMapper mapper, ObjectMethodExecutor executor, Object controller, Object[] arguments)
   at Microsoft.AspNetCore.Mvc.Infrastructure.ControllerActionInvoker.<InvokeActionMethodAsync>g__Awaited|12_0(ControllerActionInvoker invoker, ValueTask`1 actionResultValueTask)
   at Microsoft.AspNetCore.Mvc.Infrastructure.ControllerActionInvoker.<InvokeNextActionFilterAsync>g__Awaited|10_0(ControllerActionInvoker invoker, Task lastTask, State next, Scope scope, Object state, Boolean isCompleted)
   at Microsoft.AspNetCore.Mvc.Infrastructure.ControllerActionInvoker.Rethrow(ActionExecutedContextSealed context)
   at Microsoft.AspNetCore.Mvc.Infrastructure.ControllerActionInvoker.Next(State& next, Scope& scope, Object& state, Boolean& isCompleted)
   at Microsoft.AspNetCore.Mvc.Infrastructure.ControllerActionInvoker.<InvokeInnerFilterAsync>g__Awaited|13_0(ControllerActionInvoker invoker, Task lastTask, State next, Scope scope, Object state, Boolean isCompleted)
   at Microsoft.AspNetCore.Mvc.Infrastructure.ResourceInvoker.<InvokeFilterPipelineAsync>g__Awaited|20_0(ResourceInvoker invoker, Task lastTask, State next, Scope scope, Object state, Boolean isCompleted)
   at Microsoft.AspNetCore.Mvc.Infrastructure.ResourceInvoker.<InvokeAsync>g__Awaited|17_0(ResourceInvoker invoker, Task task, IDisposable scope)
   at Microsoft.AspNetCore.Mvc.Infrastructure.ResourceInvoker.<InvokeAsync>g__Awaited|17_0(ResourceInvoker invoker, Task task, IDisposable scope)
   at Microsoft.AspNetCore.Authorization.AuthorizationMiddleware.Invoke(HttpContext context)
   at Microsoft.AspNetCore.Authentication.AuthenticationMiddleware.Invoke(HttpContext context)
   at Swashbuckle.AspNetCore.SwaggerUI.SwaggerUIMiddleware.Invoke(HttpContext httpContext)
   at Swashbuckle.AspNetCore.Swagger.SwaggerMiddleware.Invoke(HttpContext httpContext, ISwaggerProvider swaggerProvider)
   at HospitalSystem.API.Middleware.RequestLoggingMiddleware.InvokeAsync(HttpContext context) in G:\New folder\HospitalSystem.API\Middleware\RequestLoggingMiddleware.cs:line 19
   at HospitalSystem.API.Middleware.ExceptionHandlingMiddleware.InvokeAsync(HttpContext context) in G:\New folder\HospitalSystem.API\Middleware\ExceptionHandlingMiddleware.cs:line 24
2026-06-27 20:17:35.749 +03:00 [INF] Executed DbCommand (0ms) [Parameters=[], CommandType='"Text"', CommandTimeout='30']
SELECT [u].[Id], [u].[CreatedAt], [u].[Email], [u].[IsActive], [u].[PasswordHash], [u].[Role]
FROM [Users] AS [u]
2026-06-27 20:17:35.749 +03:00 [WRN] Request failed with "Unauthorized"
HospitalSystem.Application.Exceptions.UnauthorizedException: Invalid email or password.
   at HospitalSystem.Application.Services.AuthService.LoginAsync(LoginRequest request, CancellationToken cancellationToken) in G:\New folder\HospitalSystem.Application\Services\AuthService.cs:line 32
   at HospitalSystem.API.Controllers.AuthController.Login(LoginRequest request, CancellationToken cancellationToken) in G:\New folder\HospitalSystem.API\Controllers\AuthController.cs:line 22
   at lambda_method10(Closure, Object)
   at Microsoft.AspNetCore.Mvc.Infrastructure.ActionMethodExecutor.AwaitableObjectResultExecutor.Execute(ActionContext actionContext, IActionResultTypeMapper mapper, ObjectMethodExecutor executor, Object controller, Object[] arguments)
   at Microsoft.AspNetCore.Mvc.Infrastructure.ControllerActionInvoker.<InvokeActionMethodAsync>g__Awaited|12_0(ControllerActionInvoker invoker, ValueTask`1 actionResultValueTask)
   at Microsoft.AspNetCore.Mvc.Infrastructure.ControllerActionInvoker.<InvokeNextActionFilterAsync>g__Awaited|10_0(ControllerActionInvoker invoker, Task lastTask, State next, Scope scope, Object state, Boolean isCompleted)
   at Microsoft.AspNetCore.Mvc.Infrastructure.ControllerActionInvoker.Rethrow(ActionExecutedContextSealed context)
   at Microsoft.AspNetCore.Mvc.Infrastructure.ControllerActionInvoker.Next(State& next, Scope& scope, Object& state, Boolean& isCompleted)
   at Microsoft.AspNetCore.Mvc.Infrastructure.ControllerActionInvoker.<InvokeInnerFilterAsync>g__Awaited|13_0(ControllerActionInvoker invoker, Task lastTask, State next, Scope scope, Object state, Boolean isCompleted)
   at Microsoft.AspNetCore.Mvc.Infrastructure.ResourceInvoker.<InvokeFilterPipelineAsync>g__Awaited|20_0(ResourceInvoker invoker, Task lastTask, State next, Scope scope, Object state, Boolean isCompleted)
   at Microsoft.AspNetCore.Mvc.Infrastructure.ResourceInvoker.<InvokeAsync>g__Awaited|17_0(ResourceInvoker invoker, Task task, IDisposable scope)
   at Microsoft.AspNetCore.Mvc.Infrastructure.ResourceInvoker.<InvokeAsync>g__Awaited|17_0(ResourceInvoker invoker, Task task, IDisposable scope)
   at Microsoft.AspNetCore.Authorization.AuthorizationMiddleware.Invoke(HttpContext context)
   at Microsoft.AspNetCore.Authentication.AuthenticationMiddleware.Invoke(HttpContext context)
   at Swashbuckle.AspNetCore.SwaggerUI.SwaggerUIMiddleware.Invoke(HttpContext httpContext)
   at Swashbuckle.AspNetCore.Swagger.SwaggerMiddleware.Invoke(HttpContext httpContext, ISwaggerProvider swaggerProvider)
   at HospitalSystem.API.Middleware.RequestLoggingMiddleware.InvokeAsync(HttpContext context) in G:\New folder\HospitalSystem.API\Middleware\RequestLoggingMiddleware.cs:line 19
   at HospitalSystem.API.Middleware.ExceptionHandlingMiddleware.InvokeAsync(HttpContext context) in G:\New folder\HospitalSystem.API\Middleware\ExceptionHandlingMiddleware.cs:line 24
2026-06-27 20:17:54.265 +03:00 [INF] HTTP OPTIONS /api/auth/login responded 204 in 0ms
2026-06-27 20:17:54.268 +03:00 [INF] Executed DbCommand (1ms) [Parameters=[], CommandType='"Text"', CommandTimeout='30']
SELECT [u].[Id], [u].[CreatedAt], [u].[Email], [u].[IsActive], [u].[PasswordHash], [u].[Role]
FROM [Users] AS [u]
2026-06-27 20:17:54.405 +03:00 [WRN] Request failed with "Unauthorized"
HospitalSystem.Application.Exceptions.UnauthorizedException: Invalid email or password.
   at HospitalSystem.Application.Services.AuthService.LoginAsync(LoginRequest request, CancellationToken cancellationToken) in G:\New folder\HospitalSystem.Application\Services\AuthService.cs:line 32
   at HospitalSystem.API.Controllers.AuthController.Login(LoginRequest request, CancellationToken cancellationToken) in G:\New folder\HospitalSystem.API\Controllers\AuthController.cs:line 22
   at lambda_method10(Closure, Object)
   at Microsoft.AspNetCore.Mvc.Infrastructure.ActionMethodExecutor.AwaitableObjectResultExecutor.Execute(ActionContext actionContext, IActionResultTypeMapper mapper, ObjectMethodExecutor executor, Object controller, Object[] arguments)
   at Microsoft.AspNetCore.Mvc.Infrastructure.ControllerActionInvoker.<InvokeActionMethodAsync>g__Awaited|12_0(ControllerActionInvoker invoker, ValueTask`1 actionResultValueTask)
   at Microsoft.AspNetCore.Mvc.Infrastructure.ControllerActionInvoker.<InvokeNextActionFilterAsync>g__Awaited|10_0(ControllerActionInvoker invoker, Task lastTask, State next, Scope scope, Object state, Boolean isCompleted)
   at Microsoft.AspNetCore.Mvc.Infrastructure.ControllerActionInvoker.Rethrow(ActionExecutedContextSealed context)
   at Microsoft.AspNetCore.Mvc.Infrastructure.ControllerActionInvoker.Next(State& next, Scope& scope, Object& state, Boolean& isCompleted)
   at Microsoft.AspNetCore.Mvc.Infrastructure.ControllerActionInvoker.<InvokeInnerFilterAsync>g__Awaited|13_0(ControllerActionInvoker invoker, Task lastTask, State next, Scope scope, Object state, Boolean isCompleted)
   at Microsoft.AspNetCore.Mvc.Infrastructure.ResourceInvoker.<InvokeFilterPipelineAsync>g__Awaited|20_0(ResourceInvoker invoker, Task lastTask, State next, Scope scope, Object state, Boolean isCompleted)
   at Microsoft.AspNetCore.Mvc.Infrastructure.ResourceInvoker.<InvokeAsync>g__Awaited|17_0(ResourceInvoker invoker, Task task, IDisposable scope)
   at Microsoft.AspNetCore.Mvc.Infrastructure.ResourceInvoker.<InvokeAsync>g__Awaited|17_0(ResourceInvoker invoker, Task task, IDisposable scope)
   at Microsoft.AspNetCore.Authorization.AuthorizationMiddleware.Invoke(HttpContext context)
   at Microsoft.AspNetCore.Authentication.AuthenticationMiddleware.Invoke(HttpContext context)
   at Swashbuckle.AspNetCore.SwaggerUI.SwaggerUIMiddleware.Invoke(HttpContext httpContext)
   at Swashbuckle.AspNetCore.Swagger.SwaggerMiddleware.Invoke(HttpContext httpContext, ISwaggerProvider swaggerProvider)
   at HospitalSystem.API.Middleware.RequestLoggingMiddleware.InvokeAsync(HttpContext context) in G:\New folder\HospitalSystem.API\Middleware\RequestLoggingMiddleware.cs:line 19
   at HospitalSystem.API.Middleware.ExceptionHandlingMiddleware.InvokeAsync(HttpContext context) in G:\New folder\HospitalSystem.API\Middleware\ExceptionHandlingMiddleware.cs:line 24
2026-06-27 20:17:55.829 +03:00 [INF] Executed DbCommand (0ms) [Parameters=[], CommandType='"Text"', CommandTimeout='30']
SELECT [u].[Id], [u].[CreatedAt], [u].[Email], [u].[IsActive], [u].[PasswordHash], [u].[Role]
FROM [Users] AS [u]
2026-06-27 20:17:55.983 +03:00 [WRN] Request failed with "Unauthorized"
HospitalSystem.Application.Exceptions.UnauthorizedException: Invalid email or password.
   at HospitalSystem.Application.Services.AuthService.LoginAsync(LoginRequest request, CancellationToken cancellationToken) in G:\New folder\HospitalSystem.Application\Services\AuthService.cs:line 32
   at HospitalSystem.API.Controllers.AuthController.Login(LoginRequest request, CancellationToken cancellationToken) in G:\New folder\HospitalSystem.API\Controllers\AuthController.cs:line 22
   at lambda_method10(Closure, Object)
   at Microsoft.AspNetCore.Mvc.Infrastructure.ActionMethodExecutor.AwaitableObjectResultExecutor.Execute(ActionContext actionContext, IActionResultTypeMapper mapper, ObjectMethodExecutor executor, Object controller, Object[] arguments)
   at Microsoft.AspNetCore.Mvc.Infrastructure.ControllerActionInvoker.<InvokeActionMethodAsync>g__Awaited|12_0(ControllerActionInvoker invoker, ValueTask`1 actionResultValueTask)
   at Microsoft.AspNetCore.Mvc.Infrastructure.ControllerActionInvoker.<InvokeNextActionFilterAsync>g__Awaited|10_0(ControllerActionInvoker invoker, Task lastTask, State next, Scope scope, Object state, Boolean isCompleted)
   at Microsoft.AspNetCore.Mvc.Infrastructure.ControllerActionInvoker.Rethrow(ActionExecutedContextSealed context)
   at Microsoft.AspNetCore.Mvc.Infrastructure.ControllerActionInvoker.Next(State& next, Scope& scope, Object& state, Boolean& isCompleted)
   at Microsoft.AspNetCore.Mvc.Infrastructure.ControllerActionInvoker.<InvokeInnerFilterAsync>g__Awaited|13_0(ControllerActionInvoker invoker, Task lastTask, State next, Scope scope, Object state, Boolean isCompleted)
   at Microsoft.AspNetCore.Mvc.Infrastructure.ResourceInvoker.<InvokeFilterPipelineAsync>g__Awaited|20_0(ResourceInvoker invoker, Task lastTask, State next, Scope scope, Object state, Boolean isCompleted)
   at Microsoft.AspNetCore.Mvc.Infrastructure.ResourceInvoker.<InvokeAsync>g__Awaited|17_0(ResourceInvoker invoker, Task task, IDisposable scope)
   at Microsoft.AspNetCore.Mvc.Infrastructure.ResourceInvoker.<InvokeAsync>g__Awaited|17_0(ResourceInvoker invoker, Task task, IDisposable scope)
   at Microsoft.AspNetCore.Authorization.AuthorizationMiddleware.Invoke(HttpContext context)
   at Microsoft.AspNetCore.Authentication.AuthenticationMiddleware.Invoke(HttpContext context)
   at Swashbuckle.AspNetCore.SwaggerUI.SwaggerUIMiddleware.Invoke(HttpContext httpContext)
   at Swashbuckle.AspNetCore.Swagger.SwaggerMiddleware.Invoke(HttpContext httpContext, ISwaggerProvider swaggerProvider)
   at HospitalSystem.API.Middleware.RequestLoggingMiddleware.InvokeAsync(HttpContext context) in G:\New folder\HospitalSystem.API\Middleware\RequestLoggingMiddleware.cs:line 19
   at HospitalSystem.API.Middleware.ExceptionHandlingMiddleware.InvokeAsync(HttpContext context) in G:\New folder\HospitalSystem.API\Middleware\ExceptionHandlingMiddleware.cs:line 24
2026-06-27 20:18:13.718 +03:00 [INF] HTTP OPTIONS /api/auth/login responded 204 in 0ms
2026-06-27 20:18:13.723 +03:00 [INF] Executed DbCommand (0ms) [Parameters=[], CommandType='"Text"', CommandTimeout='30']
SELECT [u].[Id], [u].[CreatedAt], [u].[Email], [u].[IsActive], [u].[PasswordHash], [u].[Role]
FROM [Users] AS [u]
2026-06-27 20:18:13.870 +03:00 [INF] HTTP POST /api/auth/login responded 200 in 149ms
2026-06-27 20:18:13.905 +03:00 [INF] HTTP OPTIONS /api/patients responded 204 in 0ms
2026-06-27 20:18:13.908 +03:00 [INF] Executed DbCommand (0ms) [Parameters=[], CommandType='"Text"', CommandTimeout='30']
SELECT [p].[Id], [p].[Address], [p].[BloodType], [p].[CreatedAt], [p].[DateOfBirth], [p].[Email], [p].[FullName], [p].[Gender], [p].[NationalId], [p].[Phone], [p].[UserId]
FROM [Patients] AS [p]
2026-06-27 20:18:13.909 +03:00 [INF] HTTP GET /api/patients responded 200 in 2ms
2026-06-27 20:18:20.626 +03:00 [INF] HTTP OPTIONS /api/patients responded 204 in 0ms
2026-06-27 20:18:20.632 +03:00 [INF] Executed DbCommand (0ms) [Parameters=[], CommandType='"Text"', CommandTimeout='30']
SELECT [p].[Id], [p].[Address], [p].[BloodType], [p].[CreatedAt], [p].[DateOfBirth], [p].[Email], [p].[FullName], [p].[Gender], [p].[NationalId], [p].[Phone], [p].[UserId]
FROM [Patients] AS [p]
2026-06-27 20:18:20.633 +03:00 [INF] HTTP GET /api/patients responded 200 in 2ms
2026-06-27 20:18:24.578 +03:00 [INF] HTTP OPTIONS /api/patients responded 204 in 0ms
2026-06-27 20:18:24.581 +03:00 [INF] Executed DbCommand (0ms) [Parameters=[], CommandType='"Text"', CommandTimeout='30']
SELECT [p].[Id], [p].[Address], [p].[BloodType], [p].[CreatedAt], [p].[DateOfBirth], [p].[Email], [p].[FullName], [p].[Gender], [p].[NationalId], [p].[Phone], [p].[UserId]
FROM [Patients] AS [p]
2026-06-27 20:18:24.581 +03:00 [INF] HTTP GET /api/patients responded 200 in 1ms
2026-06-27 20:18:26.943 +03:00 [INF] HTTP OPTIONS /api/patients responded 204 in 0ms
2026-06-27 20:18:26.947 +03:00 [INF] Executed DbCommand (0ms) [Parameters=[], CommandType='"Text"', CommandTimeout='30']
SELECT [p].[Id], [p].[Address], [p].[BloodType], [p].[CreatedAt], [p].[DateOfBirth], [p].[Email], [p].[FullName], [p].[Gender], [p].[NationalId], [p].[Phone], [p].[UserId]
FROM [Patients] AS [p]
2026-06-27 20:18:26.947 +03:00 [INF] HTTP GET /api/patients responded 200 in 1ms
2026-06-27 20:18:31.003 +03:00 [INF] HTTP OPTIONS /api/patients responded 204 in 0ms
2026-06-27 20:18:31.007 +03:00 [INF] Executed DbCommand (0ms) [Parameters=[], CommandType='"Text"', CommandTimeout='30']
SELECT [p].[Id], [p].[Address], [p].[BloodType], [p].[CreatedAt], [p].[DateOfBirth], [p].[Email], [p].[FullName], [p].[Gender], [p].[NationalId], [p].[Phone], [p].[UserId]
FROM [Patients] AS [p]
2026-06-27 20:18:31.007 +03:00 [INF] HTTP GET /api/patients responded 200 in 1ms
2026-06-27 20:18:35.772 +03:00 [INF] HTTP OPTIONS /api/patients responded 204 in 0ms
2026-06-27 20:18:35.775 +03:00 [INF] Executed DbCommand (0ms) [Parameters=[], CommandType='"Text"', CommandTimeout='30']
SELECT [p].[Id], [p].[Address], [p].[BloodType], [p].[CreatedAt], [p].[DateOfBirth], [p].[Email], [p].[FullName], [p].[Gender], [p].[NationalId], [p].[Phone], [p].[UserId]
FROM [Patients] AS [p]
2026-06-27 20:18:35.776 +03:00 [INF] HTTP GET /api/patients responded 200 in 1ms
2026-06-27 20:18:43.143 +03:00 [INF] HTTP OPTIONS /api/departments responded 204 in 0ms
2026-06-27 20:18:43.143 +03:00 [INF] HTTP OPTIONS /api/patients responded 204 in 0ms
2026-06-27 20:18:43.147 +03:00 [INF] Executed DbCommand (0ms) [Parameters=[], CommandType='"Text"', CommandTimeout='30']
SELECT [d].[Id], [d].[Description], [d].[IsActive], [d].[Name]
FROM [Departments] AS [d]
2026-06-27 20:18:43.147 +03:00 [INF] Executed DbCommand (0ms) [Parameters=[], CommandType='"Text"', CommandTimeout='30']
SELECT [p].[Id], [p].[Address], [p].[BloodType], [p].[CreatedAt], [p].[DateOfBirth], [p].[Email], [p].[FullName], [p].[Gender], [p].[NationalId], [p].[Phone], [p].[UserId]
FROM [Patients] AS [p]
2026-06-27 20:18:43.148 +03:00 [INF] HTTP GET /api/departments responded 200 in 1ms
2026-06-27 20:18:43.148 +03:00 [INF] HTTP GET /api/patients responded 200 in 1ms
2026-06-27 20:18:53.782 +03:00 [INF] HTTP OPTIONS /api/doctors responded 204 in 0ms
2026-06-27 20:18:53.790 +03:00 [INF] Executed DbCommand (1ms) [Parameters=[], CommandType='"Text"', CommandTimeout='30']
SELECT [d].[Id], [d].[DepartmentId], [d].[FullName], [d].[IsActive], [d].[Phone], [d].[Specialization], [d].[UserId]
FROM [Doctors] AS [d]
2026-06-27 20:18:53.791 +03:00 [INF] Executed DbCommand (1ms) [Parameters=[@p='?' (DbType = Guid)], CommandType='"Text"', CommandTimeout='30']
SELECT TOP(1) [d].[Id], [d].[Description], [d].[IsActive], [d].[Name]
FROM [Departments] AS [d]
WHERE [d].[Id] = @p
2026-06-27 20:18:53.792 +03:00 [INF] Executed DbCommand (0ms) [Parameters=[@p='?' (DbType = Guid)], CommandType='"Text"', CommandTimeout='30']
SELECT TOP(1) [d].[Id], [d].[Description], [d].[IsActive], [d].[Name]
FROM [Departments] AS [d]
WHERE [d].[Id] = @p
2026-06-27 20:18:53.793 +03:00 [INF] HTTP GET /api/doctors responded 200 in 4ms
2026-06-27 20:18:53.799 +03:00 [INF] HTTP OPTIONS /api/appointments responded 204 in 0ms
2026-06-27 20:18:53.803 +03:00 [INF] Executed DbCommand (1ms) [Parameters=[@doctorId='?' (DbType = Guid), @date='?' (DbType = Date)], CommandType='"Text"', CommandTimeout='30']
SELECT [a].[Id], [a].[AppointmentDate], [a].[CreatedAt], [a].[CreatedByReceptionistId], [a].[DoctorId], [a].[EndTime], [a].[Notes], [a].[PatientId], [a].[StartTime], [a].[Status], [a].[UpdatedAt]
FROM [Appointments] AS [a]
WHERE [a].[DoctorId] = @doctorId AND [a].[AppointmentDate] = @date
ORDER BY [a].[StartTime]
2026-06-27 20:18:53.803 +03:00 [INF] HTTP GET /api/appointments responded 200 in 2ms
2026-06-27 20:18:53.807 +03:00 [INF] HTTP OPTIONS /api/appointments responded 204 in 0ms
2026-06-27 20:18:53.810 +03:00 [INF] Executed DbCommand (0ms) [Parameters=[@doctorId='?' (DbType = Guid), @date='?' (DbType = Date)], CommandType='"Text"', CommandTimeout='30']
SELECT [a].[Id], [a].[AppointmentDate], [a].[CreatedAt], [a].[CreatedByReceptionistId], [a].[DoctorId], [a].[EndTime], [a].[Notes], [a].[PatientId], [a].[StartTime], [a].[Status], [a].[UpdatedAt]
FROM [Appointments] AS [a]
WHERE [a].[DoctorId] = @doctorId AND [a].[AppointmentDate] = @date
ORDER BY [a].[StartTime]
2026-06-27 20:18:53.810 +03:00 [INF] HTTP GET /api/appointments responded 200 in 1ms
2026-06-27 20:19:02.789 +03:00 [INF] HTTP OPTIONS /api/patients responded 204 in 0ms
2026-06-27 20:19:02.792 +03:00 [INF] Executed DbCommand (0ms) [Parameters=[], CommandType='"Text"', CommandTimeout='30']
SELECT [p].[Id], [p].[Address], [p].[BloodType], [p].[CreatedAt], [p].[DateOfBirth], [p].[Email], [p].[FullName], [p].[Gender], [p].[NationalId], [p].[Phone], [p].[UserId]
FROM [Patients] AS [p]
2026-06-27 20:19:02.792 +03:00 [INF] HTTP GET /api/patients responded 200 in 1ms
2026-06-27 20:19:36.024 +03:00 [INF] HTTP OPTIONS /api/auth/login responded 204 in 0ms
2026-06-27 20:19:36.028 +03:00 [INF] Executed DbCommand (0ms) [Parameters=[], CommandType='"Text"', CommandTimeout='30']
SELECT [u].[Id], [u].[CreatedAt], [u].[Email], [u].[IsActive], [u].[PasswordHash], [u].[Role]
FROM [Users] AS [u]
2026-06-27 20:19:36.028 +03:00 [WRN] Request failed with "Unauthorized"
HospitalSystem.Application.Exceptions.UnauthorizedException: Invalid email or password.
   at HospitalSystem.Application.Services.AuthService.LoginAsync(LoginRequest request, CancellationToken cancellationToken) in G:\New folder\HospitalSystem.Application\Services\AuthService.cs:line 32
   at HospitalSystem.API.Controllers.AuthController.Login(LoginRequest request, CancellationToken cancellationToken) in G:\New folder\HospitalSystem.API\Controllers\AuthController.cs:line 22
   at lambda_method10(Closure, Object)
   at Microsoft.AspNetCore.Mvc.Infrastructure.ActionMethodExecutor.AwaitableObjectResultExecutor.Execute(ActionContext actionContext, IActionResultTypeMapper mapper, ObjectMethodExecutor executor, Object controller, Object[] arguments)
   at Microsoft.AspNetCore.Mvc.Infrastructure.ControllerActionInvoker.<InvokeActionMethodAsync>g__Awaited|12_0(ControllerActionInvoker invoker, ValueTask`1 actionResultValueTask)
   at Microsoft.AspNetCore.Mvc.Infrastructure.ControllerActionInvoker.<InvokeNextActionFilterAsync>g__Awaited|10_0(ControllerActionInvoker invoker, Task lastTask, State next, Scope scope, Object state, Boolean isCompleted)
   at Microsoft.AspNetCore.Mvc.Infrastructure.ControllerActionInvoker.Rethrow(ActionExecutedContextSealed context)
   at Microsoft.AspNetCore.Mvc.Infrastructure.ControllerActionInvoker.Next(State& next, Scope& scope, Object& state, Boolean& isCompleted)
   at Microsoft.AspNetCore.Mvc.Infrastructure.ControllerActionInvoker.<InvokeInnerFilterAsync>g__Awaited|13_0(ControllerActionInvoker invoker, Task lastTask, State next, Scope scope, Object state, Boolean isCompleted)
   at Microsoft.AspNetCore.Mvc.Infrastructure.ResourceInvoker.<InvokeFilterPipelineAsync>g__Awaited|20_0(ResourceInvoker invoker, Task lastTask, State next, Scope scope, Object state, Boolean isCompleted)
   at Microsoft.AspNetCore.Mvc.Infrastructure.ResourceInvoker.<InvokeAsync>g__Awaited|17_0(ResourceInvoker invoker, Task task, IDisposable scope)
   at Microsoft.AspNetCore.Mvc.Infrastructure.ResourceInvoker.<InvokeAsync>g__Awaited|17_0(ResourceInvoker invoker, Task task, IDisposable scope)
   at Microsoft.AspNetCore.Authorization.AuthorizationMiddleware.Invoke(HttpContext context)
   at Microsoft.AspNetCore.Authentication.AuthenticationMiddleware.Invoke(HttpContext context)
   at Swashbuckle.AspNetCore.SwaggerUI.SwaggerUIMiddleware.Invoke(HttpContext httpContext)
   at Swashbuckle.AspNetCore.Swagger.SwaggerMiddleware.Invoke(HttpContext httpContext, ISwaggerProvider swaggerProvider)
   at HospitalSystem.API.Middleware.RequestLoggingMiddleware.InvokeAsync(HttpContext context) in G:\New folder\HospitalSystem.API\Middleware\RequestLoggingMiddleware.cs:line 19
   at HospitalSystem.API.Middleware.ExceptionHandlingMiddleware.InvokeAsync(HttpContext context) in G:\New folder\HospitalSystem.API\Middleware\ExceptionHandlingMiddleware.cs:line 24
2026-06-27 20:19:37.192 +03:00 [INF] Executed DbCommand (0ms) [Parameters=[], CommandType='"Text"', CommandTimeout='30']
SELECT [u].[Id], [u].[CreatedAt], [u].[Email], [u].[IsActive], [u].[PasswordHash], [u].[Role]
FROM [Users] AS [u]
2026-06-27 20:19:37.193 +03:00 [WRN] Request failed with "Unauthorized"
HospitalSystem.Application.Exceptions.UnauthorizedException: Invalid email or password.
   at HospitalSystem.Application.Services.AuthService.LoginAsync(LoginRequest request, CancellationToken cancellationToken) in G:\New folder\HospitalSystem.Application\Services\AuthService.cs:line 32
   at HospitalSystem.API.Controllers.AuthController.Login(LoginRequest request, CancellationToken cancellationToken) in G:\New folder\HospitalSystem.API\Controllers\AuthController.cs:line 22
   at lambda_method10(Closure, Object)
   at Microsoft.AspNetCore.Mvc.Infrastructure.ActionMethodExecutor.AwaitableObjectResultExecutor.Execute(ActionContext actionContext, IActionResultTypeMapper mapper, ObjectMethodExecutor executor, Object controller, Object[] arguments)
   at Microsoft.AspNetCore.Mvc.Infrastructure.ControllerActionInvoker.<InvokeActionMethodAsync>g__Awaited|12_0(ControllerActionInvoker invoker, ValueTask`1 actionResultValueTask)
   at Microsoft.AspNetCore.Mvc.Infrastructure.ControllerActionInvoker.<InvokeNextActionFilterAsync>g__Awaited|10_0(ControllerActionInvoker invoker, Task lastTask, State next, Scope scope, Object state, Boolean isCompleted)
   at Microsoft.AspNetCore.Mvc.Infrastructure.ControllerActionInvoker.Rethrow(ActionExecutedContextSealed context)
   at Microsoft.AspNetCore.Mvc.Infrastructure.ControllerActionInvoker.Next(State& next, Scope& scope, Object& state, Boolean& isCompleted)
   at Microsoft.AspNetCore.Mvc.Infrastructure.ControllerActionInvoker.<InvokeInnerFilterAsync>g__Awaited|13_0(ControllerActionInvoker invoker, Task lastTask, State next, Scope scope, Object state, Boolean isCompleted)
   at Microsoft.AspNetCore.Mvc.Infrastructure.ResourceInvoker.<InvokeFilterPipelineAsync>g__Awaited|20_0(ResourceInvoker invoker, Task lastTask, State next, Scope scope, Object state, Boolean isCompleted)
   at Microsoft.AspNetCore.Mvc.Infrastructure.ResourceInvoker.<InvokeAsync>g__Awaited|17_0(ResourceInvoker invoker, Task task, IDisposable scope)
   at Microsoft.AspNetCore.Mvc.Infrastructure.ResourceInvoker.<InvokeAsync>g__Awaited|17_0(ResourceInvoker invoker, Task task, IDisposable scope)
   at Microsoft.AspNetCore.Authorization.AuthorizationMiddleware.Invoke(HttpContext context)
   at Microsoft.AspNetCore.Authentication.AuthenticationMiddleware.Invoke(HttpContext context)
   at Swashbuckle.AspNetCore.SwaggerUI.SwaggerUIMiddleware.Invoke(HttpContext httpContext)
   at Swashbuckle.AspNetCore.Swagger.SwaggerMiddleware.Invoke(HttpContext httpContext, ISwaggerProvider swaggerProvider)
   at HospitalSystem.API.Middleware.RequestLoggingMiddleware.InvokeAsync(HttpContext context) in G:\New folder\HospitalSystem.API\Middleware\RequestLoggingMiddleware.cs:line 19
   at HospitalSystem.API.Middleware.ExceptionHandlingMiddleware.InvokeAsync(HttpContext context) in G:\New folder\HospitalSystem.API\Middleware\ExceptionHandlingMiddleware.cs:line 24
2026-06-27 20:22:41.790 +03:00 [INF] Executed DbCommand (39ms) [Parameters=[], CommandType='"Text"', CommandTimeout='30']
SELECT 1
2026-06-27 20:22:41.852 +03:00 [INF] Acquiring an exclusive lock for migration application. See https://aka.ms/efcore-docs-migrations-lock for more information if this takes too long.
2026-06-27 20:22:41.907 +03:00 [INF] Executed DbCommand (48ms) [Parameters=[], CommandType='"Text"', CommandTimeout='30']
DECLARE @result int;
EXEC @result = sp_getapplock @Resource = '__EFMigrationsLock', @LockOwner = 'Session', @LockMode = 'Exclusive';
SELECT @result
2026-06-27 20:22:42.068 +03:00 [INF] Executed DbCommand (4ms) [Parameters=[], CommandType='"Text"', CommandTimeout='30']
IF OBJECT_ID(N'[__EFMigrationsHistory]') IS NULL
BEGIN
    CREATE TABLE [__EFMigrationsHistory] (
        [MigrationId] nvarchar(150) NOT NULL,
        [ProductVersion] nvarchar(32) NOT NULL,
        CONSTRAINT [PK___EFMigrationsHistory] PRIMARY KEY ([MigrationId])
    );
END;
2026-06-27 20:22:42.101 +03:00 [INF] Executed DbCommand (1ms) [Parameters=[], CommandType='"Text"', CommandTimeout='30']
SELECT 1
2026-06-27 20:22:42.103 +03:00 [INF] Executed DbCommand (1ms) [Parameters=[], CommandType='"Text"', CommandTimeout='30']
SELECT OBJECT_ID(N'[__EFMigrationsHistory]');
2026-06-27 20:22:42.120 +03:00 [INF] Executed DbCommand (12ms) [Parameters=[], CommandType='"Text"', CommandTimeout='30']
SELECT [MigrationId], [ProductVersion]
FROM [__EFMigrationsHistory]
ORDER BY [MigrationId];
2026-06-27 20:22:42.137 +03:00 [INF] No migrations were applied. The database is already up to date.
2026-06-27 20:22:42.144 +03:00 [INF] Executed DbCommand (5ms) [Parameters=[], CommandType='"Text"', CommandTimeout='30']
DECLARE @result int;
EXEC @result = sp_releaseapplock @Resource = '__EFMigrationsLock', @LockOwner = 'Session';
SELECT @result
2026-06-27 20:22:42.585 +03:00 [INF] Executed DbCommand (6ms) [Parameters=[], CommandType='"Text"', CommandTimeout='30']
SELECT CASE
    WHEN EXISTS (
        SELECT 1
        FROM [Users] AS [u]) THEN CAST(1 AS bit)
    ELSE CAST(0 AS bit)
END
2026-06-27 20:22:42.591 +03:00 [INF] Database already seeded. Ensuring demo accounts exist.
2026-06-27 20:22:42.700 +03:00 [INF] Executed DbCommand (9ms) [Parameters=[], CommandType='"Text"', CommandTimeout='30']
SELECT TOP(1) [u].[Id], [u].[CreatedAt], [u].[Email], [u].[IsActive], [u].[PasswordHash], [u].[Role]
FROM [Users] AS [u]
WHERE [u].[Email] = N'patient@hospital.com'
2026-06-27 20:22:42.704 +03:00 [INF] Adding missing demo patient user patient@hospital.com.
2026-06-27 20:22:43.531 +03:00 [INF] Executed DbCommand (31ms) [Parameters=[@p0='?' (DbType = Guid), @p1='?' (DbType = DateTime2), @p2='?' (Size = 256), @p3='?' (DbType = Boolean), @p4='?' (Size = 512), @p5='?' (Size = 50)], CommandType='"Text"', CommandTimeout='30']
SET IMPLICIT_TRANSACTIONS OFF;
SET NOCOUNT ON;
INSERT INTO [Users] ([Id], [CreatedAt], [Email], [IsActive], [PasswordHash], [Role])
VALUES (@p0, @p1, @p2, @p3, @p4, @p5);
2026-06-27 20:22:43.584 +03:00 [INF] Executed DbCommand (9ms) [Parameters=[@patientUser_Id='?' (DbType = Guid)], CommandType='"Text"', CommandTimeout='30']
SELECT TOP(1) [p].[Id], [p].[Address], [p].[BloodType], [p].[CreatedAt], [p].[DateOfBirth], [p].[Email], [p].[FullName], [p].[Gender], [p].[NationalId], [p].[Phone], [p].[UserId]
FROM [Patients] AS [p]
WHERE [p].[UserId] = @patientUser_Id
2026-06-27 20:22:43.599 +03:00 [INF] Executed DbCommand (5ms) [Parameters=[], CommandType='"Text"', CommandTimeout='30']
SELECT TOP(1) [p].[Id], [p].[Address], [p].[BloodType], [p].[CreatedAt], [p].[DateOfBirth], [p].[Email], [p].[FullName], [p].[Gender], [p].[NationalId], [p].[Phone], [p].[UserId]
FROM [Patients] AS [p]
WHERE [p].[FullName] = N'Alice Johnson'
2026-06-27 20:22:43.647 +03:00 [INF] Linked demo patient user to Alice Johnson profile.
2026-06-27 20:22:43.750 +03:00 [INF] Executed DbCommand (10ms) [Parameters=[@p1='?' (DbType = Guid), @p0='?' (DbType = Guid)], CommandType='"Text"', CommandTimeout='30']
SET IMPLICIT_TRANSACTIONS OFF;
SET NOCOUNT ON;
UPDATE [Patients] SET [UserId] = @p0
OUTPUT 1
WHERE [Id] = @p1;
2026-06-27 20:22:44.030 +03:00 [INF] Now listening on: http://localhost:5000
2026-06-27 20:22:44.030 +03:00 [INF] Application started. Press Ctrl+C to shut down.
2026-06-27 20:22:44.030 +03:00 [INF] Hosting environment: Development
2026-06-27 20:22:44.030 +03:00 [INF] Content root path: G:\New folder\HospitalSystem.API
2026-06-27 20:22:52.073 +03:00 [WRN] Failed to determine the https port for redirect.
2026-06-27 20:22:52.297 +03:00 [INF] Executed DbCommand (2ms) [Parameters=[], CommandType='"Text"', CommandTimeout='30']
SELECT [u].[Id], [u].[CreatedAt], [u].[Email], [u].[IsActive], [u].[PasswordHash], [u].[Role]
FROM [Users] AS [u]
2026-06-27 20:22:52.829 +03:00 [INF] HTTP POST /api/auth/login responded 200 in 789ms
2026-06-27 20:23:35.518 +03:00 [INF] HTTP OPTIONS /api/auth/login responded 204 in 4ms
2026-06-27 20:23:35.536 +03:00 [INF] Executed DbCommand (1ms) [Parameters=[], CommandType='"Text"', CommandTimeout='30']
SELECT [u].[Id], [u].[CreatedAt], [u].[Email], [u].[IsActive], [u].[PasswordHash], [u].[Role]
FROM [Users] AS [u]
2026-06-27 20:23:35.913 +03:00 [INF] HTTP POST /api/auth/login responded 200 in 390ms
2026-06-27 20:23:35.957 +03:00 [INF] HTTP OPTIONS /api/patient/profile responded 204 in 0ms
2026-06-27 20:23:36.058 +03:00 [INF] Executed DbCommand (2ms) [Parameters=[], CommandType='"Text"', CommandTimeout='30']
SELECT [p].[Id], [p].[Address], [p].[BloodType], [p].[CreatedAt], [p].[DateOfBirth], [p].[Email], [p].[FullName], [p].[Gender], [p].[NationalId], [p].[Phone], [p].[UserId]
FROM [Patients] AS [p]
2026-06-27 20:23:36.086 +03:00 [INF] HTTP GET /api/patient/profile responded 200 in 122ms
2026-06-27 20:23:45.356 +03:00 [INF] HTTP OPTIONS /api/patient/appointments responded 204 in 0ms
2026-06-27 20:23:45.374 +03:00 [INF] Executed DbCommand (1ms) [Parameters=[], CommandType='"Text"', CommandTimeout='30']
SELECT [p].[Id], [p].[Address], [p].[BloodType], [p].[CreatedAt], [p].[DateOfBirth], [p].[Email], [p].[FullName], [p].[Gender], [p].[NationalId], [p].[Phone], [p].[UserId]
FROM [Patients] AS [p]
2026-06-27 20:23:45.397 +03:00 [INF] Executed DbCommand (4ms) [Parameters=[@patientId='?' (DbType = Guid)], CommandType='"Text"', CommandTimeout='30']
SELECT [a].[Id], [a].[AppointmentDate], [a].[CreatedAt], [a].[CreatedByReceptionistId], [a].[DoctorId], [a].[EndTime], [a].[Notes], [a].[PatientId], [a].[StartTime], [a].[Status], [a].[UpdatedAt]
FROM [Appointments] AS [a]
WHERE [a].[PatientId] = @patientId
ORDER BY [a].[AppointmentDate] DESC, [a].[StartTime] DESC
2026-06-27 20:23:45.421 +03:00 [INF] HTTP GET /api/patient/appointments responded 200 in 63ms
2026-06-27 20:23:53.810 +03:00 [INF] HTTP OPTIONS /api/auth/login responded 204 in 0ms
2026-06-27 20:23:53.864 +03:00 [INF] Executed DbCommand (2ms) [Parameters=[], CommandType='"Text"', CommandTimeout='30']
SELECT [u].[Id], [u].[CreatedAt], [u].[Email], [u].[IsActive], [u].[PasswordHash], [u].[Role]
FROM [Users] AS [u]
2026-06-27 20:23:54.302 +03:00 [INF] HTTP POST /api/auth/login responded 200 in 479ms
2026-06-27 20:23:54.320 +03:00 [INF] HTTP OPTIONS /api/departments responded 204 in 0ms
2026-06-27 20:23:54.353 +03:00 [INF] Executed DbCommand (3ms) [Parameters=[], CommandType='"Text"', CommandTimeout='30']
SELECT [d].[Id], [d].[Description], [d].[IsActive], [d].[Name]
FROM [Departments] AS [d]
2026-06-27 20:23:54.390 +03:00 [INF] HTTP GET /api/departments responded 200 in 66ms
2026-06-27 20:23:59.506 +03:00 [INF] HTTP OPTIONS /api/auth/login responded 204 in 0ms
2026-06-27 20:23:59.519 +03:00 [INF] Executed DbCommand (2ms) [Parameters=[], CommandType='"Text"', CommandTimeout='30']
SELECT [u].[Id], [u].[CreatedAt], [u].[Email], [u].[IsActive], [u].[PasswordHash], [u].[Role]
FROM [Users] AS [u]
2026-06-27 20:23:59.898 +03:00 [INF] HTTP POST /api/auth/login responded 200 in 385ms
2026-06-27 20:23:59.912 +03:00 [INF] HTTP OPTIONS /api/patients responded 204 in 0ms
2026-06-27 20:23:59.930 +03:00 [INF] Executed DbCommand (1ms) [Parameters=[], CommandType='"Text"', CommandTimeout='30']
SELECT [p].[Id], [p].[Address], [p].[BloodType], [p].[CreatedAt], [p].[DateOfBirth], [p].[Email], [p].[FullName], [p].[Gender], [p].[NationalId], [p].[Phone], [p].[UserId]
FROM [Patients] AS [p]
2026-06-27 20:23:59.935 +03:00 [INF] HTTP GET /api/patients responded 200 in 20ms
2026-06-27 20:24:02.227 +03:00 [INF] HTTP OPTIONS /api/departments responded 204 in 1ms
2026-06-27 20:24:02.229 +03:00 [INF] HTTP OPTIONS /api/patients responded 204 in 0ms
2026-06-27 20:24:02.243 +03:00 [INF] Executed DbCommand (2ms) [Parameters=[], CommandType='"Text"', CommandTimeout='30']
SELECT [p].[Id], [p].[Address], [p].[BloodType], [p].[CreatedAt], [p].[DateOfBirth], [p].[Email], [p].[FullName], [p].[Gender], [p].[NationalId], [p].[Phone], [p].[UserId]
FROM [Patients] AS [p]
2026-06-27 20:24:02.245 +03:00 [INF] HTTP GET /api/patients responded 200 in 9ms
2026-06-27 20:24:02.263 +03:00 [INF] Executed DbCommand (1ms) [Parameters=[], CommandType='"Text"', CommandTimeout='30']
SELECT [d].[Id], [d].[Description], [d].[IsActive], [d].[Name]
FROM [Departments] AS [d]
2026-06-27 20:24:02.265 +03:00 [INF] HTTP GET /api/departments responded 200 in 28ms
2026-06-27 20:24:03.711 +03:00 [INF] HTTP OPTIONS /api/doctors responded 204 in 0ms
2026-06-27 20:24:03.809 +03:00 [INF] Executed DbCommand (10ms) [Parameters=[], CommandType='"Text"', CommandTimeout='30']
SELECT [d].[Id], [d].[DepartmentId], [d].[FullName], [d].[IsActive], [d].[Phone], [d].[Specialization], [d].[UserId]
FROM [Doctors] AS [d]
2026-06-27 20:24:04.140 +03:00 [INF] Executed DbCommand (6ms) [Parameters=[@p='?' (DbType = Guid)], CommandType='"Text"', CommandTimeout='30']
SELECT TOP(1) [d].[Id], [d].[Description], [d].[IsActive], [d].[Name]
FROM [Departments] AS [d]
WHERE [d].[Id] = @p
2026-06-27 20:24:04.210 +03:00 [INF] Executed DbCommand (2ms) [Parameters=[@p='?' (DbType = Guid)], CommandType='"Text"', CommandTimeout='30']
SELECT TOP(1) [d].[Id], [d].[Description], [d].[IsActive], [d].[Name]
FROM [Departments] AS [d]
WHERE [d].[Id] = @p
2026-06-27 20:24:04.229 +03:00 [INF] HTTP GET /api/doctors responded 200 in 510ms
2026-06-27 20:24:04.244 +03:00 [INF] HTTP OPTIONS /api/appointments responded 204 in 0ms
2026-06-27 20:24:04.343 +03:00 [INF] Executed DbCommand (11ms) [Parameters=[@doctorId='?' (DbType = Guid), @date='?' (DbType = Date)], CommandType='"Text"', CommandTimeout='30']
SELECT [a].[Id], [a].[AppointmentDate], [a].[CreatedAt], [a].[CreatedByReceptionistId], [a].[DoctorId], [a].[EndTime], [a].[Notes], [a].[PatientId], [a].[StartTime], [a].[Status], [a].[UpdatedAt]
FROM [Appointments] AS [a]
WHERE [a].[DoctorId] = @doctorId AND [a].[AppointmentDate] = @date
ORDER BY [a].[StartTime]
2026-06-27 20:24:04.345 +03:00 [INF] HTTP GET /api/appointments responded 200 in 95ms
2026-06-27 20:24:04.356 +03:00 [INF] HTTP OPTIONS /api/appointments responded 204 in 0ms
2026-06-27 20:24:04.370 +03:00 [INF] Executed DbCommand (1ms) [Parameters=[@doctorId='?' (DbType = Guid), @date='?' (DbType = Date)], CommandType='"Text"', CommandTimeout='30']
SELECT [a].[Id], [a].[AppointmentDate], [a].[CreatedAt], [a].[CreatedByReceptionistId], [a].[DoctorId], [a].[EndTime], [a].[Notes], [a].[PatientId], [a].[StartTime], [a].[Status], [a].[UpdatedAt]
FROM [Appointments] AS [a]
WHERE [a].[DoctorId] = @doctorId AND [a].[AppointmentDate] = @date
ORDER BY [a].[StartTime]
2026-06-27 20:24:04.372 +03:00 [INF] HTTP GET /api/appointments responded 200 in 9ms
2026-06-27 20:30:06.174 +03:00 [INF] HTTP OPTIONS /api/auth/login responded 204 in 0ms
2026-06-27 20:30:06.277 +03:00 [INF] Executed DbCommand (16ms) [Parameters=[], CommandType='"Text"', CommandTimeout='30']
SELECT [u].[Id], [u].[CreatedAt], [u].[Email], [u].[IsActive], [u].[PasswordHash], [u].[Role]
FROM [Users] AS [u]
2026-06-27 20:30:06.573 +03:00 [INF] HTTP POST /api/auth/login responded 200 in 397ms
2026-06-27 20:30:06.607 +03:00 [INF] HTTP OPTIONS /api/patients responded 204 in 0ms
2026-06-27 20:30:06.614 +03:00 [INF] Executed DbCommand (3ms) [Parameters=[], CommandType='"Text"', CommandTimeout='30']
SELECT [p].[Id], [p].[Address], [p].[BloodType], [p].[CreatedAt], [p].[DateOfBirth], [p].[Email], [p].[FullName], [p].[Gender], [p].[NationalId], [p].[Phone], [p].[UserId]
FROM [Patients] AS [p]
2026-06-27 20:30:06.615 +03:00 [INF] HTTP GET /api/patients responded 200 in 5ms
2026-06-27 20:30:48.043 +03:00 [INF] HTTP OPTIONS /api/patients responded 204 in 0ms
2026-06-27 20:30:48.053 +03:00 [INF] Executed DbCommand (1ms) [Parameters=[], CommandType='"Text"', CommandTimeout='30']
SELECT [p].[Id], [p].[Address], [p].[BloodType], [p].[CreatedAt], [p].[DateOfBirth], [p].[Email], [p].[FullName], [p].[Gender], [p].[NationalId], [p].[Phone], [p].[UserId]
FROM [Patients] AS [p]
2026-06-27 20:30:48.054 +03:00 [INF] HTTP GET /api/patients responded 200 in 7ms
2026-06-27 20:31:39.640 +03:00 [INF] HTTP OPTIONS /api/patients responded 204 in 0ms
2026-06-27 20:31:39.664 +03:00 [INF] Executed DbCommand (2ms) [Parameters=[], CommandType='"Text"', CommandTimeout='30']
SELECT [p].[Id], [p].[Address], [p].[BloodType], [p].[CreatedAt], [p].[DateOfBirth], [p].[Email], [p].[FullName], [p].[Gender], [p].[NationalId], [p].[Phone], [p].[UserId]
FROM [Patients] AS [p]
2026-06-27 20:31:39.667 +03:00 [INF] HTTP GET /api/patients responded 200 in 11ms
2026-06-27 20:33:03.762 +03:00 [INF] HTTP OPTIONS /api/patients responded 204 in 0ms
2026-06-27 20:33:03.766 +03:00 [INF] Executed DbCommand (1ms) [Parameters=[], CommandType='"Text"', CommandTimeout='30']
SELECT [p].[Id], [p].[Address], [p].[BloodType], [p].[CreatedAt], [p].[DateOfBirth], [p].[Email], [p].[FullName], [p].[Gender], [p].[NationalId], [p].[Phone], [p].[UserId]
FROM [Patients] AS [p]
2026-06-27 20:33:03.767 +03:00 [INF] HTTP GET /api/patients responded 200 in 3ms
2026-06-27 20:33:37.276 +03:00 [INF] HTTP OPTIONS /api/patients responded 204 in 0ms
2026-06-27 20:33:37.282 +03:00 [INF] Executed DbCommand (1ms) [Parameters=[], CommandType='"Text"', CommandTimeout='30']
SELECT [p].[Id], [p].[Address], [p].[BloodType], [p].[CreatedAt], [p].[DateOfBirth], [p].[Email], [p].[FullName], [p].[Gender], [p].[NationalId], [p].[Phone], [p].[UserId]
FROM [Patients] AS [p]
2026-06-27 20:33:37.282 +03:00 [INF] HTTP GET /api/patients responded 200 in 3ms
2026-06-27 20:34:10.281 +03:00 [INF] HTTP OPTIONS /api/patients responded 204 in 0ms
2026-06-27 20:34:10.284 +03:00 [INF] Executed DbCommand (0ms) [Parameters=[], CommandType='"Text"', CommandTimeout='30']
SELECT [p].[Id], [p].[Address], [p].[BloodType], [p].[CreatedAt], [p].[DateOfBirth], [p].[Email], [p].[FullName], [p].[Gender], [p].[NationalId], [p].[Phone], [p].[UserId]
FROM [Patients] AS [p]
2026-06-27 20:34:10.284 +03:00 [INF] HTTP GET /api/patients responded 200 in 2ms
2026-06-27 20:35:20.804 +03:00 [INF] HTTP OPTIONS /api/patients responded 204 in 0ms
2026-06-27 20:35:20.809 +03:00 [INF] Executed DbCommand (1ms) [Parameters=[], CommandType='"Text"', CommandTimeout='30']
SELECT [p].[Id], [p].[Address], [p].[BloodType], [p].[CreatedAt], [p].[DateOfBirth], [p].[Email], [p].[FullName], [p].[Gender], [p].[NationalId], [p].[Phone], [p].[UserId]
FROM [Patients] AS [p]
2026-06-27 20:35:20.810 +03:00 [INF] HTTP GET /api/patients responded 200 in 3ms
2026-06-27 20:37:12.846 +03:00 [INF] HTTP OPTIONS /api/auth/login responded 204 in 0ms
2026-06-27 20:37:12.851 +03:00 [INF] Executed DbCommand (1ms) [Parameters=[], CommandType='"Text"', CommandTimeout='30']
SELECT [u].[Id], [u].[CreatedAt], [u].[Email], [u].[IsActive], [u].[PasswordHash], [u].[Role]
FROM [Users] AS [u]
2026-06-27 20:37:12.996 +03:00 [INF] HTTP POST /api/auth/login responded 200 in 147ms
2026-06-27 20:37:13.026 +03:00 [INF] HTTP OPTIONS /api/doctor/schedule responded 204 in 0ms
2026-06-27 20:37:13.047 +03:00 [INF] Executed DbCommand (2ms) [Parameters=[], CommandType='"Text"', CommandTimeout='30']
SELECT [d].[Id], [d].[DepartmentId], [d].[FullName], [d].[IsActive], [d].[Phone], [d].[Specialization], [d].[UserId]
FROM [Doctors] AS [d]
2026-06-27 20:37:13.051 +03:00 [INF] Executed DbCommand (3ms) [Parameters=[@p='?' (DbType = Guid)], CommandType='"Text"', CommandTimeout='30']
SELECT TOP(1) [d].[Id], [d].[Description], [d].[IsActive], [d].[Name]
FROM [Departments] AS [d]
WHERE [d].[Id] = @p
2026-06-27 20:37:13.056 +03:00 [INF] Executed DbCommand (4ms) [Parameters=[@doctorId='?' (DbType = Guid), @date='?' (DbType = Date)], CommandType='"Text"', CommandTimeout='30']
SELECT [a].[Id], [a].[AppointmentDate], [a].[CreatedAt], [a].[CreatedByReceptionistId], [a].[DoctorId], [a].[EndTime], [a].[Notes], [a].[PatientId], [a].[StartTime], [a].[Status], [a].[UpdatedAt]
FROM [Appointments] AS [a]
WHERE [a].[DoctorId] = @doctorId AND [a].[AppointmentDate] = @date
ORDER BY [a].[StartTime]
2026-06-27 20:37:13.057 +03:00 [INF] HTTP GET /api/doctor/schedule responded 200 in 27ms
2026-06-27 20:41:18.189 +03:00 [INF] HTTP OPTIONS /api/auth/login responded 204 in 0ms
2026-06-27 20:41:18.431 +03:00 [INF] Executed DbCommand (34ms) [Parameters=[], CommandType='"Text"', CommandTimeout='30']
SELECT [u].[Id], [u].[CreatedAt], [u].[Email], [u].[IsActive], [u].[PasswordHash], [u].[Role]
FROM [Users] AS [u]
2026-06-27 20:41:18.858 +03:00 [INF] HTTP POST /api/auth/login responded 200 in 660ms
2026-06-27 20:41:18.871 +03:00 [INF] HTTP OPTIONS /api/doctor/schedule responded 204 in 0ms
2026-06-27 20:41:18.878 +03:00 [INF] Executed DbCommand (2ms) [Parameters=[], CommandType='"Text"', CommandTimeout='30']
SELECT [d].[Id], [d].[DepartmentId], [d].[FullName], [d].[IsActive], [d].[Phone], [d].[Specialization], [d].[UserId]
FROM [Doctors] AS [d]
2026-06-27 20:41:18.883 +03:00 [INF] Executed DbCommand (3ms) [Parameters=[@p='?' (DbType = Guid)], CommandType='"Text"', CommandTimeout='30']
SELECT TOP(1) [d].[Id], [d].[Description], [d].[IsActive], [d].[Name]
FROM [Departments] AS [d]
WHERE [d].[Id] = @p
2026-06-27 20:41:18.889 +03:00 [INF] Executed DbCommand (6ms) [Parameters=[@doctorId='?' (DbType = Guid), @date='?' (DbType = Date)], CommandType='"Text"', CommandTimeout='30']
SELECT [a].[Id], [a].[AppointmentDate], [a].[CreatedAt], [a].[CreatedByReceptionistId], [a].[DoctorId], [a].[EndTime], [a].[Notes], [a].[PatientId], [a].[StartTime], [a].[Status], [a].[UpdatedAt]
FROM [Appointments] AS [a]
WHERE [a].[DoctorId] = @doctorId AND [a].[AppointmentDate] = @date
ORDER BY [a].[StartTime]
2026-06-27 20:41:18.890 +03:00 [INF] HTTP GET /api/doctor/schedule responded 200 in 16ms
2026-06-27 20:41:31.345 +03:00 [INF] HTTP OPTIONS /api/auth/login responded 204 in 0ms
2026-06-27 20:41:31.357 +03:00 [INF] Executed DbCommand (2ms) [Parameters=[], CommandType='"Text"', CommandTimeout='30']
SELECT [u].[Id], [u].[CreatedAt], [u].[Email], [u].[IsActive], [u].[PasswordHash], [u].[Role]
FROM [Users] AS [u]
2026-06-27 20:41:31.796 +03:00 [INF] HTTP POST /api/auth/login responded 200 in 445ms
2026-06-27 20:41:31.828 +03:00 [INF] HTTP OPTIONS /api/departments responded 204 in 0ms
2026-06-27 20:41:31.835 +03:00 [INF] Executed DbCommand (2ms) [Parameters=[], CommandType='"Text"', CommandTimeout='30']
SELECT [d].[Id], [d].[Description], [d].[IsActive], [d].[Name]
FROM [Departments] AS [d]
2026-06-27 20:41:31.836 +03:00 [INF] HTTP GET /api/departments responded 200 in 6ms
2026-06-27 20:41:37.766 +03:00 [INF] HTTP OPTIONS /api/doctors responded 204 in 0ms
2026-06-27 20:41:37.767 +03:00 [INF] HTTP OPTIONS /api/departments responded 204 in 0ms
2026-06-27 20:41:37.773 +03:00 [INF] Executed DbCommand (1ms) [Parameters=[], CommandType='"Text"', CommandTimeout='30']
SELECT [d].[Id], [d].[Description], [d].[IsActive], [d].[Name]
FROM [Departments] AS [d]
2026-06-27 20:41:37.774 +03:00 [INF] HTTP GET /api/departments responded 200 in 3ms
2026-06-27 20:41:37.781 +03:00 [INF] Executed DbCommand (0ms) [Parameters=[], CommandType='"Text"', CommandTimeout='30']
SELECT [d].[Id], [d].[DepartmentId], [d].[FullName], [d].[IsActive], [d].[Phone], [d].[Specialization], [d].[UserId]
FROM [Doctors] AS [d]
2026-06-27 20:41:37.782 +03:00 [INF] Executed DbCommand (0ms) [Parameters=[@p='?' (DbType = Guid)], CommandType='"Text"', CommandTimeout='30']
SELECT TOP(1) [d].[Id], [d].[Description], [d].[IsActive], [d].[Name]
FROM [Departments] AS [d]
WHERE [d].[Id] = @p
2026-06-27 20:41:37.784 +03:00 [INF] Executed DbCommand (0ms) [Parameters=[@p='?' (DbType = Guid)], CommandType='"Text"', CommandTimeout='30']
SELECT TOP(1) [d].[Id], [d].[Description], [d].[IsActive], [d].[Name]
FROM [Departments] AS [d]
WHERE [d].[Id] = @p
2026-06-27 20:41:37.784 +03:00 [INF] HTTP GET /api/doctors responded 200 in 13ms
2026-06-27 20:42:24.836 +03:00 [INF] HTTP OPTIONS /api/receptionists responded 204 in 0ms
2026-06-27 20:42:24.872 +03:00 [INF] Executed DbCommand (3ms) [Parameters=[], CommandType='"Text"', CommandTimeout='30']
SELECT [r].[Id], [r].[FullName], [r].[IsActive], [r].[Phone], [r].[UserId]
FROM [Receptionists] AS [r]
2026-06-27 20:42:24.903 +03:00 [INF] HTTP GET /api/receptionists responded 200 in 63ms
2026-06-27 20:42:33.731 +03:00 [INF] HTTP OPTIONS /api/doctors responded 204 in 0ms
2026-06-27 20:42:33.734 +03:00 [INF] HTTP OPTIONS /api/departments responded 204 in 0ms
2026-06-27 20:42:33.748 +03:00 [INF] Executed DbCommand (2ms) [Parameters=[], CommandType='"Text"', CommandTimeout='30']
SELECT [d].[Id], [d].[DepartmentId], [d].[FullName], [d].[IsActive], [d].[Phone], [d].[Specialization], [d].[UserId]
FROM [Doctors] AS [d]
2026-06-27 20:42:33.749 +03:00 [INF] Executed DbCommand (1ms) [Parameters=[], CommandType='"Text"', CommandTimeout='30']
SELECT [d].[Id], [d].[Description], [d].[IsActive], [d].[Name]
FROM [Departments] AS [d]
2026-06-27 20:42:33.751 +03:00 [INF] HTTP GET /api/departments responded 200 in 8ms
2026-06-27 20:42:33.752 +03:00 [INF] Executed DbCommand (2ms) [Parameters=[@p='?' (DbType = Guid)], CommandType='"Text"', CommandTimeout='30']
SELECT TOP(1) [d].[Id], [d].[Description], [d].[IsActive], [d].[Name]
FROM [Departments] AS [d]
WHERE [d].[Id] = @p
2026-06-27 20:42:33.756 +03:00 [INF] Executed DbCommand (1ms) [Parameters=[@p='?' (DbType = Guid)], CommandType='"Text"', CommandTimeout='30']
SELECT TOP(1) [d].[Id], [d].[Description], [d].[IsActive], [d].[Name]
FROM [Departments] AS [d]
WHERE [d].[Id] = @p
2026-06-27 20:42:33.757 +03:00 [INF] HTTP GET /api/doctors responded 200 in 15ms
2026-06-27 20:42:34.609 +03:00 [INF] HTTP OPTIONS /api/departments responded 204 in 0ms
2026-06-27 20:42:34.618 +03:00 [INF] Executed DbCommand (1ms) [Parameters=[], CommandType='"Text"', CommandTimeout='30']
SELECT [d].[Id], [d].[Description], [d].[IsActive], [d].[Name]
FROM [Departments] AS [d]
2026-06-27 20:42:34.619 +03:00 [INF] HTTP GET /api/departments responded 200 in 5ms
2026-06-27 20:42:42.309 +03:00 [INF] HTTP OPTIONS /api/auth/login responded 204 in 0ms
2026-06-27 20:42:42.313 +03:00 [INF] Executed DbCommand (0ms) [Parameters=[], CommandType='"Text"', CommandTimeout='30']
SELECT [u].[Id], [u].[CreatedAt], [u].[Email], [u].[IsActive], [u].[PasswordHash], [u].[Role]
FROM [Users] AS [u]
2026-06-27 20:42:42.564 +03:00 [INF] HTTP POST /api/auth/login responded 200 in 252ms
2026-06-27 20:42:42.583 +03:00 [INF] HTTP OPTIONS /api/patients responded 204 in 0ms
2026-06-27 20:42:42.589 +03:00 [INF] Executed DbCommand (3ms) [Parameters=[], CommandType='"Text"', CommandTimeout='30']
SELECT [p].[Id], [p].[Address], [p].[BloodType], [p].[CreatedAt], [p].[DateOfBirth], [p].[Email], [p].[FullName], [p].[Gender], [p].[NationalId], [p].[Phone], [p].[UserId]
FROM [Patients] AS [p]
2026-06-27 20:42:42.590 +03:00 [INF] HTTP GET /api/patients responded 200 in 5ms
2026-06-27 20:43:32.764 +03:00 [INF] HTTP OPTIONS /api/patients responded 204 in 0ms
2026-06-27 20:43:32.790 +03:00 [INF] Executed DbCommand (2ms) [Parameters=[], CommandType='"Text"', CommandTimeout='30']
SELECT [p].[Id], [p].[Address], [p].[BloodType], [p].[CreatedAt], [p].[DateOfBirth], [p].[Email], [p].[FullName], [p].[Gender], [p].[NationalId], [p].[Phone], [p].[UserId]
FROM [Patients] AS [p]
2026-06-27 20:43:32.792 +03:00 [INF] HTTP GET /api/patients responded 200 in 8ms
2026-06-27 20:43:38.560 +03:00 [INF] HTTP OPTIONS /api/departments responded 204 in 0ms
2026-06-27 20:43:38.562 +03:00 [INF] HTTP OPTIONS /api/patients responded 204 in 0ms
2026-06-27 20:43:38.568 +03:00 [INF] Executed DbCommand (1ms) [Parameters=[], CommandType='"Text"', CommandTimeout='30']
SELECT [d].[Id], [d].[Description], [d].[IsActive], [d].[Name]
FROM [Departments] AS [d]
2026-06-27 20:43:38.569 +03:00 [INF] Executed DbCommand (2ms) [Parameters=[], CommandType='"Text"', CommandTimeout='30']
SELECT [p].[Id], [p].[Address], [p].[BloodType], [p].[CreatedAt], [p].[DateOfBirth], [p].[Email], [p].[FullName], [p].[Gender], [p].[NationalId], [p].[Phone], [p].[UserId]
FROM [Patients] AS [p]
2026-06-27 20:43:38.569 +03:00 [INF] HTTP GET /api/departments responded 200 in 4ms
2026-06-27 20:43:38.570 +03:00 [INF] HTTP GET /api/patients responded 200 in 4ms
2026-06-27 20:43:48.669 +03:00 [INF] HTTP OPTIONS /api/doctors/department/b7eb805e-1614-4a59-a61a-6084babacfc3 responded 204 in 0ms
2026-06-27 20:43:48.809 +03:00 [INF] Executed DbCommand (4ms) [Parameters=[@departmentId='?' (DbType = Guid)], CommandType='"Text"', CommandTimeout='30']
SELECT [d].[Id], [d].[DepartmentId], [d].[FullName], [d].[IsActive], [d].[Phone], [d].[Specialization], [d].[UserId], [d0].[Id], [d0].[Description], [d0].[IsActive], [d0].[Name]
FROM [Doctors] AS [d]
INNER JOIN [Departments] AS [d0] ON [d].[DepartmentId] = [d0].[Id]
WHERE [d].[DepartmentId] = @departmentId
2026-06-27 20:43:48.812 +03:00 [INF] HTTP GET /api/doctors/department/b7eb805e-1614-4a59-a61a-6084babacfc3 responded 200 in 135ms
2026-06-27 20:43:56.729 +03:00 [INF] HTTP OPTIONS /api/appointments/available-slots responded 204 in 0ms
2026-06-27 20:43:56.835 +03:00 [INF] Executed DbCommand (10ms) [Parameters=[], CommandType='"Text"', CommandTimeout='30']
SELECT [d].[Id], [d].[AppointmentDurationMinutes], [d].[DayOfWeek], [d].[DoctorId], [d].[EndTime], [d].[IsActive], [d].[StartTime]
FROM [DoctorSchedules] AS [d]
2026-06-27 20:43:56.943 +03:00 [WRN] Request failed with "BadRequest"
HospitalSystem.Application.Exceptions.ValidationException: Doctor is not available on this day.
   at HospitalSystem.Application.Services.AppointmentService.GetDoctorScheduleForDayAsync(Guid doctorId, DateOnly date, CancellationToken cancellationToken) in g:\New folder\HospitalSystem.Application\Services\AppointmentService.cs:line 221
   at HospitalSystem.Application.Services.AppointmentService.GetAvailableSlotsAsync(Guid doctorId, DateOnly date, CancellationToken cancellationToken) in g:\New folder\HospitalSystem.Application\Services\AppointmentService.cs:line 149
   at HospitalSystem.API.Controllers.AppointmentsController.GetAvailableSlots(Guid doctorId, DateOnly date, CancellationToken cancellationToken) in g:\New folder\HospitalSystem.API\Controllers\AppointmentsController.cs:line 34
   at lambda_method569(Closure, Object)
   at Microsoft.AspNetCore.Mvc.Infrastructure.ActionMethodExecutor.AwaitableObjectResultExecutor.Execute(ActionContext actionContext, IActionResultTypeMapper mapper, ObjectMethodExecutor executor, Object controller, Object[] arguments)
   at Microsoft.AspNetCore.Mvc.Infrastructure.ControllerActionInvoker.<InvokeActionMethodAsync>g__Awaited|12_0(ControllerActionInvoker invoker, ValueTask`1 actionResultValueTask)
   at Microsoft.AspNetCore.Mvc.Infrastructure.ControllerActionInvoker.<InvokeNextActionFilterAsync>g__Awaited|10_0(ControllerActionInvoker invoker, Task lastTask, State next, Scope scope, Object state, Boolean isCompleted)
   at Microsoft.AspNetCore.Mvc.Infrastructure.ControllerActionInvoker.Rethrow(ActionExecutedContextSealed context)
   at Microsoft.AspNetCore.Mvc.Infrastructure.ControllerActionInvoker.Next(State& next, Scope& scope, Object& state, Boolean& isCompleted)
   at Microsoft.AspNetCore.Mvc.Infrastructure.ControllerActionInvoker.<InvokeInnerFilterAsync>g__Awaited|13_0(ControllerActionInvoker invoker, Task lastTask, State next, Scope scope, Object state, Boolean isCompleted)
   at Microsoft.AspNetCore.Mvc.Infrastructure.ResourceInvoker.<InvokeFilterPipelineAsync>g__Awaited|20_0(ResourceInvoker invoker, Task lastTask, State next, Scope scope, Object state, Boolean isCompleted)
   at Microsoft.AspNetCore.Mvc.Infrastructure.ResourceInvoker.<InvokeAsync>g__Awaited|17_0(ResourceInvoker invoker, Task task, IDisposable scope)
   at Microsoft.AspNetCore.Mvc.Infrastructure.ResourceInvoker.<InvokeAsync>g__Awaited|17_0(ResourceInvoker invoker, Task task, IDisposable scope)
   at Microsoft.AspNetCore.Authorization.AuthorizationMiddleware.Invoke(HttpContext context)
   at Microsoft.AspNetCore.Authentication.AuthenticationMiddleware.Invoke(HttpContext context)
   at Swashbuckle.AspNetCore.SwaggerUI.SwaggerUIMiddleware.Invoke(HttpContext httpContext)
   at Swashbuckle.AspNetCore.Swagger.SwaggerMiddleware.Invoke(HttpContext httpContext, ISwaggerProvider swaggerProvider)
   at HospitalSystem.API.Middleware.RequestLoggingMiddleware.InvokeAsync(HttpContext context) in g:\New folder\HospitalSystem.API\Middleware\RequestLoggingMiddleware.cs:line 19
   at HospitalSystem.API.Middleware.ExceptionHandlingMiddleware.InvokeAsync(HttpContext context) in g:\New folder\HospitalSystem.API\Middleware\ExceptionHandlingMiddleware.cs:line 24
2026-06-27 20:43:58.020 +03:00 [INF] Executed DbCommand (1ms) [Parameters=[], CommandType='"Text"', CommandTimeout='30']
SELECT [d].[Id], [d].[AppointmentDurationMinutes], [d].[DayOfWeek], [d].[DoctorId], [d].[EndTime], [d].[IsActive], [d].[StartTime]
FROM [DoctorSchedules] AS [d]
2026-06-27 20:43:58.021 +03:00 [WRN] Request failed with "BadRequest"
HospitalSystem.Application.Exceptions.ValidationException: Doctor is not available on this day.
   at HospitalSystem.Application.Services.AppointmentService.GetDoctorScheduleForDayAsync(Guid doctorId, DateOnly date, CancellationToken cancellationToken) in g:\New folder\HospitalSystem.Application\Services\AppointmentService.cs:line 221
   at HospitalSystem.Application.Services.AppointmentService.GetAvailableSlotsAsync(Guid doctorId, DateOnly date, CancellationToken cancellationToken) in g:\New folder\HospitalSystem.Application\Services\AppointmentService.cs:line 149
   at HospitalSystem.API.Controllers.AppointmentsController.GetAvailableSlots(Guid doctorId, DateOnly date, CancellationToken cancellationToken) in g:\New folder\HospitalSystem.API\Controllers\AppointmentsController.cs:line 34
   at lambda_method569(Closure, Object)
   at Microsoft.AspNetCore.Mvc.Infrastructure.ActionMethodExecutor.AwaitableObjectResultExecutor.Execute(ActionContext actionContext, IActionResultTypeMapper mapper, ObjectMethodExecutor executor, Object controller, Object[] arguments)
   at Microsoft.AspNetCore.Mvc.Infrastructure.ControllerActionInvoker.<InvokeActionMethodAsync>g__Awaited|12_0(ControllerActionInvoker invoker, ValueTask`1 actionResultValueTask)
   at Microsoft.AspNetCore.Mvc.Infrastructure.ControllerActionInvoker.<InvokeNextActionFilterAsync>g__Awaited|10_0(ControllerActionInvoker invoker, Task lastTask, State next, Scope scope, Object state, Boolean isCompleted)
   at Microsoft.AspNetCore.Mvc.Infrastructure.ControllerActionInvoker.Rethrow(ActionExecutedContextSealed context)
   at Microsoft.AspNetCore.Mvc.Infrastructure.ControllerActionInvoker.Next(State& next, Scope& scope, Object& state, Boolean& isCompleted)
   at Microsoft.AspNetCore.Mvc.Infrastructure.ControllerActionInvoker.<InvokeInnerFilterAsync>g__Awaited|13_0(ControllerActionInvoker invoker, Task lastTask, State next, Scope scope, Object state, Boolean isCompleted)
   at Microsoft.AspNetCore.Mvc.Infrastructure.ResourceInvoker.<InvokeFilterPipelineAsync>g__Awaited|20_0(ResourceInvoker invoker, Task lastTask, State next, Scope scope, Object state, Boolean isCompleted)
   at Microsoft.AspNetCore.Mvc.Infrastructure.ResourceInvoker.<InvokeAsync>g__Awaited|17_0(ResourceInvoker invoker, Task task, IDisposable scope)
   at Microsoft.AspNetCore.Mvc.Infrastructure.ResourceInvoker.<InvokeAsync>g__Awaited|17_0(ResourceInvoker invoker, Task task, IDisposable scope)
   at Microsoft.AspNetCore.Authorization.AuthorizationMiddleware.Invoke(HttpContext context)
   at Microsoft.AspNetCore.Authentication.AuthenticationMiddleware.Invoke(HttpContext context)
   at Swashbuckle.AspNetCore.SwaggerUI.SwaggerUIMiddleware.Invoke(HttpContext httpContext)
   at Swashbuckle.AspNetCore.Swagger.SwaggerMiddleware.Invoke(HttpContext httpContext, ISwaggerProvider swaggerProvider)
   at HospitalSystem.API.Middleware.RequestLoggingMiddleware.InvokeAsync(HttpContext context) in g:\New folder\HospitalSystem.API\Middleware\RequestLoggingMiddleware.cs:line 19
   at HospitalSystem.API.Middleware.ExceptionHandlingMiddleware.InvokeAsync(HttpContext context) in g:\New folder\HospitalSystem.API\Middleware\ExceptionHandlingMiddleware.cs:line 24
2026-06-27 20:44:01.320 +03:00 [INF] HTTP OPTIONS /api/appointments/available-slots responded 204 in 0ms
2026-06-27 20:44:01.325 +03:00 [INF] Executed DbCommand (1ms) [Parameters=[], CommandType='"Text"', CommandTimeout='30']
SELECT [d].[Id], [d].[AppointmentDurationMinutes], [d].[DayOfWeek], [d].[DoctorId], [d].[EndTime], [d].[IsActive], [d].[StartTime]
FROM [DoctorSchedules] AS [d]
2026-06-27 20:44:01.326 +03:00 [WRN] Request failed with "BadRequest"
HospitalSystem.Application.Exceptions.ValidationException: Doctor is not available on this day.
   at HospitalSystem.Application.Services.AppointmentService.GetDoctorScheduleForDayAsync(Guid doctorId, DateOnly date, CancellationToken cancellationToken) in g:\New folder\HospitalSystem.Application\Services\AppointmentService.cs:line 221
   at HospitalSystem.Application.Services.AppointmentService.GetAvailableSlotsAsync(Guid doctorId, DateOnly date, CancellationToken cancellationToken) in g:\New folder\HospitalSystem.Application\Services\AppointmentService.cs:line 149
   at HospitalSystem.API.Controllers.AppointmentsController.GetAvailableSlots(Guid doctorId, DateOnly date, CancellationToken cancellationToken) in g:\New folder\HospitalSystem.API\Controllers\AppointmentsController.cs:line 34
   at lambda_method569(Closure, Object)
   at Microsoft.AspNetCore.Mvc.Infrastructure.ActionMethodExecutor.AwaitableObjectResultExecutor.Execute(ActionContext actionContext, IActionResultTypeMapper mapper, ObjectMethodExecutor executor, Object controller, Object[] arguments)
   at Microsoft.AspNetCore.Mvc.Infrastructure.ControllerActionInvoker.<InvokeActionMethodAsync>g__Awaited|12_0(ControllerActionInvoker invoker, ValueTask`1 actionResultValueTask)
   at Microsoft.AspNetCore.Mvc.Infrastructure.ControllerActionInvoker.<InvokeNextActionFilterAsync>g__Awaited|10_0(ControllerActionInvoker invoker, Task lastTask, State next, Scope scope, Object state, Boolean isCompleted)
   at Microsoft.AspNetCore.Mvc.Infrastructure.ControllerActionInvoker.Rethrow(ActionExecutedContextSealed context)
   at Microsoft.AspNetCore.Mvc.Infrastructure.ControllerActionInvoker.Next(State& next, Scope& scope, Object& state, Boolean& isCompleted)
   at Microsoft.AspNetCore.Mvc.Infrastructure.ControllerActionInvoker.<InvokeInnerFilterAsync>g__Awaited|13_0(ControllerActionInvoker invoker, Task lastTask, State next, Scope scope, Object state, Boolean isCompleted)
   at Microsoft.AspNetCore.Mvc.Infrastructure.ResourceInvoker.<InvokeFilterPipelineAsync>g__Awaited|20_0(ResourceInvoker invoker, Task lastTask, State next, Scope scope, Object state, Boolean isCompleted)
   at Microsoft.AspNetCore.Mvc.Infrastructure.ResourceInvoker.<InvokeAsync>g__Awaited|17_0(ResourceInvoker invoker, Task task, IDisposable scope)
   at Microsoft.AspNetCore.Mvc.Infrastructure.ResourceInvoker.<InvokeAsync>g__Awaited|17_0(ResourceInvoker invoker, Task task, IDisposable scope)
   at Microsoft.AspNetCore.Authorization.AuthorizationMiddleware.Invoke(HttpContext context)
   at Microsoft.AspNetCore.Authentication.AuthenticationMiddleware.Invoke(HttpContext context)
   at Swashbuckle.AspNetCore.SwaggerUI.SwaggerUIMiddleware.Invoke(HttpContext httpContext)
   at Swashbuckle.AspNetCore.Swagger.SwaggerMiddleware.Invoke(HttpContext httpContext, ISwaggerProvider swaggerProvider)
   at HospitalSystem.API.Middleware.RequestLoggingMiddleware.InvokeAsync(HttpContext context) in g:\New folder\HospitalSystem.API\Middleware\RequestLoggingMiddleware.cs:line 19
   at HospitalSystem.API.Middleware.ExceptionHandlingMiddleware.InvokeAsync(HttpContext context) in g:\New folder\HospitalSystem.API\Middleware\ExceptionHandlingMiddleware.cs:line 24
2026-06-27 20:44:02.337 +03:00 [INF] Executed DbCommand (0ms) [Parameters=[], CommandType='"Text"', CommandTimeout='30']
SELECT [d].[Id], [d].[AppointmentDurationMinutes], [d].[DayOfWeek], [d].[DoctorId], [d].[EndTime], [d].[IsActive], [d].[StartTime]
FROM [DoctorSchedules] AS [d]
2026-06-27 20:44:02.338 +03:00 [WRN] Request failed with "BadRequest"
HospitalSystem.Application.Exceptions.ValidationException: Doctor is not available on this day.
   at HospitalSystem.Application.Services.AppointmentService.GetDoctorScheduleForDayAsync(Guid doctorId, DateOnly date, CancellationToken cancellationToken) in g:\New folder\HospitalSystem.Application\Services\AppointmentService.cs:line 221
   at HospitalSystem.Application.Services.AppointmentService.GetAvailableSlotsAsync(Guid doctorId, DateOnly date, CancellationToken cancellationToken) in g:\New folder\HospitalSystem.Application\Services\AppointmentService.cs:line 149
   at HospitalSystem.API.Controllers.AppointmentsController.GetAvailableSlots(Guid doctorId, DateOnly date, CancellationToken cancellationToken) in g:\New folder\HospitalSystem.API\Controllers\AppointmentsController.cs:line 34
   at lambda_method569(Closure, Object)
   at Microsoft.AspNetCore.Mvc.Infrastructure.ActionMethodExecutor.AwaitableObjectResultExecutor.Execute(ActionContext actionContext, IActionResultTypeMapper mapper, ObjectMethodExecutor executor, Object controller, Object[] arguments)
   at Microsoft.AspNetCore.Mvc.Infrastructure.ControllerActionInvoker.<InvokeActionMethodAsync>g__Awaited|12_0(ControllerActionInvoker invoker, ValueTask`1 actionResultValueTask)
   at Microsoft.AspNetCore.Mvc.Infrastructure.ControllerActionInvoker.<InvokeNextActionFilterAsync>g__Awaited|10_0(ControllerActionInvoker invoker, Task lastTask, State next, Scope scope, Object state, Boolean isCompleted)
   at Microsoft.AspNetCore.Mvc.Infrastructure.ControllerActionInvoker.Rethrow(ActionExecutedContextSealed context)
   at Microsoft.AspNetCore.Mvc.Infrastructure.ControllerActionInvoker.Next(State& next, Scope& scope, Object& state, Boolean& isCompleted)
   at Microsoft.AspNetCore.Mvc.Infrastructure.ControllerActionInvoker.<InvokeInnerFilterAsync>g__Awaited|13_0(ControllerActionInvoker invoker, Task lastTask, State next, Scope scope, Object state, Boolean isCompleted)
   at Microsoft.AspNetCore.Mvc.Infrastructure.ResourceInvoker.<InvokeFilterPipelineAsync>g__Awaited|20_0(ResourceInvoker invoker, Task lastTask, State next, Scope scope, Object state, Boolean isCompleted)
   at Microsoft.AspNetCore.Mvc.Infrastructure.ResourceInvoker.<InvokeAsync>g__Awaited|17_0(ResourceInvoker invoker, Task task, IDisposable scope)
   at Microsoft.AspNetCore.Mvc.Infrastructure.ResourceInvoker.<InvokeAsync>g__Awaited|17_0(ResourceInvoker invoker, Task task, IDisposable scope)
   at Microsoft.AspNetCore.Authorization.AuthorizationMiddleware.Invoke(HttpContext context)
   at Microsoft.AspNetCore.Authentication.AuthenticationMiddleware.Invoke(HttpContext context)
   at Swashbuckle.AspNetCore.SwaggerUI.SwaggerUIMiddleware.Invoke(HttpContext httpContext)
   at Swashbuckle.AspNetCore.Swagger.SwaggerMiddleware.Invoke(HttpContext httpContext, ISwaggerProvider swaggerProvider)
   at HospitalSystem.API.Middleware.RequestLoggingMiddleware.InvokeAsync(HttpContext context) in g:\New folder\HospitalSystem.API\Middleware\RequestLoggingMiddleware.cs:line 19
   at HospitalSystem.API.Middleware.ExceptionHandlingMiddleware.InvokeAsync(HttpContext context) in g:\New folder\HospitalSystem.API\Middleware\ExceptionHandlingMiddleware.cs:line 24
2026-06-27 20:44:09.793 +03:00 [INF] HTTP OPTIONS /api/appointments/available-slots responded 204 in 0ms
2026-06-27 20:44:09.806 +03:00 [INF] Executed DbCommand (2ms) [Parameters=[], CommandType='"Text"', CommandTimeout='30']
SELECT [d].[Id], [d].[AppointmentDurationMinutes], [d].[DayOfWeek], [d].[DoctorId], [d].[EndTime], [d].[IsActive], [d].[StartTime]
FROM [DoctorSchedules] AS [d]
2026-06-27 20:44:09.808 +03:00 [WRN] Request failed with "BadRequest"
HospitalSystem.Application.Exceptions.ValidationException: Doctor is not available on this day.
   at HospitalSystem.Application.Services.AppointmentService.GetDoctorScheduleForDayAsync(Guid doctorId, DateOnly date, CancellationToken cancellationToken) in g:\New folder\HospitalSystem.Application\Services\AppointmentService.cs:line 221
   at HospitalSystem.Application.Services.AppointmentService.GetAvailableSlotsAsync(Guid doctorId, DateOnly date, CancellationToken cancellationToken) in g:\New folder\HospitalSystem.Application\Services\AppointmentService.cs:line 149
   at HospitalSystem.API.Controllers.AppointmentsController.GetAvailableSlots(Guid doctorId, DateOnly date, CancellationToken cancellationToken) in g:\New folder\HospitalSystem.API\Controllers\AppointmentsController.cs:line 34
   at lambda_method569(Closure, Object)
   at Microsoft.AspNetCore.Mvc.Infrastructure.ActionMethodExecutor.AwaitableObjectResultExecutor.Execute(ActionContext actionContext, IActionResultTypeMapper mapper, ObjectMethodExecutor executor, Object controller, Object[] arguments)
   at Microsoft.AspNetCore.Mvc.Infrastructure.ControllerActionInvoker.<InvokeActionMethodAsync>g__Awaited|12_0(ControllerActionInvoker invoker, ValueTask`1 actionResultValueTask)
   at Microsoft.AspNetCore.Mvc.Infrastructure.ControllerActionInvoker.<InvokeNextActionFilterAsync>g__Awaited|10_0(ControllerActionInvoker invoker, Task lastTask, State next, Scope scope, Object state, Boolean isCompleted)
   at Microsoft.AspNetCore.Mvc.Infrastructure.ControllerActionInvoker.Rethrow(ActionExecutedContextSealed context)
   at Microsoft.AspNetCore.Mvc.Infrastructure.ControllerActionInvoker.Next(State& next, Scope& scope, Object& state, Boolean& isCompleted)
   at Microsoft.AspNetCore.Mvc.Infrastructure.ControllerActionInvoker.<InvokeInnerFilterAsync>g__Awaited|13_0(ControllerActionInvoker invoker, Task lastTask, State next, Scope scope, Object state, Boolean isCompleted)
   at Microsoft.AspNetCore.Mvc.Infrastructure.ResourceInvoker.<InvokeFilterPipelineAsync>g__Awaited|20_0(ResourceInvoker invoker, Task lastTask, State next, Scope scope, Object state, Boolean isCompleted)
   at Microsoft.AspNetCore.Mvc.Infrastructure.ResourceInvoker.<InvokeAsync>g__Awaited|17_0(ResourceInvoker invoker, Task task, IDisposable scope)
   at Microsoft.AspNetCore.Mvc.Infrastructure.ResourceInvoker.<InvokeAsync>g__Awaited|17_0(ResourceInvoker invoker, Task task, IDisposable scope)
   at Microsoft.AspNetCore.Authorization.AuthorizationMiddleware.Invoke(HttpContext context)
   at Microsoft.AspNetCore.Authentication.AuthenticationMiddleware.Invoke(HttpContext context)
   at Swashbuckle.AspNetCore.SwaggerUI.SwaggerUIMiddleware.Invoke(HttpContext httpContext)
   at Swashbuckle.AspNetCore.Swagger.SwaggerMiddleware.Invoke(HttpContext httpContext, ISwaggerProvider swaggerProvider)
   at HospitalSystem.API.Middleware.RequestLoggingMiddleware.InvokeAsync(HttpContext context) in g:\New folder\HospitalSystem.API\Middleware\RequestLoggingMiddleware.cs:line 19
   at HospitalSystem.API.Middleware.ExceptionHandlingMiddleware.InvokeAsync(HttpContext context) in g:\New folder\HospitalSystem.API\Middleware\ExceptionHandlingMiddleware.cs:line 24
2026-06-27 20:44:10.827 +03:00 [INF] Executed DbCommand (1ms) [Parameters=[], CommandType='"Text"', CommandTimeout='30']
SELECT [d].[Id], [d].[AppointmentDurationMinutes], [d].[DayOfWeek], [d].[DoctorId], [d].[EndTime], [d].[IsActive], [d].[StartTime]
FROM [DoctorSchedules] AS [d]
2026-06-27 20:44:10.828 +03:00 [WRN] Request failed with "BadRequest"
HospitalSystem.Application.Exceptions.ValidationException: Doctor is not available on this day.
   at HospitalSystem.Application.Services.AppointmentService.GetDoctorScheduleForDayAsync(Guid doctorId, DateOnly date, CancellationToken cancellationToken) in g:\New folder\HospitalSystem.Application\Services\AppointmentService.cs:line 221
   at HospitalSystem.Application.Services.AppointmentService.GetAvailableSlotsAsync(Guid doctorId, DateOnly date, CancellationToken cancellationToken) in g:\New folder\HospitalSystem.Application\Services\AppointmentService.cs:line 149
   at HospitalSystem.API.Controllers.AppointmentsController.GetAvailableSlots(Guid doctorId, DateOnly date, CancellationToken cancellationToken) in g:\New folder\HospitalSystem.API\Controllers\AppointmentsController.cs:line 34
   at lambda_method569(Closure, Object)
   at Microsoft.AspNetCore.Mvc.Infrastructure.ActionMethodExecutor.AwaitableObjectResultExecutor.Execute(ActionContext actionContext, IActionResultTypeMapper mapper, ObjectMethodExecutor executor, Object controller, Object[] arguments)
   at Microsoft.AspNetCore.Mvc.Infrastructure.ControllerActionInvoker.<InvokeActionMethodAsync>g__Awaited|12_0(ControllerActionInvoker invoker, ValueTask`1 actionResultValueTask)
   at Microsoft.AspNetCore.Mvc.Infrastructure.ControllerActionInvoker.<InvokeNextActionFilterAsync>g__Awaited|10_0(ControllerActionInvoker invoker, Task lastTask, State next, Scope scope, Object state, Boolean isCompleted)
   at Microsoft.AspNetCore.Mvc.Infrastructure.ControllerActionInvoker.Rethrow(ActionExecutedContextSealed context)
   at Microsoft.AspNetCore.Mvc.Infrastructure.ControllerActionInvoker.Next(State& next, Scope& scope, Object& state, Boolean& isCompleted)
   at Microsoft.AspNetCore.Mvc.Infrastructure.ControllerActionInvoker.<InvokeInnerFilterAsync>g__Awaited|13_0(ControllerActionInvoker invoker, Task lastTask, State next, Scope scope, Object state, Boolean isCompleted)
   at Microsoft.AspNetCore.Mvc.Infrastructure.ResourceInvoker.<InvokeFilterPipelineAsync>g__Awaited|20_0(ResourceInvoker invoker, Task lastTask, State next, Scope scope, Object state, Boolean isCompleted)
   at Microsoft.AspNetCore.Mvc.Infrastructure.ResourceInvoker.<InvokeAsync>g__Awaited|17_0(ResourceInvoker invoker, Task task, IDisposable scope)
   at Microsoft.AspNetCore.Mvc.Infrastructure.ResourceInvoker.<InvokeAsync>g__Awaited|17_0(ResourceInvoker invoker, Task task, IDisposable scope)
   at Microsoft.AspNetCore.Authorization.AuthorizationMiddleware.Invoke(HttpContext context)
   at Microsoft.AspNetCore.Authentication.AuthenticationMiddleware.Invoke(HttpContext context)
   at Swashbuckle.AspNetCore.SwaggerUI.SwaggerUIMiddleware.Invoke(HttpContext httpContext)
   at Swashbuckle.AspNetCore.Swagger.SwaggerMiddleware.Invoke(HttpContext httpContext, ISwaggerProvider swaggerProvider)
   at HospitalSystem.API.Middleware.RequestLoggingMiddleware.InvokeAsync(HttpContext context) in g:\New folder\HospitalSystem.API\Middleware\RequestLoggingMiddleware.cs:line 19
   at HospitalSystem.API.Middleware.ExceptionHandlingMiddleware.InvokeAsync(HttpContext context) in g:\New folder\HospitalSystem.API\Middleware\ExceptionHandlingMiddleware.cs:line 24
2026-06-27 20:44:22.375 +03:00 [INF] HTTP OPTIONS /api/appointments/available-slots responded 204 in 0ms
2026-06-27 20:44:22.389 +03:00 [INF] Executed DbCommand (2ms) [Parameters=[], CommandType='"Text"', CommandTimeout='30']
SELECT [d].[Id], [d].[AppointmentDurationMinutes], [d].[DayOfWeek], [d].[DoctorId], [d].[EndTime], [d].[IsActive], [d].[StartTime]
FROM [DoctorSchedules] AS [d]
2026-06-27 20:44:22.391 +03:00 [WRN] Request failed with "BadRequest"
HospitalSystem.Application.Exceptions.ValidationException: Doctor is not available on this day.
   at HospitalSystem.Application.Services.AppointmentService.GetDoctorScheduleForDayAsync(Guid doctorId, DateOnly date, CancellationToken cancellationToken) in g:\New folder\HospitalSystem.Application\Services\AppointmentService.cs:line 221
   at HospitalSystem.Application.Services.AppointmentService.GetAvailableSlotsAsync(Guid doctorId, DateOnly date, CancellationToken cancellationToken) in g:\New folder\HospitalSystem.Application\Services\AppointmentService.cs:line 149
   at HospitalSystem.API.Controllers.AppointmentsController.GetAvailableSlots(Guid doctorId, DateOnly date, CancellationToken cancellationToken) in g:\New folder\HospitalSystem.API\Controllers\AppointmentsController.cs:line 34
   at lambda_method569(Closure, Object)
   at Microsoft.AspNetCore.Mvc.Infrastructure.ActionMethodExecutor.AwaitableObjectResultExecutor.Execute(ActionContext actionContext, IActionResultTypeMapper mapper, ObjectMethodExecutor executor, Object controller, Object[] arguments)
   at Microsoft.AspNetCore.Mvc.Infrastructure.ControllerActionInvoker.<InvokeActionMethodAsync>g__Awaited|12_0(ControllerActionInvoker invoker, ValueTask`1 actionResultValueTask)
   at Microsoft.AspNetCore.Mvc.Infrastructure.ControllerActionInvoker.<InvokeNextActionFilterAsync>g__Awaited|10_0(ControllerActionInvoker invoker, Task lastTask, State next, Scope scope, Object state, Boolean isCompleted)
   at Microsoft.AspNetCore.Mvc.Infrastructure.ControllerActionInvoker.Rethrow(ActionExecutedContextSealed context)
   at Microsoft.AspNetCore.Mvc.Infrastructure.ControllerActionInvoker.Next(State& next, Scope& scope, Object& state, Boolean& isCompleted)
   at Microsoft.AspNetCore.Mvc.Infrastructure.ControllerActionInvoker.<InvokeInnerFilterAsync>g__Awaited|13_0(ControllerActionInvoker invoker, Task lastTask, State next, Scope scope, Object state, Boolean isCompleted)
   at Microsoft.AspNetCore.Mvc.Infrastructure.ResourceInvoker.<InvokeFilterPipelineAsync>g__Awaited|20_0(ResourceInvoker invoker, Task lastTask, State next, Scope scope, Object state, Boolean isCompleted)
   at Microsoft.AspNetCore.Mvc.Infrastructure.ResourceInvoker.<InvokeAsync>g__Awaited|17_0(ResourceInvoker invoker, Task task, IDisposable scope)
   at Microsoft.AspNetCore.Mvc.Infrastructure.ResourceInvoker.<InvokeAsync>g__Awaited|17_0(ResourceInvoker invoker, Task task, IDisposable scope)
   at Microsoft.AspNetCore.Authorization.AuthorizationMiddleware.Invoke(HttpContext context)
   at Microsoft.AspNetCore.Authentication.AuthenticationMiddleware.Invoke(HttpContext context)
   at Swashbuckle.AspNetCore.SwaggerUI.SwaggerUIMiddleware.Invoke(HttpContext httpContext)
   at Swashbuckle.AspNetCore.Swagger.SwaggerMiddleware.Invoke(HttpContext httpContext, ISwaggerProvider swaggerProvider)
   at HospitalSystem.API.Middleware.RequestLoggingMiddleware.InvokeAsync(HttpContext context) in g:\New folder\HospitalSystem.API\Middleware\RequestLoggingMiddleware.cs:line 19
   at HospitalSystem.API.Middleware.ExceptionHandlingMiddleware.InvokeAsync(HttpContext context) in g:\New folder\HospitalSystem.API\Middleware\ExceptionHandlingMiddleware.cs:line 24
2026-06-27 20:44:23.412 +03:00 [INF] Executed DbCommand (2ms) [Parameters=[], CommandType='"Text"', CommandTimeout='30']
SELECT [d].[Id], [d].[AppointmentDurationMinutes], [d].[DayOfWeek], [d].[DoctorId], [d].[EndTime], [d].[IsActive], [d].[StartTime]
FROM [DoctorSchedules] AS [d]
2026-06-27 20:44:23.413 +03:00 [WRN] Request failed with "BadRequest"
HospitalSystem.Application.Exceptions.ValidationException: Doctor is not available on this day.
   at HospitalSystem.Application.Services.AppointmentService.GetDoctorScheduleForDayAsync(Guid doctorId, DateOnly date, CancellationToken cancellationToken) in g:\New folder\HospitalSystem.Application\Services\AppointmentService.cs:line 221
   at HospitalSystem.Application.Services.AppointmentService.GetAvailableSlotsAsync(Guid doctorId, DateOnly date, CancellationToken cancellationToken) in g:\New folder\HospitalSystem.Application\Services\AppointmentService.cs:line 149
   at HospitalSystem.API.Controllers.AppointmentsController.GetAvailableSlots(Guid doctorId, DateOnly date, CancellationToken cancellationToken) in g:\New folder\HospitalSystem.API\Controllers\AppointmentsController.cs:line 34
   at lambda_method569(Closure, Object)
   at Microsoft.AspNetCore.Mvc.Infrastructure.ActionMethodExecutor.AwaitableObjectResultExecutor.Execute(ActionContext actionContext, IActionResultTypeMapper mapper, ObjectMethodExecutor executor, Object controller, Object[] arguments)
   at Microsoft.AspNetCore.Mvc.Infrastructure.ControllerActionInvoker.<InvokeActionMethodAsync>g__Awaited|12_0(ControllerActionInvoker invoker, ValueTask`1 actionResultValueTask)
   at Microsoft.AspNetCore.Mvc.Infrastructure.ControllerActionInvoker.<InvokeNextActionFilterAsync>g__Awaited|10_0(ControllerActionInvoker invoker, Task lastTask, State next, Scope scope, Object state, Boolean isCompleted)
   at Microsoft.AspNetCore.Mvc.Infrastructure.ControllerActionInvoker.Rethrow(ActionExecutedContextSealed context)
   at Microsoft.AspNetCore.Mvc.Infrastructure.ControllerActionInvoker.Next(State& next, Scope& scope, Object& state, Boolean& isCompleted)
   at Microsoft.AspNetCore.Mvc.Infrastructure.ControllerActionInvoker.<InvokeInnerFilterAsync>g__Awaited|13_0(ControllerActionInvoker invoker, Task lastTask, State next, Scope scope, Object state, Boolean isCompleted)
   at Microsoft.AspNetCore.Mvc.Infrastructure.ResourceInvoker.<InvokeFilterPipelineAsync>g__Awaited|20_0(ResourceInvoker invoker, Task lastTask, State next, Scope scope, Object state, Boolean isCompleted)
   at Microsoft.AspNetCore.Mvc.Infrastructure.ResourceInvoker.<InvokeAsync>g__Awaited|17_0(ResourceInvoker invoker, Task task, IDisposable scope)
   at Microsoft.AspNetCore.Mvc.Infrastructure.ResourceInvoker.<InvokeAsync>g__Awaited|17_0(ResourceInvoker invoker, Task task, IDisposable scope)
   at Microsoft.AspNetCore.Authorization.AuthorizationMiddleware.Invoke(HttpContext context)
   at Microsoft.AspNetCore.Authentication.AuthenticationMiddleware.Invoke(HttpContext context)
   at Swashbuckle.AspNetCore.SwaggerUI.SwaggerUIMiddleware.Invoke(HttpContext httpContext)
   at Swashbuckle.AspNetCore.Swagger.SwaggerMiddleware.Invoke(HttpContext httpContext, ISwaggerProvider swaggerProvider)
   at HospitalSystem.API.Middleware.RequestLoggingMiddleware.InvokeAsync(HttpContext context) in g:\New folder\HospitalSystem.API\Middleware\RequestLoggingMiddleware.cs:line 19
   at HospitalSystem.API.Middleware.ExceptionHandlingMiddleware.InvokeAsync(HttpContext context) in g:\New folder\HospitalSystem.API\Middleware\ExceptionHandlingMiddleware.cs:line 24
2026-06-27 20:44:32.440 +03:00 [INF] HTTP OPTIONS /api/doctors responded 204 in 0ms
2026-06-27 20:44:32.445 +03:00 [INF] Executed DbCommand (1ms) [Parameters=[], CommandType='"Text"', CommandTimeout='30']
SELECT [d].[Id], [d].[DepartmentId], [d].[FullName], [d].[IsActive], [d].[Phone], [d].[Specialization], [d].[UserId]
FROM [Doctors] AS [d]
2026-06-27 20:44:32.447 +03:00 [INF] Executed DbCommand (1ms) [Parameters=[@p='?' (DbType = Guid)], CommandType='"Text"', CommandTimeout='30']
SELECT TOP(1) [d].[Id], [d].[Description], [d].[IsActive], [d].[Name]
FROM [Departments] AS [d]
WHERE [d].[Id] = @p
2026-06-27 20:44:32.448 +03:00 [INF] Executed DbCommand (1ms) [Parameters=[@p='?' (DbType = Guid)], CommandType='"Text"', CommandTimeout='30']
SELECT TOP(1) [d].[Id], [d].[Description], [d].[IsActive], [d].[Name]
FROM [Departments] AS [d]
WHERE [d].[Id] = @p
2026-06-27 20:44:32.449 +03:00 [INF] HTTP GET /api/doctors responded 200 in 5ms
2026-06-27 20:44:32.457 +03:00 [INF] HTTP OPTIONS /api/appointments responded 204 in 0ms
2026-06-27 20:44:32.463 +03:00 [INF] Executed DbCommand (1ms) [Parameters=[@doctorId='?' (DbType = Guid), @date='?' (DbType = Date)], CommandType='"Text"', CommandTimeout='30']
SELECT [a].[Id], [a].[AppointmentDate], [a].[CreatedAt], [a].[CreatedByReceptionistId], [a].[DoctorId], [a].[EndTime], [a].[Notes], [a].[PatientId], [a].[StartTime], [a].[Status], [a].[UpdatedAt]
FROM [Appointments] AS [a]
WHERE [a].[DoctorId] = @doctorId AND [a].[AppointmentDate] = @date
ORDER BY [a].[StartTime]
2026-06-27 20:44:32.463 +03:00 [INF] HTTP GET /api/appointments responded 200 in 3ms
2026-06-27 20:44:32.467 +03:00 [INF] HTTP OPTIONS /api/appointments responded 204 in 0ms
2026-06-27 20:44:32.473 +03:00 [INF] Executed DbCommand (1ms) [Parameters=[@doctorId='?' (DbType = Guid), @date='?' (DbType = Date)], CommandType='"Text"', CommandTimeout='30']
SELECT [a].[Id], [a].[AppointmentDate], [a].[CreatedAt], [a].[CreatedByReceptionistId], [a].[DoctorId], [a].[EndTime], [a].[Notes], [a].[PatientId], [a].[StartTime], [a].[Status], [a].[UpdatedAt]
FROM [Appointments] AS [a]
WHERE [a].[DoctorId] = @doctorId AND [a].[AppointmentDate] = @date
ORDER BY [a].[StartTime]
2026-06-27 20:44:32.473 +03:00 [INF] HTTP GET /api/appointments responded 200 in 3ms
2026-06-27 20:44:39.475 +03:00 [INF] HTTP OPTIONS /api/departments responded 204 in 0ms
2026-06-27 20:44:39.476 +03:00 [INF] HTTP OPTIONS /api/patients responded 204 in 0ms
2026-06-27 20:44:39.481 +03:00 [INF] Executed DbCommand (0ms) [Parameters=[], CommandType='"Text"', CommandTimeout='30']
SELECT [d].[Id], [d].[Description], [d].[IsActive], [d].[Name]
FROM [Departments] AS [d]
2026-06-27 20:44:39.482 +03:00 [INF] Executed DbCommand (1ms) [Parameters=[], CommandType='"Text"', CommandTimeout='30']
SELECT [p].[Id], [p].[Address], [p].[BloodType], [p].[CreatedAt], [p].[DateOfBirth], [p].[Email], [p].[FullName], [p].[Gender], [p].[NationalId], [p].[Phone], [p].[UserId]
FROM [Patients] AS [p]
2026-06-27 20:44:39.482 +03:00 [INF] HTTP GET /api/departments responded 200 in 2ms
2026-06-27 20:44:39.482 +03:00 [INF] HTTP GET /api/patients responded 200 in 2ms
2026-06-27 20:44:40.820 +03:00 [INF] HTTP OPTIONS /api/patients responded 204 in 0ms
2026-06-27 20:44:40.838 +03:00 [INF] Executed DbCommand (1ms) [Parameters=[], CommandType='"Text"', CommandTimeout='30']
SELECT [p].[Id], [p].[Address], [p].[BloodType], [p].[CreatedAt], [p].[DateOfBirth], [p].[Email], [p].[FullName], [p].[Gender], [p].[NationalId], [p].[Phone], [p].[UserId]
FROM [Patients] AS [p]
2026-06-27 20:44:40.840 +03:00 [INF] HTTP GET /api/patients responded 200 in 6ms
2026-06-27 20:45:26.209 +03:00 [INF] HTTP OPTIONS /api/auth/login responded 204 in 0ms
2026-06-27 20:45:26.213 +03:00 [INF] Executed DbCommand (1ms) [Parameters=[], CommandType='"Text"', CommandTimeout='30']
SELECT [u].[Id], [u].[CreatedAt], [u].[Email], [u].[IsActive], [u].[PasswordHash], [u].[Role]
FROM [Users] AS [u]
2026-06-27 20:45:26.498 +03:00 [INF] HTTP POST /api/auth/login responded 200 in 286ms
2026-06-27 20:45:26.553 +03:00 [INF] HTTP OPTIONS /api/patient/profile responded 204 in 0ms
2026-06-27 20:45:26.559 +03:00 [INF] Executed DbCommand (1ms) [Parameters=[], CommandType='"Text"', CommandTimeout='30']
SELECT [p].[Id], [p].[Address], [p].[BloodType], [p].[CreatedAt], [p].[DateOfBirth], [p].[Email], [p].[FullName], [p].[Gender], [p].[NationalId], [p].[Phone], [p].[UserId]
FROM [Patients] AS [p]
2026-06-27 20:45:26.559 +03:00 [INF] HTTP GET /api/patient/profile responded 200 in 3ms
2026-06-27 20:46:11.178 +03:00 [INF] HTTP OPTIONS /api/patient/profile responded 204 in 0ms
2026-06-27 20:46:11.191 +03:00 [INF] Executed DbCommand (2ms) [Parameters=[], CommandType='"Text"', CommandTimeout='30']
SELECT [p].[Id], [p].[Address], [p].[BloodType], [p].[CreatedAt], [p].[DateOfBirth], [p].[Email], [p].[FullName], [p].[Gender], [p].[NationalId], [p].[Phone], [p].[UserId]
FROM [Patients] AS [p]
2026-06-27 20:46:11.192 +03:00 [INF] HTTP GET /api/patient/profile responded 200 in 7ms
2026-06-27 21:08:37.772 +03:00 [INF] Executed DbCommand (32ms) [Parameters=[], CommandType='"Text"', CommandTimeout='30']
SELECT 1
2026-06-27 21:08:37.818 +03:00 [INF] Acquiring an exclusive lock for migration application. See https://aka.ms/efcore-docs-migrations-lock for more information if this takes too long.
2026-06-27 21:08:37.855 +03:00 [INF] Executed DbCommand (32ms) [Parameters=[], CommandType='"Text"', CommandTimeout='30']
DECLARE @result int;
EXEC @result = sp_getapplock @Resource = '__EFMigrationsLock', @LockOwner = 'Session', @LockMode = 'Exclusive';
SELECT @result
2026-06-27 21:08:37.937 +03:00 [INF] Executed DbCommand (2ms) [Parameters=[], CommandType='"Text"', CommandTimeout='30']
IF OBJECT_ID(N'[__EFMigrationsHistory]') IS NULL
BEGIN
    CREATE TABLE [__EFMigrationsHistory] (
        [MigrationId] nvarchar(150) NOT NULL,
        [ProductVersion] nvarchar(32) NOT NULL,
        CONSTRAINT [PK___EFMigrationsHistory] PRIMARY KEY ([MigrationId])
    );
END;
2026-06-27 21:08:37.960 +03:00 [INF] Executed DbCommand (0ms) [Parameters=[], CommandType='"Text"', CommandTimeout='30']
SELECT 1
2026-06-27 21:08:37.962 +03:00 [INF] Executed DbCommand (1ms) [Parameters=[], CommandType='"Text"', CommandTimeout='30']
SELECT OBJECT_ID(N'[__EFMigrationsHistory]');
2026-06-27 21:08:37.975 +03:00 [INF] Executed DbCommand (9ms) [Parameters=[], CommandType='"Text"', CommandTimeout='30']
SELECT [MigrationId], [ProductVersion]
FROM [__EFMigrationsHistory]
ORDER BY [MigrationId];
2026-06-27 21:08:37.988 +03:00 [INF] No migrations were applied. The database is already up to date.
2026-06-27 21:08:37.993 +03:00 [INF] Executed DbCommand (4ms) [Parameters=[], CommandType='"Text"', CommandTimeout='30']
DECLARE @result int;
EXEC @result = sp_releaseapplock @Resource = '__EFMigrationsLock', @LockOwner = 'Session';
SELECT @result
2026-06-27 21:08:38.244 +03:00 [INF] Executed DbCommand (4ms) [Parameters=[], CommandType='"Text"', CommandTimeout='30']
SELECT CASE
    WHEN EXISTS (
        SELECT 1
        FROM [Users] AS [u]) THEN CAST(1 AS bit)
    ELSE CAST(0 AS bit)
END
2026-06-27 21:08:38.249 +03:00 [INF] Database already seeded. Ensuring demo accounts exist.
2026-06-27 21:08:38.318 +03:00 [INF] Executed DbCommand (3ms) [Parameters=[], CommandType='"Text"', CommandTimeout='30']
SELECT TOP(1) [u].[Id], [u].[CreatedAt], [u].[Email], [u].[IsActive], [u].[PasswordHash], [u].[Role]
FROM [Users] AS [u]
WHERE [u].[Email] = N'patient@hospital.com'
2026-06-27 21:08:38.470 +03:00 [INF] Executed DbCommand (70ms) [Parameters=[@patientUser_Id='?' (DbType = Guid)], CommandType='"Text"', CommandTimeout='30']
SELECT TOP(1) [p].[Id], [p].[Address], [p].[BloodType], [p].[CreatedAt], [p].[DateOfBirth], [p].[Email], [p].[FullName], [p].[Gender], [p].[NationalId], [p].[Phone], [p].[UserId]
FROM [Patients] AS [p]
WHERE [p].[UserId] = @patientUser_Id
2026-06-27 21:08:38.721 +03:00 [INF] Now listening on: http://localhost:5000
2026-06-27 21:08:38.721 +03:00 [INF] Application started. Press Ctrl+C to shut down.
2026-06-27 21:08:38.721 +03:00 [INF] Hosting environment: Development
2026-06-27 21:08:38.721 +03:00 [INF] Content root path: G:\DEPI\HospitalSystem.API
2026-06-27 21:10:10.266 +03:00 [WRN] Failed to determine the https port for redirect.
2026-06-27 21:10:10.273 +03:00 [INF] HTTP OPTIONS /api/auth/login responded 204 in 39ms
2026-06-27 21:10:11.893 +03:00 [INF] Executed DbCommand (1ms) [Parameters=[], CommandType='"Text"', CommandTimeout='30']
SELECT [u].[Id], [u].[CreatedAt], [u].[Email], [u].[IsActive], [u].[PasswordHash], [u].[Role]
FROM [Users] AS [u]
2026-06-27 21:10:12.312 +03:00 [INF] HTTP POST /api/auth/login responded 200 in 2026ms
2026-06-27 21:10:12.338 +03:00 [INF] HTTP OPTIONS /api/patient/profile responded 204 in 1ms
2026-06-27 21:10:12.372 +03:00 [INF] Executed DbCommand (1ms) [Parameters=[], CommandType='"Text"', CommandTimeout='30']
SELECT [p].[Id], [p].[Address], [p].[BloodType], [p].[CreatedAt], [p].[DateOfBirth], [p].[Email], [p].[FullName], [p].[Gender], [p].[NationalId], [p].[Phone], [p].[UserId]
FROM [Patients] AS [p]
2026-06-27 21:10:12.395 +03:00 [INF] HTTP GET /api/patient/profile responded 200 in 52ms
2026-06-27 21:10:21.222 +03:00 [INF] HTTP OPTIONS /api/auth/login responded 204 in 0ms
2026-06-27 21:10:21.231 +03:00 [INF] Executed DbCommand (0ms) [Parameters=[], CommandType='"Text"', CommandTimeout='30']
SELECT [u].[Id], [u].[CreatedAt], [u].[Email], [u].[IsActive], [u].[PasswordHash], [u].[Role]
FROM [Users] AS [u]
2026-06-27 21:10:21.565 +03:00 [INF] HTTP POST /api/auth/login responded 200 in 341ms
2026-06-27 21:10:21.578 +03:00 [INF] HTTP OPTIONS /api/departments responded 204 in 0ms
2026-06-27 21:10:21.608 +03:00 [INF] Executed DbCommand (1ms) [Parameters=[], CommandType='"Text"', CommandTimeout='30']
SELECT [d].[Id], [d].[Description], [d].[IsActive], [d].[Name]
FROM [Departments] AS [d]
2026-06-27 21:10:21.627 +03:00 [INF] HTTP GET /api/departments responded 200 in 46ms
2026-06-27 21:10:56.611 +03:00 [INF] HTTP OPTIONS /api/auth/login responded 204 in 0ms
2026-06-27 21:10:56.620 +03:00 [INF] Executed DbCommand (1ms) [Parameters=[], CommandType='"Text"', CommandTimeout='30']
SELECT [u].[Id], [u].[CreatedAt], [u].[Email], [u].[IsActive], [u].[PasswordHash], [u].[Role]
FROM [Users] AS [u]
2026-06-27 21:10:56.794 +03:00 [INF] HTTP POST /api/auth/login responded 200 in 180ms
2026-06-27 21:10:56.811 +03:00 [INF] HTTP OPTIONS /api/doctor/schedule responded 204 in 0ms
2026-06-27 21:10:56.838 +03:00 [INF] Executed DbCommand (2ms) [Parameters=[], CommandType='"Text"', CommandTimeout='30']
SELECT [d].[Id], [d].[DepartmentId], [d].[FullName], [d].[IsActive], [d].[Phone], [d].[Specialization], [d].[UserId]
FROM [Doctors] AS [d]
2026-06-27 21:10:56.924 +03:00 [INF] Executed DbCommand (1ms) [Parameters=[@p='?' (DbType = Guid)], CommandType='"Text"', CommandTimeout='30']
SELECT TOP(1) [d].[Id], [d].[Description], [d].[IsActive], [d].[Name]
FROM [Departments] AS [d]
WHERE [d].[Id] = @p
2026-06-27 21:10:56.957 +03:00 [INF] Executed DbCommand (5ms) [Parameters=[@doctorId='?' (DbType = Guid), @date='?' (DbType = Date)], CommandType='"Text"', CommandTimeout='30']
SELECT [a].[Id], [a].[AppointmentDate], [a].[CreatedAt], [a].[CreatedByReceptionistId], [a].[DoctorId], [a].[EndTime], [a].[Notes], [a].[PatientId], [a].[StartTime], [a].[Status], [a].[UpdatedAt]
FROM [Appointments] AS [a]
WHERE [a].[DoctorId] = @doctorId AND [a].[AppointmentDate] = @date
ORDER BY [a].[StartTime]
2026-06-27 21:10:56.973 +03:00 [INF] HTTP GET /api/doctor/schedule responded 200 in 158ms
2026-06-27 21:11:03.489 +03:00 [INF] HTTP OPTIONS /api/auth/login responded 204 in 0ms
2026-06-27 21:11:03.493 +03:00 [INF] Executed DbCommand (1ms) [Parameters=[], CommandType='"Text"', CommandTimeout='30']
SELECT [u].[Id], [u].[CreatedAt], [u].[Email], [u].[IsActive], [u].[PasswordHash], [u].[Role]
FROM [Users] AS [u]
2026-06-27 21:11:03.684 +03:00 [INF] HTTP POST /api/auth/login responded 200 in 192ms
2026-06-27 21:11:03.700 +03:00 [INF] HTTP OPTIONS /api/patients responded 204 in 0ms
2026-06-27 21:11:03.717 +03:00 [INF] Executed DbCommand (1ms) [Parameters=[], CommandType='"Text"', CommandTimeout='30']
SELECT [p].[Id], [p].[Address], [p].[BloodType], [p].[CreatedAt], [p].[DateOfBirth], [p].[Email], [p].[FullName], [p].[Gender], [p].[NationalId], [p].[Phone], [p].[UserId]
FROM [Patients] AS [p]
2026-06-27 21:11:03.722 +03:00 [INF] HTTP GET /api/patients responded 200 in 18ms
2026-06-27 21:11:05.763 +03:00 [INF] HTTP OPTIONS /api/patients/36574f06-f0f8-4c16-83d7-073e1107da0b responded 204 in 0ms
2026-06-27 21:11:05.783 +03:00 [INF] Executed DbCommand (2ms) [Parameters=[@p='?' (DbType = Guid)], CommandType='"Text"', CommandTimeout='30']
SELECT TOP(1) [p].[Id], [p].[Address], [p].[BloodType], [p].[CreatedAt], [p].[DateOfBirth], [p].[Email], [p].[FullName], [p].[Gender], [p].[NationalId], [p].[Phone], [p].[UserId]
FROM [Patients] AS [p]
WHERE [p].[Id] = @p
2026-06-27 21:11:05.784 +03:00 [INF] HTTP GET /api/patients/36574f06-f0f8-4c16-83d7-073e1107da0b responded 200 in 18ms
2026-06-27 21:11:11.275 +03:00 [INF] HTTP OPTIONS /api/departments responded 204 in 0ms
2026-06-27 21:11:11.276 +03:00 [INF] HTTP OPTIONS /api/patients responded 204 in 0ms
2026-06-27 21:11:11.282 +03:00 [INF] Executed DbCommand (0ms) [Parameters=[], CommandType='"Text"', CommandTimeout='30']
SELECT [p].[Id], [p].[Address], [p].[BloodType], [p].[CreatedAt], [p].[DateOfBirth], [p].[Email], [p].[FullName], [p].[Gender], [p].[NationalId], [p].[Phone], [p].[UserId]
FROM [Patients] AS [p]
2026-06-27 21:11:11.283 +03:00 [INF] HTTP GET /api/patients responded 200 in 2ms
2026-06-27 21:11:11.287 +03:00 [INF] Executed DbCommand (0ms) [Parameters=[], CommandType='"Text"', CommandTimeout='30']
SELECT [d].[Id], [d].[Description], [d].[IsActive], [d].[Name]
FROM [Departments] AS [d]
2026-06-27 21:11:11.288 +03:00 [INF] HTTP GET /api/departments responded 200 in 7ms
2026-06-27 21:11:13.056 +03:00 [INF] HTTP OPTIONS /api/doctors responded 204 in 0ms
2026-06-27 21:11:13.073 +03:00 [INF] Executed DbCommand (1ms) [Parameters=[], CommandType='"Text"', CommandTimeout='30']
SELECT [d].[Id], [d].[DepartmentId], [d].[FullName], [d].[IsActive], [d].[Phone], [d].[Specialization], [d].[UserId]
FROM [Doctors] AS [d]
2026-06-27 21:11:13.078 +03:00 [INF] Executed DbCommand (0ms) [Parameters=[@p='?' (DbType = Guid)], CommandType='"Text"', CommandTimeout='30']
SELECT TOP(1) [d].[Id], [d].[Description], [d].[IsActive], [d].[Name]
FROM [Departments] AS [d]
WHERE [d].[Id] = @p
2026-06-27 21:11:13.080 +03:00 [INF] Executed DbCommand (0ms) [Parameters=[@p='?' (DbType = Guid)], CommandType='"Text"', CommandTimeout='30']
SELECT TOP(1) [d].[Id], [d].[Description], [d].[IsActive], [d].[Name]
FROM [Departments] AS [d]
WHERE [d].[Id] = @p
2026-06-27 21:11:13.084 +03:00 [INF] HTTP GET /api/doctors responded 200 in 24ms
2026-06-27 21:11:13.091 +03:00 [INF] HTTP OPTIONS /api/appointments responded 204 in 0ms
2026-06-27 21:11:13.102 +03:00 [INF] Executed DbCommand (1ms) [Parameters=[@doctorId='?' (DbType = Guid), @date='?' (DbType = Date)], CommandType='"Text"', CommandTimeout='30']
SELECT [a].[Id], [a].[AppointmentDate], [a].[CreatedAt], [a].[CreatedByReceptionistId], [a].[DoctorId], [a].[EndTime], [a].[Notes], [a].[PatientId], [a].[StartTime], [a].[Status], [a].[UpdatedAt]
FROM [Appointments] AS [a]
WHERE [a].[DoctorId] = @doctorId AND [a].[AppointmentDate] = @date
ORDER BY [a].[StartTime]
2026-06-27 21:11:13.103 +03:00 [INF] HTTP GET /api/appointments responded 200 in 10ms
2026-06-27 21:11:13.107 +03:00 [INF] HTTP OPTIONS /api/appointments responded 204 in 0ms
2026-06-27 21:11:13.110 +03:00 [INF] Executed DbCommand (1ms) [Parameters=[@doctorId='?' (DbType = Guid), @date='?' (DbType = Date)], CommandType='"Text"', CommandTimeout='30']
SELECT [a].[Id], [a].[AppointmentDate], [a].[CreatedAt], [a].[CreatedByReceptionistId], [a].[DoctorId], [a].[EndTime], [a].[Notes], [a].[PatientId], [a].[StartTime], [a].[Status], [a].[UpdatedAt]
FROM [Appointments] AS [a]
WHERE [a].[DoctorId] = @doctorId AND [a].[AppointmentDate] = @date
ORDER BY [a].[StartTime]
2026-06-27 21:11:13.111 +03:00 [INF] HTTP GET /api/appointments responded 200 in 2ms
