2026-06-30 00:15:07.307 +03:00 [INF] Executed DbCommand (33ms) [Parameters=[], CommandType='"Text"', CommandTimeout='30']
SELECT 1
2026-06-30 00:15:07.360 +03:00 [INF] Acquiring an exclusive lock for migration application. See https://aka.ms/efcore-docs-migrations-lock for more information if this takes too long.
2026-06-30 00:15:07.403 +03:00 [INF] Executed DbCommand (38ms) [Parameters=[], CommandType='"Text"', CommandTimeout='30']
DECLARE @result int;
EXEC @result = sp_getapplock @Resource = '__EFMigrationsLock', @LockOwner = 'Session', @LockMode = 'Exclusive';
SELECT @result
2026-06-30 00:15:07.529 +03:00 [INF] Executed DbCommand (2ms) [Parameters=[], CommandType='"Text"', CommandTimeout='30']
IF OBJECT_ID(N'[__EFMigrationsHistory]') IS NULL
BEGIN
    CREATE TABLE [__EFMigrationsHistory] (
        [MigrationId] nvarchar(150) NOT NULL,
        [ProductVersion] nvarchar(32) NOT NULL,
        CONSTRAINT [PK___EFMigrationsHistory] PRIMARY KEY ([MigrationId])
    );
END;
2026-06-30 00:15:07.548 +03:00 [INF] Executed DbCommand (1ms) [Parameters=[], CommandType='"Text"', CommandTimeout='30']
SELECT 1
2026-06-30 00:15:07.550 +03:00 [INF] Executed DbCommand (1ms) [Parameters=[], CommandType='"Text"', CommandTimeout='30']
SELECT OBJECT_ID(N'[__EFMigrationsHistory]');
2026-06-30 00:15:07.562 +03:00 [INF] Executed DbCommand (8ms) [Parameters=[], CommandType='"Text"', CommandTimeout='30']
SELECT [MigrationId], [ProductVersion]
FROM [__EFMigrationsHistory]
ORDER BY [MigrationId];
2026-06-30 00:15:07.574 +03:00 [INF] No migrations were applied. The database is already up to date.
2026-06-30 00:15:07.579 +03:00 [INF] Executed DbCommand (3ms) [Parameters=[], CommandType='"Text"', CommandTimeout='30']
DECLARE @result int;
EXEC @result = sp_releaseapplock @Resource = '__EFMigrationsLock', @LockOwner = 'Session';
SELECT @result
2026-06-30 00:15:07.861 +03:00 [INF] Executed DbCommand (4ms) [Parameters=[], CommandType='"Text"', CommandTimeout='30']
SELECT CASE
    WHEN EXISTS (
        SELECT 1
        FROM [Users] AS [u]) THEN CAST(1 AS bit)
    ELSE CAST(0 AS bit)
END
2026-06-30 00:15:07.867 +03:00 [INF] Database already seeded. Ensuring demo accounts exist.
2026-06-30 00:15:07.943 +03:00 [INF] Executed DbCommand (2ms) [Parameters=[], CommandType='"Text"', CommandTimeout='30']
SELECT TOP(1) [u].[Id], [u].[CreatedAt], [u].[Email], [u].[IsActive], [u].[PasswordHash], [u].[Role]
FROM [Users] AS [u]
WHERE [u].[Email] = N'patient@hospital.com'
2026-06-30 00:15:08.165 +03:00 [INF] Executed DbCommand (122ms) [Parameters=[@patientUser_Id='?' (DbType = Guid)], CommandType='"Text"', CommandTimeout='30']
SELECT TOP(1) [p].[Id], [p].[Address], [p].[BloodType], [p].[CreatedAt], [p].[DateOfBirth], [p].[Email], [p].[FullName], [p].[Gender], [p].[NationalId], [p].[Phone], [p].[UserId]
FROM [Patients] AS [p]
WHERE [p].[UserId] = @patientUser_Id
2026-06-30 00:15:08.555 +03:00 [INF] Now listening on: http://localhost:5000
2026-06-30 00:15:08.555 +03:00 [INF] Application started. Press Ctrl+C to shut down.
2026-06-30 00:15:08.555 +03:00 [INF] Hosting environment: Development
2026-06-30 00:15:08.555 +03:00 [INF] Content root path: G:\DEPI\HospitalSystem.API
2026-06-30 00:15:46.849 +03:00 [WRN] Failed to determine the https port for redirect.
2026-06-30 00:15:46.854 +03:00 [INF] HTTP OPTIONS /api/auth/login responded 204 in 27ms
2026-06-30 00:15:48.273 +03:00 [INF] Executed DbCommand (1ms) [Parameters=[], CommandType='"Text"', CommandTimeout='30']
SELECT [u].[Id], [u].[CreatedAt], [u].[Email], [u].[IsActive], [u].[PasswordHash], [u].[Role]
FROM [Users] AS [u]
2026-06-30 00:15:48.701 +03:00 [INF] HTTP POST /api/auth/login responded 200 in 1834ms
2026-06-30 00:15:48.731 +03:00 [INF] HTTP OPTIONS /api/patients responded 204 in 1ms
2026-06-30 00:15:48.762 +03:00 [INF] Executed DbCommand (1ms) [Parameters=[], CommandType='"Text"', CommandTimeout='30']
SELECT [p].[Id], [p].[Address], [p].[BloodType], [p].[CreatedAt], [p].[DateOfBirth], [p].[Email], [p].[FullName], [p].[Gender], [p].[NationalId], [p].[Phone], [p].[UserId]
FROM [Patients] AS [p]
2026-06-30 00:15:48.787 +03:00 [INF] HTTP GET /api/patients responded 200 in 54ms
2026-06-30 00:16:58.961 +03:00 [INF] HTTP OPTIONS /api/patients responded 204 in 0ms
2026-06-30 00:16:58.974 +03:00 [INF] Executed DbCommand (1ms) [Parameters=[], CommandType='"Text"', CommandTimeout='30']
SELECT [p].[Id], [p].[Address], [p].[BloodType], [p].[CreatedAt], [p].[DateOfBirth], [p].[Email], [p].[FullName], [p].[Gender], [p].[NationalId], [p].[Phone], [p].[UserId]
FROM [Patients] AS [p]
2026-06-30 00:16:58.975 +03:00 [INF] HTTP GET /api/patients responded 200 in 11ms
2026-06-30 00:17:04.042 +03:00 [INF] HTTP OPTIONS /api/departments responded 204 in 0ms
2026-06-30 00:17:04.043 +03:00 [INF] HTTP OPTIONS /api/patients responded 204 in 0ms
2026-06-30 00:17:04.052 +03:00 [INF] Executed DbCommand (0ms) [Parameters=[], CommandType='"Text"', CommandTimeout='30']
SELECT [p].[Id], [p].[Address], [p].[BloodType], [p].[CreatedAt], [p].[DateOfBirth], [p].[Email], [p].[FullName], [p].[Gender], [p].[NationalId], [p].[Phone], [p].[UserId]
FROM [Patients] AS [p]
2026-06-30 00:17:04.053 +03:00 [INF] HTTP GET /api/patients responded 200 in 8ms
2026-06-30 00:17:04.062 +03:00 [INF] Executed DbCommand (2ms) [Parameters=[], CommandType='"Text"', CommandTimeout='30']
SELECT [d].[Id], [d].[Description], [d].[IsActive], [d].[Name]
FROM [Departments] AS [d]
2026-06-30 00:17:04.074 +03:00 [INF] HTTP GET /api/departments responded 200 in 30ms
2026-06-30 00:17:05.596 +03:00 [INF] HTTP OPTIONS /api/doctors responded 204 in 0ms
2026-06-30 00:17:05.596 +03:00 [INF] HTTP OPTIONS /api/doctors responded 204 in 0ms
2026-06-30 00:17:05.614 +03:00 [INF] Executed DbCommand (4ms) [Parameters=[], CommandType='"Text"', CommandTimeout='30']
SELECT [d].[Id], [d].[DepartmentId], [d].[FullName], [d].[IsActive], [d].[Phone], [d].[Specialization], [d].[UserId]
FROM [Doctors] AS [d]
2026-06-30 00:17:05.669 +03:00 [INF] Executed DbCommand (1ms) [Parameters=[@p='?' (DbType = Guid)], CommandType='"Text"', CommandTimeout='30']
SELECT TOP(1) [d].[Id], [d].[Description], [d].[IsActive], [d].[Name]
FROM [Departments] AS [d]
WHERE [d].[Id] = @p
2026-06-30 00:17:05.682 +03:00 [INF] Executed DbCommand (1ms) [Parameters=[@p='?' (DbType = Guid)], CommandType='"Text"', CommandTimeout='30']
SELECT TOP(1) [d].[Id], [d].[Description], [d].[IsActive], [d].[Name]
FROM [Departments] AS [d]
WHERE [d].[Id] = @p
2026-06-30 00:17:05.687 +03:00 [INF] HTTP GET /api/doctors responded 200 in 89ms
2026-06-30 00:17:05.690 +03:00 [INF] Executed DbCommand (1ms) [Parameters=[], CommandType='"Text"', CommandTimeout='30']
SELECT [d].[Id], [d].[DepartmentId], [d].[FullName], [d].[IsActive], [d].[Phone], [d].[Specialization], [d].[UserId]
FROM [Doctors] AS [d]
2026-06-30 00:17:05.690 +03:00 [INF] HTTP OPTIONS /api/doctors/eea5306b-9d0d-474f-b644-e334fdedcbe6/schedule responded 204 in 0ms
2026-06-30 00:17:05.691 +03:00 [INF] HTTP OPTIONS /api/doctors/44450f15-4382-4c72-9e45-ffb270692955/schedule responded 204 in 0ms
2026-06-30 00:17:05.692 +03:00 [INF] Executed DbCommand (0ms) [Parameters=[@p='?' (DbType = Guid)], CommandType='"Text"', CommandTimeout='30']
SELECT TOP(1) [d].[Id], [d].[Description], [d].[IsActive], [d].[Name]
FROM [Departments] AS [d]
WHERE [d].[Id] = @p
2026-06-30 00:17:05.693 +03:00 [INF] Executed DbCommand (0ms) [Parameters=[@p='?' (DbType = Guid)], CommandType='"Text"', CommandTimeout='30']
SELECT TOP(1) [d].[Id], [d].[Description], [d].[IsActive], [d].[Name]
FROM [Departments] AS [d]
WHERE [d].[Id] = @p
2026-06-30 00:17:05.693 +03:00 [INF] HTTP GET /api/doctors responded 200 in 5ms
2026-06-30 00:17:05.698 +03:00 [INF] HTTP OPTIONS /api/appointments responded 204 in 0ms
2026-06-30 00:17:05.712 +03:00 [INF] Executed DbCommand (2ms) [Parameters=[@p='?' (DbType = Guid)], CommandType='"Text"', CommandTimeout='30']
SELECT TOP(1) [d].[Id], [d].[DepartmentId], [d].[FullName], [d].[IsActive], [d].[Phone], [d].[Specialization], [d].[UserId]
FROM [Doctors] AS [d]
WHERE [d].[Id] = @p
2026-06-30 00:17:05.715 +03:00 [INF] Executed DbCommand (1ms) [Parameters=[@p='?' (DbType = Guid)], CommandType='"Text"', CommandTimeout='30']
SELECT TOP(1) [d].[Id], [d].[DepartmentId], [d].[FullName], [d].[IsActive], [d].[Phone], [d].[Specialization], [d].[UserId]
FROM [Doctors] AS [d]
WHERE [d].[Id] = @p
2026-06-30 00:17:05.721 +03:00 [INF] Executed DbCommand (2ms) [Parameters=[], CommandType='"Text"', CommandTimeout='30']
SELECT [d].[Id], [d].[AppointmentDurationMinutes], [d].[DayOfWeek], [d].[DoctorId], [d].[EndTime], [d].[IsActive], [d].[StartTime]
FROM [DoctorSchedules] AS [d]
2026-06-30 00:17:05.721 +03:00 [INF] Executed DbCommand (2ms) [Parameters=[], CommandType='"Text"', CommandTimeout='30']
SELECT [d].[Id], [d].[AppointmentDurationMinutes], [d].[DayOfWeek], [d].[DoctorId], [d].[EndTime], [d].[IsActive], [d].[StartTime]
FROM [DoctorSchedules] AS [d]
2026-06-30 00:17:05.730 +03:00 [INF] Executed DbCommand (5ms) [Parameters=[@doctorId='?' (DbType = Guid), @date='?' (DbType = Date)], CommandType='"Text"', CommandTimeout='30']
SELECT [a].[Id], [a].[AppointmentDate], [a].[CreatedAt], [a].[CreatedByReceptionistId], [a].[DoctorId], [a].[EndTime], [a].[Notes], [a].[PatientId], [a].[StartTime], [a].[Status], [a].[UpdatedAt]
FROM [Appointments] AS [a]
WHERE [a].[DoctorId] = @doctorId AND [a].[AppointmentDate] = @date
ORDER BY [a].[StartTime]
2026-06-30 00:17:05.746 +03:00 [INF] HTTP GET /api/appointments responded 200 in 45ms
2026-06-30 00:17:05.750 +03:00 [INF] HTTP OPTIONS /api/appointments responded 204 in 0ms
2026-06-30 00:17:05.754 +03:00 [INF] Executed DbCommand (0ms) [Parameters=[@doctorId='?' (DbType = Guid), @date='?' (DbType = Date)], CommandType='"Text"', CommandTimeout='30']
SELECT [a].[Id], [a].[AppointmentDate], [a].[CreatedAt], [a].[CreatedByReceptionistId], [a].[DoctorId], [a].[EndTime], [a].[Notes], [a].[PatientId], [a].[StartTime], [a].[Status], [a].[UpdatedAt]
FROM [Appointments] AS [a]
WHERE [a].[DoctorId] = @doctorId AND [a].[AppointmentDate] = @date
ORDER BY [a].[StartTime]
2026-06-30 00:17:05.754 +03:00 [INF] HTTP GET /api/appointments responded 200 in 2ms
2026-06-30 00:17:05.756 +03:00 [INF] HTTP GET /api/doctors/44450f15-4382-4c72-9e45-ffb270692955/schedule responded 200 in 63ms
2026-06-30 00:17:05.756 +03:00 [INF] HTTP GET /api/doctors/eea5306b-9d0d-474f-b644-e334fdedcbe6/schedule responded 200 in 62ms
2026-06-30 00:17:20.660 +03:00 [INF] HTTP OPTIONS /api/auth/login responded 204 in 0ms
2026-06-30 00:17:20.665 +03:00 [INF] Executed DbCommand (0ms) [Parameters=[], CommandType='"Text"', CommandTimeout='30']
SELECT [u].[Id], [u].[CreatedAt], [u].[Email], [u].[IsActive], [u].[PasswordHash], [u].[Role]
FROM [Users] AS [u]
2026-06-30 00:17:20.796 +03:00 [INF] HTTP POST /api/auth/login responded 200 in 133ms
2026-06-30 00:17:20.806 +03:00 [INF] HTTP OPTIONS /api/departments responded 204 in 0ms
2026-06-30 00:17:20.811 +03:00 [INF] Executed DbCommand (1ms) [Parameters=[], CommandType='"Text"', CommandTimeout='30']
SELECT [d].[Id], [d].[Description], [d].[IsActive], [d].[Name]
FROM [Departments] AS [d]
2026-06-30 00:17:20.812 +03:00 [INF] HTTP GET /api/departments responded 200 in 3ms
2026-06-30 00:17:24.031 +03:00 [INF] HTTP OPTIONS /api/doctors responded 204 in 0ms
2026-06-30 00:17:24.034 +03:00 [INF] Executed DbCommand (0ms) [Parameters=[], CommandType='"Text"', CommandTimeout='30']
SELECT [d].[Id], [d].[DepartmentId], [d].[FullName], [d].[IsActive], [d].[Phone], [d].[Specialization], [d].[UserId]
FROM [Doctors] AS [d]
2026-06-30 00:17:24.036 +03:00 [INF] Executed DbCommand (0ms) [Parameters=[@p='?' (DbType = Guid)], CommandType='"Text"', CommandTimeout='30']
SELECT TOP(1) [d].[Id], [d].[Description], [d].[IsActive], [d].[Name]
FROM [Departments] AS [d]
WHERE [d].[Id] = @p
2026-06-30 00:17:24.037 +03:00 [INF] Executed DbCommand (0ms) [Parameters=[@p='?' (DbType = Guid)], CommandType='"Text"', CommandTimeout='30']
SELECT TOP(1) [d].[Id], [d].[Description], [d].[IsActive], [d].[Name]
FROM [Departments] AS [d]
WHERE [d].[Id] = @p
2026-06-30 00:17:24.037 +03:00 [INF] HTTP GET /api/doctors responded 200 in 4ms
2026-06-30 00:17:25.129 +03:00 [INF] HTTP OPTIONS /api/receptionists responded 204 in 0ms
2026-06-30 00:17:25.145 +03:00 [INF] Executed DbCommand (2ms) [Parameters=[], CommandType='"Text"', CommandTimeout='30']
SELECT [r].[Id], [r].[FullName], [r].[IsActive], [r].[Phone], [r].[UserId]
FROM [Receptionists] AS [r]
2026-06-30 00:17:25.155 +03:00 [INF] HTTP GET /api/receptionists responded 200 in 24ms
2026-06-30 00:17:33.456 +03:00 [INF] HTTP OPTIONS /api/doctors/eea5306b-9d0d-474f-b644-e334fdedcbe6 responded 204 in 0ms
2026-06-30 00:17:33.471 +03:00 [INF] Executed DbCommand (1ms) [Parameters=[@p='?' (DbType = Guid)], CommandType='"Text"', CommandTimeout='30']
SELECT TOP(1) [d].[Id], [d].[DepartmentId], [d].[FullName], [d].[IsActive], [d].[Phone], [d].[Specialization], [d].[UserId]
FROM [Doctors] AS [d]
WHERE [d].[Id] = @p
2026-06-30 00:17:33.547 +03:00 [INF] Executed DbCommand (4ms) [Parameters=[@p6='?' (DbType = Guid), @p0='?' (DbType = Guid), @p1='?' (Size = 200), @p2='?' (DbType = Boolean), @p3='?' (Size = 50), @p4='?' (Size = 200), @p5='?' (DbType = Guid)], CommandType='"Text"', CommandTimeout='30']
SET IMPLICIT_TRANSACTIONS OFF;
SET NOCOUNT ON;
UPDATE [Doctors] SET [DepartmentId] = @p0, [FullName] = @p1, [IsActive] = @p2, [Phone] = @p3, [Specialization] = @p4, [UserId] = @p5
OUTPUT 1
WHERE [Id] = @p6;
2026-06-30 00:17:33.557 +03:00 [INF] HTTP DELETE /api/doctors/eea5306b-9d0d-474f-b644-e334fdedcbe6 responded 200 in 98ms
2026-06-30 00:17:33.560 +03:00 [INF] HTTP OPTIONS /api/doctors responded 204 in 0ms
2026-06-30 00:17:33.563 +03:00 [INF] Executed DbCommand (0ms) [Parameters=[], CommandType='"Text"', CommandTimeout='30']
SELECT [d].[Id], [d].[DepartmentId], [d].[FullName], [d].[IsActive], [d].[Phone], [d].[Specialization], [d].[UserId]
FROM [Doctors] AS [d]
2026-06-30 00:17:33.564 +03:00 [INF] Executed DbCommand (0ms) [Parameters=[@p='?' (DbType = Guid)], CommandType='"Text"', CommandTimeout='30']
SELECT TOP(1) [d].[Id], [d].[Description], [d].[IsActive], [d].[Name]
FROM [Departments] AS [d]
WHERE [d].[Id] = @p
2026-06-30 00:17:33.565 +03:00 [INF] Executed DbCommand (0ms) [Parameters=[@p='?' (DbType = Guid)], CommandType='"Text"', CommandTimeout='30']
SELECT TOP(1) [d].[Id], [d].[Description], [d].[IsActive], [d].[Name]
FROM [Departments] AS [d]
WHERE [d].[Id] = @p
2026-06-30 00:17:33.566 +03:00 [INF] HTTP GET /api/doctors responded 200 in 4ms
2026-06-30 00:17:41.288 +03:00 [INF] HTTP OPTIONS /api/departments responded 204 in 0ms
2026-06-30 00:17:41.292 +03:00 [INF] Executed DbCommand (1ms) [Parameters=[], CommandType='"Text"', CommandTimeout='30']
SELECT [d].[Id], [d].[Description], [d].[IsActive], [d].[Name]
FROM [Departments] AS [d]
2026-06-30 00:17:41.293 +03:00 [INF] HTTP GET /api/departments responded 200 in 3ms
2026-06-30 00:18:06.740 +03:00 [INF] HTTP OPTIONS /api/doctors responded 204 in 0ms
2026-06-30 00:18:06.745 +03:00 [INF] Executed DbCommand (1ms) [Parameters=[], CommandType='"Text"', CommandTimeout='30']
SELECT [d].[Id], [d].[DepartmentId], [d].[FullName], [d].[IsActive], [d].[Phone], [d].[Specialization], [d].[UserId]
FROM [Doctors] AS [d]
2026-06-30 00:18:06.747 +03:00 [INF] Executed DbCommand (1ms) [Parameters=[@p='?' (DbType = Guid)], CommandType='"Text"', CommandTimeout='30']
SELECT TOP(1) [d].[Id], [d].[Description], [d].[IsActive], [d].[Name]
FROM [Departments] AS [d]
WHERE [d].[Id] = @p
2026-06-30 00:18:06.748 +03:00 [INF] Executed DbCommand (0ms) [Parameters=[@p='?' (DbType = Guid)], CommandType='"Text"', CommandTimeout='30']
SELECT TOP(1) [d].[Id], [d].[Description], [d].[IsActive], [d].[Name]
FROM [Departments] AS [d]
WHERE [d].[Id] = @p
2026-06-30 00:18:06.749 +03:00 [INF] HTTP GET /api/doctors responded 200 in 6ms
2026-06-30 00:18:08.571 +03:00 [INF] HTTP OPTIONS /api/departments responded 204 in 0ms
2026-06-30 00:18:08.579 +03:00 [INF] Executed DbCommand (2ms) [Parameters=[], CommandType='"Text"', CommandTimeout='30']
SELECT [d].[Id], [d].[Description], [d].[IsActive], [d].[Name]
FROM [Departments] AS [d]
2026-06-30 00:18:08.579 +03:00 [INF] HTTP GET /api/departments responded 200 in 5ms
2026-06-30 00:18:12.379 +03:00 [INF] HTTP OPTIONS /api/receptionists responded 204 in 0ms
2026-06-30 00:18:12.383 +03:00 [INF] Executed DbCommand (0ms) [Parameters=[], CommandType='"Text"', CommandTimeout='30']
SELECT [r].[Id], [r].[FullName], [r].[IsActive], [r].[Phone], [r].[UserId]
FROM [Receptionists] AS [r]
2026-06-30 00:18:12.383 +03:00 [INF] HTTP GET /api/receptionists responded 200 in 2ms
2026-06-30 00:18:13.563 +03:00 [INF] HTTP OPTIONS /api/departments responded 204 in 0ms
2026-06-30 00:18:13.567 +03:00 [INF] Executed DbCommand (0ms) [Parameters=[], CommandType='"Text"', CommandTimeout='30']
SELECT [d].[Id], [d].[Description], [d].[IsActive], [d].[Name]
FROM [Departments] AS [d]
2026-06-30 00:18:13.567 +03:00 [INF] HTTP GET /api/departments responded 200 in 2ms
2026-06-30 00:18:46.932 +03:00 [INF] HTTP OPTIONS /api/departments responded 204 in 0ms
2026-06-30 00:18:46.937 +03:00 [INF] Executed DbCommand (1ms) [Parameters=[], CommandType='"Text"', CommandTimeout='30']
SELECT [d].[Id], [d].[Description], [d].[IsActive], [d].[Name]
FROM [Departments] AS [d]
2026-06-30 00:18:46.938 +03:00 [INF] HTTP GET /api/departments responded 200 in 3ms
2026-06-30 00:18:49.364 +03:00 [INF] HTTP OPTIONS /api/doctors responded 204 in 0ms
2026-06-30 00:18:49.364 +03:00 [INF] HTTP OPTIONS /api/departments responded 204 in 0ms
2026-06-30 00:18:49.367 +03:00 [INF] Executed DbCommand (0ms) [Parameters=[], CommandType='"Text"', CommandTimeout='30']
SELECT [d].[Id], [d].[Description], [d].[IsActive], [d].[Name]
FROM [Departments] AS [d]
2026-06-30 00:18:49.367 +03:00 [INF] Executed DbCommand (0ms) [Parameters=[], CommandType='"Text"', CommandTimeout='30']
SELECT [d].[Id], [d].[DepartmentId], [d].[FullName], [d].[IsActive], [d].[Phone], [d].[Specialization], [d].[UserId]
FROM [Doctors] AS [d]
2026-06-30 00:18:49.368 +03:00 [INF] HTTP GET /api/departments responded 200 in 1ms
2026-06-30 00:18:49.368 +03:00 [INF] Executed DbCommand (0ms) [Parameters=[@p='?' (DbType = Guid)], CommandType='"Text"', CommandTimeout='30']
SELECT TOP(1) [d].[Id], [d].[Description], [d].[IsActive], [d].[Name]
FROM [Departments] AS [d]
WHERE [d].[Id] = @p
2026-06-30 00:18:49.369 +03:00 [INF] Executed DbCommand (0ms) [Parameters=[@p='?' (DbType = Guid)], CommandType='"Text"', CommandTimeout='30']
SELECT TOP(1) [d].[Id], [d].[Description], [d].[IsActive], [d].[Name]
FROM [Departments] AS [d]
WHERE [d].[Id] = @p
2026-06-30 00:18:49.370 +03:00 [INF] HTTP GET /api/doctors responded 200 in 3ms
2026-06-30 00:18:50.524 +03:00 [INF] HTTP OPTIONS /api/receptionists responded 204 in 0ms
2026-06-30 00:18:50.528 +03:00 [INF] Executed DbCommand (0ms) [Parameters=[], CommandType='"Text"', CommandTimeout='30']
SELECT [r].[Id], [r].[FullName], [r].[IsActive], [r].[Phone], [r].[UserId]
FROM [Receptionists] AS [r]
2026-06-30 00:18:50.528 +03:00 [INF] HTTP GET /api/receptionists responded 200 in 2ms
2026-06-30 00:19:49.199 +03:00 [INF] HTTP OPTIONS /api/receptionists responded 204 in 0ms
2026-06-30 00:19:49.202 +03:00 [INF] Executed DbCommand (1ms) [Parameters=[], CommandType='"Text"', CommandTimeout='30']
SELECT [r].[Id], [r].[FullName], [r].[IsActive], [r].[Phone], [r].[UserId]
FROM [Receptionists] AS [r]
2026-06-30 00:19:49.203 +03:00 [INF] HTTP GET /api/receptionists responded 200 in 2ms
2026-06-30 00:19:50.369 +03:00 [INF] HTTP OPTIONS /api/departments responded 204 in 0ms
2026-06-30 00:19:50.373 +03:00 [INF] Executed DbCommand (0ms) [Parameters=[], CommandType='"Text"', CommandTimeout='30']
SELECT [d].[Id], [d].[Description], [d].[IsActive], [d].[Name]
FROM [Departments] AS [d]
2026-06-30 00:19:50.373 +03:00 [INF] HTTP GET /api/departments responded 200 in 1ms
2026-06-30 00:19:51.590 +03:00 [INF] HTTP OPTIONS /api/departments responded 204 in 0ms
2026-06-30 00:19:51.590 +03:00 [INF] HTTP OPTIONS /api/doctors responded 204 in 0ms
2026-06-30 00:19:51.593 +03:00 [INF] Executed DbCommand (0ms) [Parameters=[], CommandType='"Text"', CommandTimeout='30']
SELECT [d].[Id], [d].[DepartmentId], [d].[FullName], [d].[IsActive], [d].[Phone], [d].[Specialization], [d].[UserId]
FROM [Doctors] AS [d]
2026-06-30 00:19:51.593 +03:00 [INF] Executed DbCommand (0ms) [Parameters=[], CommandType='"Text"', CommandTimeout='30']
SELECT [d].[Id], [d].[Description], [d].[IsActive], [d].[Name]
FROM [Departments] AS [d]
2026-06-30 00:19:51.593 +03:00 [INF] HTTP GET /api/departments responded 200 in 1ms
2026-06-30 00:19:51.593 +03:00 [INF] Executed DbCommand (0ms) [Parameters=[@p='?' (DbType = Guid)], CommandType='"Text"', CommandTimeout='30']
SELECT TOP(1) [d].[Id], [d].[Description], [d].[IsActive], [d].[Name]
FROM [Departments] AS [d]
WHERE [d].[Id] = @p
2026-06-30 00:19:51.595 +03:00 [INF] Executed DbCommand (0ms) [Parameters=[@p='?' (DbType = Guid)], CommandType='"Text"', CommandTimeout='30']
SELECT TOP(1) [d].[Id], [d].[Description], [d].[IsActive], [d].[Name]
FROM [Departments] AS [d]
WHERE [d].[Id] = @p
2026-06-30 00:19:51.595 +03:00 [INF] HTTP GET /api/doctors responded 200 in 4ms
2026-06-30 00:20:43.559 +03:00 [INF] HTTP OPTIONS /api/doctors responded 204 in 0ms
2026-06-30 00:20:43.620 +03:00 [INF] Executed DbCommand (0ms) [Parameters=[@p='?' (DbType = Guid)], CommandType='"Text"', CommandTimeout='30']
SELECT TOP(1) [d].[Id], [d].[Description], [d].[IsActive], [d].[Name]
FROM [Departments] AS [d]
WHERE [d].[Id] = @p
2026-06-30 00:20:43.621 +03:00 [INF] Executed DbCommand (0ms) [Parameters=[], CommandType='"Text"', CommandTimeout='30']
SELECT [u].[Id], [u].[CreatedAt], [u].[Email], [u].[IsActive], [u].[PasswordHash], [u].[Role]
FROM [Users] AS [u]
2026-06-30 00:20:43.792 +03:00 [INF] Executed DbCommand (4ms) [Parameters=[@p0='?' (DbType = Guid), @p1='?' (DbType = DateTime2), @p2='?' (Size = 256), @p3='?' (DbType = Boolean), @p4='?' (Size = 512), @p5='?' (Size = 50), @p6='?' (DbType = Guid), @p7='?' (DbType = Guid), @p8='?' (Size = 200), @p9='?' (DbType = Boolean), @p10='?' (Size = 50), @p11='?' (Size = 200), @p12='?' (DbType = Guid)], CommandType='"Text"', CommandTimeout='30']
SET NOCOUNT ON;
INSERT INTO [Users] ([Id], [CreatedAt], [Email], [IsActive], [PasswordHash], [Role])
VALUES (@p0, @p1, @p2, @p3, @p4, @p5);
INSERT INTO [Doctors] ([Id], [DepartmentId], [FullName], [IsActive], [Phone], [Specialization], [UserId])
VALUES (@p6, @p7, @p8, @p9, @p10, @p11, @p12);
2026-06-30 00:20:43.794 +03:00 [INF] HTTP POST /api/doctors responded 200 in 233ms
2026-06-30 00:20:43.797 +03:00 [INF] HTTP OPTIONS /api/doctors responded 204 in 0ms
2026-06-30 00:20:43.800 +03:00 [INF] Executed DbCommand (0ms) [Parameters=[], CommandType='"Text"', CommandTimeout='30']
SELECT [d].[Id], [d].[DepartmentId], [d].[FullName], [d].[IsActive], [d].[Phone], [d].[Specialization], [d].[UserId]
FROM [Doctors] AS [d]
2026-06-30 00:20:43.801 +03:00 [INF] Executed DbCommand (0ms) [Parameters=[@p='?' (DbType = Guid)], CommandType='"Text"', CommandTimeout='30']
SELECT TOP(1) [d].[Id], [d].[Description], [d].[IsActive], [d].[Name]
FROM [Departments] AS [d]
WHERE [d].[Id] = @p
2026-06-30 00:20:43.801 +03:00 [INF] Executed DbCommand (0ms) [Parameters=[@p='?' (DbType = Guid)], CommandType='"Text"', CommandTimeout='30']
SELECT TOP(1) [d].[Id], [d].[Description], [d].[IsActive], [d].[Name]
FROM [Departments] AS [d]
WHERE [d].[Id] = @p
2026-06-30 00:20:43.802 +03:00 [INF] HTTP GET /api/doctors responded 200 in 3ms
2026-06-30 00:21:00.472 +03:00 [INF] HTTP OPTIONS /api/departments responded 204 in 0ms
2026-06-30 00:21:00.478 +03:00 [INF] Executed DbCommand (0ms) [Parameters=[], CommandType='"Text"', CommandTimeout='30']
SELECT [d].[Id], [d].[Description], [d].[IsActive], [d].[Name]
FROM [Departments] AS [d]
2026-06-30 00:21:00.479 +03:00 [INF] HTTP GET /api/departments responded 200 in 3ms
2026-06-30 00:21:58.680 +03:00 [INF] HTTP OPTIONS /api/departments responded 204 in 0ms
2026-06-30 00:21:58.682 +03:00 [INF] HTTP OPTIONS /api/doctors responded 204 in 0ms
2026-06-30 00:21:58.687 +03:00 [INF] Executed DbCommand (0ms) [Parameters=[], CommandType='"Text"', CommandTimeout='30']
SELECT [d].[Id], [d].[DepartmentId], [d].[FullName], [d].[IsActive], [d].[Phone], [d].[Specialization], [d].[UserId]
FROM [Doctors] AS [d]
2026-06-30 00:21:58.689 +03:00 [INF] Executed DbCommand (2ms) [Parameters=[], CommandType='"Text"', CommandTimeout='30']
SELECT [d].[Id], [d].[Description], [d].[IsActive], [d].[Name]
FROM [Departments] AS [d]
2026-06-30 00:21:58.689 +03:00 [INF] HTTP GET /api/departments responded 200 in 3ms
2026-06-30 00:21:58.689 +03:00 [INF] Executed DbCommand (1ms) [Parameters=[@p='?' (DbType = Guid)], CommandType='"Text"', CommandTimeout='30']
SELECT TOP(1) [d].[Id], [d].[Description], [d].[IsActive], [d].[Name]
FROM [Departments] AS [d]
WHERE [d].[Id] = @p
2026-06-30 00:21:58.692 +03:00 [INF] Executed DbCommand (1ms) [Parameters=[@p='?' (DbType = Guid)], CommandType='"Text"', CommandTimeout='30']
SELECT TOP(1) [d].[Id], [d].[Description], [d].[IsActive], [d].[Name]
FROM [Departments] AS [d]
WHERE [d].[Id] = @p
2026-06-30 00:21:58.693 +03:00 [INF] HTTP GET /api/doctors responded 200 in 7ms
2026-06-30 00:23:02.087 +03:00 [INF] HTTP OPTIONS /api/departments responded 204 in 0ms
2026-06-30 00:23:02.087 +03:00 [INF] HTTP OPTIONS /api/doctors responded 204 in 0ms
2026-06-30 00:23:02.093 +03:00 [INF] Executed DbCommand (0ms) [Parameters=[], CommandType='"Text"', CommandTimeout='30']
SELECT [d].[Id], [d].[Description], [d].[IsActive], [d].[Name]
FROM [Departments] AS [d]
2026-06-30 00:23:02.093 +03:00 [INF] Executed DbCommand (1ms) [Parameters=[], CommandType='"Text"', CommandTimeout='30']
SELECT [d].[Id], [d].[DepartmentId], [d].[FullName], [d].[IsActive], [d].[Phone], [d].[Specialization], [d].[UserId]
FROM [Doctors] AS [d]
2026-06-30 00:23:02.093 +03:00 [INF] HTTP GET /api/departments responded 200 in 3ms
2026-06-30 00:23:02.094 +03:00 [INF] Executed DbCommand (0ms) [Parameters=[@p='?' (DbType = Guid)], CommandType='"Text"', CommandTimeout='30']
SELECT TOP(1) [d].[Id], [d].[Description], [d].[IsActive], [d].[Name]
FROM [Departments] AS [d]
WHERE [d].[Id] = @p
2026-06-30 00:23:02.095 +03:00 [INF] Executed DbCommand (1ms) [Parameters=[@p='?' (DbType = Guid)], CommandType='"Text"', CommandTimeout='30']
SELECT TOP(1) [d].[Id], [d].[Description], [d].[IsActive], [d].[Name]
FROM [Departments] AS [d]
WHERE [d].[Id] = @p
2026-06-30 00:23:02.096 +03:00 [INF] HTTP GET /api/doctors responded 200 in 5ms
2026-06-30 00:23:11.303 +03:00 [INF] HTTP OPTIONS /api/receptionists responded 204 in 0ms
2026-06-30 00:23:11.306 +03:00 [INF] Executed DbCommand (0ms) [Parameters=[], CommandType='"Text"', CommandTimeout='30']
SELECT [r].[Id], [r].[FullName], [r].[IsActive], [r].[Phone], [r].[UserId]
FROM [Receptionists] AS [r]
2026-06-30 00:23:11.307 +03:00 [INF] HTTP GET /api/receptionists responded 200 in 2ms
2026-06-30 00:23:45.633 +03:00 [INF] HTTP OPTIONS /api/receptionists responded 204 in 0ms
2026-06-30 00:23:45.635 +03:00 [INF] Executed DbCommand (0ms) [Parameters=[], CommandType='"Text"', CommandTimeout='30']
SELECT [r].[Id], [r].[FullName], [r].[IsActive], [r].[Phone], [r].[UserId]
FROM [Receptionists] AS [r]
2026-06-30 00:23:45.636 +03:00 [INF] HTTP GET /api/receptionists responded 200 in 1ms
2026-06-30 00:24:39.307 +03:00 [INF] Executed DbCommand (27ms) [Parameters=[], CommandType='"Text"', CommandTimeout='30']
SELECT 1
2026-06-30 00:24:39.354 +03:00 [INF] Acquiring an exclusive lock for migration application. See https://aka.ms/efcore-docs-migrations-lock for more information if this takes too long.
2026-06-30 00:24:39.384 +03:00 [INF] Executed DbCommand (25ms) [Parameters=[], CommandType='"Text"', CommandTimeout='30']
DECLARE @result int;
EXEC @result = sp_getapplock @Resource = '__EFMigrationsLock', @LockOwner = 'Session', @LockMode = 'Exclusive';
SELECT @result
2026-06-30 00:24:39.465 +03:00 [INF] Executed DbCommand (2ms) [Parameters=[], CommandType='"Text"', CommandTimeout='30']
IF OBJECT_ID(N'[__EFMigrationsHistory]') IS NULL
BEGIN
    CREATE TABLE [__EFMigrationsHistory] (
        [MigrationId] nvarchar(150) NOT NULL,
        [ProductVersion] nvarchar(32) NOT NULL,
        CONSTRAINT [PK___EFMigrationsHistory] PRIMARY KEY ([MigrationId])
    );
END;
2026-06-30 00:24:39.486 +03:00 [INF] Executed DbCommand (1ms) [Parameters=[], CommandType='"Text"', CommandTimeout='30']
SELECT 1
2026-06-30 00:24:39.488 +03:00 [INF] Executed DbCommand (1ms) [Parameters=[], CommandType='"Text"', CommandTimeout='30']
SELECT OBJECT_ID(N'[__EFMigrationsHistory]');
2026-06-30 00:24:39.500 +03:00 [INF] Executed DbCommand (8ms) [Parameters=[], CommandType='"Text"', CommandTimeout='30']
SELECT [MigrationId], [ProductVersion]
FROM [__EFMigrationsHistory]
ORDER BY [MigrationId];
2026-06-30 00:24:39.512 +03:00 [INF] No migrations were applied. The database is already up to date.
2026-06-30 00:24:39.517 +03:00 [INF] Executed DbCommand (3ms) [Parameters=[], CommandType='"Text"', CommandTimeout='30']
DECLARE @result int;
EXEC @result = sp_releaseapplock @Resource = '__EFMigrationsLock', @LockOwner = 'Session';
SELECT @result
2026-06-30 00:24:39.796 +03:00 [INF] Executed DbCommand (4ms) [Parameters=[], CommandType='"Text"', CommandTimeout='30']
SELECT CASE
    WHEN EXISTS (
        SELECT 1
        FROM [Users] AS [u]) THEN CAST(1 AS bit)
    ELSE CAST(0 AS bit)
END
2026-06-30 00:24:39.800 +03:00 [INF] Database already seeded. Ensuring demo accounts exist.
2026-06-30 00:24:39.879 +03:00 [INF] Executed DbCommand (3ms) [Parameters=[], CommandType='"Text"', CommandTimeout='30']
SELECT TOP(1) [u].[Id], [u].[CreatedAt], [u].[Email], [u].[IsActive], [u].[PasswordHash], [u].[Role]
FROM [Users] AS [u]
WHERE [u].[Email] = N'patient@hospital.com'
2026-06-30 00:24:40.074 +03:00 [INF] Executed DbCommand (101ms) [Parameters=[@patientUser_Id='?' (DbType = Guid)], CommandType='"Text"', CommandTimeout='30']
SELECT TOP(1) [p].[Id], [p].[Address], [p].[BloodType], [p].[CreatedAt], [p].[DateOfBirth], [p].[Email], [p].[FullName], [p].[Gender], [p].[NationalId], [p].[Phone], [p].[UserId]
FROM [Patients] AS [p]
WHERE [p].[UserId] = @patientUser_Id
2026-06-30 00:24:40.380 +03:00 [INF] Now listening on: http://localhost:5000
2026-06-30 00:24:40.380 +03:00 [INF] Application started. Press Ctrl+C to shut down.
2026-06-30 00:24:40.381 +03:00 [INF] Hosting environment: Development
2026-06-30 00:24:40.381 +03:00 [INF] Content root path: G:\DEPI\HospitalSystem.API
2026-06-30 00:24:49.760 +03:00 [WRN] Failed to determine the https port for redirect.
2026-06-30 00:24:49.765 +03:00 [INF] HTTP OPTIONS /api/receptionists responded 204 in 37ms
2026-06-30 00:24:51.268 +03:00 [INF] Executed DbCommand (3ms) [Parameters=[], CommandType='"Text"', CommandTimeout='30']
SELECT [r].[Id], [r].[FullName], [r].[IsActive], [r].[Phone], [r].[UserId]
FROM [Receptionists] AS [r]
2026-06-30 00:24:51.311 +03:00 [INF] HTTP GET /api/receptionists responded 200 in 1537ms
2026-06-30 00:24:51.542 +03:00 [INF] Executed DbCommand (0ms) [Parameters=[], CommandType='"Text"', CommandTimeout='30']
SELECT [r].[Id], [r].[FullName], [r].[IsActive], [r].[Phone], [r].[UserId]
FROM [Receptionists] AS [r]
2026-06-30 00:24:51.543 +03:00 [INF] HTTP GET /api/receptionists responded 200 in 10ms
2026-06-30 00:24:52.723 +03:00 [INF] HTTP OPTIONS /api/doctors responded 204 in 0ms
2026-06-30 00:24:52.725 +03:00 [INF] HTTP OPTIONS /api/departments responded 204 in 0ms
2026-06-30 00:24:52.751 +03:00 [INF] Executed DbCommand (2ms) [Parameters=[], CommandType='"Text"', CommandTimeout='30']
SELECT [d].[Id], [d].[DepartmentId], [d].[FullName], [d].[IsActive], [d].[Phone], [d].[Specialization], [d].[UserId]
FROM [Doctors] AS [d]
2026-06-30 00:24:52.754 +03:00 [INF] Executed DbCommand (2ms) [Parameters=[], CommandType='"Text"', CommandTimeout='30']
SELECT [d].[Id], [d].[Description], [d].[IsActive], [d].[Name]
FROM [Departments] AS [d]
2026-06-30 00:24:52.771 +03:00 [INF] HTTP GET /api/departments responded 200 in 44ms
2026-06-30 00:24:52.819 +03:00 [INF] Executed DbCommand (1ms) [Parameters=[@p='?' (DbType = Guid)], CommandType='"Text"', CommandTimeout='30']
SELECT TOP(1) [d].[Id], [d].[Description], [d].[IsActive], [d].[Name]
FROM [Departments] AS [d]
WHERE [d].[Id] = @p
2026-06-30 00:24:52.832 +03:00 [INF] HTTP GET /api/doctors responded 200 in 106ms
2026-06-30 00:27:25.043 +03:00 [INF] HTTP OPTIONS /api/doctors/becbdbac-d2b1-41b3-94e9-8339f475b469 responded 204 in 0ms
2026-06-30 00:27:25.094 +03:00 [INF] Executed DbCommand (2ms) [Parameters=[@p='?' (DbType = Guid)], CommandType='"Text"', CommandTimeout='30']
SELECT TOP(1) [d].[Id], [d].[DepartmentId], [d].[FullName], [d].[IsActive], [d].[Phone], [d].[Specialization], [d].[UserId]
FROM [Doctors] AS [d]
WHERE [d].[Id] = @p
2026-06-30 00:27:25.098 +03:00 [INF] Executed DbCommand (0ms) [Parameters=[@p='?' (DbType = Guid)], CommandType='"Text"', CommandTimeout='30']
SELECT TOP(1) [d].[Id], [d].[Description], [d].[IsActive], [d].[Name]
FROM [Departments] AS [d]
WHERE [d].[Id] = @p
2026-06-30 00:27:25.179 +03:00 [INF] Executed DbCommand (4ms) [Parameters=[@p6='?' (DbType = Guid), @p0='?' (DbType = Guid), @p1='?' (Size = 200), @p2='?' (DbType = Boolean), @p3='?' (Size = 50), @p4='?' (Size = 200), @p5='?' (DbType = Guid)], CommandType='"Text"', CommandTimeout='30']
SET IMPLICIT_TRANSACTIONS OFF;
SET NOCOUNT ON;
UPDATE [Doctors] SET [DepartmentId] = @p0, [FullName] = @p1, [IsActive] = @p2, [Phone] = @p3, [Specialization] = @p4, [UserId] = @p5
OUTPUT 1
WHERE [Id] = @p6;
2026-06-30 00:27:25.188 +03:00 [INF] HTTP PUT /api/doctors/becbdbac-d2b1-41b3-94e9-8339f475b469 responded 200 in 142ms
2026-06-30 00:27:25.192 +03:00 [INF] HTTP OPTIONS /api/doctors responded 204 in 0ms
2026-06-30 00:27:25.201 +03:00 [INF] Executed DbCommand (1ms) [Parameters=[], CommandType='"Text"', CommandTimeout='30']
SELECT [d].[Id], [d].[DepartmentId], [d].[FullName], [d].[IsActive], [d].[Phone], [d].[Specialization], [d].[UserId]
FROM [Doctors] AS [d]
2026-06-30 00:27:25.202 +03:00 [INF] Executed DbCommand (1ms) [Parameters=[@p='?' (DbType = Guid)], CommandType='"Text"', CommandTimeout='30']
SELECT TOP(1) [d].[Id], [d].[Description], [d].[IsActive], [d].[Name]
FROM [Departments] AS [d]
WHERE [d].[Id] = @p
2026-06-30 00:27:25.204 +03:00 [INF] Executed DbCommand (0ms) [Parameters=[@p='?' (DbType = Guid)], CommandType='"Text"', CommandTimeout='30']
SELECT TOP(1) [d].[Id], [d].[Description], [d].[IsActive], [d].[Name]
FROM [Departments] AS [d]
WHERE [d].[Id] = @p
2026-06-30 00:27:25.204 +03:00 [INF] HTTP GET /api/doctors responded 200 in 9ms
2026-06-30 00:27:31.711 +03:00 [INF] HTTP OPTIONS /api/receptionists responded 204 in 0ms
2026-06-30 00:27:31.716 +03:00 [INF] Executed DbCommand (0ms) [Parameters=[], CommandType='"Text"', CommandTimeout='30']
SELECT [r].[Id], [r].[FullName], [r].[IsActive], [r].[Phone], [r].[UserId]
FROM [Receptionists] AS [r]
2026-06-30 00:27:31.717 +03:00 [INF] HTTP GET /api/receptionists responded 200 in 4ms
2026-06-30 00:27:43.139 +03:00 [INF] HTTP OPTIONS /api/receptionists/e8ec7b54-2ab5-4f83-a79e-6c98ab57c3f0 responded 204 in 0ms
2026-06-30 00:27:43.158 +03:00 [INF] Executed DbCommand (3ms) [Parameters=[@p='?' (DbType = Guid)], CommandType='"Text"', CommandTimeout='30']
SELECT TOP(1) [r].[Id], [r].[FullName], [r].[IsActive], [r].[Phone], [r].[UserId]
FROM [Receptionists] AS [r]
WHERE [r].[Id] = @p
2026-06-30 00:27:43.166 +03:00 [INF] Executed DbCommand (3ms) [Parameters=[@p4='?' (DbType = Guid), @p0='?' (Size = 200), @p1='?' (DbType = Boolean), @p2='?' (Size = 50), @p3='?' (DbType = Guid)], CommandType='"Text"', CommandTimeout='30']
SET IMPLICIT_TRANSACTIONS OFF;
SET NOCOUNT ON;
UPDATE [Receptionists] SET [FullName] = @p0, [IsActive] = @p1, [Phone] = @p2, [UserId] = @p3
OUTPUT 1
WHERE [Id] = @p4;
2026-06-30 00:27:43.168 +03:00 [INF] HTTP PUT /api/receptionists/e8ec7b54-2ab5-4f83-a79e-6c98ab57c3f0 responded 200 in 27ms
2026-06-30 00:27:43.170 +03:00 [INF] HTTP OPTIONS /api/receptionists responded 204 in 0ms
2026-06-30 00:27:43.173 +03:00 [INF] Executed DbCommand (0ms) [Parameters=[], CommandType='"Text"', CommandTimeout='30']
SELECT [r].[Id], [r].[FullName], [r].[IsActive], [r].[Phone], [r].[UserId]
FROM [Receptionists] AS [r]
2026-06-30 00:27:43.174 +03:00 [INF] HTTP GET /api/receptionists responded 200 in 1ms
2026-06-30 00:27:47.061 +03:00 [INF] HTTP OPTIONS /api/departments responded 204 in 0ms
2026-06-30 00:27:47.066 +03:00 [INF] Executed DbCommand (1ms) [Parameters=[], CommandType='"Text"', CommandTimeout='30']
SELECT [d].[Id], [d].[Description], [d].[IsActive], [d].[Name]
FROM [Departments] AS [d]
2026-06-30 00:27:47.067 +03:00 [INF] HTTP GET /api/departments responded 200 in 3ms
2026-06-30 00:27:50.916 +03:00 [INF] HTTP OPTIONS /api/departments responded 204 in 0ms
2026-06-30 00:27:50.926 +03:00 [INF] Executed DbCommand (1ms) [Parameters=[], CommandType='"Text"', CommandTimeout='30']
SELECT [d].[Id], [d].[Description], [d].[IsActive], [d].[Name]
FROM [Departments] AS [d]
2026-06-30 00:27:50.927 +03:00 [INF] HTTP GET /api/departments responded 200 in 6ms
2026-06-30 00:27:55.243 +03:00 [INF] HTTP OPTIONS /api/doctors responded 204 in 0ms
2026-06-30 00:27:55.247 +03:00 [INF] Executed DbCommand (0ms) [Parameters=[], CommandType='"Text"', CommandTimeout='30']
SELECT [d].[Id], [d].[DepartmentId], [d].[FullName], [d].[IsActive], [d].[Phone], [d].[Specialization], [d].[UserId]
FROM [Doctors] AS [d]
2026-06-30 00:27:55.248 +03:00 [INF] Executed DbCommand (0ms) [Parameters=[@p='?' (DbType = Guid)], CommandType='"Text"', CommandTimeout='30']
SELECT TOP(1) [d].[Id], [d].[Description], [d].[IsActive], [d].[Name]
FROM [Departments] AS [d]
WHERE [d].[Id] = @p
2026-06-30 00:27:55.249 +03:00 [INF] Executed DbCommand (0ms) [Parameters=[@p='?' (DbType = Guid)], CommandType='"Text"', CommandTimeout='30']
SELECT TOP(1) [d].[Id], [d].[Description], [d].[IsActive], [d].[Name]
FROM [Departments] AS [d]
WHERE [d].[Id] = @p
2026-06-30 00:27:55.250 +03:00 [INF] HTTP GET /api/doctors responded 200 in 4ms
2026-06-30 00:28:22.205 +03:00 [INF] HTTP OPTIONS /api/auth/login responded 204 in 0ms
2026-06-30 00:28:22.223 +03:00 [INF] Executed DbCommand (1ms) [Parameters=[], CommandType='"Text"', CommandTimeout='30']
SELECT [u].[Id], [u].[CreatedAt], [u].[Email], [u].[IsActive], [u].[PasswordHash], [u].[Role]
FROM [Users] AS [u]
2026-06-30 00:28:22.585 +03:00 [INF] HTTP POST /api/auth/login responded 200 in 376ms
2026-06-30 00:28:22.613 +03:00 [INF] HTTP OPTIONS /api/patients responded 204 in 0ms
2026-06-30 00:28:22.629 +03:00 [INF] Executed DbCommand (1ms) [Parameters=[], CommandType='"Text"', CommandTimeout='30']
SELECT [p].[Id], [p].[Address], [p].[BloodType], [p].[CreatedAt], [p].[DateOfBirth], [p].[Email], [p].[FullName], [p].[Gender], [p].[NationalId], [p].[Phone], [p].[UserId]
FROM [Patients] AS [p]
2026-06-30 00:28:22.647 +03:00 [INF] HTTP GET /api/patients responded 200 in 31ms
2026-06-30 00:28:27.269 +03:00 [INF] HTTP OPTIONS /api/patients/36574f06-f0f8-4c16-83d7-073e1107da0b responded 204 in 0ms
2026-06-30 00:28:27.287 +03:00 [INF] Executed DbCommand (1ms) [Parameters=[@p='?' (DbType = Guid)], CommandType='"Text"', CommandTimeout='30']
SELECT TOP(1) [p].[Id], [p].[Address], [p].[BloodType], [p].[CreatedAt], [p].[DateOfBirth], [p].[Email], [p].[FullName], [p].[Gender], [p].[NationalId], [p].[Phone], [p].[UserId]
FROM [Patients] AS [p]
WHERE [p].[Id] = @p
2026-06-30 00:28:27.288 +03:00 [INF] HTTP GET /api/patients/36574f06-f0f8-4c16-83d7-073e1107da0b responded 200 in 17ms
2026-06-30 00:28:31.707 +03:00 [INF] HTTP OPTIONS /api/departments responded 204 in 0ms
2026-06-30 00:28:31.708 +03:00 [INF] HTTP OPTIONS /api/patients responded 204 in 0ms
2026-06-30 00:28:31.714 +03:00 [INF] Executed DbCommand (1ms) [Parameters=[], CommandType='"Text"', CommandTimeout='30']
SELECT [d].[Id], [d].[Description], [d].[IsActive], [d].[Name]
FROM [Departments] AS [d]
2026-06-30 00:28:31.714 +03:00 [INF] HTTP GET /api/departments responded 200 in 2ms
2026-06-30 00:28:31.715 +03:00 [INF] Executed DbCommand (1ms) [Parameters=[], CommandType='"Text"', CommandTimeout='30']
SELECT [p].[Id], [p].[Address], [p].[BloodType], [p].[CreatedAt], [p].[DateOfBirth], [p].[Email], [p].[FullName], [p].[Gender], [p].[NationalId], [p].[Phone], [p].[UserId]
FROM [Patients] AS [p]
2026-06-30 00:28:31.715 +03:00 [INF] HTTP GET /api/patients responded 200 in 3ms
2026-06-30 00:28:38.689 +03:00 [INF] HTTP OPTIONS /api/doctors responded 204 in 0ms
2026-06-30 00:28:38.689 +03:00 [INF] HTTP OPTIONS /api/doctors responded 204 in 0ms
2026-06-30 00:28:38.693 +03:00 [INF] Executed DbCommand (0ms) [Parameters=[], CommandType='"Text"', CommandTimeout='30']
SELECT [d].[Id], [d].[DepartmentId], [d].[FullName], [d].[IsActive], [d].[Phone], [d].[Specialization], [d].[UserId]
FROM [Doctors] AS [d]
2026-06-30 00:28:38.694 +03:00 [INF] Executed DbCommand (0ms) [Parameters=[@p='?' (DbType = Guid)], CommandType='"Text"', CommandTimeout='30']
SELECT TOP(1) [d].[Id], [d].[Description], [d].[IsActive], [d].[Name]
FROM [Departments] AS [d]
WHERE [d].[Id] = @p
2026-06-30 00:28:38.695 +03:00 [INF] Executed DbCommand (0ms) [Parameters=[@p='?' (DbType = Guid)], CommandType='"Text"', CommandTimeout='30']
SELECT TOP(1) [d].[Id], [d].[Description], [d].[IsActive], [d].[Name]
FROM [Departments] AS [d]
WHERE [d].[Id] = @p
2026-06-30 00:28:38.696 +03:00 [INF] HTTP GET /api/doctors responded 200 in 4ms
2026-06-30 00:28:38.698 +03:00 [INF] Executed DbCommand (1ms) [Parameters=[], CommandType='"Text"', CommandTimeout='30']
SELECT [d].[Id], [d].[DepartmentId], [d].[FullName], [d].[IsActive], [d].[Phone], [d].[Specialization], [d].[UserId]
FROM [Doctors] AS [d]
2026-06-30 00:28:38.700 +03:00 [INF] HTTP OPTIONS /api/doctors/becbdbac-d2b1-41b3-94e9-8339f475b469/schedule responded 204 in 0ms
2026-06-30 00:28:38.700 +03:00 [INF] Executed DbCommand (1ms) [Parameters=[@p='?' (DbType = Guid)], CommandType='"Text"', CommandTimeout='30']
SELECT TOP(1) [d].[Id], [d].[Description], [d].[IsActive], [d].[Name]
FROM [Departments] AS [d]
WHERE [d].[Id] = @p
2026-06-30 00:28:38.700 +03:00 [INF] HTTP OPTIONS /api/doctors/44450f15-4382-4c72-9e45-ffb270692955/schedule responded 204 in 0ms
2026-06-30 00:28:38.701 +03:00 [INF] Executed DbCommand (0ms) [Parameters=[@p='?' (DbType = Guid)], CommandType='"Text"', CommandTimeout='30']
SELECT TOP(1) [d].[Id], [d].[Description], [d].[IsActive], [d].[Name]
FROM [Departments] AS [d]
WHERE [d].[Id] = @p
2026-06-30 00:28:38.702 +03:00 [INF] HTTP GET /api/doctors responded 200 in 5ms
2026-06-30 00:28:38.706 +03:00 [INF] HTTP OPTIONS /api/appointments responded 204 in 0ms
2026-06-30 00:28:38.713 +03:00 [INF] Executed DbCommand (0ms) [Parameters=[@p='?' (DbType = Guid)], CommandType='"Text"', CommandTimeout='30']
SELECT TOP(1) [d].[Id], [d].[DepartmentId], [d].[FullName], [d].[IsActive], [d].[Phone], [d].[Specialization], [d].[UserId]
FROM [Doctors] AS [d]
WHERE [d].[Id] = @p
2026-06-30 00:28:38.713 +03:00 [INF] Executed DbCommand (1ms) [Parameters=[@p='?' (DbType = Guid)], CommandType='"Text"', CommandTimeout='30']
SELECT TOP(1) [d].[Id], [d].[DepartmentId], [d].[FullName], [d].[IsActive], [d].[Phone], [d].[Specialization], [d].[UserId]
FROM [Doctors] AS [d]
WHERE [d].[Id] = @p
2026-06-30 00:28:38.722 +03:00 [INF] Executed DbCommand (2ms) [Parameters=[], CommandType='"Text"', CommandTimeout='30']
SELECT [d].[Id], [d].[AppointmentDurationMinutes], [d].[DayOfWeek], [d].[DoctorId], [d].[EndTime], [d].[IsActive], [d].[StartTime]
FROM [DoctorSchedules] AS [d]
2026-06-30 00:28:38.722 +03:00 [INF] Executed DbCommand (2ms) [Parameters=[], CommandType='"Text"', CommandTimeout='30']
SELECT [d].[Id], [d].[AppointmentDurationMinutes], [d].[DayOfWeek], [d].[DoctorId], [d].[EndTime], [d].[IsActive], [d].[StartTime]
FROM [DoctorSchedules] AS [d]
2026-06-30 00:28:38.739 +03:00 [INF] Executed DbCommand (4ms) [Parameters=[@doctorId='?' (DbType = Guid), @date='?' (DbType = Date)], CommandType='"Text"', CommandTimeout='30']
SELECT [a].[Id], [a].[AppointmentDate], [a].[CreatedAt], [a].[CreatedByReceptionistId], [a].[DoctorId], [a].[EndTime], [a].[Notes], [a].[PatientId], [a].[StartTime], [a].[Status], [a].[UpdatedAt]
FROM [Appointments] AS [a]
WHERE [a].[DoctorId] = @doctorId AND [a].[AppointmentDate] = @date
ORDER BY [a].[StartTime]
2026-06-30 00:28:38.750 +03:00 [INF] HTTP GET /api/doctors/becbdbac-d2b1-41b3-94e9-8339f475b469/schedule responded 200 in 48ms
2026-06-30 00:28:38.754 +03:00 [INF] HTTP GET /api/doctors/44450f15-4382-4c72-9e45-ffb270692955/schedule responded 200 in 52ms
2026-06-30 00:28:38.767 +03:00 [INF] HTTP GET /api/appointments responded 200 in 58ms
2026-06-30 00:28:38.771 +03:00 [INF] HTTP OPTIONS /api/appointments responded 204 in 0ms
2026-06-30 00:28:38.778 +03:00 [INF] Executed DbCommand (1ms) [Parameters=[@doctorId='?' (DbType = Guid), @date='?' (DbType = Date)], CommandType='"Text"', CommandTimeout='30']
SELECT [a].[Id], [a].[AppointmentDate], [a].[CreatedAt], [a].[CreatedByReceptionistId], [a].[DoctorId], [a].[EndTime], [a].[Notes], [a].[PatientId], [a].[StartTime], [a].[Status], [a].[UpdatedAt]
FROM [Appointments] AS [a]
WHERE [a].[DoctorId] = @doctorId AND [a].[AppointmentDate] = @date
ORDER BY [a].[StartTime]
2026-06-30 00:28:38.778 +03:00 [INF] HTTP GET /api/appointments responded 200 in 5ms
2026-06-30 00:29:36.114 +03:00 [INF] HTTP OPTIONS /api/departments responded 204 in 0ms
2026-06-30 00:29:36.114 +03:00 [INF] HTTP OPTIONS /api/patients responded 204 in 0ms
2026-06-30 00:29:36.118 +03:00 [INF] Executed DbCommand (1ms) [Parameters=[], CommandType='"Text"', CommandTimeout='30']
SELECT [d].[Id], [d].[Description], [d].[IsActive], [d].[Name]
FROM [Departments] AS [d]
2026-06-30 00:29:36.119 +03:00 [INF] Executed DbCommand (1ms) [Parameters=[], CommandType='"Text"', CommandTimeout='30']
SELECT [p].[Id], [p].[Address], [p].[BloodType], [p].[CreatedAt], [p].[DateOfBirth], [p].[Email], [p].[FullName], [p].[Gender], [p].[NationalId], [p].[Phone], [p].[UserId]
FROM [Patients] AS [p]
2026-06-30 00:29:36.119 +03:00 [INF] HTTP GET /api/patients responded 200 in 2ms
2026-06-30 00:29:36.119 +03:00 [INF] HTTP GET /api/departments responded 200 in 2ms
2026-06-30 00:29:36.625 +03:00 [INF] HTTP OPTIONS /api/patients/36574f06-f0f8-4c16-83d7-073e1107da0b responded 204 in 0ms
2026-06-30 00:29:36.629 +03:00 [INF] Executed DbCommand (0ms) [Parameters=[@p='?' (DbType = Guid)], CommandType='"Text"', CommandTimeout='30']
SELECT TOP(1) [p].[Id], [p].[Address], [p].[BloodType], [p].[CreatedAt], [p].[DateOfBirth], [p].[Email], [p].[FullName], [p].[Gender], [p].[NationalId], [p].[Phone], [p].[UserId]
FROM [Patients] AS [p]
WHERE [p].[Id] = @p
2026-06-30 00:29:36.630 +03:00 [INF] HTTP GET /api/patients/36574f06-f0f8-4c16-83d7-073e1107da0b responded 200 in 2ms
2026-06-30 00:29:37.327 +03:00 [INF] HTTP OPTIONS /api/patients responded 204 in 0ms
2026-06-30 00:29:37.330 +03:00 [INF] Executed DbCommand (0ms) [Parameters=[], CommandType='"Text"', CommandTimeout='30']
SELECT [p].[Id], [p].[Address], [p].[BloodType], [p].[CreatedAt], [p].[DateOfBirth], [p].[Email], [p].[FullName], [p].[Gender], [p].[NationalId], [p].[Phone], [p].[UserId]
FROM [Patients] AS [p]
2026-06-30 00:29:37.331 +03:00 [INF] HTTP GET /api/patients responded 200 in 2ms
2026-06-30 00:29:42.669 +03:00 [INF] HTTP OPTIONS /api/auth/login responded 204 in 0ms
2026-06-30 00:29:42.674 +03:00 [INF] Executed DbCommand (1ms) [Parameters=[], CommandType='"Text"', CommandTimeout='30']
SELECT [u].[Id], [u].[CreatedAt], [u].[Email], [u].[IsActive], [u].[PasswordHash], [u].[Role]
FROM [Users] AS [u]
2026-06-30 00:29:42.803 +03:00 [INF] HTTP POST /api/auth/login responded 200 in 131ms
2026-06-30 00:29:42.816 +03:00 [INF] HTTP OPTIONS /api/doctor/working-hours responded 204 in 0ms
2026-06-30 00:29:42.817 +03:00 [INF] HTTP OPTIONS /api/doctor/schedule responded 204 in 0ms
2026-06-30 00:29:42.833 +03:00 [INF] Executed DbCommand (1ms) [Parameters=[], CommandType='"Text"', CommandTimeout='30']
SELECT [d].[Id], [d].[DepartmentId], [d].[FullName], [d].[IsActive], [d].[Phone], [d].[Specialization], [d].[UserId]
FROM [Doctors] AS [d]
2026-06-30 00:29:42.833 +03:00 [INF] Executed DbCommand (1ms) [Parameters=[], CommandType='"Text"', CommandTimeout='30']
SELECT [d].[Id], [d].[DepartmentId], [d].[FullName], [d].[IsActive], [d].[Phone], [d].[Specialization], [d].[UserId]
FROM [Doctors] AS [d]
2026-06-30 00:29:42.834 +03:00 [INF] Executed DbCommand (0ms) [Parameters=[@p='?' (DbType = Guid)], CommandType='"Text"', CommandTimeout='30']
SELECT TOP(1) [d].[Id], [d].[Description], [d].[IsActive], [d].[Name]
FROM [Departments] AS [d]
WHERE [d].[Id] = @p
2026-06-30 00:29:42.834 +03:00 [INF] Executed DbCommand (0ms) [Parameters=[@p='?' (DbType = Guid)], CommandType='"Text"', CommandTimeout='30']
SELECT TOP(1) [d].[Id], [d].[Description], [d].[IsActive], [d].[Name]
FROM [Departments] AS [d]
WHERE [d].[Id] = @p
2026-06-30 00:29:42.835 +03:00 [INF] Executed DbCommand (0ms) [Parameters=[], CommandType='"Text"', CommandTimeout='30']
SELECT [d].[Id], [d].[AppointmentDurationMinutes], [d].[DayOfWeek], [d].[DoctorId], [d].[EndTime], [d].[IsActive], [d].[StartTime]
FROM [DoctorSchedules] AS [d]
2026-06-30 00:29:42.835 +03:00 [INF] Executed DbCommand (0ms) [Parameters=[@doctorId='?' (DbType = Guid), @date='?' (DbType = Date)], CommandType='"Text"', CommandTimeout='30']
SELECT [a].[Id], [a].[AppointmentDate], [a].[CreatedAt], [a].[CreatedByReceptionistId], [a].[DoctorId], [a].[EndTime], [a].[Notes], [a].[PatientId], [a].[StartTime], [a].[Status], [a].[UpdatedAt]
FROM [Appointments] AS [a]
WHERE [a].[DoctorId] = @doctorId AND [a].[AppointmentDate] = @date
ORDER BY [a].[StartTime]
2026-06-30 00:29:42.836 +03:00 [INF] HTTP GET /api/doctor/schedule responded 200 in 16ms
2026-06-30 00:29:42.836 +03:00 [INF] HTTP GET /api/doctor/working-hours responded 200 in 18ms
2026-06-30 00:29:59.226 +03:00 [INF] HTTP OPTIONS /api/auth/login responded 204 in 0ms
2026-06-30 00:29:59.231 +03:00 [INF] Executed DbCommand (0ms) [Parameters=[], CommandType='"Text"', CommandTimeout='30']
SELECT [u].[Id], [u].[CreatedAt], [u].[Email], [u].[IsActive], [u].[PasswordHash], [u].[Role]
FROM [Users] AS [u]
2026-06-30 00:29:59.385 +03:00 [INF] HTTP POST /api/auth/login responded 200 in 156ms
2026-06-30 00:29:59.397 +03:00 [INF] HTTP OPTIONS /api/patient/medical-history responded 204 in 0ms
2026-06-30 00:29:59.410 +03:00 [INF] Executed DbCommand (0ms) [Parameters=[], CommandType='"Text"', CommandTimeout='30']
SELECT [p].[Id], [p].[Address], [p].[BloodType], [p].[CreatedAt], [p].[DateOfBirth], [p].[Email], [p].[FullName], [p].[Gender], [p].[NationalId], [p].[Phone], [p].[UserId]
FROM [Patients] AS [p]
2026-06-30 00:29:59.420 +03:00 [INF] Executed DbCommand (2ms) [Parameters=[@patientId='?' (DbType = Guid)], CommandType='"Text"', CommandTimeout='30']
SELECT [a].[Id], [a].[AppointmentDate], [a].[CreatedAt], [a].[CreatedByReceptionistId], [a].[DoctorId], [a].[EndTime], [a].[Notes], [a].[PatientId], [a].[StartTime], [a].[Status], [a].[UpdatedAt]
FROM [Appointments] AS [a]
WHERE [a].[PatientId] = @patientId
ORDER BY [a].[AppointmentDate] DESC, [a].[StartTime] DESC
2026-06-30 00:29:59.447 +03:00 [INF] Executed DbCommand (2ms) [Parameters=[], CommandType='"Text"', CommandTimeout='30']
SELECT [c].[Id], [c].[AppointmentId], [c].[CompletedAt], [c].[Diagnosis], [c].[DoctorId], [c].[Notes], [c].[PatientId], [c].[StartedAt]
FROM [Consultations] AS [c]
2026-06-30 00:29:59.470 +03:00 [INF] Executed DbCommand (2ms) [Parameters=[], CommandType='"Text"', CommandTimeout='30']
SELECT [p].[Id], [p].[ConsultationId], [p].[Dosage], [p].[Duration], [p].[Frequency], [p].[MedicationName], [p].[Notes]
FROM [Prescriptions] AS [p]
2026-06-30 00:29:59.471 +03:00 [INF] Executed DbCommand (0ms) [Parameters=[], CommandType='"Text"', CommandTimeout='30']
SELECT [d].[Id], [d].[DepartmentId], [d].[FullName], [d].[IsActive], [d].[Phone], [d].[Specialization], [d].[UserId]
FROM [Doctors] AS [d]
2026-06-30 00:29:59.479 +03:00 [INF] HTTP GET /api/patient/medical-history responded 200 in 79ms
2026-06-30 00:30:02.862 +03:00 [INF] HTTP OPTIONS /api/patient/appointments responded 204 in 0ms
2026-06-30 00:30:02.870 +03:00 [INF] Executed DbCommand (0ms) [Parameters=[], CommandType='"Text"', CommandTimeout='30']
SELECT [p].[Id], [p].[Address], [p].[BloodType], [p].[CreatedAt], [p].[DateOfBirth], [p].[Email], [p].[FullName], [p].[Gender], [p].[NationalId], [p].[Phone], [p].[UserId]
FROM [Patients] AS [p]
2026-06-30 00:30:02.873 +03:00 [INF] Executed DbCommand (1ms) [Parameters=[@patientId='?' (DbType = Guid)], CommandType='"Text"', CommandTimeout='30']
SELECT [a].[Id], [a].[AppointmentDate], [a].[CreatedAt], [a].[CreatedByReceptionistId], [a].[DoctorId], [a].[EndTime], [a].[Notes], [a].[PatientId], [a].[StartTime], [a].[Status], [a].[UpdatedAt]
FROM [Appointments] AS [a]
WHERE [a].[PatientId] = @patientId
ORDER BY [a].[AppointmentDate] DESC, [a].[StartTime] DESC
2026-06-30 00:30:02.875 +03:00 [INF] Executed DbCommand (0ms) [Parameters=[@p='?' (DbType = Guid)], CommandType='"Text"', CommandTimeout='30']
SELECT TOP(1) [d].[Id], [d].[DepartmentId], [d].[FullName], [d].[IsActive], [d].[Phone], [d].[Specialization], [d].[UserId]
FROM [Doctors] AS [d]
WHERE [d].[Id] = @p
2026-06-30 00:30:02.881 +03:00 [INF] HTTP GET /api/patient/appointments responded 200 in 17ms
2026-06-30 00:30:05.600 +03:00 [INF] HTTP OPTIONS /api/patient/profile responded 204 in 0ms
2026-06-30 00:30:05.614 +03:00 [INF] Executed DbCommand (0ms) [Parameters=[], CommandType='"Text"', CommandTimeout='30']
SELECT [p].[Id], [p].[Address], [p].[BloodType], [p].[CreatedAt], [p].[DateOfBirth], [p].[Email], [p].[FullName], [p].[Gender], [p].[NationalId], [p].[Phone], [p].[UserId]
FROM [Patients] AS [p]
2026-06-30 00:30:05.615 +03:00 [INF] HTTP GET /api/patient/profile responded 200 in 11ms
2026-06-30 08:54:21.725 +03:00 [INF] Executed DbCommand (91ms) [Parameters=[], CommandType='"Text"', CommandTimeout='30']
SELECT 1
2026-06-30 08:54:21.836 +03:00 [INF] Acquiring an exclusive lock for migration application. See https://aka.ms/efcore-docs-migrations-lock for more information if this takes too long.
2026-06-30 08:54:21.918 +03:00 [INF] Executed DbCommand (73ms) [Parameters=[], CommandType='"Text"', CommandTimeout='30']
DECLARE @result int;
EXEC @result = sp_getapplock @Resource = '__EFMigrationsLock', @LockOwner = 'Session', @LockMode = 'Exclusive';
SELECT @result
2026-06-30 08:54:22.155 +03:00 [INF] Executed DbCommand (4ms) [Parameters=[], CommandType='"Text"', CommandTimeout='30']
IF OBJECT_ID(N'[__EFMigrationsHistory]') IS NULL
BEGIN
    CREATE TABLE [__EFMigrationsHistory] (
        [MigrationId] nvarchar(150) NOT NULL,
        [ProductVersion] nvarchar(32) NOT NULL,
        CONSTRAINT [PK___EFMigrationsHistory] PRIMARY KEY ([MigrationId])
    );
END;
2026-06-30 08:54:22.220 +03:00 [INF] Executed DbCommand (2ms) [Parameters=[], CommandType='"Text"', CommandTimeout='30']
SELECT 1
2026-06-30 08:54:22.225 +03:00 [INF] Executed DbCommand (1ms) [Parameters=[], CommandType='"Text"', CommandTimeout='30']
SELECT OBJECT_ID(N'[__EFMigrationsHistory]');
2026-06-30 08:54:22.265 +03:00 [INF] Executed DbCommand (21ms) [Parameters=[], CommandType='"Text"', CommandTimeout='30']
SELECT [MigrationId], [ProductVersion]
FROM [__EFMigrationsHistory]
ORDER BY [MigrationId];
2026-06-30 08:54:22.303 +03:00 [INF] No migrations were applied. The database is already up to date.
2026-06-30 08:54:22.319 +03:00 [INF] Executed DbCommand (11ms) [Parameters=[], CommandType='"Text"', CommandTimeout='30']
DECLARE @result int;
EXEC @result = sp_releaseapplock @Resource = '__EFMigrationsLock', @LockOwner = 'Session';
SELECT @result
2026-06-30 08:54:23.290 +03:00 [INF] Executed DbCommand (16ms) [Parameters=[], CommandType='"Text"', CommandTimeout='30']
SELECT CASE
    WHEN EXISTS (
        SELECT 1
        FROM [Users] AS [u]) THEN CAST(1 AS bit)
    ELSE CAST(0 AS bit)
END
2026-06-30 08:54:23.304 +03:00 [INF] Database already seeded. Ensuring demo accounts exist.
2026-06-30 08:54:23.553 +03:00 [INF] Executed DbCommand (9ms) [Parameters=[], CommandType='"Text"', CommandTimeout='30']
SELECT TOP(1) [u].[Id], [u].[CreatedAt], [u].[Email], [u].[IsActive], [u].[PasswordHash], [u].[Role]
FROM [Users] AS [u]
WHERE [u].[Email] = N'patient@hospital.com'
2026-06-30 08:54:23.879 +03:00 [INF] Executed DbCommand (47ms) [Parameters=[@patientUser_Id='?' (DbType = Guid)], CommandType='"Text"', CommandTimeout='30']
SELECT TOP(1) [p].[Id], [p].[Address], [p].[BloodType], [p].[CreatedAt], [p].[DateOfBirth], [p].[Email], [p].[FullName], [p].[Gender], [p].[NationalId], [p].[Phone], [p].[UserId]
FROM [Patients] AS [p]
WHERE [p].[UserId] = @patientUser_Id
2026-06-30 08:54:24.579 +03:00 [INF] Now listening on: http://localhost:5000
2026-06-30 08:54:24.580 +03:00 [INF] Application started. Press Ctrl+C to shut down.
2026-06-30 08:54:24.581 +03:00 [INF] Hosting environment: Development
2026-06-30 08:54:24.581 +03:00 [INF] Content root path: G:\DEPI\HospitalSystem.API
2026-06-30 08:54:59.491 +03:00 [WRN] Failed to determine the https port for redirect.
2026-06-30 08:54:59.507 +03:00 [INF] HTTP OPTIONS /api/auth/login responded 204 in 118ms
2026-06-30 08:55:00.189 +03:00 [INF] Executed DbCommand (4ms) [Parameters=[], CommandType='"Text"', CommandTimeout='30']
SELECT [u].[Id], [u].[CreatedAt], [u].[Email], [u].[IsActive], [u].[PasswordHash], [u].[Role]
FROM [Users] AS [u]
2026-06-30 08:55:01.330 +03:00 [INF] HTTP POST /api/auth/login responded 200 in 1789ms
2026-06-30 08:55:01.410 +03:00 [INF] HTTP OPTIONS /api/departments responded 204 in 3ms
2026-06-30 08:55:01.539 +03:00 [INF] Executed DbCommand (12ms) [Parameters=[], CommandType='"Text"', CommandTimeout='30']
SELECT [d].[Id], [d].[Description], [d].[IsActive], [d].[Name]
FROM [Departments] AS [d]
2026-06-30 08:55:01.592 +03:00 [INF] HTTP GET /api/departments responded 200 in 175ms
2026-06-30 08:56:10.486 +03:00 [INF] HTTP OPTIONS /api/departments responded 204 in 0ms
2026-06-30 08:56:10.530 +03:00 [INF] Executed DbCommand (2ms) [Parameters=[], CommandType='"Text"', CommandTimeout='30']
SELECT [d].[Id], [d].[Description], [d].[IsActive], [d].[Name]
FROM [Departments] AS [d]
2026-06-30 08:56:10.533 +03:00 [INF] HTTP GET /api/departments responded 200 in 39ms
2026-06-30 08:56:48.240 +03:00 [INF] HTTP OPTIONS /api/departments responded 204 in 0ms
2026-06-30 08:56:48.279 +03:00 [INF] Executed DbCommand (2ms) [Parameters=[], CommandType='"Text"', CommandTimeout='30']
SELECT [d].[Id], [d].[Description], [d].[IsActive], [d].[Name]
FROM [Departments] AS [d]
2026-06-30 08:56:48.282 +03:00 [INF] HTTP GET /api/departments responded 200 in 32ms
2026-06-30 08:57:07.682 +03:00 [INF] HTTP OPTIONS /api/departments responded 204 in 0ms
2026-06-30 08:57:08.023 +03:00 [INF] Executed DbCommand (15ms) [Parameters=[@p0='?' (DbType = Guid), @p1='?' (Size = 1000), @p2='?' (DbType = Boolean), @p3='?' (Size = 200)], CommandType='"Text"', CommandTimeout='30']
SET IMPLICIT_TRANSACTIONS OFF;
SET NOCOUNT ON;
INSERT INTO [Departments] ([Id], [Description], [IsActive], [Name])
VALUES (@p0, @p1, @p2, @p3);
2026-06-30 08:57:08.058 +03:00 [INF] HTTP POST /api/departments responded 200 in 370ms
2026-06-30 08:57:08.072 +03:00 [INF] HTTP OPTIONS /api/departments responded 204 in 0ms
2026-06-30 08:57:08.085 +03:00 [INF] Executed DbCommand (2ms) [Parameters=[], CommandType='"Text"', CommandTimeout='30']
SELECT [d].[Id], [d].[Description], [d].[IsActive], [d].[Name]
FROM [Departments] AS [d]
2026-06-30 08:57:08.088 +03:00 [INF] HTTP GET /api/departments responded 200 in 8ms
2026-06-30 08:57:21.398 +03:00 [INF] HTTP OPTIONS /api/departments/9675db9a-c073-4684-8988-0e26f16deb22 responded 204 in 0ms
2026-06-30 08:57:21.483 +03:00 [INF] Executed DbCommand (2ms) [Parameters=[@p='?' (DbType = Guid)], CommandType='"Text"', CommandTimeout='30']
SELECT TOP(1) [d].[Id], [d].[Description], [d].[IsActive], [d].[Name]
FROM [Departments] AS [d]
WHERE [d].[Id] = @p
2026-06-30 08:57:21.494 +03:00 [INF] Executed DbCommand (3ms) [Parameters=[@p3='?' (DbType = Guid), @p0='?' (Size = 1000), @p1='?' (DbType = Boolean), @p2='?' (Size = 200)], CommandType='"Text"', CommandTimeout='30']
SET IMPLICIT_TRANSACTIONS OFF;
SET NOCOUNT ON;
UPDATE [Departments] SET [Description] = @p0, [IsActive] = @p1, [Name] = @p2
OUTPUT 1
WHERE [Id] = @p3;
2026-06-30 08:57:21.500 +03:00 [INF] HTTP PUT /api/departments/9675db9a-c073-4684-8988-0e26f16deb22 responded 200 in 99ms
2026-06-30 08:57:21.505 +03:00 [INF] HTTP OPTIONS /api/departments responded 204 in 0ms
2026-06-30 08:57:21.509 +03:00 [INF] Executed DbCommand (1ms) [Parameters=[], CommandType='"Text"', CommandTimeout='30']
SELECT [d].[Id], [d].[Description], [d].[IsActive], [d].[Name]
FROM [Departments] AS [d]
2026-06-30 08:57:21.510 +03:00 [INF] HTTP GET /api/departments responded 200 in 3ms
2026-06-30 08:57:28.692 +03:00 [INF] HTTP OPTIONS /api/departments/9675db9a-c073-4684-8988-0e26f16deb22 responded 204 in 1ms
2026-06-30 08:57:28.760 +03:00 [INF] Executed DbCommand (2ms) [Parameters=[@p='?' (DbType = Guid)], CommandType='"Text"', CommandTimeout='30']
SELECT TOP(1) [d].[Id], [d].[Description], [d].[IsActive], [d].[Name]
FROM [Departments] AS [d]
WHERE [d].[Id] = @p
2026-06-30 08:57:28.768 +03:00 [INF] Executed DbCommand (4ms) [Parameters=[@p3='?' (DbType = Guid), @p0='?' (Size = 1000), @p1='?' (DbType = Boolean), @p2='?' (Size = 200)], CommandType='"Text"', CommandTimeout='30']
SET IMPLICIT_TRANSACTIONS OFF;
SET NOCOUNT ON;
UPDATE [Departments] SET [Description] = @p0, [IsActive] = @p1, [Name] = @p2
OUTPUT 1
WHERE [Id] = @p3;
2026-06-30 08:57:28.775 +03:00 [INF] HTTP DELETE /api/departments/9675db9a-c073-4684-8988-0e26f16deb22 responded 200 in 75ms
2026-06-30 08:57:28.786 +03:00 [INF] HTTP OPTIONS /api/departments responded 204 in 0ms
2026-06-30 08:57:28.797 +03:00 [INF] Executed DbCommand (1ms) [Parameters=[], CommandType='"Text"', CommandTimeout='30']
SELECT [d].[Id], [d].[Description], [d].[IsActive], [d].[Name]
FROM [Departments] AS [d]
2026-06-30 08:57:28.799 +03:00 [INF] HTTP GET /api/departments responded 200 in 7ms
2026-06-30 08:57:35.573 +03:00 [INF] HTTP OPTIONS /api/departments/9675db9a-c073-4684-8988-0e26f16deb22 responded 204 in 0ms
2026-06-30 08:57:35.590 +03:00 [INF] Executed DbCommand (2ms) [Parameters=[@p='?' (DbType = Guid)], CommandType='"Text"', CommandTimeout='30']
SELECT TOP(1) [d].[Id], [d].[Description], [d].[IsActive], [d].[Name]
FROM [Departments] AS [d]
WHERE [d].[Id] = @p
2026-06-30 08:57:35.599 +03:00 [INF] Executed DbCommand (6ms) [Parameters=[@p3='?' (DbType = Guid), @p0='?' (Size = 1000), @p1='?' (DbType = Boolean), @p2='?' (Size = 200)], CommandType='"Text"', CommandTimeout='30']
SET IMPLICIT_TRANSACTIONS OFF;
SET NOCOUNT ON;
UPDATE [Departments] SET [Description] = @p0, [IsActive] = @p1, [Name] = @p2
OUTPUT 1
WHERE [Id] = @p3;
2026-06-30 08:57:35.601 +03:00 [INF] HTTP DELETE /api/departments/9675db9a-c073-4684-8988-0e26f16deb22 responded 200 in 21ms
2026-06-30 08:57:35.611 +03:00 [INF] HTTP OPTIONS /api/departments responded 204 in 0ms
2026-06-30 08:57:35.623 +03:00 [INF] Executed DbCommand (1ms) [Parameters=[], CommandType='"Text"', CommandTimeout='30']
SELECT [d].[Id], [d].[Description], [d].[IsActive], [d].[Name]
FROM [Departments] AS [d]
2026-06-30 08:57:35.626 +03:00 [INF] HTTP GET /api/departments responded 200 in 8ms
2026-06-30 08:57:39.311 +03:00 [INF] HTTP OPTIONS /api/doctors responded 204 in 0ms
2026-06-30 08:57:39.318 +03:00 [INF] HTTP OPTIONS /api/departments responded 204 in 0ms
2026-06-30 08:57:39.333 +03:00 [INF] Executed DbCommand (2ms) [Parameters=[], CommandType='"Text"', CommandTimeout='30']
SELECT [d].[Id], [d].[Description], [d].[IsActive], [d].[Name]
FROM [Departments] AS [d]
2026-06-30 08:57:39.337 +03:00 [INF] HTTP GET /api/departments responded 200 in 10ms
2026-06-30 08:57:39.429 +03:00 [INF] Executed DbCommand (9ms) [Parameters=[], CommandType='"Text"', CommandTimeout='30']
SELECT [d].[Id], [d].[DepartmentId], [d].[FullName], [d].[IsActive], [d].[Phone], [d].[Specialization], [d].[UserId]
FROM [Doctors] AS [d]
2026-06-30 08:57:39.515 +03:00 [INF] Executed DbCommand (1ms) [Parameters=[@p='?' (DbType = Guid)], CommandType='"Text"', CommandTimeout='30']
SELECT TOP(1) [d].[Id], [d].[Description], [d].[IsActive], [d].[Name]
FROM [Departments] AS [d]
WHERE [d].[Id] = @p
2026-06-30 08:57:39.559 +03:00 [INF] Executed DbCommand (2ms) [Parameters=[@p='?' (DbType = Guid)], CommandType='"Text"', CommandTimeout='30']
SELECT TOP(1) [d].[Id], [d].[Description], [d].[IsActive], [d].[Name]
FROM [Departments] AS [d]
WHERE [d].[Id] = @p
2026-06-30 08:57:39.576 +03:00 [INF] HTTP GET /api/doctors responded 200 in 255ms
2026-06-30 08:58:27.630 +03:00 [INF] HTTP OPTIONS /api/doctors/becbdbac-d2b1-41b3-94e9-8339f475b469 responded 204 in 0ms
2026-06-30 08:58:27.850 +03:00 [INF] Executed DbCommand (5ms) [Parameters=[@p='?' (DbType = Guid)], CommandType='"Text"', CommandTimeout='30']
SELECT TOP(1) [d].[Id], [d].[DepartmentId], [d].[FullName], [d].[IsActive], [d].[Phone], [d].[Specialization], [d].[UserId]
FROM [Doctors] AS [d]
WHERE [d].[Id] = @p
2026-06-30 08:58:27.854 +03:00 [INF] Executed DbCommand (1ms) [Parameters=[@p='?' (DbType = Guid)], CommandType='"Text"', CommandTimeout='30']
SELECT TOP(1) [d].[Id], [d].[Description], [d].[IsActive], [d].[Name]
FROM [Departments] AS [d]
WHERE [d].[Id] = @p
2026-06-30 08:58:27.911 +03:00 [INF] Executed DbCommand (20ms) [Parameters=[@p6='?' (DbType = Guid), @p0='?' (DbType = Guid), @p1='?' (Size = 200), @p2='?' (DbType = Boolean), @p3='?' (Size = 50), @p4='?' (Size = 200), @p5='?' (DbType = Guid)], CommandType='"Text"', CommandTimeout='30']
SET IMPLICIT_TRANSACTIONS OFF;
SET NOCOUNT ON;
UPDATE [Doctors] SET [DepartmentId] = @p0, [FullName] = @p1, [IsActive] = @p2, [Phone] = @p3, [Specialization] = @p4, [UserId] = @p5
OUTPUT 1
WHERE [Id] = @p6;
2026-06-30 08:58:27.914 +03:00 [INF] HTTP PUT /api/doctors/becbdbac-d2b1-41b3-94e9-8339f475b469 responded 200 in 278ms
2026-06-30 08:58:27.922 +03:00 [INF] HTTP OPTIONS /api/doctors responded 204 in 0ms
2026-06-30 08:58:27.935 +03:00 [INF] Executed DbCommand (1ms) [Parameters=[], CommandType='"Text"', CommandTimeout='30']
SELECT [d].[Id], [d].[DepartmentId], [d].[FullName], [d].[IsActive], [d].[Phone], [d].[Specialization], [d].[UserId]
FROM [Doctors] AS [d]
2026-06-30 08:58:27.938 +03:00 [INF] Executed DbCommand (1ms) [Parameters=[@p='?' (DbType = Guid)], CommandType='"Text"', CommandTimeout='30']
SELECT TOP(1) [d].[Id], [d].[Description], [d].[IsActive], [d].[Name]
FROM [Departments] AS [d]
WHERE [d].[Id] = @p
2026-06-30 08:58:27.940 +03:00 [INF] Executed DbCommand (1ms) [Parameters=[@p='?' (DbType = Guid)], CommandType='"Text"', CommandTimeout='30']
SELECT TOP(1) [d].[Id], [d].[Description], [d].[IsActive], [d].[Name]
FROM [Departments] AS [d]
WHERE [d].[Id] = @p
2026-06-30 08:58:27.941 +03:00 [INF] HTTP GET /api/doctors responded 200 in 14ms
2026-06-30 08:58:31.982 +03:00 [INF] HTTP OPTIONS /api/doctors responded 204 in 0ms
2026-06-30 08:58:31.983 +03:00 [INF] HTTP OPTIONS /api/doctors/becbdbac-d2b1-41b3-94e9-8339f475b469/schedule responded 204 in 0ms
2026-06-30 08:58:32.000 +03:00 [INF] Executed DbCommand (2ms) [Parameters=[], CommandType='"Text"', CommandTimeout='30']
SELECT [d].[Id], [d].[DepartmentId], [d].[FullName], [d].[IsActive], [d].[Phone], [d].[Specialization], [d].[UserId]
FROM [Doctors] AS [d]
2026-06-30 08:58:32.004 +03:00 [INF] Executed DbCommand (2ms) [Parameters=[@p='?' (DbType = Guid)], CommandType='"Text"', CommandTimeout='30']
SELECT TOP(1) [d].[Id], [d].[Description], [d].[IsActive], [d].[Name]
FROM [Departments] AS [d]
WHERE [d].[Id] = @p
2026-06-30 08:58:32.009 +03:00 [INF] Executed DbCommand (2ms) [Parameters=[@p='?' (DbType = Guid)], CommandType='"Text"', CommandTimeout='30']
SELECT TOP(1) [d].[Id], [d].[Description], [d].[IsActive], [d].[Name]
FROM [Departments] AS [d]
WHERE [d].[Id] = @p
2026-06-30 08:58:32.011 +03:00 [INF] HTTP GET /api/doctors responded 200 in 18ms
2026-06-30 08:58:32.064 +03:00 [INF] Executed DbCommand (2ms) [Parameters=[@p='?' (DbType = Guid)], CommandType='"Text"', CommandTimeout='30']
SELECT TOP(1) [d].[Id], [d].[DepartmentId], [d].[FullName], [d].[IsActive], [d].[Phone], [d].[Specialization], [d].[UserId]
FROM [Doctors] AS [d]
WHERE [d].[Id] = @p
2026-06-30 08:58:32.107 +03:00 [INF] Executed DbCommand (9ms) [Parameters=[], CommandType='"Text"', CommandTimeout='30']
SELECT [d].[Id], [d].[AppointmentDurationMinutes], [d].[DayOfWeek], [d].[DoctorId], [d].[EndTime], [d].[IsActive], [d].[StartTime]
FROM [DoctorSchedules] AS [d]
2026-06-30 08:58:32.247 +03:00 [INF] HTTP GET /api/doctors/becbdbac-d2b1-41b3-94e9-8339f475b469/schedule responded 200 in 252ms
2026-06-30 08:59:02.413 +03:00 [INF] HTTP OPTIONS /api/doctors/becbdbac-d2b1-41b3-94e9-8339f475b469/schedule responded 204 in 0ms
2026-06-30 08:59:02.521 +03:00 [INF] Executed DbCommand (1ms) [Parameters=[@p='?' (DbType = Guid)], CommandType='"Text"', CommandTimeout='30']
SELECT TOP(1) [d].[Id], [d].[DepartmentId], [d].[FullName], [d].[IsActive], [d].[Phone], [d].[Specialization], [d].[UserId]
FROM [Doctors] AS [d]
WHERE [d].[Id] = @p
2026-06-30 08:59:02.524 +03:00 [INF] Executed DbCommand (1ms) [Parameters=[], CommandType='"Text"', CommandTimeout='30']
SELECT [d].[Id], [d].[AppointmentDurationMinutes], [d].[DayOfWeek], [d].[DoctorId], [d].[EndTime], [d].[IsActive], [d].[StartTime]
FROM [DoctorSchedules] AS [d]
2026-06-30 08:59:02.662 +03:00 [INF] Executed DbCommand (21ms) [Parameters=[@p0='?' (DbType = Guid), @p1='?' (DbType = Int32), @p2='?' (DbType = Int32), @p3='?' (DbType = Guid), @p4='?' (DbType = Time), @p5='?' (DbType = Boolean), @p6='?' (DbType = Time), @p7='?' (DbType = Guid), @p8='?' (DbType = Int32), @p9='?' (DbType = Int32), @p10='?' (DbType = Guid), @p11='?' (DbType = Time), @p12='?' (DbType = Boolean), @p13='?' (DbType = Time), @p14='?' (DbType = Guid), @p15='?' (DbType = Int32), @p16='?' (DbType = Int32), @p17='?' (DbType = Guid), @p18='?' (DbType = Time), @p19='?' (DbType = Boolean), @p20='?' (DbType = Time), @p21='?' (DbType = Guid), @p22='?' (DbType = Int32), @p23='?' (DbType = Int32), @p24='?' (DbType = Guid), @p25='?' (DbType = Time), @p26='?' (DbType = Boolean), @p27='?' (DbType = Time), @p28='?' (DbType = Guid), @p29='?' (DbType = Int32), @p30='?' (DbType = Int32), @p31='?' (DbType = Guid), @p32='?' (DbType = Time), @p33='?' (DbType = Boolean), @p34='?' (DbType = Time)], CommandType='"Text"', CommandTimeout='30']
SET IMPLICIT_TRANSACTIONS OFF;
SET NOCOUNT ON;
INSERT INTO [DoctorSchedules] ([Id], [AppointmentDurationMinutes], [DayOfWeek], [DoctorId], [EndTime], [IsActive], [StartTime])
VALUES (@p0, @p1, @p2, @p3, @p4, @p5, @p6),
(@p7, @p8, @p9, @p10, @p11, @p12, @p13),
(@p14, @p15, @p16, @p17, @p18, @p19, @p20),
(@p21, @p22, @p23, @p24, @p25, @p26, @p27),
(@p28, @p29, @p30, @p31, @p32, @p33, @p34);
2026-06-30 08:59:02.664 +03:00 [INF] Executed DbCommand (1ms) [Parameters=[], CommandType='"Text"', CommandTimeout='30']
SELECT [d].[Id], [d].[AppointmentDurationMinutes], [d].[DayOfWeek], [d].[DoctorId], [d].[EndTime], [d].[IsActive], [d].[StartTime]
FROM [DoctorSchedules] AS [d]
2026-06-30 08:59:02.675 +03:00 [INF] HTTP POST /api/doctors/becbdbac-d2b1-41b3-94e9-8339f475b469/schedule responded 200 in 254ms
2026-06-30 08:59:02.686 +03:00 [INF] Executed DbCommand (1ms) [Parameters=[@p='?' (DbType = Guid)], CommandType='"Text"', CommandTimeout='30']
SELECT TOP(1) [d].[Id], [d].[DepartmentId], [d].[FullName], [d].[IsActive], [d].[Phone], [d].[Specialization], [d].[UserId]
FROM [Doctors] AS [d]
WHERE [d].[Id] = @p
2026-06-30 08:59:02.688 +03:00 [INF] Executed DbCommand (1ms) [Parameters=[], CommandType='"Text"', CommandTimeout='30']
SELECT [d].[Id], [d].[AppointmentDurationMinutes], [d].[DayOfWeek], [d].[DoctorId], [d].[EndTime], [d].[IsActive], [d].[StartTime]
FROM [DoctorSchedules] AS [d]
2026-06-30 08:59:02.692 +03:00 [INF] HTTP GET /api/doctors/becbdbac-d2b1-41b3-94e9-8339f475b469/schedule responded 200 in 9ms
2026-06-30 08:59:05.581 +03:00 [INF] HTTP OPTIONS /api/doctors responded 204 in 0ms
2026-06-30 08:59:05.583 +03:00 [INF] HTTP OPTIONS /api/departments responded 204 in 0ms
2026-06-30 08:59:05.600 +03:00 [INF] Executed DbCommand (2ms) [Parameters=[], CommandType='"Text"', CommandTimeout='30']
SELECT [d].[Id], [d].[DepartmentId], [d].[FullName], [d].[IsActive], [d].[Phone], [d].[Specialization], [d].[UserId]
FROM [Doctors] AS [d]
2026-06-30 08:59:05.605 +03:00 [INF] Executed DbCommand (2ms) [Parameters=[@p='?' (DbType = Guid)], CommandType='"Text"', CommandTimeout='30']
SELECT TOP(1) [d].[Id], [d].[Description], [d].[IsActive], [d].[Name]
FROM [Departments] AS [d]
WHERE [d].[Id] = @p
2026-06-30 08:59:05.610 +03:00 [INF] Executed DbCommand (2ms) [Parameters=[@p='?' (DbType = Guid)], CommandType='"Text"', CommandTimeout='30']
SELECT TOP(1) [d].[Id], [d].[Description], [d].[IsActive], [d].[Name]
FROM [Departments] AS [d]
WHERE [d].[Id] = @p
2026-06-30 08:59:05.614 +03:00 [INF] HTTP GET /api/doctors responded 200 in 20ms
2026-06-30 08:59:05.625 +03:00 [INF] Executed DbCommand (1ms) [Parameters=[], CommandType='"Text"', CommandTimeout='30']
SELECT [d].[Id], [d].[Description], [d].[IsActive], [d].[Name]
FROM [Departments] AS [d]
2026-06-30 08:59:05.627 +03:00 [INF] HTTP GET /api/departments responded 200 in 32ms
2026-06-30 08:59:12.350 +03:00 [INF] HTTP OPTIONS /api/doctors responded 204 in 0ms
2026-06-30 08:59:12.351 +03:00 [INF] HTTP OPTIONS /api/doctors/44450f15-4382-4c72-9e45-ffb270692955/schedule responded 204 in 0ms
2026-06-30 08:59:12.362 +03:00 [INF] Executed DbCommand (1ms) [Parameters=[], CommandType='"Text"', CommandTimeout='30']
SELECT [d].[Id], [d].[DepartmentId], [d].[FullName], [d].[IsActive], [d].[Phone], [d].[Specialization], [d].[UserId]
FROM [Doctors] AS [d]
2026-06-30 08:59:12.363 +03:00 [INF] Executed DbCommand (1ms) [Parameters=[@p='?' (DbType = Guid)], CommandType='"Text"', CommandTimeout='30']
SELECT TOP(1) [d].[Id], [d].[DepartmentId], [d].[FullName], [d].[IsActive], [d].[Phone], [d].[Specialization], [d].[UserId]
FROM [Doctors] AS [d]
WHERE [d].[Id] = @p
2026-06-30 08:59:12.365 +03:00 [INF] Executed DbCommand (1ms) [Parameters=[@p='?' (DbType = Guid)], CommandType='"Text"', CommandTimeout='30']
SELECT TOP(1) [d].[Id], [d].[Description], [d].[IsActive], [d].[Name]
FROM [Departments] AS [d]
WHERE [d].[Id] = @p
2026-06-30 08:59:12.365 +03:00 [INF] Executed DbCommand (1ms) [Parameters=[], CommandType='"Text"', CommandTimeout='30']
SELECT [d].[Id], [d].[AppointmentDurationMinutes], [d].[DayOfWeek], [d].[DoctorId], [d].[EndTime], [d].[IsActive], [d].[StartTime]
FROM [DoctorSchedules] AS [d]
2026-06-30 08:59:12.366 +03:00 [INF] HTTP GET /api/doctors/44450f15-4382-4c72-9e45-ffb270692955/schedule responded 200 in 7ms
2026-06-30 08:59:12.367 +03:00 [INF] Executed DbCommand (1ms) [Parameters=[@p='?' (DbType = Guid)], CommandType='"Text"', CommandTimeout='30']
SELECT TOP(1) [d].[Id], [d].[Description], [d].[IsActive], [d].[Name]
FROM [Departments] AS [d]
WHERE [d].[Id] = @p
2026-06-30 08:59:12.368 +03:00 [INF] HTTP GET /api/doctors responded 200 in 10ms
2026-06-30 08:59:34.775 +03:00 [INF] HTTP OPTIONS /api/doctors/becbdbac-d2b1-41b3-94e9-8339f475b469 responded 204 in 0ms
2026-06-30 08:59:34.834 +03:00 [INF] Executed DbCommand (2ms) [Parameters=[@p='?' (DbType = Guid)], CommandType='"Text"', CommandTimeout='30']
SELECT TOP(1) [d].[Id], [d].[DepartmentId], [d].[FullName], [d].[IsActive], [d].[Phone], [d].[Specialization], [d].[UserId]
FROM [Doctors] AS [d]
WHERE [d].[Id] = @p
2026-06-30 08:59:34.882 +03:00 [INF] Executed DbCommand (21ms) [Parameters=[@p='?' (DbType = Guid)], CommandType='"Text"', CommandTimeout='30']
SELECT TOP(1) [u].[Id], [u].[CreatedAt], [u].[Email], [u].[IsActive], [u].[PasswordHash], [u].[Role]
FROM [Users] AS [u]
WHERE [u].[Id] = @p
2026-06-30 08:59:34.967 +03:00 [INF] Executed DbCommand (21ms) [Parameters=[@p6='?' (DbType = Guid), @p0='?' (DbType = Guid), @p1='?' (Size = 200), @p2='?' (DbType = Boolean), @p3='?' (Size = 50), @p4='?' (Size = 200), @p5='?' (DbType = Guid), @p8='?' (DbType = Guid), @p7='?' (DbType = Boolean)], CommandType='"Text"', CommandTimeout='30']
SET NOCOUNT ON;
UPDATE [Doctors] SET [DepartmentId] = @p0, [FullName] = @p1, [IsActive] = @p2, [Phone] = @p3, [Specialization] = @p4, [UserId] = @p5
OUTPUT 1
WHERE [Id] = @p6;
UPDATE [Users] SET [IsActive] = @p7
OUTPUT 1
WHERE [Id] = @p8;
2026-06-30 08:59:34.971 +03:00 [INF] HTTP DELETE /api/doctors/becbdbac-d2b1-41b3-94e9-8339f475b469 responded 200 in 189ms
2026-06-30 08:59:34.981 +03:00 [INF] HTTP OPTIONS /api/doctors responded 204 in 0ms
2026-06-30 08:59:34.991 +03:00 [INF] Executed DbCommand (1ms) [Parameters=[], CommandType='"Text"', CommandTimeout='30']
SELECT [d].[Id], [d].[DepartmentId], [d].[FullName], [d].[IsActive], [d].[Phone], [d].[Specialization], [d].[UserId]
FROM [Doctors] AS [d]
2026-06-30 08:59:34.994 +03:00 [INF] Executed DbCommand (1ms) [Parameters=[@p='?' (DbType = Guid)], CommandType='"Text"', CommandTimeout='30']
SELECT TOP(1) [d].[Id], [d].[Description], [d].[IsActive], [d].[Name]
FROM [Departments] AS [d]
WHERE [d].[Id] = @p
2026-06-30 08:59:34.996 +03:00 [INF] HTTP GET /api/doctors responded 200 in 9ms
2026-06-30 08:59:37.506 +03:00 [INF] HTTP OPTIONS /api/receptionists responded 204 in 0ms
2026-06-30 08:59:37.619 +03:00 [INF] Executed DbCommand (8ms) [Parameters=[], CommandType='"Text"', CommandTimeout='30']
SELECT [r].[Id], [r].[FullName], [r].[IsActive], [r].[Phone], [r].[UserId]
FROM [Receptionists] AS [r]
2026-06-30 08:59:37.700 +03:00 [INF] HTTP GET /api/receptionists responded 200 in 187ms
2026-06-30 08:59:50.543 +03:00 [INF] HTTP OPTIONS /api/receptionists responded 204 in 0ms
2026-06-30 08:59:50.598 +03:00 [INF] Executed DbCommand (1ms) [Parameters=[], CommandType='"Text"', CommandTimeout='30']
SELECT [u].[Id], [u].[CreatedAt], [u].[Email], [u].[IsActive], [u].[PasswordHash], [u].[Role]
FROM [Users] AS [u]
2026-06-30 08:59:50.611 +03:00 [WRN] Request failed with "BadRequest"
HospitalSystem.Application.Exceptions.ValidationException: Email is already registered.
   at HospitalSystem.Application.Services.ReceptionistService.CreateAsync(CreateReceptionistRequest request, CancellationToken cancellationToken) in G:\DEPI\HospitalSystem.Application\Services\ReceptionistService.cs:line 26
   at HospitalSystem.API.Controllers.ReceptionistsController.Create(CreateReceptionistRequest request, CancellationToken cancellationToken) in G:\DEPI\HospitalSystem.API\Controllers\ReceptionistsController.cs:line 45
   at lambda_method650(Closure, Object)
   at Microsoft.AspNetCore.Mvc.Infrastructure.ActionMethodExecutor.AwaitableObjectResultExecutor.Execute(ActionContext actionContext, IActionResultTypeMapper mapper, ObjectMethodExecutor executor, Object controller, Object[] arguments)
   at Microsoft.AspNetCore.Mvc.Infrastructure.ControllerActionInvoker.<InvokeActionMethodAsync>g__Awaited|12_0(ControllerActionInvoker invoker, ValueTask`1 actionResultValueTask)
   at Microsoft.AspNetCore.Mvc.Infrastructure.ControllerActionInvoker.<InvokeNextActionFilterAsync>g__Awaited|10_0(ControllerActionInvoker invoker, Task lastTask, State next, Scope scope, Object state, Boolean isCompleted)
   at Microsoft.AspNetCore.Mvc.Infrastructure.ControllerActionInvoker.Rethrow(ActionExecutedContextSealed context)
   at Microsoft.AspNetCore.Mvc.Infrastructure.ControllerActionInvoker.Next(State& next, Scope& scope, Object& state, Boolean& isCompleted)
   at Microsoft.AspNetCore.Mvc.Infrastructure.ControllerActionInvoker.<InvokeInnerFilterAsync>g__Awaited|13_0(ControllerActionInvoker invoker, Task lastTask, State next, Scope scope, Object state, Boolean isCompleted)
   at Microsoft.AspNetCore.Mvc.Infrastructure.ResourceInvoker.<InvokeFilterPipelineAsync>g__Awaited|20_0(ResourceInvoker invoker, Task lastTask, State next, Scope scope, Object state, Boolean isCompleted)
   at Microsoft.AspNetCore.Mvc.Infrastructure.ResourceInvoker.<InvokeAsync>g__Awaited|17_0(ResourceInvoker invoker, Task task, IDisposable scope)
   at Microsoft.AspNetCore.Mvc.Infrastructure.ResourceInvoker.<InvokeAsync>g__Awaited|17_0(ResourceInvoker invoker, Task task, IDisposable scope)
   at Microsoft.AspNetCore.Authorization.AuthorizationMiddleware.Invoke(HttpContext context)
   at Microsoft.AspNetCore.Authentication.AuthenticationMiddleware.Invoke(HttpContext context)
   at Swashbuckle.AspNetCore.SwaggerUI.SwaggerUIMiddleware.Invoke(HttpContext httpContext)
   at Swashbuckle.AspNetCore.Swagger.SwaggerMiddleware.Invoke(HttpContext httpContext, ISwaggerProvider swaggerProvider)
   at HospitalSystem.API.Middleware.RequestLoggingMiddleware.InvokeAsync(HttpContext context) in G:\DEPI\HospitalSystem.API\Middleware\RequestLoggingMiddleware.cs:line 19
   at HospitalSystem.API.Middleware.ExceptionHandlingMiddleware.InvokeAsync(HttpContext context) in G:\DEPI\HospitalSystem.API\Middleware\ExceptionHandlingMiddleware.cs:line 24
2026-06-30 08:59:51.940 +03:00 [INF] Executed DbCommand (2ms) [Parameters=[], CommandType='"Text"', CommandTimeout='30']
SELECT [u].[Id], [u].[CreatedAt], [u].[Email], [u].[IsActive], [u].[PasswordHash], [u].[Role]
FROM [Users] AS [u]
2026-06-30 08:59:51.944 +03:00 [WRN] Request failed with "BadRequest"
HospitalSystem.Application.Exceptions.ValidationException: Email is already registered.
   at HospitalSystem.Application.Services.ReceptionistService.CreateAsync(CreateReceptionistRequest request, CancellationToken cancellationToken) in G:\DEPI\HospitalSystem.Application\Services\ReceptionistService.cs:line 26
   at HospitalSystem.API.Controllers.ReceptionistsController.Create(CreateReceptionistRequest request, CancellationToken cancellationToken) in G:\DEPI\HospitalSystem.API\Controllers\ReceptionistsController.cs:line 45
   at lambda_method650(Closure, Object)
   at Microsoft.AspNetCore.Mvc.Infrastructure.ActionMethodExecutor.AwaitableObjectResultExecutor.Execute(ActionContext actionContext, IActionResultTypeMapper mapper, ObjectMethodExecutor executor, Object controller, Object[] arguments)
   at Microsoft.AspNetCore.Mvc.Infrastructure.ControllerActionInvoker.<InvokeActionMethodAsync>g__Awaited|12_0(ControllerActionInvoker invoker, ValueTask`1 actionResultValueTask)
   at Microsoft.AspNetCore.Mvc.Infrastructure.ControllerActionInvoker.<InvokeNextActionFilterAsync>g__Awaited|10_0(ControllerActionInvoker invoker, Task lastTask, State next, Scope scope, Object state, Boolean isCompleted)
   at Microsoft.AspNetCore.Mvc.Infrastructure.ControllerActionInvoker.Rethrow(ActionExecutedContextSealed context)
   at Microsoft.AspNetCore.Mvc.Infrastructure.ControllerActionInvoker.Next(State& next, Scope& scope, Object& state, Boolean& isCompleted)
   at Microsoft.AspNetCore.Mvc.Infrastructure.ControllerActionInvoker.<InvokeInnerFilterAsync>g__Awaited|13_0(ControllerActionInvoker invoker, Task lastTask, State next, Scope scope, Object state, Boolean isCompleted)
   at Microsoft.AspNetCore.Mvc.Infrastructure.ResourceInvoker.<InvokeFilterPipelineAsync>g__Awaited|20_0(ResourceInvoker invoker, Task lastTask, State next, Scope scope, Object state, Boolean isCompleted)
   at Microsoft.AspNetCore.Mvc.Infrastructure.ResourceInvoker.<InvokeAsync>g__Awaited|17_0(ResourceInvoker invoker, Task task, IDisposable scope)
   at Microsoft.AspNetCore.Mvc.Infrastructure.ResourceInvoker.<InvokeAsync>g__Awaited|17_0(ResourceInvoker invoker, Task task, IDisposable scope)
   at Microsoft.AspNetCore.Authorization.AuthorizationMiddleware.Invoke(HttpContext context)
   at Microsoft.AspNetCore.Authentication.AuthenticationMiddleware.Invoke(HttpContext context)
   at Swashbuckle.AspNetCore.SwaggerUI.SwaggerUIMiddleware.Invoke(HttpContext httpContext)
   at Swashbuckle.AspNetCore.Swagger.SwaggerMiddleware.Invoke(HttpContext httpContext, ISwaggerProvider swaggerProvider)
   at HospitalSystem.API.Middleware.RequestLoggingMiddleware.InvokeAsync(HttpContext context) in G:\DEPI\HospitalSystem.API\Middleware\RequestLoggingMiddleware.cs:line 19
   at HospitalSystem.API.Middleware.ExceptionHandlingMiddleware.InvokeAsync(HttpContext context) in G:\DEPI\HospitalSystem.API\Middleware\ExceptionHandlingMiddleware.cs:line 24
2026-06-30 09:00:02.611 +03:00 [INF] HTTP OPTIONS /api/receptionists responded 204 in 0ms
2026-06-30 09:00:02.640 +03:00 [INF] Executed DbCommand (12ms) [Parameters=[], CommandType='"Text"', CommandTimeout='30']
SELECT [u].[Id], [u].[CreatedAt], [u].[Email], [u].[IsActive], [u].[PasswordHash], [u].[Role]
FROM [Users] AS [u]
2026-06-30 09:00:03.306 +03:00 [INF] Executed DbCommand (16ms) [Parameters=[@p0='?' (DbType = Guid), @p1='?' (DbType = DateTime2), @p2='?' (Size = 256), @p3='?' (DbType = Boolean), @p4='?' (Size = 512), @p5='?' (Size = 50), @p6='?' (DbType = Guid), @p7='?' (Size = 200), @p8='?' (DbType = Boolean), @p9='?' (Size = 50), @p10='?' (DbType = Guid)], CommandType='"Text"', CommandTimeout='30']
SET NOCOUNT ON;
INSERT INTO [Users] ([Id], [CreatedAt], [Email], [IsActive], [PasswordHash], [Role])
VALUES (@p0, @p1, @p2, @p3, @p4, @p5);
INSERT INTO [Receptionists] ([Id], [FullName], [IsActive], [Phone], [UserId])
VALUES (@p6, @p7, @p8, @p9, @p10);
2026-06-30 09:00:03.310 +03:00 [INF] HTTP POST /api/receptionists responded 200 in 693ms
2026-06-30 09:00:03.319 +03:00 [INF] HTTP OPTIONS /api/receptionists responded 204 in 0ms
2026-06-30 09:00:03.326 +03:00 [INF] Executed DbCommand (1ms) [Parameters=[], CommandType='"Text"', CommandTimeout='30']
SELECT [r].[Id], [r].[FullName], [r].[IsActive], [r].[Phone], [r].[UserId]
FROM [Receptionists] AS [r]
2026-06-30 09:00:03.326 +03:00 [INF] HTTP GET /api/receptionists responded 200 in 4ms
2026-06-30 09:00:12.914 +03:00 [INF] HTTP OPTIONS /api/receptionists/86542252-c3b1-44a6-9f47-87218be2f2bd responded 204 in 0ms
2026-06-30 09:00:12.996 +03:00 [INF] Executed DbCommand (6ms) [Parameters=[@p='?' (DbType = Guid)], CommandType='"Text"', CommandTimeout='30']
SELECT TOP(1) [r].[Id], [r].[FullName], [r].[IsActive], [r].[Phone], [r].[UserId]
FROM [Receptionists] AS [r]
WHERE [r].[Id] = @p
2026-06-30 09:00:13.014 +03:00 [INF] Executed DbCommand (14ms) [Parameters=[@p4='?' (DbType = Guid), @p0='?' (Size = 200), @p1='?' (DbType = Boolean), @p2='?' (Size = 50), @p3='?' (DbType = Guid)], CommandType='"Text"', CommandTimeout='30']
SET IMPLICIT_TRANSACTIONS OFF;
SET NOCOUNT ON;
UPDATE [Receptionists] SET [FullName] = @p0, [IsActive] = @p1, [Phone] = @p2, [UserId] = @p3
OUTPUT 1
WHERE [Id] = @p4;
2026-06-30 09:00:13.016 +03:00 [INF] HTTP PUT /api/receptionists/86542252-c3b1-44a6-9f47-87218be2f2bd responded 200 in 95ms
2026-06-30 09:00:13.026 +03:00 [INF] HTTP OPTIONS /api/receptionists responded 204 in 0ms
2026-06-30 09:00:13.036 +03:00 [INF] Executed DbCommand (1ms) [Parameters=[], CommandType='"Text"', CommandTimeout='30']
SELECT [r].[Id], [r].[FullName], [r].[IsActive], [r].[Phone], [r].[UserId]
FROM [Receptionists] AS [r]
2026-06-30 09:00:13.037 +03:00 [INF] HTTP GET /api/receptionists responded 200 in 6ms
2026-06-30 09:00:16.422 +03:00 [INF] HTTP OPTIONS /api/receptionists/86542252-c3b1-44a6-9f47-87218be2f2bd responded 204 in 0ms
2026-06-30 09:00:16.450 +03:00 [INF] Executed DbCommand (1ms) [Parameters=[@p='?' (DbType = Guid)], CommandType='"Text"', CommandTimeout='30']
SELECT TOP(1) [r].[Id], [r].[FullName], [r].[IsActive], [r].[Phone], [r].[UserId]
FROM [Receptionists] AS [r]
WHERE [r].[Id] = @p
2026-06-30 09:00:16.453 +03:00 [INF] Executed DbCommand (1ms) [Parameters=[@p='?' (DbType = Guid)], CommandType='"Text"', CommandTimeout='30']
SELECT TOP(1) [u].[Id], [u].[CreatedAt], [u].[Email], [u].[IsActive], [u].[PasswordHash], [u].[Role]
FROM [Users] AS [u]
WHERE [u].[Id] = @p
2026-06-30 09:00:16.475 +03:00 [INF] Executed DbCommand (18ms) [Parameters=[@p4='?' (DbType = Guid), @p0='?' (Size = 200), @p1='?' (DbType = Boolean), @p2='?' (Size = 50), @p3='?' (DbType = Guid), @p6='?' (DbType = Guid), @p5='?' (DbType = Boolean)], CommandType='"Text"', CommandTimeout='30']
SET NOCOUNT ON;
UPDATE [Receptionists] SET [FullName] = @p0, [IsActive] = @p1, [Phone] = @p2, [UserId] = @p3
OUTPUT 1
WHERE [Id] = @p4;
UPDATE [Users] SET [IsActive] = @p5
OUTPUT 1
WHERE [Id] = @p6;
2026-06-30 09:00:16.479 +03:00 [INF] HTTP DELETE /api/receptionists/86542252-c3b1-44a6-9f47-87218be2f2bd responded 200 in 54ms
2026-06-30 09:00:16.488 +03:00 [INF] Executed DbCommand (1ms) [Parameters=[], CommandType='"Text"', CommandTimeout='30']
SELECT [r].[Id], [r].[FullName], [r].[IsActive], [r].[Phone], [r].[UserId]
FROM [Receptionists] AS [r]
2026-06-30 09:00:16.488 +03:00 [INF] HTTP GET /api/receptionists responded 200 in 3ms
2026-06-30 09:00:19.660 +03:00 [INF] HTTP OPTIONS /api/doctors responded 204 in 0ms
2026-06-30 09:00:19.662 +03:00 [INF] HTTP OPTIONS /api/departments responded 204 in 0ms
2026-06-30 09:00:19.680 +03:00 [INF] Executed DbCommand (1ms) [Parameters=[], CommandType='"Text"', CommandTimeout='30']
SELECT [d].[Id], [d].[Description], [d].[IsActive], [d].[Name]
FROM [Departments] AS [d]
2026-06-30 09:00:19.680 +03:00 [INF] Executed DbCommand (2ms) [Parameters=[], CommandType='"Text"', CommandTimeout='30']
SELECT [d].[Id], [d].[DepartmentId], [d].[FullName], [d].[IsActive], [d].[Phone], [d].[Specialization], [d].[UserId]
FROM [Doctors] AS [d]
2026-06-30 09:00:19.682 +03:00 [INF] HTTP GET /api/departments responded 200 in 10ms
2026-06-30 09:00:19.684 +03:00 [INF] Executed DbCommand (2ms) [Parameters=[@p='?' (DbType = Guid)], CommandType='"Text"', CommandTimeout='30']
SELECT TOP(1) [d].[Id], [d].[Description], [d].[IsActive], [d].[Name]
FROM [Departments] AS [d]
WHERE [d].[Id] = @p
2026-06-30 09:00:19.686 +03:00 [INF] HTTP GET /api/doctors responded 200 in 15ms
2026-06-30 09:00:24.952 +03:00 [INF] HTTP OPTIONS /api/departments responded 204 in 0ms
2026-06-30 09:00:24.958 +03:00 [INF] Executed DbCommand (0ms) [Parameters=[], CommandType='"Text"', CommandTimeout='30']
SELECT [d].[Id], [d].[Description], [d].[IsActive], [d].[Name]
FROM [Departments] AS [d]
2026-06-30 09:00:24.958 +03:00 [INF] HTTP GET /api/departments responded 200 in 2ms
2026-06-30 09:00:36.794 +03:00 [INF] HTTP OPTIONS /api/auth/login responded 204 in 0ms
2026-06-30 09:00:36.807 +03:00 [INF] Executed DbCommand (1ms) [Parameters=[], CommandType='"Text"', CommandTimeout='30']
SELECT [u].[Id], [u].[CreatedAt], [u].[Email], [u].[IsActive], [u].[PasswordHash], [u].[Role]
FROM [Users] AS [u]
2026-06-30 09:00:37.320 +03:00 [INF] HTTP POST /api/auth/login responded 200 in 520ms
2026-06-30 09:01:27.195 +03:00 [INF] HTTP OPTIONS /api/doctors responded 204 in 0ms
2026-06-30 09:01:27.264 +03:00 [INF] Executed DbCommand (1ms) [Parameters=[@p='?' (DbType = Guid)], CommandType='"Text"', CommandTimeout='30']
SELECT TOP(1) [d].[Id], [d].[Description], [d].[IsActive], [d].[Name]
FROM [Departments] AS [d]
WHERE [d].[Id] = @p
2026-06-30 09:01:27.269 +03:00 [INF] Executed DbCommand (1ms) [Parameters=[], CommandType='"Text"', CommandTimeout='30']
SELECT [u].[Id], [u].[CreatedAt], [u].[Email], [u].[IsActive], [u].[PasswordHash], [u].[Role]
FROM [Users] AS [u]
2026-06-30 09:01:27.816 +03:00 [INF] Executed DbCommand (10ms) [Parameters=[@p0='?' (DbType = Guid), @p1='?' (DbType = DateTime2), @p2='?' (Size = 256), @p3='?' (DbType = Boolean), @p4='?' (Size = 512), @p5='?' (Size = 50), @p6='?' (DbType = Guid), @p7='?' (DbType = Guid), @p8='?' (Size = 200), @p9='?' (DbType = Boolean), @p10='?' (Size = 50), @p11='?' (Size = 200), @p12='?' (DbType = Guid)], CommandType='"Text"', CommandTimeout='30']
SET NOCOUNT ON;
INSERT INTO [Users] ([Id], [CreatedAt], [Email], [IsActive], [PasswordHash], [Role])
VALUES (@p0, @p1, @p2, @p3, @p4, @p5);
INSERT INTO [Doctors] ([Id], [DepartmentId], [FullName], [IsActive], [Phone], [Specialization], [UserId])
VALUES (@p6, @p7, @p8, @p9, @p10, @p11, @p12);
2026-06-30 09:01:27.818 +03:00 [INF] HTTP POST /api/doctors responded 200 in 618ms
2026-06-30 09:01:27.828 +03:00 [INF] HTTP OPTIONS /api/doctors responded 204 in 0ms
2026-06-30 09:01:27.836 +03:00 [INF] Executed DbCommand (1ms) [Parameters=[], CommandType='"Text"', CommandTimeout='30']
SELECT [d].[Id], [d].[DepartmentId], [d].[FullName], [d].[IsActive], [d].[Phone], [d].[Specialization], [d].[UserId]
FROM [Doctors] AS [d]
2026-06-30 09:01:27.838 +03:00 [INF] Executed DbCommand (1ms) [Parameters=[@p='?' (DbType = Guid)], CommandType='"Text"', CommandTimeout='30']
SELECT TOP(1) [d].[Id], [d].[Description], [d].[IsActive], [d].[Name]
FROM [Departments] AS [d]
WHERE [d].[Id] = @p
2026-06-30 09:01:27.840 +03:00 [INF] Executed DbCommand (1ms) [Parameters=[@p='?' (DbType = Guid)], CommandType='"Text"', CommandTimeout='30']
SELECT TOP(1) [d].[Id], [d].[Description], [d].[IsActive], [d].[Name]
FROM [Departments] AS [d]
WHERE [d].[Id] = @p
2026-06-30 09:01:27.841 +03:00 [INF] HTTP GET /api/doctors responded 200 in 8ms
2026-06-30 09:01:32.199 +03:00 [INF] HTTP OPTIONS /api/doctors responded 204 in 0ms
2026-06-30 09:01:32.200 +03:00 [INF] HTTP OPTIONS /api/doctors/41885cdc-0175-4dcb-9824-944a922f6950/schedule responded 204 in 0ms
2026-06-30 09:01:32.213 +03:00 [INF] Executed DbCommand (1ms) [Parameters=[], CommandType='"Text"', CommandTimeout='30']
SELECT [d].[Id], [d].[DepartmentId], [d].[FullName], [d].[IsActive], [d].[Phone], [d].[Specialization], [d].[UserId]
FROM [Doctors] AS [d]
2026-06-30 09:01:32.214 +03:00 [INF] Executed DbCommand (1ms) [Parameters=[@p='?' (DbType = Guid)], CommandType='"Text"', CommandTimeout='30']
SELECT TOP(1) [d].[Id], [d].[DepartmentId], [d].[FullName], [d].[IsActive], [d].[Phone], [d].[Specialization], [d].[UserId]
FROM [Doctors] AS [d]
WHERE [d].[Id] = @p
2026-06-30 09:01:32.217 +03:00 [INF] Executed DbCommand (2ms) [Parameters=[], CommandType='"Text"', CommandTimeout='30']
SELECT [d].[Id], [d].[AppointmentDurationMinutes], [d].[DayOfWeek], [d].[DoctorId], [d].[EndTime], [d].[IsActive], [d].[StartTime]
FROM [DoctorSchedules] AS [d]
2026-06-30 09:01:32.217 +03:00 [INF] Executed DbCommand (1ms) [Parameters=[@p='?' (DbType = Guid)], CommandType='"Text"', CommandTimeout='30']
SELECT TOP(1) [d].[Id], [d].[Description], [d].[IsActive], [d].[Name]
FROM [Departments] AS [d]
WHERE [d].[Id] = @p
2026-06-30 09:01:32.218 +03:00 [INF] HTTP GET /api/doctors/41885cdc-0175-4dcb-9824-944a922f6950/schedule responded 200 in 10ms
2026-06-30 09:01:32.220 +03:00 [INF] Executed DbCommand (1ms) [Parameters=[@p='?' (DbType = Guid)], CommandType='"Text"', CommandTimeout='30']
SELECT TOP(1) [d].[Id], [d].[Description], [d].[IsActive], [d].[Name]
FROM [Departments] AS [d]
WHERE [d].[Id] = @p
2026-06-30 09:01:32.221 +03:00 [INF] HTTP GET /api/doctors responded 200 in 12ms
2026-06-30 09:01:59.926 +03:00 [INF] HTTP OPTIONS /api/doctors/41885cdc-0175-4dcb-9824-944a922f6950/schedule responded 204 in 0ms
2026-06-30 09:01:59.951 +03:00 [INF] Executed DbCommand (2ms) [Parameters=[@p='?' (DbType = Guid)], CommandType='"Text"', CommandTimeout='30']
SELECT TOP(1) [d].[Id], [d].[DepartmentId], [d].[FullName], [d].[IsActive], [d].[Phone], [d].[Specialization], [d].[UserId]
FROM [Doctors] AS [d]
WHERE [d].[Id] = @p
2026-06-30 09:01:59.954 +03:00 [INF] Executed DbCommand (2ms) [Parameters=[], CommandType='"Text"', CommandTimeout='30']
SELECT [d].[Id], [d].[AppointmentDurationMinutes], [d].[DayOfWeek], [d].[DoctorId], [d].[EndTime], [d].[IsActive], [d].[StartTime]
FROM [DoctorSchedules] AS [d]
2026-06-30 09:01:59.979 +03:00 [INF] Executed DbCommand (17ms) [Parameters=[@p0='?' (DbType = Guid), @p1='?' (DbType = Int32), @p2='?' (DbType = Int32), @p3='?' (DbType = Guid), @p4='?' (DbType = Time), @p5='?' (DbType = Boolean), @p6='?' (DbType = Time), @p7='?' (DbType = Guid), @p8='?' (DbType = Int32), @p9='?' (DbType = Int32), @p10='?' (DbType = Guid), @p11='?' (DbType = Time), @p12='?' (DbType = Boolean), @p13='?' (DbType = Time), @p14='?' (DbType = Guid), @p15='?' (DbType = Int32), @p16='?' (DbType = Int32), @p17='?' (DbType = Guid), @p18='?' (DbType = Time), @p19='?' (DbType = Boolean), @p20='?' (DbType = Time)], CommandType='"Text"', CommandTimeout='30']
SET IMPLICIT_TRANSACTIONS OFF;
SET NOCOUNT ON;
INSERT INTO [DoctorSchedules] ([Id], [AppointmentDurationMinutes], [DayOfWeek], [DoctorId], [EndTime], [IsActive], [StartTime])
VALUES (@p0, @p1, @p2, @p3, @p4, @p5, @p6),
(@p7, @p8, @p9, @p10, @p11, @p12, @p13),
(@p14, @p15, @p16, @p17, @p18, @p19, @p20);
2026-06-30 09:01:59.982 +03:00 [INF] Executed DbCommand (2ms) [Parameters=[], CommandType='"Text"', CommandTimeout='30']
SELECT [d].[Id], [d].[AppointmentDurationMinutes], [d].[DayOfWeek], [d].[DoctorId], [d].[EndTime], [d].[IsActive], [d].[StartTime]
FROM [DoctorSchedules] AS [d]
2026-06-30 09:01:59.983 +03:00 [INF] HTTP POST /api/doctors/41885cdc-0175-4dcb-9824-944a922f6950/schedule responded 200 in 42ms
2026-06-30 09:02:00.001 +03:00 [INF] Executed DbCommand (1ms) [Parameters=[@p='?' (DbType = Guid)], CommandType='"Text"', CommandTimeout='30']
SELECT TOP(1) [d].[Id], [d].[DepartmentId], [d].[FullName], [d].[IsActive], [d].[Phone], [d].[Specialization], [d].[UserId]
FROM [Doctors] AS [d]
WHERE [d].[Id] = @p
2026-06-30 09:02:00.004 +03:00 [INF] Executed DbCommand (2ms) [Parameters=[], CommandType='"Text"', CommandTimeout='30']
SELECT [d].[Id], [d].[AppointmentDurationMinutes], [d].[DayOfWeek], [d].[DoctorId], [d].[EndTime], [d].[IsActive], [d].[StartTime]
FROM [DoctorSchedules] AS [d]
2026-06-30 09:02:00.006 +03:00 [INF] HTTP GET /api/doctors/41885cdc-0175-4dcb-9824-944a922f6950/schedule responded 200 in 10ms
2026-06-30 09:02:02.187 +03:00 [INF] HTTP OPTIONS /api/doctors responded 204 in 0ms
2026-06-30 09:02:02.188 +03:00 [INF] HTTP OPTIONS /api/departments responded 204 in 0ms
2026-06-30 09:02:02.200 +03:00 [INF] Executed DbCommand (1ms) [Parameters=[], CommandType='"Text"', CommandTimeout='30']
SELECT [d].[Id], [d].[DepartmentId], [d].[FullName], [d].[IsActive], [d].[Phone], [d].[Specialization], [d].[UserId]
FROM [Doctors] AS [d]
2026-06-30 09:02:02.202 +03:00 [INF] Executed DbCommand (2ms) [Parameters=[], CommandType='"Text"', CommandTimeout='30']
SELECT [d].[Id], [d].[Description], [d].[IsActive], [d].[Name]
FROM [Departments] AS [d]
2026-06-30 09:02:02.203 +03:00 [INF] Executed DbCommand (1ms) [Parameters=[@p='?' (DbType = Guid)], CommandType='"Text"', CommandTimeout='30']
SELECT TOP(1) [d].[Id], [d].[Description], [d].[IsActive], [d].[Name]
FROM [Departments] AS [d]
WHERE [d].[Id] = @p
2026-06-30 09:02:02.205 +03:00 [INF] HTTP GET /api/departments responded 200 in 8ms
2026-06-30 09:02:02.206 +03:00 [INF] Executed DbCommand (2ms) [Parameters=[@p='?' (DbType = Guid)], CommandType='"Text"', CommandTimeout='30']
SELECT TOP(1) [d].[Id], [d].[Description], [d].[IsActive], [d].[Name]
FROM [Departments] AS [d]
WHERE [d].[Id] = @p
2026-06-30 09:02:02.208 +03:00 [INF] HTTP GET /api/doctors responded 200 in 13ms
2026-06-30 09:02:03.456 +03:00 [INF] HTTP OPTIONS /api/departments responded 204 in 0ms
2026-06-30 09:02:03.471 +03:00 [INF] Executed DbCommand (2ms) [Parameters=[], CommandType='"Text"', CommandTimeout='30']
SELECT [d].[Id], [d].[Description], [d].[IsActive], [d].[Name]
FROM [Departments] AS [d]
2026-06-30 09:02:03.472 +03:00 [INF] HTTP GET /api/departments responded 200 in 6ms
2026-06-30 09:02:17.312 +03:00 [INF] HTTP OPTIONS /api/auth/login responded 204 in 0ms
2026-06-30 09:02:17.335 +03:00 [INF] Executed DbCommand (1ms) [Parameters=[], CommandType='"Text"', CommandTimeout='30']
SELECT [u].[Id], [u].[CreatedAt], [u].[Email], [u].[IsActive], [u].[PasswordHash], [u].[Role]
FROM [Users] AS [u]
2026-06-30 09:02:17.785 +03:00 [INF] HTTP POST /api/auth/login responded 200 in 467ms
2026-06-30 09:02:17.855 +03:00 [INF] HTTP OPTIONS /api/doctor/working-hours responded 204 in 0ms
2026-06-30 09:02:17.855 +03:00 [INF] HTTP OPTIONS /api/doctor/schedule responded 204 in 0ms
2026-06-30 09:02:17.892 +03:00 [INF] Executed DbCommand (1ms) [Parameters=[], CommandType='"Text"', CommandTimeout='30']
SELECT [d].[Id], [d].[DepartmentId], [d].[FullName], [d].[IsActive], [d].[Phone], [d].[Specialization], [d].[UserId]
FROM [Doctors] AS [d]
2026-06-30 09:02:17.892 +03:00 [INF] Executed DbCommand (1ms) [Parameters=[], CommandType='"Text"', CommandTimeout='30']
SELECT [d].[Id], [d].[DepartmentId], [d].[FullName], [d].[IsActive], [d].[Phone], [d].[Specialization], [d].[UserId]
FROM [Doctors] AS [d]
2026-06-30 09:02:17.895 +03:00 [INF] Executed DbCommand (1ms) [Parameters=[@p='?' (DbType = Guid)], CommandType='"Text"', CommandTimeout='30']
SELECT TOP(1) [d].[Id], [d].[Description], [d].[IsActive], [d].[Name]
FROM [Departments] AS [d]
WHERE [d].[Id] = @p
2026-06-30 09:02:17.895 +03:00 [INF] Executed DbCommand (1ms) [Parameters=[@p='?' (DbType = Guid)], CommandType='"Text"', CommandTimeout='30']
SELECT TOP(1) [d].[Id], [d].[Description], [d].[IsActive], [d].[Name]
FROM [Departments] AS [d]
WHERE [d].[Id] = @p
2026-06-30 09:02:17.897 +03:00 [INF] Executed DbCommand (1ms) [Parameters=[], CommandType='"Text"', CommandTimeout='30']
SELECT [d].[Id], [d].[AppointmentDurationMinutes], [d].[DayOfWeek], [d].[DoctorId], [d].[EndTime], [d].[IsActive], [d].[StartTime]
FROM [DoctorSchedules] AS [d]
2026-06-30 09:02:17.897 +03:00 [INF] HTTP GET /api/doctor/working-hours responded 200 in 36ms
2026-06-30 09:02:17.941 +03:00 [INF] Executed DbCommand (9ms) [Parameters=[@doctorId='?' (DbType = Guid), @date='?' (DbType = Date)], CommandType='"Text"', CommandTimeout='30']
SELECT [a].[Id], [a].[AppointmentDate], [a].[CreatedAt], [a].[CreatedByReceptionistId], [a].[DoctorId], [a].[EndTime], [a].[Notes], [a].[PatientId], [a].[StartTime], [a].[Status], [a].[UpdatedAt]
FROM [Appointments] AS [a]
WHERE [a].[DoctorId] = @doctorId AND [a].[AppointmentDate] = @date
ORDER BY [a].[StartTime]
2026-06-30 09:02:17.977 +03:00 [INF] HTTP GET /api/doctor/schedule responded 200 in 115ms
2026-06-30 09:03:40.278 +03:00 [INF] HTTP OPTIONS /api/doctor/schedule responded 204 in 0ms
2026-06-30 09:03:40.306 +03:00 [INF] Executed DbCommand (2ms) [Parameters=[], CommandType='"Text"', CommandTimeout='30']
SELECT [d].[Id], [d].[DepartmentId], [d].[FullName], [d].[IsActive], [d].[Phone], [d].[Specialization], [d].[UserId]
FROM [Doctors] AS [d]
2026-06-30 09:03:40.309 +03:00 [INF] Executed DbCommand (1ms) [Parameters=[@p='?' (DbType = Guid)], CommandType='"Text"', CommandTimeout='30']
SELECT TOP(1) [d].[Id], [d].[Description], [d].[IsActive], [d].[Name]
FROM [Departments] AS [d]
WHERE [d].[Id] = @p
2026-06-30 09:03:40.314 +03:00 [INF] Executed DbCommand (1ms) [Parameters=[@doctorId='?' (DbType = Guid), @date='?' (DbType = Date)], CommandType='"Text"', CommandTimeout='30']
SELECT [a].[Id], [a].[AppointmentDate], [a].[CreatedAt], [a].[CreatedByReceptionistId], [a].[DoctorId], [a].[EndTime], [a].[Notes], [a].[PatientId], [a].[StartTime], [a].[Status], [a].[UpdatedAt]
FROM [Appointments] AS [a]
WHERE [a].[DoctorId] = @doctorId AND [a].[AppointmentDate] = @date
ORDER BY [a].[StartTime]
2026-06-30 09:03:40.315 +03:00 [INF] HTTP GET /api/doctor/schedule responded 200 in 28ms
2026-06-30 09:03:58.779 +03:00 [INF] HTTP OPTIONS /api/auth/login responded 204 in 0ms
2026-06-30 09:03:58.790 +03:00 [INF] Executed DbCommand (1ms) [Parameters=[], CommandType='"Text"', CommandTimeout='30']
SELECT [u].[Id], [u].[CreatedAt], [u].[Email], [u].[IsActive], [u].[PasswordHash], [u].[Role]
FROM [Users] AS [u]
2026-06-30 09:03:59.240 +03:00 [INF] HTTP POST /api/auth/login responded 200 in 454ms
2026-06-30 09:03:59.270 +03:00 [INF] HTTP OPTIONS /api/departments responded 204 in 0ms
2026-06-30 09:03:59.277 +03:00 [INF] Executed DbCommand (1ms) [Parameters=[], CommandType='"Text"', CommandTimeout='30']
SELECT [d].[Id], [d].[Description], [d].[IsActive], [d].[Name]
FROM [Departments] AS [d]
2026-06-30 09:03:59.277 +03:00 [INF] HTTP GET /api/departments responded 200 in 3ms
2026-06-30 09:04:06.614 +03:00 [INF] HTTP OPTIONS /api/auth/login responded 204 in 0ms
2026-06-30 09:04:06.625 +03:00 [INF] Executed DbCommand (1ms) [Parameters=[], CommandType='"Text"', CommandTimeout='30']
SELECT [u].[Id], [u].[CreatedAt], [u].[Email], [u].[IsActive], [u].[PasswordHash], [u].[Role]
FROM [Users] AS [u]
2026-06-30 09:04:07.052 +03:00 [INF] HTTP POST /api/auth/login responded 200 in 431ms
2026-06-30 09:04:07.077 +03:00 [INF] HTTP OPTIONS /api/patient/medical-history responded 204 in 0ms
2026-06-30 09:04:07.119 +03:00 [INF] Executed DbCommand (3ms) [Parameters=[], CommandType='"Text"', CommandTimeout='30']
SELECT [p].[Id], [p].[Address], [p].[BloodType], [p].[CreatedAt], [p].[DateOfBirth], [p].[Email], [p].[FullName], [p].[Gender], [p].[NationalId], [p].[Phone], [p].[UserId]
FROM [Patients] AS [p]
2026-06-30 09:04:07.153 +03:00 [INF] Executed DbCommand (6ms) [Parameters=[@patientId='?' (DbType = Guid)], CommandType='"Text"', CommandTimeout='30']
SELECT [a].[Id], [a].[AppointmentDate], [a].[CreatedAt], [a].[CreatedByReceptionistId], [a].[DoctorId], [a].[EndTime], [a].[Notes], [a].[PatientId], [a].[StartTime], [a].[Status], [a].[UpdatedAt]
FROM [Appointments] AS [a]
WHERE [a].[PatientId] = @patientId
ORDER BY [a].[AppointmentDate] DESC, [a].[StartTime] DESC
2026-06-30 09:04:07.234 +03:00 [INF] Executed DbCommand (6ms) [Parameters=[], CommandType='"Text"', CommandTimeout='30']
SELECT [c].[Id], [c].[AppointmentId], [c].[CompletedAt], [c].[Diagnosis], [c].[DoctorId], [c].[Notes], [c].[PatientId], [c].[StartedAt]
FROM [Consultations] AS [c]
2026-06-30 09:04:07.338 +03:00 [INF] Executed DbCommand (4ms) [Parameters=[], CommandType='"Text"', CommandTimeout='30']
SELECT [p].[Id], [p].[ConsultationId], [p].[Dosage], [p].[Duration], [p].[Frequency], [p].[MedicationName], [p].[Notes]
FROM [Prescriptions] AS [p]
2026-06-30 09:04:07.340 +03:00 [INF] Executed DbCommand (1ms) [Parameters=[], CommandType='"Text"', CommandTimeout='30']
SELECT [d].[Id], [d].[DepartmentId], [d].[FullName], [d].[IsActive], [d].[Phone], [d].[Specialization], [d].[UserId]
FROM [Doctors] AS [d]
2026-06-30 09:04:07.366 +03:00 [INF] HTTP GET /api/patient/medical-history responded 200 in 284ms
2026-06-30 09:04:10.202 +03:00 [INF] HTTP OPTIONS /api/patient/appointments responded 204 in 0ms
2026-06-30 09:04:10.274 +03:00 [INF] Executed DbCommand (1ms) [Parameters=[], CommandType='"Text"', CommandTimeout='30']
SELECT [p].[Id], [p].[Address], [p].[BloodType], [p].[CreatedAt], [p].[DateOfBirth], [p].[Email], [p].[FullName], [p].[Gender], [p].[NationalId], [p].[Phone], [p].[UserId]
FROM [Patients] AS [p]
2026-06-30 09:04:10.287 +03:00 [INF] Executed DbCommand (2ms) [Parameters=[@patientId='?' (DbType = Guid)], CommandType='"Text"', CommandTimeout='30']
SELECT [a].[Id], [a].[AppointmentDate], [a].[CreatedAt], [a].[CreatedByReceptionistId], [a].[DoctorId], [a].[EndTime], [a].[Notes], [a].[PatientId], [a].[StartTime], [a].[Status], [a].[UpdatedAt]
FROM [Appointments] AS [a]
WHERE [a].[PatientId] = @patientId
ORDER BY [a].[AppointmentDate] DESC, [a].[StartTime] DESC
2026-06-30 09:04:10.301 +03:00 [INF] Executed DbCommand (2ms) [Parameters=[@p='?' (DbType = Guid)], CommandType='"Text"', CommandTimeout='30']
SELECT TOP(1) [d].[Id], [d].[DepartmentId], [d].[FullName], [d].[IsActive], [d].[Phone], [d].[Specialization], [d].[UserId]
FROM [Doctors] AS [d]
WHERE [d].[Id] = @p
2026-06-30 09:04:10.351 +03:00 [INF] HTTP GET /api/patient/appointments responded 200 in 135ms
2026-06-30 09:04:11.019 +03:00 [INF] HTTP OPTIONS /api/patient/profile responded 204 in 0ms
2026-06-30 09:04:11.061 +03:00 [INF] Executed DbCommand (1ms) [Parameters=[], CommandType='"Text"', CommandTimeout='30']
SELECT [p].[Id], [p].[Address], [p].[BloodType], [p].[CreatedAt], [p].[DateOfBirth], [p].[Email], [p].[FullName], [p].[Gender], [p].[NationalId], [p].[Phone], [p].[UserId]
FROM [Patients] AS [p]
2026-06-30 09:04:11.170 +03:00 [INF] HTTP GET /api/patient/profile responded 200 in 143ms
2026-06-30 09:04:30.670 +03:00 [INF] HTTP OPTIONS /api/auth/login responded 204 in 0ms
2026-06-30 09:04:30.682 +03:00 [INF] Executed DbCommand (1ms) [Parameters=[], CommandType='"Text"', CommandTimeout='30']
SELECT [u].[Id], [u].[CreatedAt], [u].[Email], [u].[IsActive], [u].[PasswordHash], [u].[Role]
FROM [Users] AS [u]
2026-06-30 09:04:31.133 +03:00 [INF] HTTP POST /api/auth/login responded 200 in 456ms
2026-06-30 09:04:31.156 +03:00 [INF] HTTP OPTIONS /api/patients responded 204 in 0ms
2026-06-30 09:04:31.181 +03:00 [INF] Executed DbCommand (1ms) [Parameters=[], CommandType='"Text"', CommandTimeout='30']
SELECT [p].[Id], [p].[Address], [p].[BloodType], [p].[CreatedAt], [p].[DateOfBirth], [p].[Email], [p].[FullName], [p].[Gender], [p].[NationalId], [p].[Phone], [p].[UserId]
FROM [Patients] AS [p]
2026-06-30 09:04:31.188 +03:00 [INF] HTTP GET /api/patients responded 200 in 28ms
2026-06-30 09:04:34.524 +03:00 [INF] HTTP OPTIONS /api/patients/36574f06-f0f8-4c16-83d7-073e1107da0b responded 204 in 0ms
2026-06-30 09:04:34.627 +03:00 [INF] Executed DbCommand (11ms) [Parameters=[@p='?' (DbType = Guid)], CommandType='"Text"', CommandTimeout='30']
SELECT TOP(1) [p].[Id], [p].[Address], [p].[BloodType], [p].[CreatedAt], [p].[DateOfBirth], [p].[Email], [p].[FullName], [p].[Gender], [p].[NationalId], [p].[Phone], [p].[UserId]
FROM [Patients] AS [p]
WHERE [p].[Id] = @p
2026-06-30 09:04:34.628 +03:00 [INF] HTTP GET /api/patients/36574f06-f0f8-4c16-83d7-073e1107da0b responded 200 in 90ms
2026-06-30 09:05:09.177 +03:00 [INF] HTTP OPTIONS /api/auth/login responded 204 in 0ms
2026-06-30 09:05:09.192 +03:00 [INF] Executed DbCommand (1ms) [Parameters=[], CommandType='"Text"', CommandTimeout='30']
SELECT [u].[Id], [u].[CreatedAt], [u].[Email], [u].[IsActive], [u].[PasswordHash], [u].[Role]
FROM [Users] AS [u]
2026-06-30 09:05:09.680 +03:00 [INF] HTTP POST /api/auth/login responded 200 in 494ms
2026-06-30 09:05:09.698 +03:00 [INF] HTTP OPTIONS /api/patients responded 204 in 0ms
2026-06-30 09:05:09.702 +03:00 [INF] Executed DbCommand (1ms) [Parameters=[], CommandType='"Text"', CommandTimeout='30']
SELECT [p].[Id], [p].[Address], [p].[BloodType], [p].[CreatedAt], [p].[DateOfBirth], [p].[Email], [p].[FullName], [p].[Gender], [p].[NationalId], [p].[Phone], [p].[UserId]
FROM [Patients] AS [p]
2026-06-30 09:05:09.702 +03:00 [INF] HTTP GET /api/patients responded 200 in 2ms
2026-06-30 09:05:12.919 +03:00 [INF] HTTP OPTIONS /api/doctors responded 204 in 0ms
2026-06-30 09:05:12.923 +03:00 [INF] HTTP OPTIONS /api/doctors responded 204 in 0ms
2026-06-30 09:05:12.934 +03:00 [INF] Executed DbCommand (1ms) [Parameters=[], CommandType='"Text"', CommandTimeout='30']
SELECT [d].[Id], [d].[DepartmentId], [d].[FullName], [d].[IsActive], [d].[Phone], [d].[Specialization], [d].[UserId]
FROM [Doctors] AS [d]
2026-06-30 09:05:12.937 +03:00 [INF] Executed DbCommand (1ms) [Parameters=[@p='?' (DbType = Guid)], CommandType='"Text"', CommandTimeout='30']
SELECT TOP(1) [d].[Id], [d].[Description], [d].[IsActive], [d].[Name]
FROM [Departments] AS [d]
WHERE [d].[Id] = @p
2026-06-30 09:05:12.940 +03:00 [INF] Executed DbCommand (1ms) [Parameters=[@p='?' (DbType = Guid)], CommandType='"Text"', CommandTimeout='30']
SELECT TOP(1) [d].[Id], [d].[Description], [d].[IsActive], [d].[Name]
FROM [Departments] AS [d]
WHERE [d].[Id] = @p
2026-06-30 09:05:12.941 +03:00 [INF] HTTP GET /api/doctors responded 200 in 10ms
2026-06-30 09:05:12.949 +03:00 [INF] Executed DbCommand (1ms) [Parameters=[], CommandType='"Text"', CommandTimeout='30']
SELECT [d].[Id], [d].[DepartmentId], [d].[FullName], [d].[IsActive], [d].[Phone], [d].[Specialization], [d].[UserId]
FROM [Doctors] AS [d]
2026-06-30 09:05:12.952 +03:00 [INF] Executed DbCommand (1ms) [Parameters=[@p='?' (DbType = Guid)], CommandType='"Text"', CommandTimeout='30']
SELECT TOP(1) [d].[Id], [d].[Description], [d].[IsActive], [d].[Name]
FROM [Departments] AS [d]
WHERE [d].[Id] = @p
2026-06-30 09:05:12.955 +03:00 [INF] Executed DbCommand (1ms) [Parameters=[@p='?' (DbType = Guid)], CommandType='"Text"', CommandTimeout='30']
SELECT TOP(1) [d].[Id], [d].[Description], [d].[IsActive], [d].[Name]
FROM [Departments] AS [d]
WHERE [d].[Id] = @p
2026-06-30 09:05:12.956 +03:00 [INF] HTTP GET /api/doctors responded 200 in 12ms
2026-06-30 09:05:12.962 +03:00 [INF] HTTP OPTIONS /api/appointments responded 204 in 0ms
2026-06-30 09:05:12.977 +03:00 [INF] HTTP OPTIONS /api/doctors/41885cdc-0175-4dcb-9824-944a922f6950/schedule responded 204 in 0ms
2026-06-30 09:05:12.981 +03:00 [INF] HTTP OPTIONS /api/doctors/44450f15-4382-4c72-9e45-ffb270692955/schedule responded 204 in 0ms
2026-06-30 09:05:12.994 +03:00 [INF] Executed DbCommand (1ms) [Parameters=[@p='?' (DbType = Guid)], CommandType='"Text"', CommandTimeout='30']
SELECT TOP(1) [d].[Id], [d].[DepartmentId], [d].[FullName], [d].[IsActive], [d].[Phone], [d].[Specialization], [d].[UserId]
FROM [Doctors] AS [d]
WHERE [d].[Id] = @p
2026-06-30 09:05:12.994 +03:00 [INF] Executed DbCommand (1ms) [Parameters=[@p='?' (DbType = Guid)], CommandType='"Text"', CommandTimeout='30']
SELECT TOP(1) [d].[Id], [d].[DepartmentId], [d].[FullName], [d].[IsActive], [d].[Phone], [d].[Specialization], [d].[UserId]
FROM [Doctors] AS [d]
WHERE [d].[Id] = @p
2026-06-30 09:05:12.998 +03:00 [INF] Executed DbCommand (2ms) [Parameters=[], CommandType='"Text"', CommandTimeout='30']
SELECT [d].[Id], [d].[AppointmentDurationMinutes], [d].[DayOfWeek], [d].[DoctorId], [d].[EndTime], [d].[IsActive], [d].[StartTime]
FROM [DoctorSchedules] AS [d]
2026-06-30 09:05:12.998 +03:00 [INF] Executed DbCommand (2ms) [Parameters=[], CommandType='"Text"', CommandTimeout='30']
SELECT [d].[Id], [d].[AppointmentDurationMinutes], [d].[DayOfWeek], [d].[DoctorId], [d].[EndTime], [d].[IsActive], [d].[StartTime]
FROM [DoctorSchedules] AS [d]
2026-06-30 09:05:13.000 +03:00 [INF] HTTP GET /api/doctors/44450f15-4382-4c72-9e45-ffb270692955/schedule responded 200 in 10ms
2026-06-30 09:05:13.000 +03:00 [INF] HTTP GET /api/doctors/41885cdc-0175-4dcb-9824-944a922f6950/schedule responded 200 in 10ms
2026-06-30 09:05:13.023 +03:00 [INF] Executed DbCommand (2ms) [Parameters=[@doctorId='?' (DbType = Guid), @date='?' (DbType = Date)], CommandType='"Text"', CommandTimeout='30']
SELECT [a].[Id], [a].[AppointmentDate], [a].[CreatedAt], [a].[CreatedByReceptionistId], [a].[DoctorId], [a].[EndTime], [a].[Notes], [a].[PatientId], [a].[StartTime], [a].[Status], [a].[UpdatedAt]
FROM [Appointments] AS [a]
WHERE [a].[DoctorId] = @doctorId AND [a].[AppointmentDate] = @date
ORDER BY [a].[StartTime]
2026-06-30 09:05:13.024 +03:00 [INF] HTTP GET /api/appointments responded 200 in 55ms
2026-06-30 09:05:13.037 +03:00 [INF] HTTP OPTIONS /api/appointments responded 204 in 0ms
2026-06-30 09:05:13.049 +03:00 [INF] Executed DbCommand (1ms) [Parameters=[@doctorId='?' (DbType = Guid), @date='?' (DbType = Date)], CommandType='"Text"', CommandTimeout='30']
SELECT [a].[Id], [a].[AppointmentDate], [a].[CreatedAt], [a].[CreatedByReceptionistId], [a].[DoctorId], [a].[EndTime], [a].[Notes], [a].[PatientId], [a].[StartTime], [a].[Status], [a].[UpdatedAt]
FROM [Appointments] AS [a]
WHERE [a].[DoctorId] = @doctorId AND [a].[AppointmentDate] = @date
ORDER BY [a].[StartTime]
2026-06-30 09:05:13.050 +03:00 [INF] HTTP GET /api/appointments responded 200 in 6ms
2026-06-30 09:05:17.833 +03:00 [INF] HTTP OPTIONS /api/departments responded 204 in 0ms
2026-06-30 09:05:17.839 +03:00 [INF] HTTP OPTIONS /api/patients responded 204 in 0ms
2026-06-30 09:05:17.848 +03:00 [INF] Executed DbCommand (2ms) [Parameters=[], CommandType='"Text"', CommandTimeout='30']
SELECT [d].[Id], [d].[Description], [d].[IsActive], [d].[Name]
FROM [Departments] AS [d]
2026-06-30 09:05:17.849 +03:00 [INF] HTTP GET /api/departments responded 200 in 5ms
2026-06-30 09:05:17.850 +03:00 [INF] Executed DbCommand (1ms) [Parameters=[], CommandType='"Text"', CommandTimeout='30']
SELECT [p].[Id], [p].[Address], [p].[BloodType], [p].[CreatedAt], [p].[DateOfBirth], [p].[Email], [p].[FullName], [p].[Gender], [p].[NationalId], [p].[Phone], [p].[UserId]
FROM [Patients] AS [p]
2026-06-30 09:05:17.852 +03:00 [INF] HTTP GET /api/patients responded 200 in 6ms
2026-06-30 09:07:18.788 +03:00 [INF] HTTP OPTIONS /api/departments responded 204 in 0ms
2026-06-30 09:07:18.788 +03:00 [INF] HTTP OPTIONS /api/patients responded 204 in 0ms
2026-06-30 09:07:18.794 +03:00 [INF] Executed DbCommand (1ms) [Parameters=[], CommandType='"Text"', CommandTimeout='30']
SELECT [d].[Id], [d].[Description], [d].[IsActive], [d].[Name]
FROM [Departments] AS [d]
2026-06-30 09:07:18.794 +03:00 [INF] Executed DbCommand (1ms) [Parameters=[], CommandType='"Text"', CommandTimeout='30']
SELECT [p].[Id], [p].[Address], [p].[BloodType], [p].[CreatedAt], [p].[DateOfBirth], [p].[Email], [p].[FullName], [p].[Gender], [p].[NationalId], [p].[Phone], [p].[UserId]
FROM [Patients] AS [p]
2026-06-30 09:07:18.794 +03:00 [INF] HTTP GET /api/departments responded 200 in 2ms
2026-06-30 09:07:18.794 +03:00 [INF] HTTP GET /api/patients responded 200 in 2ms
2026-06-30 09:07:21.369 +03:00 [INF] HTTP OPTIONS /api/doctors responded 204 in 0ms
2026-06-30 09:07:21.369 +03:00 [INF] HTTP OPTIONS /api/doctors responded 204 in 0ms
2026-06-30 09:07:21.370 +03:00 [INF] HTTP OPTIONS /api/appointments responded 204 in 0ms
2026-06-30 09:07:21.381 +03:00 [INF] Executed DbCommand (2ms) [Parameters=[], CommandType='"Text"', CommandTimeout='30']
SELECT [d].[Id], [d].[DepartmentId], [d].[FullName], [d].[IsActive], [d].[Phone], [d].[Specialization], [d].[UserId]
FROM [Doctors] AS [d]
2026-06-30 09:07:21.381 +03:00 [INF] Executed DbCommand (1ms) [Parameters=[@doctorId='?' (DbType = Guid), @date='?' (DbType = Date)], CommandType='"Text"', CommandTimeout='30']
SELECT [a].[Id], [a].[AppointmentDate], [a].[CreatedAt], [a].[CreatedByReceptionistId], [a].[DoctorId], [a].[EndTime], [a].[Notes], [a].[PatientId], [a].[StartTime], [a].[Status], [a].[UpdatedAt]
FROM [Appointments] AS [a]
WHERE [a].[DoctorId] = @doctorId AND [a].[AppointmentDate] = @date
ORDER BY [a].[StartTime]
2026-06-30 09:07:21.382 +03:00 [INF] HTTP GET /api/appointments responded 200 in 5ms
2026-06-30 09:07:21.385 +03:00 [INF] Executed DbCommand (1ms) [Parameters=[@p='?' (DbType = Guid)], CommandType='"Text"', CommandTimeout='30']
SELECT TOP(1) [d].[Id], [d].[Description], [d].[IsActive], [d].[Name]
FROM [Departments] AS [d]
WHERE [d].[Id] = @p
2026-06-30 09:07:21.388 +03:00 [INF] Executed DbCommand (1ms) [Parameters=[@p='?' (DbType = Guid)], CommandType='"Text"', CommandTimeout='30']
SELECT TOP(1) [d].[Id], [d].[Description], [d].[IsActive], [d].[Name]
FROM [Departments] AS [d]
WHERE [d].[Id] = @p
2026-06-30 09:07:21.389 +03:00 [INF] HTTP GET /api/doctors responded 200 in 12ms
2026-06-30 09:07:21.392 +03:00 [INF] HTTP OPTIONS /api/appointments responded 204 in 0ms
2026-06-30 09:07:21.396 +03:00 [INF] Executed DbCommand (1ms) [Parameters=[], CommandType='"Text"', CommandTimeout='30']
SELECT [d].[Id], [d].[DepartmentId], [d].[FullName], [d].[IsActive], [d].[Phone], [d].[Specialization], [d].[UserId]
FROM [Doctors] AS [d]
2026-06-30 09:07:21.399 +03:00 [INF] Executed DbCommand (1ms) [Parameters=[@p='?' (DbType = Guid)], CommandType='"Text"', CommandTimeout='30']
SELECT TOP(1) [d].[Id], [d].[Description], [d].[IsActive], [d].[Name]
FROM [Departments] AS [d]
WHERE [d].[Id] = @p
2026-06-30 09:07:21.401 +03:00 [INF] Executed DbCommand (1ms) [Parameters=[@p='?' (DbType = Guid)], CommandType='"Text"', CommandTimeout='30']
SELECT TOP(1) [d].[Id], [d].[Description], [d].[IsActive], [d].[Name]
FROM [Departments] AS [d]
WHERE [d].[Id] = @p
2026-06-30 09:07:21.402 +03:00 [INF] HTTP GET /api/doctors responded 200 in 9ms
2026-06-30 09:07:21.403 +03:00 [INF] Executed DbCommand (1ms) [Parameters=[@doctorId='?' (DbType = Guid), @date='?' (DbType = Date)], CommandType='"Text"', CommandTimeout='30']
SELECT [a].[Id], [a].[AppointmentDate], [a].[CreatedAt], [a].[CreatedByReceptionistId], [a].[DoctorId], [a].[EndTime], [a].[Notes], [a].[PatientId], [a].[StartTime], [a].[Status], [a].[UpdatedAt]
FROM [Appointments] AS [a]
WHERE [a].[DoctorId] = @doctorId AND [a].[AppointmentDate] = @date
ORDER BY [a].[StartTime]
2026-06-30 09:07:21.403 +03:00 [INF] HTTP GET /api/appointments responded 200 in 4ms
2026-06-30 09:07:21.411 +03:00 [INF] HTTP OPTIONS /api/doctors/41885cdc-0175-4dcb-9824-944a922f6950/schedule responded 204 in 0ms
2026-06-30 09:07:21.412 +03:00 [INF] HTTP OPTIONS /api/doctors/44450f15-4382-4c72-9e45-ffb270692955/schedule responded 204 in 0ms
2026-06-30 09:07:21.421 +03:00 [INF] Executed DbCommand (1ms) [Parameters=[@p='?' (DbType = Guid)], CommandType='"Text"', CommandTimeout='30']
SELECT TOP(1) [d].[Id], [d].[DepartmentId], [d].[FullName], [d].[IsActive], [d].[Phone], [d].[Specialization], [d].[UserId]
FROM [Doctors] AS [d]
WHERE [d].[Id] = @p
2026-06-30 09:07:21.422 +03:00 [INF] Executed DbCommand (1ms) [Parameters=[@p='?' (DbType = Guid)], CommandType='"Text"', CommandTimeout='30']
SELECT TOP(1) [d].[Id], [d].[DepartmentId], [d].[FullName], [d].[IsActive], [d].[Phone], [d].[Specialization], [d].[UserId]
FROM [Doctors] AS [d]
WHERE [d].[Id] = @p
2026-06-30 09:07:21.423 +03:00 [INF] Executed DbCommand (1ms) [Parameters=[], CommandType='"Text"', CommandTimeout='30']
SELECT [d].[Id], [d].[AppointmentDurationMinutes], [d].[DayOfWeek], [d].[DoctorId], [d].[EndTime], [d].[IsActive], [d].[StartTime]
FROM [DoctorSchedules] AS [d]
2026-06-30 09:07:21.424 +03:00 [INF] HTTP GET /api/doctors/41885cdc-0175-4dcb-9824-944a922f6950/schedule responded 200 in 6ms
2026-06-30 09:07:21.424 +03:00 [INF] Executed DbCommand (1ms) [Parameters=[], CommandType='"Text"', CommandTimeout='30']
SELECT [d].[Id], [d].[AppointmentDurationMinutes], [d].[DayOfWeek], [d].[DoctorId], [d].[EndTime], [d].[IsActive], [d].[StartTime]
FROM [DoctorSchedules] AS [d]
2026-06-30 09:07:21.424 +03:00 [INF] HTTP GET /api/doctors/44450f15-4382-4c72-9e45-ffb270692955/schedule responded 200 in 5ms
2026-06-30 09:07:23.329 +03:00 [INF] HTTP OPTIONS /api/patients responded 204 in 0ms
2026-06-30 09:07:23.335 +03:00 [INF] Executed DbCommand (1ms) [Parameters=[], CommandType='"Text"', CommandTimeout='30']
SELECT [p].[Id], [p].[Address], [p].[BloodType], [p].[CreatedAt], [p].[DateOfBirth], [p].[Email], [p].[FullName], [p].[Gender], [p].[NationalId], [p].[Phone], [p].[UserId]
FROM [Patients] AS [p]
2026-06-30 09:07:23.336 +03:00 [INF] HTTP GET /api/patients responded 200 in 2ms
2026-06-30 09:07:32.292 +03:00 [INF] HTTP OPTIONS /api/auth/login responded 204 in 0ms
2026-06-30 09:07:32.300 +03:00 [INF] Executed DbCommand (1ms) [Parameters=[], CommandType='"Text"', CommandTimeout='30']
SELECT [u].[Id], [u].[CreatedAt], [u].[Email], [u].[IsActive], [u].[PasswordHash], [u].[Role]
FROM [Users] AS [u]
2026-06-30 09:07:32.831 +03:00 [INF] HTTP POST /api/auth/login responded 200 in 534ms
2026-06-30 09:07:41.957 +03:00 [INF] HTTP OPTIONS /api/auth/login responded 204 in 0ms
2026-06-30 09:07:41.964 +03:00 [INF] Executed DbCommand (1ms) [Parameters=[], CommandType='"Text"', CommandTimeout='30']
SELECT [u].[Id], [u].[CreatedAt], [u].[Email], [u].[IsActive], [u].[PasswordHash], [u].[Role]
FROM [Users] AS [u]
2026-06-30 09:07:42.561 +03:00 [INF] HTTP POST /api/auth/login responded 200 in 599ms
2026-06-30 09:07:42.594 +03:00 [INF] HTTP OPTIONS /api/departments responded 204 in 0ms
2026-06-30 09:07:42.600 +03:00 [INF] Executed DbCommand (1ms) [Parameters=[], CommandType='"Text"', CommandTimeout='30']
SELECT [d].[Id], [d].[Description], [d].[IsActive], [d].[Name]
FROM [Departments] AS [d]
2026-06-30 09:07:42.600 +03:00 [INF] HTTP GET /api/departments responded 200 in 2ms
2026-06-30 09:07:51.871 +03:00 [INF] HTTP OPTIONS /api/departments/9675db9a-c073-4684-8988-0e26f16deb22 responded 204 in 0ms
2026-06-30 09:07:51.879 +03:00 [INF] Executed DbCommand (1ms) [Parameters=[@p='?' (DbType = Guid)], CommandType='"Text"', CommandTimeout='30']
SELECT TOP(1) [d].[Id], [d].[Description], [d].[IsActive], [d].[Name]
FROM [Departments] AS [d]
WHERE [d].[Id] = @p
2026-06-30 09:07:51.885 +03:00 [INF] Executed DbCommand (4ms) [Parameters=[@p3='?' (DbType = Guid), @p0='?' (Size = 1000), @p1='?' (DbType = Boolean), @p2='?' (Size = 200)], CommandType='"Text"', CommandTimeout='30']
SET IMPLICIT_TRANSACTIONS OFF;
SET NOCOUNT ON;
UPDATE [Departments] SET [Description] = @p0, [IsActive] = @p1, [Name] = @p2
OUTPUT 1
WHERE [Id] = @p3;
2026-06-30 09:07:51.886 +03:00 [INF] HTTP DELETE /api/departments/9675db9a-c073-4684-8988-0e26f16deb22 responded 200 in 10ms
2026-06-30 09:07:51.894 +03:00 [INF] HTTP OPTIONS /api/departments responded 204 in 0ms
2026-06-30 09:07:51.902 +03:00 [INF] Executed DbCommand (1ms) [Parameters=[], CommandType='"Text"', CommandTimeout='30']
SELECT [d].[Id], [d].[Description], [d].[IsActive], [d].[Name]
FROM [Departments] AS [d]
2026-06-30 09:07:51.903 +03:00 [INF] HTTP GET /api/departments responded 200 in 3ms
2026-06-30 09:08:00.625 +03:00 [INF] HTTP OPTIONS /api/departments/9675db9a-c073-4684-8988-0e26f16deb22 responded 204 in 0ms
2026-06-30 09:08:00.633 +03:00 [INF] Executed DbCommand (1ms) [Parameters=[@p='?' (DbType = Guid)], CommandType='"Text"', CommandTimeout='30']
SELECT TOP(1) [d].[Id], [d].[Description], [d].[IsActive], [d].[Name]
FROM [Departments] AS [d]
WHERE [d].[Id] = @p
2026-06-30 09:08:00.635 +03:00 [INF] Executed DbCommand (1ms) [Parameters=[@p3='?' (DbType = Guid), @p0='?' (Size = 1000), @p1='?' (DbType = Boolean), @p2='?' (Size = 200)], CommandType='"Text"', CommandTimeout='30']
SET IMPLICIT_TRANSACTIONS OFF;
SET NOCOUNT ON;
UPDATE [Departments] SET [Description] = @p0, [IsActive] = @p1, [Name] = @p2
OUTPUT 1
WHERE [Id] = @p3;
2026-06-30 09:08:00.636 +03:00 [INF] HTTP PUT /api/departments/9675db9a-c073-4684-8988-0e26f16deb22 responded 200 in 6ms
2026-06-30 09:08:00.643 +03:00 [INF] HTTP OPTIONS /api/departments responded 204 in 0ms
2026-06-30 09:08:00.650 +03:00 [INF] Executed DbCommand (1ms) [Parameters=[], CommandType='"Text"', CommandTimeout='30']
SELECT [d].[Id], [d].[Description], [d].[IsActive], [d].[Name]
FROM [Departments] AS [d]
2026-06-30 09:08:00.650 +03:00 [INF] HTTP GET /api/departments responded 200 in 3ms
2026-06-30 09:08:48.411 +03:00 [INF] HTTP OPTIONS /api/departments responded 204 in 0ms
2026-06-30 09:08:48.442 +03:00 [INF] Executed DbCommand (4ms) [Parameters=[], CommandType='"Text"', CommandTimeout='30']
SELECT [d].[Id], [d].[Description], [d].[IsActive], [d].[Name]
FROM [Departments] AS [d]
2026-06-30 09:08:48.443 +03:00 [INF] HTTP GET /api/departments responded 200 in 8ms
2026-06-30 09:09:40.359 +03:00 [INF] HTTP OPTIONS /api/departments responded 204 in 0ms
2026-06-30 09:09:40.378 +03:00 [INF] Executed DbCommand (1ms) [Parameters=[], CommandType='"Text"', CommandTimeout='30']
SELECT [d].[Id], [d].[Description], [d].[IsActive], [d].[Name]
FROM [Departments] AS [d]
2026-06-30 09:09:40.379 +03:00 [INF] HTTP GET /api/departments responded 200 in 5ms
2026-06-30 09:09:42.537 +03:00 [INF] HTTP OPTIONS /api/doctors responded 204 in 0ms
2026-06-30 09:09:42.541 +03:00 [INF] HTTP OPTIONS /api/departments responded 204 in 0ms
2026-06-30 09:09:42.561 +03:00 [INF] Executed DbCommand (1ms) [Parameters=[], CommandType='"Text"', CommandTimeout='30']
SELECT [d].[Id], [d].[DepartmentId], [d].[FullName], [d].[IsActive], [d].[Phone], [d].[Specialization], [d].[UserId]
FROM [Doctors] AS [d]
2026-06-30 09:09:42.561 +03:00 [INF] Executed DbCommand (1ms) [Parameters=[], CommandType='"Text"', CommandTimeout='30']
SELECT [d].[Id], [d].[Description], [d].[IsActive], [d].[Name]
FROM [Departments] AS [d]
2026-06-30 09:09:42.562 +03:00 [INF] HTTP GET /api/departments responded 200 in 4ms
2026-06-30 09:09:42.566 +03:00 [INF] Executed DbCommand (2ms) [Parameters=[@p='?' (DbType = Guid)], CommandType='"Text"', CommandTimeout='30']
SELECT TOP(1) [d].[Id], [d].[Description], [d].[IsActive], [d].[Name]
FROM [Departments] AS [d]
WHERE [d].[Id] = @p
2026-06-30 09:09:42.571 +03:00 [INF] Executed DbCommand (3ms) [Parameters=[@p='?' (DbType = Guid)], CommandType='"Text"', CommandTimeout='30']
SELECT TOP(1) [d].[Id], [d].[Description], [d].[IsActive], [d].[Name]
FROM [Departments] AS [d]
WHERE [d].[Id] = @p
2026-06-30 09:09:42.572 +03:00 [INF] HTTP GET /api/doctors responded 200 in 16ms
2026-06-30 09:09:52.896 +03:00 [INF] HTTP OPTIONS /api/doctors/41885cdc-0175-4dcb-9824-944a922f6950 responded 204 in 0ms
2026-06-30 09:09:52.908 +03:00 [INF] Executed DbCommand (2ms) [Parameters=[@p='?' (DbType = Guid)], CommandType='"Text"', CommandTimeout='30']
SELECT TOP(1) [d].[Id], [d].[DepartmentId], [d].[FullName], [d].[IsActive], [d].[Phone], [d].[Specialization], [d].[UserId]
FROM [Doctors] AS [d]
WHERE [d].[Id] = @p
2026-06-30 09:09:52.911 +03:00 [INF] Executed DbCommand (1ms) [Parameters=[@p='?' (DbType = Guid)], CommandType='"Text"', CommandTimeout='30']
SELECT TOP(1) [u].[Id], [u].[CreatedAt], [u].[Email], [u].[IsActive], [u].[PasswordHash], [u].[Role]
FROM [Users] AS [u]
WHERE [u].[Id] = @p
2026-06-30 09:09:52.917 +03:00 [INF] Executed DbCommand (2ms) [Parameters=[@p6='?' (DbType = Guid), @p0='?' (DbType = Guid), @p1='?' (Size = 200), @p2='?' (DbType = Boolean), @p3='?' (Size = 50), @p4='?' (Size = 200), @p5='?' (DbType = Guid), @p8='?' (DbType = Guid), @p7='?' (DbType = Boolean)], CommandType='"Text"', CommandTimeout='30']
SET NOCOUNT ON;
UPDATE [Doctors] SET [DepartmentId] = @p0, [FullName] = @p1, [IsActive] = @p2, [Phone] = @p3, [Specialization] = @p4, [UserId] = @p5
OUTPUT 1
WHERE [Id] = @p6;
UPDATE [Users] SET [IsActive] = @p7
OUTPUT 1
WHERE [Id] = @p8;
2026-06-30 09:09:52.921 +03:00 [INF] HTTP DELETE /api/doctors/41885cdc-0175-4dcb-9824-944a922f6950 responded 200 in 19ms
2026-06-30 09:09:52.932 +03:00 [INF] HTTP OPTIONS /api/doctors responded 204 in 0ms
2026-06-30 09:09:52.943 +03:00 [INF] Executed DbCommand (2ms) [Parameters=[], CommandType='"Text"', CommandTimeout='30']
SELECT [d].[Id], [d].[DepartmentId], [d].[FullName], [d].[IsActive], [d].[Phone], [d].[Specialization], [d].[UserId]
FROM [Doctors] AS [d]
2026-06-30 09:09:52.946 +03:00 [INF] Executed DbCommand (1ms) [Parameters=[@p='?' (DbType = Guid)], CommandType='"Text"', CommandTimeout='30']
SELECT TOP(1) [d].[Id], [d].[Description], [d].[IsActive], [d].[Name]
FROM [Departments] AS [d]
WHERE [d].[Id] = @p
2026-06-30 09:09:52.947 +03:00 [INF] HTTP GET /api/doctors responded 200 in 8ms
2026-06-30 09:10:15.367 +03:00 [INF] HTTP OPTIONS /api/departments responded 204 in 0ms
2026-06-30 09:10:15.383 +03:00 [INF] Executed DbCommand (2ms) [Parameters=[], CommandType='"Text"', CommandTimeout='30']
SELECT [d].[Id], [d].[Description], [d].[IsActive], [d].[Name]
FROM [Departments] AS [d]
2026-06-30 09:10:15.384 +03:00 [INF] HTTP GET /api/departments responded 200 in 4ms
2026-06-30 09:10:18.666 +03:00 [INF] HTTP OPTIONS /api/departments responded 204 in 0ms
2026-06-30 09:10:18.682 +03:00 [INF] Executed DbCommand (1ms) [Parameters=[], CommandType='"Text"', CommandTimeout='30']
SELECT [d].[Id], [d].[Description], [d].[IsActive], [d].[Name]
FROM [Departments] AS [d]
2026-06-30 09:10:18.683 +03:00 [INF] HTTP GET /api/departments responded 200 in 6ms
2026-06-30 09:11:30.072 +03:00 [INF] Executed DbCommand (77ms) [Parameters=[], CommandType='"Text"', CommandTimeout='30']
SELECT 1
2026-06-30 09:11:30.274 +03:00 [INF] Acquiring an exclusive lock for migration application. See https://aka.ms/efcore-docs-migrations-lock for more information if this takes too long.
2026-06-30 09:11:30.393 +03:00 [INF] Executed DbCommand (97ms) [Parameters=[], CommandType='"Text"', CommandTimeout='30']
DECLARE @result int;
EXEC @result = sp_getapplock @Resource = '__EFMigrationsLock', @LockOwner = 'Session', @LockMode = 'Exclusive';
SELECT @result
2026-06-30 09:11:30.583 +03:00 [INF] Executed DbCommand (5ms) [Parameters=[], CommandType='"Text"', CommandTimeout='30']
IF OBJECT_ID(N'[__EFMigrationsHistory]') IS NULL
BEGIN
    CREATE TABLE [__EFMigrationsHistory] (
        [MigrationId] nvarchar(150) NOT NULL,
        [ProductVersion] nvarchar(32) NOT NULL,
        CONSTRAINT [PK___EFMigrationsHistory] PRIMARY KEY ([MigrationId])
    );
END;
2026-06-30 09:11:30.652 +03:00 [INF] Executed DbCommand (3ms) [Parameters=[], CommandType='"Text"', CommandTimeout='30']
SELECT 1
2026-06-30 09:11:30.660 +03:00 [INF] Executed DbCommand (3ms) [Parameters=[], CommandType='"Text"', CommandTimeout='30']
SELECT OBJECT_ID(N'[__EFMigrationsHistory]');
2026-06-30 09:11:30.710 +03:00 [INF] Executed DbCommand (28ms) [Parameters=[], CommandType='"Text"', CommandTimeout='30']
SELECT [MigrationId], [ProductVersion]
FROM [__EFMigrationsHistory]
ORDER BY [MigrationId];
2026-06-30 09:11:30.744 +03:00 [INF] No migrations were applied. The database is already up to date.
2026-06-30 09:11:30.755 +03:00 [INF] Executed DbCommand (7ms) [Parameters=[], CommandType='"Text"', CommandTimeout='30']
DECLARE @result int;
EXEC @result = sp_releaseapplock @Resource = '__EFMigrationsLock', @LockOwner = 'Session';
SELECT @result
2026-06-30 09:11:31.575 +03:00 [INF] Executed DbCommand (8ms) [Parameters=[], CommandType='"Text"', CommandTimeout='30']
SELECT CASE
    WHEN EXISTS (
        SELECT 1
        FROM [Users] AS [u]) THEN CAST(1 AS bit)
    ELSE CAST(0 AS bit)
END
2026-06-30 09:11:31.585 +03:00 [INF] Database already seeded. Ensuring demo accounts exist.
2026-06-30 09:11:31.762 +03:00 [INF] Executed DbCommand (6ms) [Parameters=[], CommandType='"Text"', CommandTimeout='30']
SELECT TOP(1) [u].[Id], [u].[CreatedAt], [u].[Email], [u].[IsActive], [u].[PasswordHash], [u].[Role]
FROM [Users] AS [u]
WHERE [u].[Email] = N'patient@hospital.com'
2026-06-30 09:11:32.036 +03:00 [INF] Executed DbCommand (46ms) [Parameters=[@patientUser_Id='?' (DbType = Guid)], CommandType='"Text"', CommandTimeout='30']
SELECT TOP(1) [p].[Id], [p].[Address], [p].[BloodType], [p].[CreatedAt], [p].[DateOfBirth], [p].[Email], [p].[FullName], [p].[Gender], [p].[NationalId], [p].[Phone], [p].[UserId]
FROM [Patients] AS [p]
WHERE [p].[UserId] = @patientUser_Id
2026-06-30 09:11:32.680 +03:00 [INF] Now listening on: http://localhost:5000
2026-06-30 09:11:32.681 +03:00 [INF] Application started. Press Ctrl+C to shut down.
2026-06-30 09:11:32.682 +03:00 [INF] Hosting environment: Development
2026-06-30 09:11:32.683 +03:00 [INF] Content root path: G:\DEPI\HospitalSystem.API
2026-06-30 09:11:49.154 +03:00 [WRN] Failed to determine the https port for redirect.
2026-06-30 09:11:49.165 +03:00 [INF] HTTP OPTIONS /api/departments responded 204 in 221ms
2026-06-30 09:11:49.807 +03:00 [INF] Executed DbCommand (4ms) [Parameters=[], CommandType='"Text"', CommandTimeout='30']
SELECT [d].[Id], [d].[Description], [d].[IsActive], [d].[Name]
FROM [Departments] AS [d]
2026-06-30 09:11:49.959 +03:00 [INF] HTTP GET /api/departments responded 200 in 771ms
2026-06-30 09:11:51.167 +03:00 [INF] Executed DbCommand (1ms) [Parameters=[], CommandType='"Text"', CommandTimeout='30']
SELECT [d].[Id], [d].[Description], [d].[IsActive], [d].[Name]
FROM [Departments] AS [d]
2026-06-30 09:11:51.175 +03:00 [INF] HTTP GET /api/departments responded 200 in 33ms
2026-06-30 09:12:46.113 +03:00 [INF] HTTP OPTIONS /api/departments responded 204 in 0ms
2026-06-30 09:12:46.175 +03:00 [INF] Executed DbCommand (2ms) [Parameters=[], CommandType='"Text"', CommandTimeout='30']
SELECT [d].[Id], [d].[Description], [d].[IsActive], [d].[Name]
FROM [Departments] AS [d]
2026-06-30 09:12:46.179 +03:00 [INF] HTTP GET /api/departments responded 200 in 51ms
2026-06-30 09:12:55.932 +03:00 [INF] HTTP OPTIONS /api/departments responded 204 in 0ms
2026-06-30 09:12:56.306 +03:00 [INF] Executed DbCommand (8ms) [Parameters=[@p0='?' (DbType = Guid), @p1='?' (Size = 1000), @p2='?' (DbType = Boolean), @p3='?' (Size = 200)], CommandType='"Text"', CommandTimeout='30']
SET IMPLICIT_TRANSACTIONS OFF;
SET NOCOUNT ON;
INSERT INTO [Departments] ([Id], [Description], [IsActive], [Name])
VALUES (@p0, @p1, @p2, @p3);
2026-06-30 09:12:56.357 +03:00 [INF] HTTP POST /api/departments responded 200 in 416ms
2026-06-30 09:12:56.371 +03:00 [INF] HTTP OPTIONS /api/departments responded 204 in 0ms
2026-06-30 09:12:56.384 +03:00 [INF] Executed DbCommand (2ms) [Parameters=[], CommandType='"Text"', CommandTimeout='30']
SELECT [d].[Id], [d].[Description], [d].[IsActive], [d].[Name]
FROM [Departments] AS [d]
2026-06-30 09:12:56.387 +03:00 [INF] HTTP GET /api/departments responded 200 in 9ms
2026-06-30 09:13:07.094 +03:00 [INF] HTTP OPTIONS /api/departments/eb831c57-0f2b-4075-978b-29bbcb60d11c responded 204 in 0ms
2026-06-30 09:13:07.275 +03:00 [INF] Executed DbCommand (4ms) [Parameters=[@p='?' (DbType = Guid)], CommandType='"Text"', CommandTimeout='30']
SELECT TOP(1) [d].[Id], [d].[Description], [d].[IsActive], [d].[Name]
FROM [Departments] AS [d]
WHERE [d].[Id] = @p
2026-06-30 09:13:07.303 +03:00 [INF] Executed DbCommand (10ms) [Parameters=[@p3='?' (DbType = Guid), @p0='?' (Size = 1000), @p1='?' (DbType = Boolean), @p2='?' (Size = 200)], CommandType='"Text"', CommandTimeout='30']
SET IMPLICIT_TRANSACTIONS OFF;
SET NOCOUNT ON;
UPDATE [Departments] SET [Description] = @p0, [IsActive] = @p1, [Name] = @p2
OUTPUT 1
WHERE [Id] = @p3;
2026-06-30 09:13:07.316 +03:00 [INF] HTTP PUT /api/departments/eb831c57-0f2b-4075-978b-29bbcb60d11c responded 200 in 214ms
2026-06-30 09:13:07.328 +03:00 [INF] HTTP OPTIONS /api/departments responded 204 in 0ms
2026-06-30 09:13:07.340 +03:00 [INF] Executed DbCommand (2ms) [Parameters=[], CommandType='"Text"', CommandTimeout='30']
SELECT [d].[Id], [d].[Description], [d].[IsActive], [d].[Name]
FROM [Departments] AS [d]
2026-06-30 09:13:07.343 +03:00 [INF] HTTP GET /api/departments responded 200 in 8ms
2026-06-30 09:13:11.142 +03:00 [INF] HTTP OPTIONS /api/departments/eb831c57-0f2b-4075-978b-29bbcb60d11c responded 204 in 0ms
2026-06-30 09:13:11.209 +03:00 [INF] Executed DbCommand (2ms) [Parameters=[@p='?' (DbType = Guid)], CommandType='"Text"', CommandTimeout='30']
SELECT TOP(1) [d].[Id], [d].[Description], [d].[IsActive], [d].[Name]
FROM [Departments] AS [d]
WHERE [d].[Id] = @p
2026-06-30 09:13:11.217 +03:00 [INF] Executed DbCommand (4ms) [Parameters=[@p3='?' (DbType = Guid), @p0='?' (Size = 1000), @p1='?' (DbType = Boolean), @p2='?' (Size = 200)], CommandType='"Text"', CommandTimeout='30']
SET IMPLICIT_TRANSACTIONS OFF;
SET NOCOUNT ON;
UPDATE [Departments] SET [Description] = @p0, [IsActive] = @p1, [Name] = @p2
OUTPUT 1
WHERE [Id] = @p3;
2026-06-30 09:13:11.223 +03:00 [INF] HTTP DELETE /api/departments/eb831c57-0f2b-4075-978b-29bbcb60d11c responded 200 in 74ms
2026-06-30 09:13:11.240 +03:00 [INF] Executed DbCommand (1ms) [Parameters=[], CommandType='"Text"', CommandTimeout='30']
SELECT [d].[Id], [d].[Description], [d].[IsActive], [d].[Name]
FROM [Departments] AS [d]
2026-06-30 09:13:11.242 +03:00 [INF] HTTP GET /api/departments responded 200 in 7ms
2026-06-30 09:13:18.043 +03:00 [INF] HTTP OPTIONS /api/receptionists responded 204 in 2ms
2026-06-30 09:13:18.184 +03:00 [INF] Executed DbCommand (10ms) [Parameters=[], CommandType='"Text"', CommandTimeout='30']
SELECT [r].[Id], [r].[FullName], [r].[IsActive], [r].[Phone], [r].[UserId]
FROM [Receptionists] AS [r]
2026-06-30 09:13:18.278 +03:00 [INF] HTTP GET /api/receptionists responded 200 in 222ms
2026-06-30 09:13:19.965 +03:00 [INF] HTTP OPTIONS /api/doctors responded 204 in 0ms
2026-06-30 09:13:19.969 +03:00 [INF] HTTP OPTIONS /api/departments responded 204 in 0ms
2026-06-30 09:13:19.985 +03:00 [INF] Executed DbCommand (2ms) [Parameters=[], CommandType='"Text"', CommandTimeout='30']
SELECT [d].[Id], [d].[Description], [d].[IsActive], [d].[Name]
FROM [Departments] AS [d]
2026-06-30 09:13:19.988 +03:00 [INF] HTTP GET /api/departments responded 200 in 10ms
2026-06-30 09:13:20.053 +03:00 [INF] Executed DbCommand (7ms) [Parameters=[], CommandType='"Text"', CommandTimeout='30']
SELECT [d].[Id], [d].[DepartmentId], [d].[FullName], [d].[IsActive], [d].[Phone], [d].[Specialization], [d].[UserId]
FROM [Doctors] AS [d]
2026-06-30 09:13:20.107 +03:00 [INF] Executed DbCommand (1ms) [Parameters=[@p='?' (DbType = Guid)], CommandType='"Text"', CommandTimeout='30']
SELECT TOP(1) [d].[Id], [d].[Description], [d].[IsActive], [d].[Name]
FROM [Departments] AS [d]
WHERE [d].[Id] = @p
2026-06-30 09:13:20.147 +03:00 [INF] HTTP GET /api/doctors responded 200 in 174ms
2026-06-30 09:13:47.348 +03:00 [INF] HTTP OPTIONS /api/doctors responded 204 in 0ms
2026-06-30 09:13:47.529 +03:00 [INF] Executed DbCommand (1ms) [Parameters=[@p='?' (DbType = Guid)], CommandType='"Text"', CommandTimeout='30']
SELECT TOP(1) [d].[Id], [d].[Description], [d].[IsActive], [d].[Name]
FROM [Departments] AS [d]
WHERE [d].[Id] = @p
2026-06-30 09:13:47.547 +03:00 [INF] Executed DbCommand (3ms) [Parameters=[], CommandType='"Text"', CommandTimeout='30']
SELECT [u].[Id], [u].[CreatedAt], [u].[Email], [u].[IsActive], [u].[PasswordHash], [u].[Role]
FROM [Users] AS [u]
2026-06-30 09:13:47.556 +03:00 [WRN] Request failed with "BadRequest"
HospitalSystem.Application.Exceptions.ValidationException: Email is already registered.
   at HospitalSystem.Application.Services.DoctorService.EnsureEmailUnique(String email, CancellationToken cancellationToken) in G:\DEPI\HospitalSystem.Application\Services\DoctorService.cs:line 179
   at HospitalSystem.Application.Services.DoctorService.CreateAsync(CreateDoctorRequest request, CancellationToken cancellationToken) in G:\DEPI\HospitalSystem.Application\Services\DoctorService.cs:line 25
   at HospitalSystem.API.Controllers.DoctorsController.Create(CreateDoctorRequest request, CancellationToken cancellationToken) in G:\DEPI\HospitalSystem.API\Controllers\DoctorsController.cs:line 119
   at lambda_method389(Closure, Object)
   at Microsoft.AspNetCore.Mvc.Infrastructure.ActionMethodExecutor.AwaitableObjectResultExecutor.Execute(ActionContext actionContext, IActionResultTypeMapper mapper, ObjectMethodExecutor executor, Object controller, Object[] arguments)
   at Microsoft.AspNetCore.Mvc.Infrastructure.ControllerActionInvoker.<InvokeActionMethodAsync>g__Awaited|12_0(ControllerActionInvoker invoker, ValueTask`1 actionResultValueTask)
   at Microsoft.AspNetCore.Mvc.Infrastructure.ControllerActionInvoker.<InvokeNextActionFilterAsync>g__Awaited|10_0(ControllerActionInvoker invoker, Task lastTask, State next, Scope scope, Object state, Boolean isCompleted)
   at Microsoft.AspNetCore.Mvc.Infrastructure.ControllerActionInvoker.Rethrow(ActionExecutedContextSealed context)
   at Microsoft.AspNetCore.Mvc.Infrastructure.ControllerActionInvoker.Next(State& next, Scope& scope, Object& state, Boolean& isCompleted)
   at Microsoft.AspNetCore.Mvc.Infrastructure.ControllerActionInvoker.<InvokeInnerFilterAsync>g__Awaited|13_0(ControllerActionInvoker invoker, Task lastTask, State next, Scope scope, Object state, Boolean isCompleted)
   at Microsoft.AspNetCore.Mvc.Infrastructure.ResourceInvoker.<InvokeFilterPipelineAsync>g__Awaited|20_0(ResourceInvoker invoker, Task lastTask, State next, Scope scope, Object state, Boolean isCompleted)
   at Microsoft.AspNetCore.Mvc.Infrastructure.ResourceInvoker.<InvokeAsync>g__Awaited|17_0(ResourceInvoker invoker, Task task, IDisposable scope)
   at Microsoft.AspNetCore.Mvc.Infrastructure.ResourceInvoker.<InvokeAsync>g__Awaited|17_0(ResourceInvoker invoker, Task task, IDisposable scope)
   at Microsoft.AspNetCore.Authorization.AuthorizationMiddleware.Invoke(HttpContext context)
   at Microsoft.AspNetCore.Authentication.AuthenticationMiddleware.Invoke(HttpContext context)
   at Swashbuckle.AspNetCore.SwaggerUI.SwaggerUIMiddleware.Invoke(HttpContext httpContext)
   at Swashbuckle.AspNetCore.Swagger.SwaggerMiddleware.Invoke(HttpContext httpContext, ISwaggerProvider swaggerProvider)
   at HospitalSystem.API.Middleware.RequestLoggingMiddleware.InvokeAsync(HttpContext context) in G:\DEPI\HospitalSystem.API\Middleware\RequestLoggingMiddleware.cs:line 19
   at HospitalSystem.API.Middleware.ExceptionHandlingMiddleware.InvokeAsync(HttpContext context) in G:\DEPI\HospitalSystem.API\Middleware\ExceptionHandlingMiddleware.cs:line 24
2026-06-30 09:13:49.716 +03:00 [INF] Executed DbCommand (2ms) [Parameters=[@p='?' (DbType = Guid)], CommandType='"Text"', CommandTimeout='30']
SELECT TOP(1) [d].[Id], [d].[Description], [d].[IsActive], [d].[Name]
FROM [Departments] AS [d]
WHERE [d].[Id] = @p
2026-06-30 09:13:49.720 +03:00 [INF] Executed DbCommand (2ms) [Parameters=[], CommandType='"Text"', CommandTimeout='30']
SELECT [u].[Id], [u].[CreatedAt], [u].[Email], [u].[IsActive], [u].[PasswordHash], [u].[Role]
FROM [Users] AS [u]
2026-06-30 09:13:49.723 +03:00 [WRN] Request failed with "BadRequest"
HospitalSystem.Application.Exceptions.ValidationException: Email is already registered.
   at HospitalSystem.Application.Services.DoctorService.EnsureEmailUnique(String email, CancellationToken cancellationToken) in G:\DEPI\HospitalSystem.Application\Services\DoctorService.cs:line 179
   at HospitalSystem.Application.Services.DoctorService.CreateAsync(CreateDoctorRequest request, CancellationToken cancellationToken) in G:\DEPI\HospitalSystem.Application\Services\DoctorService.cs:line 25
   at HospitalSystem.API.Controllers.DoctorsController.Create(CreateDoctorRequest request, CancellationToken cancellationToken) in G:\DEPI\HospitalSystem.API\Controllers\DoctorsController.cs:line 119
   at lambda_method389(Closure, Object)
   at Microsoft.AspNetCore.Mvc.Infrastructure.ActionMethodExecutor.AwaitableObjectResultExecutor.Execute(ActionContext actionContext, IActionResultTypeMapper mapper, ObjectMethodExecutor executor, Object controller, Object[] arguments)
   at Microsoft.AspNetCore.Mvc.Infrastructure.ControllerActionInvoker.<InvokeActionMethodAsync>g__Awaited|12_0(ControllerActionInvoker invoker, ValueTask`1 actionResultValueTask)
   at Microsoft.AspNetCore.Mvc.Infrastructure.ControllerActionInvoker.<InvokeNextActionFilterAsync>g__Awaited|10_0(ControllerActionInvoker invoker, Task lastTask, State next, Scope scope, Object state, Boolean isCompleted)
   at Microsoft.AspNetCore.Mvc.Infrastructure.ControllerActionInvoker.Rethrow(ActionExecutedContextSealed context)
   at Microsoft.AspNetCore.Mvc.Infrastructure.ControllerActionInvoker.Next(State& next, Scope& scope, Object& state, Boolean& isCompleted)
   at Microsoft.AspNetCore.Mvc.Infrastructure.ControllerActionInvoker.<InvokeInnerFilterAsync>g__Awaited|13_0(ControllerActionInvoker invoker, Task lastTask, State next, Scope scope, Object state, Boolean isCompleted)
   at Microsoft.AspNetCore.Mvc.Infrastructure.ResourceInvoker.<InvokeFilterPipelineAsync>g__Awaited|20_0(ResourceInvoker invoker, Task lastTask, State next, Scope scope, Object state, Boolean isCompleted)
   at Microsoft.AspNetCore.Mvc.Infrastructure.ResourceInvoker.<InvokeAsync>g__Awaited|17_0(ResourceInvoker invoker, Task task, IDisposable scope)
   at Microsoft.AspNetCore.Mvc.Infrastructure.ResourceInvoker.<InvokeAsync>g__Awaited|17_0(ResourceInvoker invoker, Task task, IDisposable scope)
   at Microsoft.AspNetCore.Authorization.AuthorizationMiddleware.Invoke(HttpContext context)
   at Microsoft.AspNetCore.Authentication.AuthenticationMiddleware.Invoke(HttpContext context)
   at Swashbuckle.AspNetCore.SwaggerUI.SwaggerUIMiddleware.Invoke(HttpContext httpContext)
   at Swashbuckle.AspNetCore.Swagger.SwaggerMiddleware.Invoke(HttpContext httpContext, ISwaggerProvider swaggerProvider)
   at HospitalSystem.API.Middleware.RequestLoggingMiddleware.InvokeAsync(HttpContext context) in G:\DEPI\HospitalSystem.API\Middleware\RequestLoggingMiddleware.cs:line 19
   at HospitalSystem.API.Middleware.ExceptionHandlingMiddleware.InvokeAsync(HttpContext context) in G:\DEPI\HospitalSystem.API\Middleware\ExceptionHandlingMiddleware.cs:line 24
2026-06-30 09:13:56.965 +03:00 [INF] HTTP OPTIONS /api/doctors responded 204 in 0ms
2026-06-30 09:13:56.995 +03:00 [INF] Executed DbCommand (2ms) [Parameters=[@p='?' (DbType = Guid)], CommandType='"Text"', CommandTimeout='30']
SELECT TOP(1) [d].[Id], [d].[Description], [d].[IsActive], [d].[Name]
FROM [Departments] AS [d]
WHERE [d].[Id] = @p
2026-06-30 09:13:56.998 +03:00 [INF] Executed DbCommand (1ms) [Parameters=[], CommandType='"Text"', CommandTimeout='30']
SELECT [u].[Id], [u].[CreatedAt], [u].[Email], [u].[IsActive], [u].[PasswordHash], [u].[Role]
FROM [Users] AS [u]
2026-06-30 09:13:57.001 +03:00 [WRN] Request failed with "BadRequest"
HospitalSystem.Application.Exceptions.ValidationException: Email is already registered.
   at HospitalSystem.Application.Services.DoctorService.EnsureEmailUnique(String email, CancellationToken cancellationToken) in G:\DEPI\HospitalSystem.Application\Services\DoctorService.cs:line 179
   at HospitalSystem.Application.Services.DoctorService.CreateAsync(CreateDoctorRequest request, CancellationToken cancellationToken) in G:\DEPI\HospitalSystem.Application\Services\DoctorService.cs:line 25
   at HospitalSystem.API.Controllers.DoctorsController.Create(CreateDoctorRequest request, CancellationToken cancellationToken) in G:\DEPI\HospitalSystem.API\Controllers\DoctorsController.cs:line 119
   at lambda_method389(Closure, Object)
   at Microsoft.AspNetCore.Mvc.Infrastructure.ActionMethodExecutor.AwaitableObjectResultExecutor.Execute(ActionContext actionContext, IActionResultTypeMapper mapper, ObjectMethodExecutor executor, Object controller, Object[] arguments)
   at Microsoft.AspNetCore.Mvc.Infrastructure.ControllerActionInvoker.<InvokeActionMethodAsync>g__Awaited|12_0(ControllerActionInvoker invoker, ValueTask`1 actionResultValueTask)
   at Microsoft.AspNetCore.Mvc.Infrastructure.ControllerActionInvoker.<InvokeNextActionFilterAsync>g__Awaited|10_0(ControllerActionInvoker invoker, Task lastTask, State next, Scope scope, Object state, Boolean isCompleted)
   at Microsoft.AspNetCore.Mvc.Infrastructure.ControllerActionInvoker.Rethrow(ActionExecutedContextSealed context)
   at Microsoft.AspNetCore.Mvc.Infrastructure.ControllerActionInvoker.Next(State& next, Scope& scope, Object& state, Boolean& isCompleted)
   at Microsoft.AspNetCore.Mvc.Infrastructure.ControllerActionInvoker.<InvokeInnerFilterAsync>g__Awaited|13_0(ControllerActionInvoker invoker, Task lastTask, State next, Scope scope, Object state, Boolean isCompleted)
   at Microsoft.AspNetCore.Mvc.Infrastructure.ResourceInvoker.<InvokeFilterPipelineAsync>g__Awaited|20_0(ResourceInvoker invoker, Task lastTask, State next, Scope scope, Object state, Boolean isCompleted)
   at Microsoft.AspNetCore.Mvc.Infrastructure.ResourceInvoker.<InvokeAsync>g__Awaited|17_0(ResourceInvoker invoker, Task task, IDisposable scope)
   at Microsoft.AspNetCore.Mvc.Infrastructure.ResourceInvoker.<InvokeAsync>g__Awaited|17_0(ResourceInvoker invoker, Task task, IDisposable scope)
   at Microsoft.AspNetCore.Authorization.AuthorizationMiddleware.Invoke(HttpContext context)
   at Microsoft.AspNetCore.Authentication.AuthenticationMiddleware.Invoke(HttpContext context)
   at Swashbuckle.AspNetCore.SwaggerUI.SwaggerUIMiddleware.Invoke(HttpContext httpContext)
   at Swashbuckle.AspNetCore.Swagger.SwaggerMiddleware.Invoke(HttpContext httpContext, ISwaggerProvider swaggerProvider)
   at HospitalSystem.API.Middleware.RequestLoggingMiddleware.InvokeAsync(HttpContext context) in G:\DEPI\HospitalSystem.API\Middleware\RequestLoggingMiddleware.cs:line 19
   at HospitalSystem.API.Middleware.ExceptionHandlingMiddleware.InvokeAsync(HttpContext context) in G:\DEPI\HospitalSystem.API\Middleware\ExceptionHandlingMiddleware.cs:line 24
2026-06-30 09:13:58.841 +03:00 [INF] Executed DbCommand (2ms) [Parameters=[@p='?' (DbType = Guid)], CommandType='"Text"', CommandTimeout='30']
SELECT TOP(1) [d].[Id], [d].[Description], [d].[IsActive], [d].[Name]
FROM [Departments] AS [d]
WHERE [d].[Id] = @p
2026-06-30 09:13:58.844 +03:00 [INF] Executed DbCommand (1ms) [Parameters=[], CommandType='"Text"', CommandTimeout='30']
SELECT [u].[Id], [u].[CreatedAt], [u].[Email], [u].[IsActive], [u].[PasswordHash], [u].[Role]
FROM [Users] AS [u]
2026-06-30 09:13:58.847 +03:00 [WRN] Request failed with "BadRequest"
HospitalSystem.Application.Exceptions.ValidationException: Email is already registered.
   at HospitalSystem.Application.Services.DoctorService.EnsureEmailUnique(String email, CancellationToken cancellationToken) in G:\DEPI\HospitalSystem.Application\Services\DoctorService.cs:line 179
   at HospitalSystem.Application.Services.DoctorService.CreateAsync(CreateDoctorRequest request, CancellationToken cancellationToken) in G:\DEPI\HospitalSystem.Application\Services\DoctorService.cs:line 25
   at HospitalSystem.API.Controllers.DoctorsController.Create(CreateDoctorRequest request, CancellationToken cancellationToken) in G:\DEPI\HospitalSystem.API\Controllers\DoctorsController.cs:line 119
   at lambda_method389(Closure, Object)
   at Microsoft.AspNetCore.Mvc.Infrastructure.ActionMethodExecutor.AwaitableObjectResultExecutor.Execute(ActionContext actionContext, IActionResultTypeMapper mapper, ObjectMethodExecutor executor, Object controller, Object[] arguments)
   at Microsoft.AspNetCore.Mvc.Infrastructure.ControllerActionInvoker.<InvokeActionMethodAsync>g__Awaited|12_0(ControllerActionInvoker invoker, ValueTask`1 actionResultValueTask)
   at Microsoft.AspNetCore.Mvc.Infrastructure.ControllerActionInvoker.<InvokeNextActionFilterAsync>g__Awaited|10_0(ControllerActionInvoker invoker, Task lastTask, State next, Scope scope, Object state, Boolean isCompleted)
   at Microsoft.AspNetCore.Mvc.Infrastructure.ControllerActionInvoker.Rethrow(ActionExecutedContextSealed context)
   at Microsoft.AspNetCore.Mvc.Infrastructure.ControllerActionInvoker.Next(State& next, Scope& scope, Object& state, Boolean& isCompleted)
   at Microsoft.AspNetCore.Mvc.Infrastructure.ControllerActionInvoker.<InvokeInnerFilterAsync>g__Awaited|13_0(ControllerActionInvoker invoker, Task lastTask, State next, Scope scope, Object state, Boolean isCompleted)
   at Microsoft.AspNetCore.Mvc.Infrastructure.ResourceInvoker.<InvokeFilterPipelineAsync>g__Awaited|20_0(ResourceInvoker invoker, Task lastTask, State next, Scope scope, Object state, Boolean isCompleted)
   at Microsoft.AspNetCore.Mvc.Infrastructure.ResourceInvoker.<InvokeAsync>g__Awaited|17_0(ResourceInvoker invoker, Task task, IDisposable scope)
   at Microsoft.AspNetCore.Mvc.Infrastructure.ResourceInvoker.<InvokeAsync>g__Awaited|17_0(ResourceInvoker invoker, Task task, IDisposable scope)
   at Microsoft.AspNetCore.Authorization.AuthorizationMiddleware.Invoke(HttpContext context)
   at Microsoft.AspNetCore.Authentication.AuthenticationMiddleware.Invoke(HttpContext context)
   at Swashbuckle.AspNetCore.SwaggerUI.SwaggerUIMiddleware.Invoke(HttpContext httpContext)
   at Swashbuckle.AspNetCore.Swagger.SwaggerMiddleware.Invoke(HttpContext httpContext, ISwaggerProvider swaggerProvider)
   at HospitalSystem.API.Middleware.RequestLoggingMiddleware.InvokeAsync(HttpContext context) in G:\DEPI\HospitalSystem.API\Middleware\RequestLoggingMiddleware.cs:line 19
   at HospitalSystem.API.Middleware.ExceptionHandlingMiddleware.InvokeAsync(HttpContext context) in G:\DEPI\HospitalSystem.API\Middleware\ExceptionHandlingMiddleware.cs:line 24
2026-06-30 09:14:40.627 +03:00 [INF] HTTP OPTIONS /api/doctors responded 204 in 0ms
2026-06-30 09:14:40.638 +03:00 [INF] HTTP OPTIONS /api/departments responded 204 in 0ms
2026-06-30 09:14:40.663 +03:00 [INF] Executed DbCommand (2ms) [Parameters=[], CommandType='"Text"', CommandTimeout='30']
SELECT [d].[Id], [d].[DepartmentId], [d].[FullName], [d].[IsActive], [d].[Phone], [d].[Specialization], [d].[UserId]
FROM [Doctors] AS [d]
2026-06-30 09:14:40.668 +03:00 [INF] Executed DbCommand (2ms) [Parameters=[@p='?' (DbType = Guid)], CommandType='"Text"', CommandTimeout='30']
SELECT TOP(1) [d].[Id], [d].[Description], [d].[IsActive], [d].[Name]
FROM [Departments] AS [d]
WHERE [d].[Id] = @p
2026-06-30 09:14:40.672 +03:00 [INF] HTTP GET /api/doctors responded 200 in 19ms
2026-06-30 09:14:40.685 +03:00 [INF] Executed DbCommand (1ms) [Parameters=[], CommandType='"Text"', CommandTimeout='30']
SELECT [d].[Id], [d].[Description], [d].[IsActive], [d].[Name]
FROM [Departments] AS [d]
2026-06-30 09:14:40.688 +03:00 [INF] HTTP GET /api/departments responded 200 in 32ms
2026-06-30 09:14:49.433 +03:00 [INF] HTTP OPTIONS /api/doctors responded 204 in 0ms
2026-06-30 09:14:49.434 +03:00 [INF] HTTP OPTIONS /api/doctors/44450f15-4382-4c72-9e45-ffb270692955/schedule responded 204 in 0ms
2026-06-30 09:14:49.455 +03:00 [INF] Executed DbCommand (2ms) [Parameters=[], CommandType='"Text"', CommandTimeout='30']
SELECT [d].[Id], [d].[DepartmentId], [d].[FullName], [d].[IsActive], [d].[Phone], [d].[Specialization], [d].[UserId]
FROM [Doctors] AS [d]
2026-06-30 09:14:49.462 +03:00 [INF] Executed DbCommand (2ms) [Parameters=[@p='?' (DbType = Guid)], CommandType='"Text"', CommandTimeout='30']
SELECT TOP(1) [d].[Id], [d].[Description], [d].[IsActive], [d].[Name]
FROM [Departments] AS [d]
WHERE [d].[Id] = @p
2026-06-30 09:14:49.465 +03:00 [INF] HTTP GET /api/doctors responded 200 in 20ms
2026-06-30 09:14:49.545 +03:00 [INF] Executed DbCommand (6ms) [Parameters=[@p='?' (DbType = Guid)], CommandType='"Text"', CommandTimeout='30']
SELECT TOP(1) [d].[Id], [d].[DepartmentId], [d].[FullName], [d].[IsActive], [d].[Phone], [d].[Specialization], [d].[UserId]
FROM [Doctors] AS [d]
WHERE [d].[Id] = @p
2026-06-30 09:14:49.578 +03:00 [INF] Executed DbCommand (5ms) [Parameters=[], CommandType='"Text"', CommandTimeout='30']
SELECT [d].[Id], [d].[AppointmentDurationMinutes], [d].[DayOfWeek], [d].[DoctorId], [d].[EndTime], [d].[IsActive], [d].[StartTime]
FROM [DoctorSchedules] AS [d]
2026-06-30 09:14:49.712 +03:00 [INF] HTTP GET /api/doctors/44450f15-4382-4c72-9e45-ffb270692955/schedule responded 200 in 266ms
2026-06-30 09:15:13.440 +03:00 [INF] HTTP OPTIONS /api/doctors responded 204 in 0ms
2026-06-30 09:15:13.455 +03:00 [INF] Executed DbCommand (3ms) [Parameters=[@p='?' (DbType = Guid)], CommandType='"Text"', CommandTimeout='30']
SELECT TOP(1) [d].[Id], [d].[Description], [d].[IsActive], [d].[Name]
FROM [Departments] AS [d]
WHERE [d].[Id] = @p
2026-06-30 09:15:13.458 +03:00 [INF] Executed DbCommand (1ms) [Parameters=[], CommandType='"Text"', CommandTimeout='30']
SELECT [u].[Id], [u].[CreatedAt], [u].[Email], [u].[IsActive], [u].[PasswordHash], [u].[Role]
FROM [Users] AS [u]
2026-06-30 09:15:13.460 +03:00 [WRN] Request failed with "BadRequest"
HospitalSystem.Application.Exceptions.ValidationException: Email is already registered.
   at HospitalSystem.Application.Services.DoctorService.EnsureEmailUnique(String email, CancellationToken cancellationToken) in G:\DEPI\HospitalSystem.Application\Services\DoctorService.cs:line 179
   at HospitalSystem.Application.Services.DoctorService.CreateAsync(CreateDoctorRequest request, CancellationToken cancellationToken) in G:\DEPI\HospitalSystem.Application\Services\DoctorService.cs:line 25
   at HospitalSystem.API.Controllers.DoctorsController.Create(CreateDoctorRequest request, CancellationToken cancellationToken) in G:\DEPI\HospitalSystem.API\Controllers\DoctorsController.cs:line 119
   at lambda_method389(Closure, Object)
   at Microsoft.AspNetCore.Mvc.Infrastructure.ActionMethodExecutor.AwaitableObjectResultExecutor.Execute(ActionContext actionContext, IActionResultTypeMapper mapper, ObjectMethodExecutor executor, Object controller, Object[] arguments)
   at Microsoft.AspNetCore.Mvc.Infrastructure.ControllerActionInvoker.<InvokeActionMethodAsync>g__Awaited|12_0(ControllerActionInvoker invoker, ValueTask`1 actionResultValueTask)
   at Microsoft.AspNetCore.Mvc.Infrastructure.ControllerActionInvoker.<InvokeNextActionFilterAsync>g__Awaited|10_0(ControllerActionInvoker invoker, Task lastTask, State next, Scope scope, Object state, Boolean isCompleted)
   at Microsoft.AspNetCore.Mvc.Infrastructure.ControllerActionInvoker.Rethrow(ActionExecutedContextSealed context)
   at Microsoft.AspNetCore.Mvc.Infrastructure.ControllerActionInvoker.Next(State& next, Scope& scope, Object& state, Boolean& isCompleted)
   at Microsoft.AspNetCore.Mvc.Infrastructure.ControllerActionInvoker.<InvokeInnerFilterAsync>g__Awaited|13_0(ControllerActionInvoker invoker, Task lastTask, State next, Scope scope, Object state, Boolean isCompleted)
   at Microsoft.AspNetCore.Mvc.Infrastructure.ResourceInvoker.<InvokeFilterPipelineAsync>g__Awaited|20_0(ResourceInvoker invoker, Task lastTask, State next, Scope scope, Object state, Boolean isCompleted)
   at Microsoft.AspNetCore.Mvc.Infrastructure.ResourceInvoker.<InvokeAsync>g__Awaited|17_0(ResourceInvoker invoker, Task task, IDisposable scope)
   at Microsoft.AspNetCore.Mvc.Infrastructure.ResourceInvoker.<InvokeAsync>g__Awaited|17_0(ResourceInvoker invoker, Task task, IDisposable scope)
   at Microsoft.AspNetCore.Authorization.AuthorizationMiddleware.Invoke(HttpContext context)
   at Microsoft.AspNetCore.Authentication.AuthenticationMiddleware.Invoke(HttpContext context)
   at Swashbuckle.AspNetCore.SwaggerUI.SwaggerUIMiddleware.Invoke(HttpContext httpContext)
   at Swashbuckle.AspNetCore.Swagger.SwaggerMiddleware.Invoke(HttpContext httpContext, ISwaggerProvider swaggerProvider)
   at HospitalSystem.API.Middleware.RequestLoggingMiddleware.InvokeAsync(HttpContext context) in G:\DEPI\HospitalSystem.API\Middleware\RequestLoggingMiddleware.cs:line 19
   at HospitalSystem.API.Middleware.ExceptionHandlingMiddleware.InvokeAsync(HttpContext context) in G:\DEPI\HospitalSystem.API\Middleware\ExceptionHandlingMiddleware.cs:line 24
2026-06-30 09:15:14.544 +03:00 [INF] Executed DbCommand (1ms) [Parameters=[@p='?' (DbType = Guid)], CommandType='"Text"', CommandTimeout='30']
SELECT TOP(1) [d].[Id], [d].[Description], [d].[IsActive], [d].[Name]
FROM [Departments] AS [d]
WHERE [d].[Id] = @p
2026-06-30 09:15:14.548 +03:00 [INF] Executed DbCommand (1ms) [Parameters=[], CommandType='"Text"', CommandTimeout='30']
SELECT [u].[Id], [u].[CreatedAt], [u].[Email], [u].[IsActive], [u].[PasswordHash], [u].[Role]
FROM [Users] AS [u]
2026-06-30 09:15:14.549 +03:00 [WRN] Request failed with "BadRequest"
HospitalSystem.Application.Exceptions.ValidationException: Email is already registered.
   at HospitalSystem.Application.Services.DoctorService.EnsureEmailUnique(String email, CancellationToken cancellationToken) in G:\DEPI\HospitalSystem.Application\Services\DoctorService.cs:line 179
   at HospitalSystem.Application.Services.DoctorService.CreateAsync(CreateDoctorRequest request, CancellationToken cancellationToken) in G:\DEPI\HospitalSystem.Application\Services\DoctorService.cs:line 25
   at HospitalSystem.API.Controllers.DoctorsController.Create(CreateDoctorRequest request, CancellationToken cancellationToken) in G:\DEPI\HospitalSystem.API\Controllers\DoctorsController.cs:line 119
   at lambda_method389(Closure, Object)
   at Microsoft.AspNetCore.Mvc.Infrastructure.ActionMethodExecutor.AwaitableObjectResultExecutor.Execute(ActionContext actionContext, IActionResultTypeMapper mapper, ObjectMethodExecutor executor, Object controller, Object[] arguments)
   at Microsoft.AspNetCore.Mvc.Infrastructure.ControllerActionInvoker.<InvokeActionMethodAsync>g__Awaited|12_0(ControllerActionInvoker invoker, ValueTask`1 actionResultValueTask)
   at Microsoft.AspNetCore.Mvc.Infrastructure.ControllerActionInvoker.<InvokeNextActionFilterAsync>g__Awaited|10_0(ControllerActionInvoker invoker, Task lastTask, State next, Scope scope, Object state, Boolean isCompleted)
   at Microsoft.AspNetCore.Mvc.Infrastructure.ControllerActionInvoker.Rethrow(ActionExecutedContextSealed context)
   at Microsoft.AspNetCore.Mvc.Infrastructure.ControllerActionInvoker.Next(State& next, Scope& scope, Object& state, Boolean& isCompleted)
   at Microsoft.AspNetCore.Mvc.Infrastructure.ControllerActionInvoker.<InvokeInnerFilterAsync>g__Awaited|13_0(ControllerActionInvoker invoker, Task lastTask, State next, Scope scope, Object state, Boolean isCompleted)
   at Microsoft.AspNetCore.Mvc.Infrastructure.ResourceInvoker.<InvokeFilterPipelineAsync>g__Awaited|20_0(ResourceInvoker invoker, Task lastTask, State next, Scope scope, Object state, Boolean isCompleted)
   at Microsoft.AspNetCore.Mvc.Infrastructure.ResourceInvoker.<InvokeAsync>g__Awaited|17_0(ResourceInvoker invoker, Task task, IDisposable scope)
   at Microsoft.AspNetCore.Mvc.Infrastructure.ResourceInvoker.<InvokeAsync>g__Awaited|17_0(ResourceInvoker invoker, Task task, IDisposable scope)
   at Microsoft.AspNetCore.Authorization.AuthorizationMiddleware.Invoke(HttpContext context)
   at Microsoft.AspNetCore.Authentication.AuthenticationMiddleware.Invoke(HttpContext context)
   at Swashbuckle.AspNetCore.SwaggerUI.SwaggerUIMiddleware.Invoke(HttpContext httpContext)
   at Swashbuckle.AspNetCore.Swagger.SwaggerMiddleware.Invoke(HttpContext httpContext, ISwaggerProvider swaggerProvider)
   at HospitalSystem.API.Middleware.RequestLoggingMiddleware.InvokeAsync(HttpContext context) in G:\DEPI\HospitalSystem.API\Middleware\RequestLoggingMiddleware.cs:line 19
   at HospitalSystem.API.Middleware.ExceptionHandlingMiddleware.InvokeAsync(HttpContext context) in G:\DEPI\HospitalSystem.API\Middleware\ExceptionHandlingMiddleware.cs:line 24
2026-06-30 09:15:18.041 +03:00 [INF] HTTP OPTIONS /api/departments responded 204 in 0ms
2026-06-30 09:15:18.079 +03:00 [INF] Executed DbCommand (2ms) [Parameters=[], CommandType='"Text"', CommandTimeout='30']
SELECT [d].[Id], [d].[Description], [d].[IsActive], [d].[Name]
FROM [Departments] AS [d]
2026-06-30 09:15:18.080 +03:00 [INF] HTTP GET /api/departments responded 200 in 10ms
2026-06-30 09:15:39.570 +03:00 [INF] HTTP OPTIONS /api/doctors responded 204 in 0ms
2026-06-30 09:15:39.575 +03:00 [INF] HTTP OPTIONS /api/departments responded 204 in 0ms
2026-06-30 09:15:39.584 +03:00 [INF] Executed DbCommand (2ms) [Parameters=[], CommandType='"Text"', CommandTimeout='30']
SELECT [d].[Id], [d].[DepartmentId], [d].[FullName], [d].[IsActive], [d].[Phone], [d].[Specialization], [d].[UserId]
FROM [Doctors] AS [d]
2026-06-30 09:15:39.588 +03:00 [INF] Executed DbCommand (1ms) [Parameters=[@p='?' (DbType = Guid)], CommandType='"Text"', CommandTimeout='30']
SELECT TOP(1) [d].[Id], [d].[Description], [d].[IsActive], [d].[Name]
FROM [Departments] AS [d]
WHERE [d].[Id] = @p
2026-06-30 09:15:39.589 +03:00 [INF] Executed DbCommand (1ms) [Parameters=[], CommandType='"Text"', CommandTimeout='30']
SELECT [d].[Id], [d].[Description], [d].[IsActive], [d].[Name]
FROM [Departments] AS [d]
2026-06-30 09:15:39.589 +03:00 [INF] HTTP GET /api/doctors responded 200 in 12ms
2026-06-30 09:15:39.591 +03:00 [INF] HTTP GET /api/departments responded 200 in 6ms
2026-06-30 09:15:49.873 +03:00 [INF] HTTP OPTIONS /api/receptionists responded 204 in 0ms
2026-06-30 09:15:49.890 +03:00 [INF] Executed DbCommand (2ms) [Parameters=[], CommandType='"Text"', CommandTimeout='30']
SELECT [r].[Id], [r].[FullName], [r].[IsActive], [r].[Phone], [r].[UserId]
FROM [Receptionists] AS [r]
2026-06-30 09:15:49.892 +03:00 [INF] HTTP GET /api/receptionists responded 200 in 11ms
2026-06-30 09:17:36.071 +03:00 [INF] HTTP OPTIONS /api/receptionists responded 204 in 0ms
2026-06-30 09:17:36.089 +03:00 [INF] Executed DbCommand (2ms) [Parameters=[], CommandType='"Text"', CommandTimeout='30']
SELECT [r].[Id], [r].[FullName], [r].[IsActive], [r].[Phone], [r].[UserId]
FROM [Receptionists] AS [r]
2026-06-30 09:17:36.090 +03:00 [INF] HTTP GET /api/receptionists responded 200 in 11ms
2026-06-30 09:17:42.173 +03:00 [INF] HTTP OPTIONS /api/departments responded 204 in 0ms
2026-06-30 09:17:42.190 +03:00 [INF] Executed DbCommand (2ms) [Parameters=[], CommandType='"Text"', CommandTimeout='30']
SELECT [d].[Id], [d].[Description], [d].[IsActive], [d].[Name]
FROM [Departments] AS [d]
2026-06-30 09:17:42.191 +03:00 [INF] HTTP GET /api/departments responded 200 in 9ms
2026-06-30 09:17:51.558 +03:00 [INF] HTTP OPTIONS /api/doctors responded 204 in 0ms
2026-06-30 09:17:51.561 +03:00 [INF] HTTP OPTIONS /api/departments responded 204 in 0ms
2026-06-30 09:17:51.574 +03:00 [INF] Executed DbCommand (2ms) [Parameters=[], CommandType='"Text"', CommandTimeout='30']
SELECT [d].[Id], [d].[DepartmentId], [d].[FullName], [d].[IsActive], [d].[Phone], [d].[Specialization], [d].[UserId]
FROM [Doctors] AS [d]
2026-06-30 09:17:51.575 +03:00 [INF] Executed DbCommand (1ms) [Parameters=[], CommandType='"Text"', CommandTimeout='30']
SELECT [d].[Id], [d].[Description], [d].[IsActive], [d].[Name]
FROM [Departments] AS [d]
2026-06-30 09:17:51.576 +03:00 [INF] HTTP GET /api/departments responded 200 in 7ms
2026-06-30 09:17:51.579 +03:00 [INF] Executed DbCommand (1ms) [Parameters=[@p='?' (DbType = Guid)], CommandType='"Text"', CommandTimeout='30']
SELECT TOP(1) [d].[Id], [d].[Description], [d].[IsActive], [d].[Name]
FROM [Departments] AS [d]
WHERE [d].[Id] = @p
2026-06-30 09:17:51.580 +03:00 [INF] HTTP GET /api/doctors responded 200 in 11ms
2026-06-30 09:17:56.977 +03:00 [INF] HTTP OPTIONS /api/doctors responded 204 in 0ms
2026-06-30 09:17:56.978 +03:00 [INF] HTTP OPTIONS /api/doctors/44450f15-4382-4c72-9e45-ffb270692955/schedule responded 204 in 0ms
2026-06-30 09:17:56.993 +03:00 [INF] Executed DbCommand (1ms) [Parameters=[], CommandType='"Text"', CommandTimeout='30']
SELECT [d].[Id], [d].[DepartmentId], [d].[FullName], [d].[IsActive], [d].[Phone], [d].[Specialization], [d].[UserId]
FROM [Doctors] AS [d]
2026-06-30 09:17:56.995 +03:00 [INF] Executed DbCommand (1ms) [Parameters=[@p='?' (DbType = Guid)], CommandType='"Text"', CommandTimeout='30']
SELECT TOP(1) [d].[Id], [d].[DepartmentId], [d].[FullName], [d].[IsActive], [d].[Phone], [d].[Specialization], [d].[UserId]
FROM [Doctors] AS [d]
WHERE [d].[Id] = @p
2026-06-30 09:17:56.997 +03:00 [INF] Executed DbCommand (1ms) [Parameters=[@p='?' (DbType = Guid)], CommandType='"Text"', CommandTimeout='30']
SELECT TOP(1) [d].[Id], [d].[Description], [d].[IsActive], [d].[Name]
FROM [Departments] AS [d]
WHERE [d].[Id] = @p
2026-06-30 09:17:56.997 +03:00 [INF] Executed DbCommand (1ms) [Parameters=[], CommandType='"Text"', CommandTimeout='30']
SELECT [d].[Id], [d].[AppointmentDurationMinutes], [d].[DayOfWeek], [d].[DoctorId], [d].[EndTime], [d].[IsActive], [d].[StartTime]
FROM [DoctorSchedules] AS [d]
2026-06-30 09:17:56.998 +03:00 [INF] HTTP GET /api/doctors responded 200 in 11ms
2026-06-30 09:17:56.999 +03:00 [INF] HTTP GET /api/doctors/44450f15-4382-4c72-9e45-ffb270692955/schedule responded 200 in 11ms
2026-06-30 09:28:29.751 +03:00 [INF] Executed DbCommand (41ms) [Parameters=[], CommandType='"Text"', CommandTimeout='30']
SELECT 1
2026-06-30 09:28:29.824 +03:00 [INF] Acquiring an exclusive lock for migration application. See https://aka.ms/efcore-docs-migrations-lock for more information if this takes too long.
2026-06-30 09:28:29.894 +03:00 [INF] Executed DbCommand (60ms) [Parameters=[], CommandType='"Text"', CommandTimeout='30']
DECLARE @result int;
EXEC @result = sp_getapplock @Resource = '__EFMigrationsLock', @LockOwner = 'Session', @LockMode = 'Exclusive';
SELECT @result
2026-06-30 09:28:30.120 +03:00 [INF] Executed DbCommand (5ms) [Parameters=[], CommandType='"Text"', CommandTimeout='30']
IF OBJECT_ID(N'[__EFMigrationsHistory]') IS NULL
BEGIN
    CREATE TABLE [__EFMigrationsHistory] (
        [MigrationId] nvarchar(150) NOT NULL,
        [ProductVersion] nvarchar(32) NOT NULL,
        CONSTRAINT [PK___EFMigrationsHistory] PRIMARY KEY ([MigrationId])
    );
END;
2026-06-30 09:28:30.191 +03:00 [INF] Executed DbCommand (2ms) [Parameters=[], CommandType='"Text"', CommandTimeout='30']
SELECT 1
2026-06-30 09:28:30.196 +03:00 [INF] Executed DbCommand (2ms) [Parameters=[], CommandType='"Text"', CommandTimeout='30']
SELECT OBJECT_ID(N'[__EFMigrationsHistory]');
2026-06-30 09:28:30.229 +03:00 [INF] Executed DbCommand (20ms) [Parameters=[], CommandType='"Text"', CommandTimeout='30']
SELECT [MigrationId], [ProductVersion]
FROM [__EFMigrationsHistory]
ORDER BY [MigrationId];
2026-06-30 09:28:30.271 +03:00 [INF] No migrations were applied. The database is already up to date.
2026-06-30 09:28:30.283 +03:00 [INF] Executed DbCommand (8ms) [Parameters=[], CommandType='"Text"', CommandTimeout='30']
DECLARE @result int;
EXEC @result = sp_releaseapplock @Resource = '__EFMigrationsLock', @LockOwner = 'Session';
SELECT @result
2026-06-30 09:28:31.170 +03:00 [INF] Executed DbCommand (10ms) [Parameters=[], CommandType='"Text"', CommandTimeout='30']
SELECT CASE
    WHEN EXISTS (
        SELECT 1
        FROM [Users] AS [u]) THEN CAST(1 AS bit)
    ELSE CAST(0 AS bit)
END
2026-06-30 09:28:31.182 +03:00 [INF] Database already seeded. Ensuring demo accounts exist.
2026-06-30 09:28:31.417 +03:00 [INF] Executed DbCommand (7ms) [Parameters=[], CommandType='"Text"', CommandTimeout='30']
SELECT TOP(1) [u].[Id], [u].[CreatedAt], [u].[Email], [u].[IsActive], [u].[PasswordHash], [u].[Role]
FROM [Users] AS [u]
WHERE [u].[Email] = N'patient@hospital.com'
2026-06-30 09:28:31.803 +03:00 [INF] Executed DbCommand (59ms) [Parameters=[@patientUser_Id='?' (DbType = Guid)], CommandType='"Text"', CommandTimeout='30']
SELECT TOP(1) [p].[Id], [p].[Address], [p].[BloodType], [p].[CreatedAt], [p].[DateOfBirth], [p].[Email], [p].[FullName], [p].[Gender], [p].[NationalId], [p].[Phone], [p].[UserId]
FROM [Patients] AS [p]
WHERE [p].[UserId] = @patientUser_Id
2026-06-30 09:28:32.549 +03:00 [INF] Now listening on: http://localhost:5000
2026-06-30 09:28:32.550 +03:00 [INF] Application started. Press Ctrl+C to shut down.
2026-06-30 09:28:32.550 +03:00 [INF] Hosting environment: Development
2026-06-30 09:28:32.551 +03:00 [INF] Content root path: G:\DEPI\HospitalSystem.API
2026-06-30 09:29:11.746 +03:00 [WRN] Failed to determine the https port for redirect.
2026-06-30 09:29:12.953 +03:00 [INF] Executed DbCommand (7ms) [Parameters=[], CommandType='"Text"', CommandTimeout='30']
SELECT [u].[Id], [u].[CreatedAt], [u].[Email], [u].[IsActive], [u].[PasswordHash], [u].[Role]
FROM [Users] AS [u]
2026-06-30 09:29:14.202 +03:00 [INF] HTTP POST /api/auth/login responded 200 in 2727ms
2026-06-30 09:29:42.472 +03:00 [INF] Executed DbCommand (1ms) [Parameters=[], CommandType='"Text"', CommandTimeout='30']
SELECT [u].[Id], [u].[CreatedAt], [u].[Email], [u].[IsActive], [u].[PasswordHash], [u].[Role]
FROM [Users] AS [u]
2026-06-30 09:29:43.144 +03:00 [INF] HTTP POST /api/auth/login responded 200 in 694ms
2026-06-30 09:30:28.728 +03:00 [INF] HTTP OPTIONS /api/auth/login responded 204 in 5ms
2026-06-30 09:30:28.888 +03:00 [INF] Executed DbCommand (1ms) [Parameters=[], CommandType='"Text"', CommandTimeout='30']
SELECT [u].[Id], [u].[CreatedAt], [u].[Email], [u].[IsActive], [u].[PasswordHash], [u].[Role]
FROM [Users] AS [u]
2026-06-30 09:30:29.321 +03:00 [INF] HTTP POST /api/auth/login responded 200 in 587ms
2026-06-30 09:30:29.373 +03:00 [INF] HTTP OPTIONS /api/departments responded 204 in 0ms
2026-06-30 09:30:29.452 +03:00 [INF] Executed DbCommand (4ms) [Parameters=[], CommandType='"Text"', CommandTimeout='30']
SELECT [d].[Id], [d].[Description], [d].[IsActive], [d].[Name]
FROM [Departments] AS [d]
2026-06-30 09:30:29.502 +03:00 [INF] HTTP GET /api/departments responded 200 in 124ms
2026-06-30 09:30:32.074 +03:00 [INF] HTTP OPTIONS /api/doctors responded 204 in 0ms
2026-06-30 09:30:32.076 +03:00 [INF] HTTP OPTIONS /api/departments responded 204 in 0ms
2026-06-30 09:30:32.106 +03:00 [INF] Executed DbCommand (2ms) [Parameters=[], CommandType='"Text"', CommandTimeout='30']
SELECT [d].[Id], [d].[Description], [d].[IsActive], [d].[Name]
FROM [Departments] AS [d]
2026-06-30 09:30:32.109 +03:00 [INF] HTTP GET /api/departments responded 200 in 23ms
2026-06-30 09:30:32.162 +03:00 [INF] Executed DbCommand (6ms) [Parameters=[], CommandType='"Text"', CommandTimeout='30']
SELECT [d].[Id], [d].[DepartmentId], [d].[FullName], [d].[IsActive], [d].[Phone], [d].[Specialization], [d].[UserId]
FROM [Doctors] AS [d]
2026-06-30 09:30:32.325 +03:00 [INF] Executed DbCommand (3ms) [Parameters=[@p='?' (DbType = Guid)], CommandType='"Text"', CommandTimeout='30']
SELECT TOP(1) [d].[Id], [d].[Description], [d].[IsActive], [d].[Name]
FROM [Departments] AS [d]
WHERE [d].[Id] = @p
2026-06-30 09:30:32.360 +03:00 [INF] HTTP GET /api/doctors responded 200 in 276ms
2026-06-30 09:30:46.810 +03:00 [INF] HTTP OPTIONS /api/departments responded 204 in 0ms
2026-06-30 09:30:47.202 +03:00 [INF] Executed DbCommand (5ms) [Parameters=[@p0='?' (DbType = Guid), @p1='?' (Size = 1000), @p2='?' (DbType = Boolean), @p3='?' (Size = 200)], CommandType='"Text"', CommandTimeout='30']
SET IMPLICIT_TRANSACTIONS OFF;
SET NOCOUNT ON;
INSERT INTO [Departments] ([Id], [Description], [IsActive], [Name])
VALUES (@p0, @p1, @p2, @p3);
2026-06-30 09:30:47.233 +03:00 [INF] HTTP POST /api/departments responded 200 in 417ms
2026-06-30 09:30:47.241 +03:00 [INF] HTTP OPTIONS /api/departments responded 204 in 0ms
2026-06-30 09:30:47.249 +03:00 [INF] Executed DbCommand (1ms) [Parameters=[], CommandType='"Text"', CommandTimeout='30']
SELECT [d].[Id], [d].[Description], [d].[IsActive], [d].[Name]
FROM [Departments] AS [d]
2026-06-30 09:30:47.250 +03:00 [INF] HTTP GET /api/departments responded 200 in 4ms
2026-06-30 09:30:54.539 +03:00 [INF] HTTP OPTIONS /api/departments/040bb992-4a84-4365-93e2-2782bf5c77af responded 204 in 0ms
2026-06-30 09:30:54.617 +03:00 [INF] Executed DbCommand (2ms) [Parameters=[@p='?' (DbType = Guid)], CommandType='"Text"', CommandTimeout='30']
SELECT TOP(1) [d].[Id], [d].[Description], [d].[IsActive], [d].[Name]
FROM [Departments] AS [d]
WHERE [d].[Id] = @p
2026-06-30 09:30:54.659 +03:00 [INF] Executed DbCommand (12ms) [Parameters=[@p3='?' (DbType = Guid), @p0='?' (Size = 1000), @p1='?' (DbType = Boolean), @p2='?' (Size = 200)], CommandType='"Text"', CommandTimeout='30']
SET IMPLICIT_TRANSACTIONS OFF;
SET NOCOUNT ON;
UPDATE [Departments] SET [Description] = @p0, [IsActive] = @p1, [Name] = @p2
OUTPUT 1
WHERE [Id] = @p3;
2026-06-30 09:30:54.675 +03:00 [INF] HTTP PUT /api/departments/040bb992-4a84-4365-93e2-2782bf5c77af responded 200 in 128ms
2026-06-30 09:30:54.687 +03:00 [INF] HTTP OPTIONS /api/departments responded 204 in 0ms
2026-06-30 09:30:54.699 +03:00 [INF] Executed DbCommand (2ms) [Parameters=[], CommandType='"Text"', CommandTimeout='30']
SELECT [d].[Id], [d].[Description], [d].[IsActive], [d].[Name]
FROM [Departments] AS [d]
2026-06-30 09:30:54.701 +03:00 [INF] HTTP GET /api/departments responded 200 in 8ms
2026-06-30 09:30:59.195 +03:00 [INF] HTTP OPTIONS /api/departments/040bb992-4a84-4365-93e2-2782bf5c77af responded 204 in 0ms
2026-06-30 09:30:59.246 +03:00 [INF] Executed DbCommand (2ms) [Parameters=[@p='?' (DbType = Guid)], CommandType='"Text"', CommandTimeout='30']
SELECT TOP(1) [d].[Id], [d].[Description], [d].[IsActive], [d].[Name]
FROM [Departments] AS [d]
WHERE [d].[Id] = @p
2026-06-30 09:30:59.256 +03:00 [INF] Executed DbCommand (4ms) [Parameters=[@p3='?' (DbType = Guid), @p0='?' (Size = 1000), @p1='?' (DbType = Boolean), @p2='?' (Size = 200)], CommandType='"Text"', CommandTimeout='30']
SET IMPLICIT_TRANSACTIONS OFF;
SET NOCOUNT ON;
UPDATE [Departments] SET [Description] = @p0, [IsActive] = @p1, [Name] = @p2
OUTPUT 1
WHERE [Id] = @p3;
2026-06-30 09:30:59.262 +03:00 [INF] HTTP DELETE /api/departments/040bb992-4a84-4365-93e2-2782bf5c77af responded 200 in 59ms
2026-06-30 09:30:59.279 +03:00 [INF] Executed DbCommand (2ms) [Parameters=[], CommandType='"Text"', CommandTimeout='30']
SELECT [d].[Id], [d].[Description], [d].[IsActive], [d].[Name]
FROM [Departments] AS [d]
2026-06-30 09:30:59.281 +03:00 [INF] HTTP GET /api/departments responded 200 in 7ms
2026-06-30 09:31:00.941 +03:00 [INF] HTTP OPTIONS /api/departments responded 204 in 0ms
2026-06-30 09:31:00.957 +03:00 [INF] Executed DbCommand (1ms) [Parameters=[], CommandType='"Text"', CommandTimeout='30']
SELECT [d].[Id], [d].[Description], [d].[IsActive], [d].[Name]
FROM [Departments] AS [d]
2026-06-30 09:31:00.959 +03:00 [INF] HTTP GET /api/departments responded 200 in 8ms
2026-06-30 09:31:17.120 +03:00 [INF] HTTP OPTIONS /api/doctors responded 204 in 0ms
2026-06-30 09:31:17.298 +03:00 [INF] Executed DbCommand (1ms) [Parameters=[@p='?' (DbType = Guid)], CommandType='"Text"', CommandTimeout='30']
SELECT TOP(1) [d].[Id], [d].[Description], [d].[IsActive], [d].[Name]
FROM [Departments] AS [d]
WHERE [d].[Id] = @p
2026-06-30 09:31:17.300 +03:00 [INF] Executed DbCommand (1ms) [Parameters=[], CommandType='"Text"', CommandTimeout='30']
SELECT [u].[Id], [u].[CreatedAt], [u].[Email], [u].[IsActive], [u].[PasswordHash], [u].[Role]
FROM [Users] AS [u]
2026-06-30 09:31:17.303 +03:00 [INF] Executed DbCommand (1ms) [Parameters=[], CommandType='"Text"', CommandTimeout='30']
SELECT [d].[Id], [d].[DepartmentId], [d].[FullName], [d].[IsActive], [d].[Phone], [d].[Specialization], [d].[UserId]
FROM [Doctors] AS [d]
2026-06-30 09:31:17.796 +03:00 [INF] Executed DbCommand (16ms) [Parameters=[@p6='?' (DbType = Guid), @p0='?' (DbType = Guid), @p1='?' (Size = 200), @p2='?' (DbType = Boolean), @p3='?' (Size = 50), @p4='?' (Size = 200), @p5='?' (DbType = Guid), @p12='?' (DbType = Guid), @p7='?' (DbType = DateTime2), @p8='?' (Size = 256), @p9='?' (DbType = Boolean), @p10='?' (Size = 512), @p11='?' (Size = 50)], CommandType='"Text"', CommandTimeout='30']
SET NOCOUNT ON;
UPDATE [Doctors] SET [DepartmentId] = @p0, [FullName] = @p1, [IsActive] = @p2, [Phone] = @p3, [Specialization] = @p4, [UserId] = @p5
OUTPUT 1
WHERE [Id] = @p6;
UPDATE [Users] SET [CreatedAt] = @p7, [Email] = @p8, [IsActive] = @p9, [PasswordHash] = @p10, [Role] = @p11
OUTPUT 1
WHERE [Id] = @p12;
2026-06-30 09:31:17.800 +03:00 [INF] HTTP POST /api/doctors responded 200 in 674ms
2026-06-30 09:31:17.807 +03:00 [INF] HTTP OPTIONS /api/doctors responded 204 in 0ms
2026-06-30 09:31:17.817 +03:00 [INF] Executed DbCommand (1ms) [Parameters=[], CommandType='"Text"', CommandTimeout='30']
SELECT [d].[Id], [d].[DepartmentId], [d].[FullName], [d].[IsActive], [d].[Phone], [d].[Specialization], [d].[UserId]
FROM [Doctors] AS [d]
2026-06-30 09:31:17.820 +03:00 [INF] Executed DbCommand (1ms) [Parameters=[@p='?' (DbType = Guid)], CommandType='"Text"', CommandTimeout='30']
SELECT TOP(1) [d].[Id], [d].[Description], [d].[IsActive], [d].[Name]
FROM [Departments] AS [d]
WHERE [d].[Id] = @p
2026-06-30 09:31:17.821 +03:00 [INF] HTTP GET /api/doctors responded 200 in 10ms
2026-06-30 09:31:22.792 +03:00 [INF] HTTP OPTIONS /api/doctors responded 204 in 0ms
2026-06-30 09:31:22.796 +03:00 [INF] HTTP OPTIONS /api/doctors/becbdbac-d2b1-41b3-94e9-8339f475b469/schedule responded 204 in 0ms
2026-06-30 09:31:22.818 +03:00 [INF] Executed DbCommand (2ms) [Parameters=[], CommandType='"Text"', CommandTimeout='30']
SELECT [d].[Id], [d].[DepartmentId], [d].[FullName], [d].[IsActive], [d].[Phone], [d].[Specialization], [d].[UserId]
FROM [Doctors] AS [d]
2026-06-30 09:31:22.824 +03:00 [INF] Executed DbCommand (2ms) [Parameters=[@p='?' (DbType = Guid)], CommandType='"Text"', CommandTimeout='30']
SELECT TOP(1) [d].[Id], [d].[Description], [d].[IsActive], [d].[Name]
FROM [Departments] AS [d]
WHERE [d].[Id] = @p
2026-06-30 09:31:22.828 +03:00 [INF] HTTP GET /api/doctors responded 200 in 18ms
2026-06-30 09:31:22.917 +03:00 [INF] Executed DbCommand (6ms) [Parameters=[@p='?' (DbType = Guid)], CommandType='"Text"', CommandTimeout='30']
SELECT TOP(1) [d].[Id], [d].[DepartmentId], [d].[FullName], [d].[IsActive], [d].[Phone], [d].[Specialization], [d].[UserId]
FROM [Doctors] AS [d]
WHERE [d].[Id] = @p
2026-06-30 09:31:22.955 +03:00 [INF] Executed DbCommand (8ms) [Parameters=[], CommandType='"Text"', CommandTimeout='30']
SELECT [d].[Id], [d].[AppointmentDurationMinutes], [d].[DayOfWeek], [d].[DoctorId], [d].[EndTime], [d].[IsActive], [d].[StartTime]
FROM [DoctorSchedules] AS [d]
2026-06-30 09:31:23.081 +03:00 [INF] HTTP GET /api/doctors/becbdbac-d2b1-41b3-94e9-8339f475b469/schedule responded 200 in 270ms
2026-06-30 09:31:36.526 +03:00 [INF] HTTP OPTIONS /api/departments responded 204 in 0ms
2026-06-30 09:31:36.540 +03:00 [INF] Executed DbCommand (2ms) [Parameters=[], CommandType='"Text"', CommandTimeout='30']
SELECT [d].[Id], [d].[Description], [d].[IsActive], [d].[Name]
FROM [Departments] AS [d]
2026-06-30 09:31:36.542 +03:00 [INF] HTTP GET /api/departments responded 200 in 8ms
2026-06-30 09:31:39.774 +03:00 [INF] HTTP OPTIONS /api/doctors responded 204 in 0ms
2026-06-30 09:31:39.776 +03:00 [INF] HTTP OPTIONS /api/doctors/44450f15-4382-4c72-9e45-ffb270692955/schedule responded 204 in 0ms
2026-06-30 09:31:39.791 +03:00 [INF] Executed DbCommand (1ms) [Parameters=[], CommandType='"Text"', CommandTimeout='30']
SELECT [d].[Id], [d].[DepartmentId], [d].[FullName], [d].[IsActive], [d].[Phone], [d].[Specialization], [d].[UserId]
FROM [Doctors] AS [d]
2026-06-30 09:31:39.796 +03:00 [INF] Executed DbCommand (2ms) [Parameters=[@p='?' (DbType = Guid)], CommandType='"Text"', CommandTimeout='30']
SELECT TOP(1) [d].[Id], [d].[DepartmentId], [d].[FullName], [d].[IsActive], [d].[Phone], [d].[Specialization], [d].[UserId]
FROM [Doctors] AS [d]
WHERE [d].[Id] = @p
2026-06-30 09:31:39.800 +03:00 [INF] Executed DbCommand (2ms) [Parameters=[], CommandType='"Text"', CommandTimeout='30']
SELECT [d].[Id], [d].[AppointmentDurationMinutes], [d].[DayOfWeek], [d].[DoctorId], [d].[EndTime], [d].[IsActive], [d].[StartTime]
FROM [DoctorSchedules] AS [d]
2026-06-30 09:31:39.803 +03:00 [INF] HTTP GET /api/doctors/44450f15-4382-4c72-9e45-ffb270692955/schedule responded 200 in 19ms
2026-06-30 09:31:39.815 +03:00 [INF] Executed DbCommand (2ms) [Parameters=[@p='?' (DbType = Guid)], CommandType='"Text"', CommandTimeout='30']
SELECT TOP(1) [d].[Id], [d].[Description], [d].[IsActive], [d].[Name]
FROM [Departments] AS [d]
WHERE [d].[Id] = @p
2026-06-30 09:31:39.816 +03:00 [INF] HTTP GET /api/doctors responded 200 in 32ms
2026-06-30 09:31:43.420 +03:00 [INF] HTTP OPTIONS /api/receptionists responded 204 in 0ms
2026-06-30 09:31:43.522 +03:00 [INF] Executed DbCommand (8ms) [Parameters=[], CommandType='"Text"', CommandTimeout='30']
SELECT [r].[Id], [r].[FullName], [r].[IsActive], [r].[Phone], [r].[UserId]
FROM [Receptionists] AS [r]
2026-06-30 09:31:43.580 +03:00 [INF] HTTP GET /api/receptionists responded 200 in 151ms
2026-06-30 09:34:29.743 +03:00 [INF] HTTP OPTIONS /api/receptionists responded 204 in 0ms
2026-06-30 09:34:29.814 +03:00 [INF] Executed DbCommand (2ms) [Parameters=[], CommandType='"Text"', CommandTimeout='30']
SELECT [u].[Id], [u].[CreatedAt], [u].[Email], [u].[IsActive], [u].[PasswordHash], [u].[Role]
FROM [Users] AS [u]
2026-06-30 09:34:29.819 +03:00 [INF] Executed DbCommand (2ms) [Parameters=[], CommandType='"Text"', CommandTimeout='30']
SELECT [r].[Id], [r].[FullName], [r].[IsActive], [r].[Phone], [r].[UserId]
FROM [Receptionists] AS [r]
2026-06-30 09:34:30.340 +03:00 [INF] Executed DbCommand (13ms) [Parameters=[@p4='?' (DbType = Guid), @p0='?' (Size = 200), @p1='?' (DbType = Boolean), @p2='?' (Size = 50), @p3='?' (DbType = Guid), @p10='?' (DbType = Guid), @p5='?' (DbType = DateTime2), @p6='?' (Size = 256), @p7='?' (DbType = Boolean), @p8='?' (Size = 512), @p9='?' (Size = 50)], CommandType='"Text"', CommandTimeout='30']
SET NOCOUNT ON;
UPDATE [Receptionists] SET [FullName] = @p0, [IsActive] = @p1, [Phone] = @p2, [UserId] = @p3
OUTPUT 1
WHERE [Id] = @p4;
UPDATE [Users] SET [CreatedAt] = @p5, [Email] = @p6, [IsActive] = @p7, [PasswordHash] = @p8, [Role] = @p9
OUTPUT 1
WHERE [Id] = @p10;
2026-06-30 09:34:30.344 +03:00 [INF] HTTP POST /api/receptionists responded 200 in 595ms
2026-06-30 09:34:30.353 +03:00 [INF] HTTP OPTIONS /api/receptionists responded 204 in 0ms
2026-06-30 09:34:30.362 +03:00 [INF] Executed DbCommand (1ms) [Parameters=[], CommandType='"Text"', CommandTimeout='30']
SELECT [r].[Id], [r].[FullName], [r].[IsActive], [r].[Phone], [r].[UserId]
FROM [Receptionists] AS [r]
2026-06-30 09:34:30.362 +03:00 [INF] HTTP GET /api/receptionists responded 200 in 6ms
2026-06-30 09:34:35.729 +03:00 [INF] HTTP OPTIONS /api/receptionists/86542252-c3b1-44a6-9f47-87218be2f2bd responded 204 in 0ms
2026-06-30 09:34:35.825 +03:00 [INF] Executed DbCommand (7ms) [Parameters=[@p='?' (DbType = Guid)], CommandType='"Text"', CommandTimeout='30']
SELECT TOP(1) [r].[Id], [r].[FullName], [r].[IsActive], [r].[Phone], [r].[UserId]
FROM [Receptionists] AS [r]
WHERE [r].[Id] = @p
2026-06-30 09:34:35.863 +03:00 [INF] Executed DbCommand (6ms) [Parameters=[@p='?' (DbType = Guid)], CommandType='"Text"', CommandTimeout='30']
SELECT TOP(1) [u].[Id], [u].[CreatedAt], [u].[Email], [u].[IsActive], [u].[PasswordHash], [u].[Role]
FROM [Users] AS [u]
WHERE [u].[Id] = @p
2026-06-30 09:34:35.890 +03:00 [INF] Executed DbCommand (16ms) [Parameters=[@p4='?' (DbType = Guid), @p0='?' (Size = 200), @p1='?' (DbType = Boolean), @p2='?' (Size = 50), @p3='?' (DbType = Guid), @p6='?' (DbType = Guid), @p5='?' (DbType = Boolean)], CommandType='"Text"', CommandTimeout='30']
SET NOCOUNT ON;
UPDATE [Receptionists] SET [FullName] = @p0, [IsActive] = @p1, [Phone] = @p2, [UserId] = @p3
OUTPUT 1
WHERE [Id] = @p4;
UPDATE [Users] SET [IsActive] = @p5
OUTPUT 1
WHERE [Id] = @p6;
2026-06-30 09:34:35.895 +03:00 [INF] HTTP DELETE /api/receptionists/86542252-c3b1-44a6-9f47-87218be2f2bd responded 200 in 157ms
2026-06-30 09:34:35.905 +03:00 [INF] HTTP OPTIONS /api/receptionists responded 204 in 0ms
2026-06-30 09:34:35.916 +03:00 [INF] Executed DbCommand (2ms) [Parameters=[], CommandType='"Text"', CommandTimeout='30']
SELECT [r].[Id], [r].[FullName], [r].[IsActive], [r].[Phone], [r].[UserId]
FROM [Receptionists] AS [r]
2026-06-30 09:34:35.917 +03:00 [INF] HTTP GET /api/receptionists responded 200 in 6ms
2026-06-30 09:34:39.269 +03:00 [INF] HTTP OPTIONS /api/doctors responded 204 in 0ms
2026-06-30 09:34:39.273 +03:00 [INF] HTTP OPTIONS /api/departments responded 204 in 0ms
2026-06-30 09:34:39.290 +03:00 [INF] Executed DbCommand (2ms) [Parameters=[], CommandType='"Text"', CommandTimeout='30']
SELECT [d].[Id], [d].[DepartmentId], [d].[FullName], [d].[IsActive], [d].[Phone], [d].[Specialization], [d].[UserId]
FROM [Doctors] AS [d]
2026-06-30 09:34:39.291 +03:00 [INF] Executed DbCommand (2ms) [Parameters=[], CommandType='"Text"', CommandTimeout='30']
SELECT [d].[Id], [d].[Description], [d].[IsActive], [d].[Name]
FROM [Departments] AS [d]
2026-06-30 09:34:39.292 +03:00 [INF] HTTP GET /api/departments responded 200 in 9ms
2026-06-30 09:34:39.295 +03:00 [INF] Executed DbCommand (2ms) [Parameters=[@p='?' (DbType = Guid)], CommandType='"Text"', CommandTimeout='30']
SELECT TOP(1) [d].[Id], [d].[Description], [d].[IsActive], [d].[Name]
FROM [Departments] AS [d]
WHERE [d].[Id] = @p
2026-06-30 09:34:39.297 +03:00 [INF] HTTP GET /api/doctors responded 200 in 14ms
2026-06-30 09:34:48.403 +03:00 [INF] HTTP OPTIONS /api/departments responded 204 in 0ms
2026-06-30 09:34:48.416 +03:00 [INF] Executed DbCommand (2ms) [Parameters=[], CommandType='"Text"', CommandTimeout='30']
SELECT [d].[Id], [d].[Description], [d].[IsActive], [d].[Name]
FROM [Departments] AS [d]
2026-06-30 09:34:48.418 +03:00 [INF] HTTP GET /api/departments responded 200 in 7ms
2026-06-30 09:35:18.526 +03:00 [INF] HTTP OPTIONS /api/receptionists responded 204 in 0ms
2026-06-30 09:35:18.538 +03:00 [INF] Executed DbCommand (2ms) [Parameters=[], CommandType='"Text"', CommandTimeout='30']
SELECT [r].[Id], [r].[FullName], [r].[IsActive], [r].[Phone], [r].[UserId]
FROM [Receptionists] AS [r]
2026-06-30 09:35:18.538 +03:00 [INF] HTTP GET /api/receptionists responded 200 in 6ms
2026-06-30 09:35:18.757 +03:00 [INF] HTTP OPTIONS /api/doctors responded 204 in 0ms
2026-06-30 09:35:18.757 +03:00 [INF] HTTP OPTIONS /api/departments responded 204 in 0ms
2026-06-30 09:35:18.764 +03:00 [INF] Executed DbCommand (1ms) [Parameters=[], CommandType='"Text"', CommandTimeout='30']
SELECT [d].[Id], [d].[DepartmentId], [d].[FullName], [d].[IsActive], [d].[Phone], [d].[Specialization], [d].[UserId]
FROM [Doctors] AS [d]
2026-06-30 09:35:18.764 +03:00 [INF] Executed DbCommand (1ms) [Parameters=[], CommandType='"Text"', CommandTimeout='30']
SELECT [d].[Id], [d].[Description], [d].[IsActive], [d].[Name]
FROM [Departments] AS [d]
2026-06-30 09:35:18.765 +03:00 [INF] HTTP GET /api/departments responded 200 in 3ms
2026-06-30 09:35:18.765 +03:00 [INF] Executed DbCommand (1ms) [Parameters=[@p='?' (DbType = Guid)], CommandType='"Text"', CommandTimeout='30']
SELECT TOP(1) [d].[Id], [d].[Description], [d].[IsActive], [d].[Name]
FROM [Departments] AS [d]
WHERE [d].[Id] = @p
2026-06-30 09:35:18.766 +03:00 [INF] HTTP GET /api/doctors responded 200 in 5ms
2026-06-30 09:35:19.280 +03:00 [INF] HTTP OPTIONS /api/departments responded 204 in 0ms
2026-06-30 09:35:19.295 +03:00 [INF] Executed DbCommand (1ms) [Parameters=[], CommandType='"Text"', CommandTimeout='30']
SELECT [d].[Id], [d].[Description], [d].[IsActive], [d].[Name]
FROM [Departments] AS [d]
2026-06-30 09:35:19.297 +03:00 [INF] HTTP GET /api/departments responded 200 in 9ms
2026-06-30 09:35:32.845 +03:00 [INF] HTTP OPTIONS /api/auth/login responded 204 in 0ms
2026-06-30 09:35:32.864 +03:00 [INF] Executed DbCommand (2ms) [Parameters=[], CommandType='"Text"', CommandTimeout='30']
SELECT [u].[Id], [u].[CreatedAt], [u].[Email], [u].[IsActive], [u].[PasswordHash], [u].[Role]
FROM [Users] AS [u]
2026-06-30 09:35:33.294 +03:00 [INF] HTTP POST /api/auth/login responded 200 in 439ms
2026-06-30 09:35:33.325 +03:00 [INF] HTTP OPTIONS /api/doctor/working-hours responded 204 in 0ms
2026-06-30 09:35:33.326 +03:00 [INF] HTTP OPTIONS /api/doctor/schedule responded 204 in 0ms
2026-06-30 09:35:33.361 +03:00 [INF] Executed DbCommand (1ms) [Parameters=[], CommandType='"Text"', CommandTimeout='30']
SELECT [d].[Id], [d].[DepartmentId], [d].[FullName], [d].[IsActive], [d].[Phone], [d].[Specialization], [d].[UserId]
FROM [Doctors] AS [d]
2026-06-30 09:35:33.362 +03:00 [INF] Executed DbCommand (2ms) [Parameters=[], CommandType='"Text"', CommandTimeout='30']
SELECT [d].[Id], [d].[DepartmentId], [d].[FullName], [d].[IsActive], [d].[Phone], [d].[Specialization], [d].[UserId]
FROM [Doctors] AS [d]
2026-06-30 09:35:33.365 +03:00 [INF] Executed DbCommand (1ms) [Parameters=[@p='?' (DbType = Guid)], CommandType='"Text"', CommandTimeout='30']
SELECT TOP(1) [d].[Id], [d].[Description], [d].[IsActive], [d].[Name]
FROM [Departments] AS [d]
WHERE [d].[Id] = @p
2026-06-30 09:35:33.365 +03:00 [INF] Executed DbCommand (1ms) [Parameters=[@p='?' (DbType = Guid)], CommandType='"Text"', CommandTimeout='30']
SELECT TOP(1) [d].[Id], [d].[Description], [d].[IsActive], [d].[Name]
FROM [Departments] AS [d]
WHERE [d].[Id] = @p
2026-06-30 09:35:33.368 +03:00 [INF] Executed DbCommand (1ms) [Parameters=[], CommandType='"Text"', CommandTimeout='30']
SELECT [d].[Id], [d].[AppointmentDurationMinutes], [d].[DayOfWeek], [d].[DoctorId], [d].[EndTime], [d].[IsActive], [d].[StartTime]
FROM [DoctorSchedules] AS [d]
2026-06-30 09:35:33.369 +03:00 [INF] HTTP GET /api/doctor/working-hours responded 200 in 38ms
2026-06-30 09:35:33.409 +03:00 [INF] Executed DbCommand (9ms) [Parameters=[@doctorId='?' (DbType = Guid), @date='?' (DbType = Date)], CommandType='"Text"', CommandTimeout='30']
SELECT [a].[Id], [a].[AppointmentDate], [a].[CreatedAt], [a].[CreatedByReceptionistId], [a].[DoctorId], [a].[EndTime], [a].[Notes], [a].[PatientId], [a].[StartTime], [a].[Status], [a].[UpdatedAt]
FROM [Appointments] AS [a]
WHERE [a].[DoctorId] = @doctorId AND [a].[AppointmentDate] = @date
ORDER BY [a].[StartTime]
2026-06-30 09:35:33.447 +03:00 [INF] HTTP GET /api/doctor/schedule responded 200 in 116ms
2026-06-30 09:35:49.008 +03:00 [INF] HTTP OPTIONS /api/auth/login responded 204 in 0ms
2026-06-30 09:35:49.023 +03:00 [INF] Executed DbCommand (2ms) [Parameters=[], CommandType='"Text"', CommandTimeout='30']
SELECT [u].[Id], [u].[CreatedAt], [u].[Email], [u].[IsActive], [u].[PasswordHash], [u].[Role]
FROM [Users] AS [u]
2026-06-30 09:35:49.481 +03:00 [WRN] Request failed with "Unauthorized"
HospitalSystem.Application.Exceptions.UnauthorizedException: Invalid email or password.
   at HospitalSystem.Application.Services.AuthService.LoginAsync(LoginRequest request, CancellationToken cancellationToken) in G:\DEPI\HospitalSystem.Application\Services\AuthService.cs:line 32
   at HospitalSystem.API.Controllers.AuthController.Login(LoginRequest request, CancellationToken cancellationToken) in G:\DEPI\HospitalSystem.API\Controllers\AuthController.cs:line 22
   at lambda_method164(Closure, Object)
   at Microsoft.AspNetCore.Mvc.Infrastructure.ActionMethodExecutor.AwaitableObjectResultExecutor.Execute(ActionContext actionContext, IActionResultTypeMapper mapper, ObjectMethodExecutor executor, Object controller, Object[] arguments)
   at Microsoft.AspNetCore.Mvc.Infrastructure.ControllerActionInvoker.<InvokeActionMethodAsync>g__Awaited|12_0(ControllerActionInvoker invoker, ValueTask`1 actionResultValueTask)
   at Microsoft.AspNetCore.Mvc.Infrastructure.ControllerActionInvoker.<InvokeNextActionFilterAsync>g__Awaited|10_0(ControllerActionInvoker invoker, Task lastTask, State next, Scope scope, Object state, Boolean isCompleted)
   at Microsoft.AspNetCore.Mvc.Infrastructure.ControllerActionInvoker.Rethrow(ActionExecutedContextSealed context)
   at Microsoft.AspNetCore.Mvc.Infrastructure.ControllerActionInvoker.Next(State& next, Scope& scope, Object& state, Boolean& isCompleted)
   at Microsoft.AspNetCore.Mvc.Infrastructure.ControllerActionInvoker.<InvokeInnerFilterAsync>g__Awaited|13_0(ControllerActionInvoker invoker, Task lastTask, State next, Scope scope, Object state, Boolean isCompleted)
   at Microsoft.AspNetCore.Mvc.Infrastructure.ResourceInvoker.<InvokeFilterPipelineAsync>g__Awaited|20_0(ResourceInvoker invoker, Task lastTask, State next, Scope scope, Object state, Boolean isCompleted)
   at Microsoft.AspNetCore.Mvc.Infrastructure.ResourceInvoker.<InvokeAsync>g__Awaited|17_0(ResourceInvoker invoker, Task task, IDisposable scope)
   at Microsoft.AspNetCore.Mvc.Infrastructure.ResourceInvoker.<InvokeAsync>g__Awaited|17_0(ResourceInvoker invoker, Task task, IDisposable scope)
   at Microsoft.AspNetCore.Authorization.AuthorizationMiddleware.Invoke(HttpContext context)
   at Microsoft.AspNetCore.Authentication.AuthenticationMiddleware.Invoke(HttpContext context)
   at Swashbuckle.AspNetCore.SwaggerUI.SwaggerUIMiddleware.Invoke(HttpContext httpContext)
   at Swashbuckle.AspNetCore.Swagger.SwaggerMiddleware.Invoke(HttpContext httpContext, ISwaggerProvider swaggerProvider)
   at HospitalSystem.API.Middleware.RequestLoggingMiddleware.InvokeAsync(HttpContext context) in G:\DEPI\HospitalSystem.API\Middleware\RequestLoggingMiddleware.cs:line 19
   at HospitalSystem.API.Middleware.ExceptionHandlingMiddleware.InvokeAsync(HttpContext context) in G:\DEPI\HospitalSystem.API\Middleware\ExceptionHandlingMiddleware.cs:line 24
2026-06-30 09:36:27.148 +03:00 [INF] HTTP OPTIONS /api/auth/login responded 204 in 0ms
2026-06-30 09:36:27.159 +03:00 [INF] Executed DbCommand (2ms) [Parameters=[], CommandType='"Text"', CommandTimeout='30']
SELECT [u].[Id], [u].[CreatedAt], [u].[Email], [u].[IsActive], [u].[PasswordHash], [u].[Role]
FROM [Users] AS [u]
2026-06-30 09:36:27.161 +03:00 [WRN] Request failed with "Unauthorized"
HospitalSystem.Application.Exceptions.UnauthorizedException: Invalid email or password.
   at HospitalSystem.Application.Services.AuthService.LoginAsync(LoginRequest request, CancellationToken cancellationToken) in G:\DEPI\HospitalSystem.Application\Services\AuthService.cs:line 32
   at HospitalSystem.API.Controllers.AuthController.Login(LoginRequest request, CancellationToken cancellationToken) in G:\DEPI\HospitalSystem.API\Controllers\AuthController.cs:line 22
   at lambda_method164(Closure, Object)
   at Microsoft.AspNetCore.Mvc.Infrastructure.ActionMethodExecutor.AwaitableObjectResultExecutor.Execute(ActionContext actionContext, IActionResultTypeMapper mapper, ObjectMethodExecutor executor, Object controller, Object[] arguments)
   at Microsoft.AspNetCore.Mvc.Infrastructure.ControllerActionInvoker.<InvokeActionMethodAsync>g__Awaited|12_0(ControllerActionInvoker invoker, ValueTask`1 actionResultValueTask)
   at Microsoft.AspNetCore.Mvc.Infrastructure.ControllerActionInvoker.<InvokeNextActionFilterAsync>g__Awaited|10_0(ControllerActionInvoker invoker, Task lastTask, State next, Scope scope, Object state, Boolean isCompleted)
   at Microsoft.AspNetCore.Mvc.Infrastructure.ControllerActionInvoker.Rethrow(ActionExecutedContextSealed context)
   at Microsoft.AspNetCore.Mvc.Infrastructure.ControllerActionInvoker.Next(State& next, Scope& scope, Object& state, Boolean& isCompleted)
   at Microsoft.AspNetCore.Mvc.Infrastructure.ControllerActionInvoker.<InvokeInnerFilterAsync>g__Awaited|13_0(ControllerActionInvoker invoker, Task lastTask, State next, Scope scope, Object state, Boolean isCompleted)
   at Microsoft.AspNetCore.Mvc.Infrastructure.ResourceInvoker.<InvokeFilterPipelineAsync>g__Awaited|20_0(ResourceInvoker invoker, Task lastTask, State next, Scope scope, Object state, Boolean isCompleted)
   at Microsoft.AspNetCore.Mvc.Infrastructure.ResourceInvoker.<InvokeAsync>g__Awaited|17_0(ResourceInvoker invoker, Task task, IDisposable scope)
   at Microsoft.AspNetCore.Mvc.Infrastructure.ResourceInvoker.<InvokeAsync>g__Awaited|17_0(ResourceInvoker invoker, Task task, IDisposable scope)
   at Microsoft.AspNetCore.Authorization.AuthorizationMiddleware.Invoke(HttpContext context)
   at Microsoft.AspNetCore.Authentication.AuthenticationMiddleware.Invoke(HttpContext context)
   at Swashbuckle.AspNetCore.SwaggerUI.SwaggerUIMiddleware.Invoke(HttpContext httpContext)
   at Swashbuckle.AspNetCore.Swagger.SwaggerMiddleware.Invoke(HttpContext httpContext, ISwaggerProvider swaggerProvider)
   at HospitalSystem.API.Middleware.RequestLoggingMiddleware.InvokeAsync(HttpContext context) in G:\DEPI\HospitalSystem.API\Middleware\RequestLoggingMiddleware.cs:line 19
   at HospitalSystem.API.Middleware.ExceptionHandlingMiddleware.InvokeAsync(HttpContext context) in G:\DEPI\HospitalSystem.API\Middleware\ExceptionHandlingMiddleware.cs:line 24
2026-06-30 09:36:36.620 +03:00 [INF] HTTP OPTIONS /api/auth/login responded 204 in 0ms
2026-06-30 09:36:36.634 +03:00 [INF] Executed DbCommand (2ms) [Parameters=[], CommandType='"Text"', CommandTimeout='30']
SELECT [u].[Id], [u].[CreatedAt], [u].[Email], [u].[IsActive], [u].[PasswordHash], [u].[Role]
FROM [Users] AS [u]
2026-06-30 09:36:37.068 +03:00 [INF] HTTP POST /api/auth/login responded 200 in 441ms
2026-06-30 09:36:37.122 +03:00 [INF] HTTP OPTIONS /api/departments responded 204 in 0ms
2026-06-30 09:36:37.129 +03:00 [INF] Executed DbCommand (1ms) [Parameters=[], CommandType='"Text"', CommandTimeout='30']
SELECT [d].[Id], [d].[Description], [d].[IsActive], [d].[Name]
FROM [Departments] AS [d]
2026-06-30 09:36:37.130 +03:00 [INF] HTTP GET /api/departments responded 200 in 4ms
2026-06-30 09:36:39.703 +03:00 [INF] HTTP OPTIONS /api/doctors responded 204 in 0ms
2026-06-30 09:36:39.703 +03:00 [INF] HTTP OPTIONS /api/departments responded 204 in 0ms
2026-06-30 09:36:39.720 +03:00 [INF] Executed DbCommand (3ms) [Parameters=[], CommandType='"Text"', CommandTimeout='30']
SELECT [d].[Id], [d].[DepartmentId], [d].[FullName], [d].[IsActive], [d].[Phone], [d].[Specialization], [d].[UserId]
FROM [Doctors] AS [d]
2026-06-30 09:36:39.720 +03:00 [INF] Executed DbCommand (3ms) [Parameters=[], CommandType='"Text"', CommandTimeout='30']
SELECT [d].[Id], [d].[Description], [d].[IsActive], [d].[Name]
FROM [Departments] AS [d]
2026-06-30 09:36:39.722 +03:00 [INF] HTTP GET /api/departments responded 200 in 9ms
2026-06-30 09:36:39.727 +03:00 [INF] Executed DbCommand (3ms) [Parameters=[@p='?' (DbType = Guid)], CommandType='"Text"', CommandTimeout='30']
SELECT TOP(1) [d].[Id], [d].[Description], [d].[IsActive], [d].[Name]
FROM [Departments] AS [d]
WHERE [d].[Id] = @p
2026-06-30 09:36:39.729 +03:00 [INF] HTTP GET /api/doctors responded 200 in 18ms
2026-06-30 09:36:43.605 +03:00 [INF] HTTP OPTIONS /api/doctors/becbdbac-d2b1-41b3-94e9-8339f475b469 responded 204 in 0ms
2026-06-30 09:36:43.659 +03:00 [INF] Executed DbCommand (1ms) [Parameters=[@p='?' (DbType = Guid)], CommandType='"Text"', CommandTimeout='30']
SELECT TOP(1) [d].[Id], [d].[DepartmentId], [d].[FullName], [d].[IsActive], [d].[Phone], [d].[Specialization], [d].[UserId]
FROM [Doctors] AS [d]
WHERE [d].[Id] = @p
2026-06-30 09:36:43.662 +03:00 [INF] Executed DbCommand (1ms) [Parameters=[@p='?' (DbType = Guid)], CommandType='"Text"', CommandTimeout='30']
SELECT TOP(1) [u].[Id], [u].[CreatedAt], [u].[Email], [u].[IsActive], [u].[PasswordHash], [u].[Role]
FROM [Users] AS [u]
WHERE [u].[Id] = @p
2026-06-30 09:36:43.697 +03:00 [INF] Executed DbCommand (31ms) [Parameters=[@p6='?' (DbType = Guid), @p0='?' (DbType = Guid), @p1='?' (Size = 200), @p2='?' (DbType = Boolean), @p3='?' (Size = 50), @p4='?' (Size = 200), @p5='?' (DbType = Guid), @p8='?' (DbType = Guid), @p7='?' (DbType = Boolean)], CommandType='"Text"', CommandTimeout='30']
SET NOCOUNT ON;
UPDATE [Doctors] SET [DepartmentId] = @p0, [FullName] = @p1, [IsActive] = @p2, [Phone] = @p3, [Specialization] = @p4, [UserId] = @p5
OUTPUT 1
WHERE [Id] = @p6;
UPDATE [Users] SET [IsActive] = @p7
OUTPUT 1
WHERE [Id] = @p8;
2026-06-30 09:36:43.709 +03:00 [INF] HTTP DELETE /api/doctors/becbdbac-d2b1-41b3-94e9-8339f475b469 responded 200 in 97ms
2026-06-30 09:36:43.726 +03:00 [INF] Executed DbCommand (1ms) [Parameters=[], CommandType='"Text"', CommandTimeout='30']
SELECT [d].[Id], [d].[DepartmentId], [d].[FullName], [d].[IsActive], [d].[Phone], [d].[Specialization], [d].[UserId]
FROM [Doctors] AS [d]
2026-06-30 09:36:43.729 +03:00 [INF] Executed DbCommand (1ms) [Parameters=[@p='?' (DbType = Guid)], CommandType='"Text"', CommandTimeout='30']
SELECT TOP(1) [d].[Id], [d].[Description], [d].[IsActive], [d].[Name]
FROM [Departments] AS [d]
WHERE [d].[Id] = @p
2026-06-30 09:36:43.730 +03:00 [INF] HTTP GET /api/doctors responded 200 in 9ms
2026-06-30 09:37:05.209 +03:00 [INF] HTTP OPTIONS /api/doctors responded 204 in 0ms
2026-06-30 09:37:05.227 +03:00 [INF] Executed DbCommand (1ms) [Parameters=[@p='?' (DbType = Guid)], CommandType='"Text"', CommandTimeout='30']
SELECT TOP(1) [d].[Id], [d].[Description], [d].[IsActive], [d].[Name]
FROM [Departments] AS [d]
WHERE [d].[Id] = @p
2026-06-30 09:37:05.229 +03:00 [INF] Executed DbCommand (1ms) [Parameters=[], CommandType='"Text"', CommandTimeout='30']
SELECT [u].[Id], [u].[CreatedAt], [u].[Email], [u].[IsActive], [u].[PasswordHash], [u].[Role]
FROM [Users] AS [u]
2026-06-30 09:37:05.231 +03:00 [INF] Executed DbCommand (1ms) [Parameters=[], CommandType='"Text"', CommandTimeout='30']
SELECT [d].[Id], [d].[DepartmentId], [d].[FullName], [d].[IsActive], [d].[Phone], [d].[Specialization], [d].[UserId]
FROM [Doctors] AS [d]
2026-06-30 09:37:05.730 +03:00 [INF] Executed DbCommand (1ms) [Parameters=[@p6='?' (DbType = Guid), @p0='?' (DbType = Guid), @p1='?' (Size = 200), @p2='?' (DbType = Boolean), @p3='?' (Size = 50), @p4='?' (Size = 200), @p5='?' (DbType = Guid), @p12='?' (DbType = Guid), @p7='?' (DbType = DateTime2), @p8='?' (Size = 256), @p9='?' (DbType = Boolean), @p10='?' (Size = 512), @p11='?' (Size = 50)], CommandType='"Text"', CommandTimeout='30']
SET NOCOUNT ON;
UPDATE [Doctors] SET [DepartmentId] = @p0, [FullName] = @p1, [IsActive] = @p2, [Phone] = @p3, [Specialization] = @p4, [UserId] = @p5
OUTPUT 1
WHERE [Id] = @p6;
UPDATE [Users] SET [CreatedAt] = @p7, [Email] = @p8, [IsActive] = @p9, [PasswordHash] = @p10, [Role] = @p11
OUTPUT 1
WHERE [Id] = @p12;
2026-06-30 09:37:05.733 +03:00 [INF] HTTP POST /api/doctors responded 200 in 518ms
2026-06-30 09:37:05.742 +03:00 [INF] HTTP OPTIONS /api/doctors responded 204 in 0ms
2026-06-30 09:37:05.749 +03:00 [INF] Executed DbCommand (1ms) [Parameters=[], CommandType='"Text"', CommandTimeout='30']
SELECT [d].[Id], [d].[DepartmentId], [d].[FullName], [d].[IsActive], [d].[Phone], [d].[Specialization], [d].[UserId]
FROM [Doctors] AS [d]
2026-06-30 09:37:05.751 +03:00 [INF] Executed DbCommand (1ms) [Parameters=[@p='?' (DbType = Guid)], CommandType='"Text"', CommandTimeout='30']
SELECT TOP(1) [d].[Id], [d].[Description], [d].[IsActive], [d].[Name]
FROM [Departments] AS [d]
WHERE [d].[Id] = @p
2026-06-30 09:37:05.752 +03:00 [INF] HTTP GET /api/doctors responded 200 in 6ms
2026-06-30 09:37:18.288 +03:00 [INF] HTTP OPTIONS /api/doctors responded 204 in 0ms
2026-06-30 09:37:18.289 +03:00 [INF] HTTP OPTIONS /api/doctors/41885cdc-0175-4dcb-9824-944a922f6950/schedule responded 204 in 0ms
2026-06-30 09:37:18.303 +03:00 [INF] Executed DbCommand (1ms) [Parameters=[], CommandType='"Text"', CommandTimeout='30']
SELECT [d].[Id], [d].[DepartmentId], [d].[FullName], [d].[IsActive], [d].[Phone], [d].[Specialization], [d].[UserId]
FROM [Doctors] AS [d]
2026-06-30 09:37:18.305 +03:00 [INF] Executed DbCommand (2ms) [Parameters=[@p='?' (DbType = Guid)], CommandType='"Text"', CommandTimeout='30']
SELECT TOP(1) [d].[Id], [d].[DepartmentId], [d].[FullName], [d].[IsActive], [d].[Phone], [d].[Specialization], [d].[UserId]
FROM [Doctors] AS [d]
WHERE [d].[Id] = @p
2026-06-30 09:37:18.306 +03:00 [INF] Executed DbCommand (2ms) [Parameters=[@p='?' (DbType = Guid)], CommandType='"Text"', CommandTimeout='30']
SELECT TOP(1) [d].[Id], [d].[Description], [d].[IsActive], [d].[Name]
FROM [Departments] AS [d]
WHERE [d].[Id] = @p
2026-06-30 09:37:18.307 +03:00 [INF] HTTP GET /api/doctors responded 200 in 10ms
2026-06-30 09:37:18.307 +03:00 [INF] Executed DbCommand (1ms) [Parameters=[], CommandType='"Text"', CommandTimeout='30']
SELECT [d].[Id], [d].[AppointmentDurationMinutes], [d].[DayOfWeek], [d].[DoctorId], [d].[EndTime], [d].[IsActive], [d].[StartTime]
FROM [DoctorSchedules] AS [d]
2026-06-30 09:37:18.311 +03:00 [INF] HTTP GET /api/doctors/41885cdc-0175-4dcb-9824-944a922f6950/schedule responded 200 in 13ms
2026-06-30 09:37:34.365 +03:00 [INF] HTTP OPTIONS /api/departments responded 204 in 0ms
2026-06-30 09:37:34.376 +03:00 [INF] Executed DbCommand (1ms) [Parameters=[], CommandType='"Text"', CommandTimeout='30']
SELECT [d].[Id], [d].[Description], [d].[IsActive], [d].[Name]
FROM [Departments] AS [d]
2026-06-30 09:37:34.378 +03:00 [INF] HTTP GET /api/departments responded 200 in 5ms
2026-06-30 09:37:35.319 +03:00 [INF] HTTP OPTIONS /api/departments responded 204 in 0ms
2026-06-30 09:37:35.331 +03:00 [INF] Executed DbCommand (1ms) [Parameters=[], CommandType='"Text"', CommandTimeout='30']
SELECT [d].[Id], [d].[Description], [d].[IsActive], [d].[Name]
FROM [Departments] AS [d]
2026-06-30 09:37:35.332 +03:00 [INF] HTTP GET /api/departments responded 200 in 6ms
2026-06-30 09:37:45.195 +03:00 [INF] HTTP OPTIONS /api/auth/login responded 204 in 0ms
2026-06-30 09:37:45.216 +03:00 [INF] Executed DbCommand (1ms) [Parameters=[], CommandType='"Text"', CommandTimeout='30']
SELECT [u].[Id], [u].[CreatedAt], [u].[Email], [u].[IsActive], [u].[PasswordHash], [u].[Role]
FROM [Users] AS [u]
2026-06-30 09:37:45.663 +03:00 [INF] HTTP POST /api/auth/login responded 200 in 453ms
2026-06-30 09:37:45.719 +03:00 [INF] HTTP OPTIONS /api/doctor/working-hours responded 204 in 0ms
2026-06-30 09:37:45.722 +03:00 [INF] HTTP OPTIONS /api/doctor/schedule responded 204 in 0ms
2026-06-30 09:37:45.739 +03:00 [INF] Executed DbCommand (1ms) [Parameters=[], CommandType='"Text"', CommandTimeout='30']
SELECT [d].[Id], [d].[DepartmentId], [d].[FullName], [d].[IsActive], [d].[Phone], [d].[Specialization], [d].[UserId]
FROM [Doctors] AS [d]
2026-06-30 09:37:45.740 +03:00 [INF] Executed DbCommand (2ms) [Parameters=[], CommandType='"Text"', CommandTimeout='30']
SELECT [d].[Id], [d].[DepartmentId], [d].[FullName], [d].[IsActive], [d].[Phone], [d].[Specialization], [d].[UserId]
FROM [Doctors] AS [d]
2026-06-30 09:37:45.742 +03:00 [INF] Executed DbCommand (1ms) [Parameters=[@p='?' (DbType = Guid)], CommandType='"Text"', CommandTimeout='30']
SELECT TOP(1) [d].[Id], [d].[Description], [d].[IsActive], [d].[Name]
FROM [Departments] AS [d]
WHERE [d].[Id] = @p
2026-06-30 09:37:45.743 +03:00 [INF] Executed DbCommand (2ms) [Parameters=[@p='?' (DbType = Guid)], CommandType='"Text"', CommandTimeout='30']
SELECT TOP(1) [d].[Id], [d].[Description], [d].[IsActive], [d].[Name]
FROM [Departments] AS [d]
WHERE [d].[Id] = @p
2026-06-30 09:37:45.746 +03:00 [INF] Executed DbCommand (2ms) [Parameters=[], CommandType='"Text"', CommandTimeout='30']
SELECT [d].[Id], [d].[AppointmentDurationMinutes], [d].[DayOfWeek], [d].[DoctorId], [d].[EndTime], [d].[IsActive], [d].[StartTime]
FROM [DoctorSchedules] AS [d]
2026-06-30 09:37:45.747 +03:00 [INF] HTTP GET /api/doctor/working-hours responded 200 in 21ms
2026-06-30 09:37:45.748 +03:00 [INF] Executed DbCommand (1ms) [Parameters=[@doctorId='?' (DbType = Guid), @date='?' (DbType = Date)], CommandType='"Text"', CommandTimeout='30']
SELECT [a].[Id], [a].[AppointmentDate], [a].[CreatedAt], [a].[CreatedByReceptionistId], [a].[DoctorId], [a].[EndTime], [a].[Notes], [a].[PatientId], [a].[StartTime], [a].[Status], [a].[UpdatedAt]
FROM [Appointments] AS [a]
WHERE [a].[DoctorId] = @doctorId AND [a].[AppointmentDate] = @date
ORDER BY [a].[StartTime]
2026-06-30 09:37:45.749 +03:00 [INF] HTTP GET /api/doctor/schedule responded 200 in 21ms
2026-06-30 09:38:28.626 +03:00 [INF] HTTP OPTIONS /api/doctor/working-hours responded 204 in 0ms
2026-06-30 09:38:28.627 +03:00 [INF] HTTP OPTIONS /api/doctor/schedule responded 204 in 0ms
2026-06-30 09:38:28.632 +03:00 [INF] Executed DbCommand (1ms) [Parameters=[], CommandType='"Text"', CommandTimeout='30']
SELECT [d].[Id], [d].[DepartmentId], [d].[FullName], [d].[IsActive], [d].[Phone], [d].[Specialization], [d].[UserId]
FROM [Doctors] AS [d]
2026-06-30 09:38:28.632 +03:00 [INF] Executed DbCommand (1ms) [Parameters=[], CommandType='"Text"', CommandTimeout='30']
SELECT [d].[Id], [d].[DepartmentId], [d].[FullName], [d].[IsActive], [d].[Phone], [d].[Specialization], [d].[UserId]
FROM [Doctors] AS [d]
2026-06-30 09:38:28.633 +03:00 [INF] Executed DbCommand (1ms) [Parameters=[@p='?' (DbType = Guid)], CommandType='"Text"', CommandTimeout='30']
SELECT TOP(1) [d].[Id], [d].[Description], [d].[IsActive], [d].[Name]
FROM [Departments] AS [d]
WHERE [d].[Id] = @p
2026-06-30 09:38:28.633 +03:00 [INF] Executed DbCommand (1ms) [Parameters=[@p='?' (DbType = Guid)], CommandType='"Text"', CommandTimeout='30']
SELECT TOP(1) [d].[Id], [d].[Description], [d].[IsActive], [d].[Name]
FROM [Departments] AS [d]
WHERE [d].[Id] = @p
2026-06-30 09:38:28.634 +03:00 [INF] Executed DbCommand (1ms) [Parameters=[], CommandType='"Text"', CommandTimeout='30']
SELECT [d].[Id], [d].[AppointmentDurationMinutes], [d].[DayOfWeek], [d].[DoctorId], [d].[EndTime], [d].[IsActive], [d].[StartTime]
FROM [DoctorSchedules] AS [d]
2026-06-30 09:38:28.635 +03:00 [INF] Executed DbCommand (1ms) [Parameters=[@doctorId='?' (DbType = Guid), @date='?' (DbType = Date)], CommandType='"Text"', CommandTimeout='30']
SELECT [a].[Id], [a].[AppointmentDate], [a].[CreatedAt], [a].[CreatedByReceptionistId], [a].[DoctorId], [a].[EndTime], [a].[Notes], [a].[PatientId], [a].[StartTime], [a].[Status], [a].[UpdatedAt]
FROM [Appointments] AS [a]
WHERE [a].[DoctorId] = @doctorId AND [a].[AppointmentDate] = @date
ORDER BY [a].[StartTime]
2026-06-30 09:38:28.635 +03:00 [INF] HTTP GET /api/doctor/schedule responded 200 in 5ms
2026-06-30 09:38:28.636 +03:00 [INF] HTTP GET /api/doctor/working-hours responded 200 in 6ms
2026-06-30 09:39:11.230 +03:00 [INF] HTTP OPTIONS /api/doctor/working-hours responded 204 in 0ms
2026-06-30 09:39:11.251 +03:00 [INF] HTTP OPTIONS /api/doctor/schedule responded 204 in 0ms
2026-06-30 09:39:11.267 +03:00 [INF] Executed DbCommand (2ms) [Parameters=[], CommandType='"Text"', CommandTimeout='30']
SELECT [d].[Id], [d].[DepartmentId], [d].[FullName], [d].[IsActive], [d].[Phone], [d].[Specialization], [d].[UserId]
FROM [Doctors] AS [d]
2026-06-30 09:39:11.270 +03:00 [INF] Executed DbCommand (2ms) [Parameters=[], CommandType='"Text"', CommandTimeout='30']
SELECT [d].[Id], [d].[DepartmentId], [d].[FullName], [d].[IsActive], [d].[Phone], [d].[Specialization], [d].[UserId]
FROM [Doctors] AS [d]
2026-06-30 09:39:11.272 +03:00 [INF] Executed DbCommand (1ms) [Parameters=[@p='?' (DbType = Guid)], CommandType='"Text"', CommandTimeout='30']
SELECT TOP(1) [d].[Id], [d].[Description], [d].[IsActive], [d].[Name]
FROM [Departments] AS [d]
WHERE [d].[Id] = @p
2026-06-30 09:39:11.275 +03:00 [INF] Executed DbCommand (3ms) [Parameters=[@p='?' (DbType = Guid)], CommandType='"Text"', CommandTimeout='30']
SELECT TOP(1) [d].[Id], [d].[Description], [d].[IsActive], [d].[Name]
FROM [Departments] AS [d]
WHERE [d].[Id] = @p
2026-06-30 09:39:11.276 +03:00 [INF] Executed DbCommand (2ms) [Parameters=[], CommandType='"Text"', CommandTimeout='30']
SELECT [d].[Id], [d].[AppointmentDurationMinutes], [d].[DayOfWeek], [d].[DoctorId], [d].[EndTime], [d].[IsActive], [d].[StartTime]
FROM [DoctorSchedules] AS [d]
2026-06-30 09:39:11.278 +03:00 [INF] HTTP GET /api/doctor/working-hours responded 200 in 18ms
2026-06-30 09:39:11.281 +03:00 [INF] Executed DbCommand (3ms) [Parameters=[@doctorId='?' (DbType = Guid), @date='?' (DbType = Date)], CommandType='"Text"', CommandTimeout='30']
SELECT [a].[Id], [a].[AppointmentDate], [a].[CreatedAt], [a].[CreatedByReceptionistId], [a].[DoctorId], [a].[EndTime], [a].[Notes], [a].[PatientId], [a].[StartTime], [a].[Status], [a].[UpdatedAt]
FROM [Appointments] AS [a]
WHERE [a].[DoctorId] = @doctorId AND [a].[AppointmentDate] = @date
ORDER BY [a].[StartTime]
2026-06-30 09:39:11.282 +03:00 [INF] HTTP GET /api/doctor/schedule responded 200 in 18ms
2026-06-30 09:41:28.748 +03:00 [INF] HTTP OPTIONS /api/doctor/working-hours responded 204 in 0ms
2026-06-30 09:41:28.751 +03:00 [INF] HTTP OPTIONS /api/doctor/schedule responded 204 in 0ms
2026-06-30 09:41:28.771 +03:00 [INF] Executed DbCommand (1ms) [Parameters=[], CommandType='"Text"', CommandTimeout='30']
SELECT [d].[Id], [d].[DepartmentId], [d].[FullName], [d].[IsActive], [d].[Phone], [d].[Specialization], [d].[UserId]
FROM [Doctors] AS [d]
2026-06-30 09:41:28.771 +03:00 [INF] Executed DbCommand (2ms) [Parameters=[], CommandType='"Text"', CommandTimeout='30']
SELECT [d].[Id], [d].[DepartmentId], [d].[FullName], [d].[IsActive], [d].[Phone], [d].[Specialization], [d].[UserId]
FROM [Doctors] AS [d]
2026-06-30 09:41:28.774 +03:00 [INF] Executed DbCommand (1ms) [Parameters=[@p='?' (DbType = Guid)], CommandType='"Text"', CommandTimeout='30']
SELECT TOP(1) [d].[Id], [d].[Description], [d].[IsActive], [d].[Name]
FROM [Departments] AS [d]
WHERE [d].[Id] = @p
2026-06-30 09:41:28.775 +03:00 [INF] Executed DbCommand (2ms) [Parameters=[@p='?' (DbType = Guid)], CommandType='"Text"', CommandTimeout='30']
SELECT TOP(1) [d].[Id], [d].[Description], [d].[IsActive], [d].[Name]
FROM [Departments] AS [d]
WHERE [d].[Id] = @p
2026-06-30 09:41:28.777 +03:00 [INF] Executed DbCommand (1ms) [Parameters=[], CommandType='"Text"', CommandTimeout='30']
SELECT [d].[Id], [d].[AppointmentDurationMinutes], [d].[DayOfWeek], [d].[DoctorId], [d].[EndTime], [d].[IsActive], [d].[StartTime]
FROM [DoctorSchedules] AS [d]
2026-06-30 09:41:28.778 +03:00 [INF] Executed DbCommand (1ms) [Parameters=[@doctorId='?' (DbType = Guid), @date='?' (DbType = Date)], CommandType='"Text"', CommandTimeout='30']
SELECT [a].[Id], [a].[AppointmentDate], [a].[CreatedAt], [a].[CreatedByReceptionistId], [a].[DoctorId], [a].[EndTime], [a].[Notes], [a].[PatientId], [a].[StartTime], [a].[Status], [a].[UpdatedAt]
FROM [Appointments] AS [a]
WHERE [a].[DoctorId] = @doctorId AND [a].[AppointmentDate] = @date
ORDER BY [a].[StartTime]
2026-06-30 09:41:28.779 +03:00 [INF] HTTP GET /api/doctor/schedule responded 200 in 13ms
2026-06-30 09:41:28.779 +03:00 [INF] HTTP GET /api/doctor/working-hours responded 200 in 15ms
2026-06-30 09:41:31.468 +03:00 [INF] Executed DbCommand (1ms) [Parameters=[], CommandType='"Text"', CommandTimeout='30']
SELECT [d].[Id], [d].[DepartmentId], [d].[FullName], [d].[IsActive], [d].[Phone], [d].[Specialization], [d].[UserId]
FROM [Doctors] AS [d]
2026-06-30 09:41:31.469 +03:00 [INF] Executed DbCommand (0ms) [Parameters=[], CommandType='"Text"', CommandTimeout='30']
SELECT [d].[Id], [d].[DepartmentId], [d].[FullName], [d].[IsActive], [d].[Phone], [d].[Specialization], [d].[UserId]
FROM [Doctors] AS [d]
2026-06-30 09:41:31.469 +03:00 [INF] Executed DbCommand (0ms) [Parameters=[@p='?' (DbType = Guid)], CommandType='"Text"', CommandTimeout='30']
SELECT TOP(1) [d].[Id], [d].[Description], [d].[IsActive], [d].[Name]
FROM [Departments] AS [d]
WHERE [d].[Id] = @p
2026-06-30 09:41:31.469 +03:00 [INF] Executed DbCommand (0ms) [Parameters=[@p='?' (DbType = Guid)], CommandType='"Text"', CommandTimeout='30']
SELECT TOP(1) [d].[Id], [d].[Description], [d].[IsActive], [d].[Name]
FROM [Departments] AS [d]
WHERE [d].[Id] = @p
2026-06-30 09:41:31.470 +03:00 [INF] Executed DbCommand (0ms) [Parameters=[], CommandType='"Text"', CommandTimeout='30']
SELECT [d].[Id], [d].[AppointmentDurationMinutes], [d].[DayOfWeek], [d].[DoctorId], [d].[EndTime], [d].[IsActive], [d].[StartTime]
FROM [DoctorSchedules] AS [d]
2026-06-30 09:41:31.470 +03:00 [INF] HTTP GET /api/doctor/working-hours responded 200 in 4ms
2026-06-30 09:41:31.471 +03:00 [INF] Executed DbCommand (1ms) [Parameters=[@doctorId='?' (DbType = Guid), @date='?' (DbType = Date)], CommandType='"Text"', CommandTimeout='30']
SELECT [a].[Id], [a].[AppointmentDate], [a].[CreatedAt], [a].[CreatedByReceptionistId], [a].[DoctorId], [a].[EndTime], [a].[Notes], [a].[PatientId], [a].[StartTime], [a].[Status], [a].[UpdatedAt]
FROM [Appointments] AS [a]
WHERE [a].[DoctorId] = @doctorId AND [a].[AppointmentDate] = @date
ORDER BY [a].[StartTime]
2026-06-30 09:41:31.471 +03:00 [INF] HTTP GET /api/doctor/schedule responded 200 in 4ms
2026-06-30 09:41:34.937 +03:00 [INF] HTTP OPTIONS /api/doctor/working-hours responded 204 in 0ms
2026-06-30 09:41:34.940 +03:00 [INF] HTTP OPTIONS /api/doctor/schedule responded 204 in 0ms
2026-06-30 09:41:34.948 +03:00 [INF] Executed DbCommand (1ms) [Parameters=[], CommandType='"Text"', CommandTimeout='30']
SELECT [d].[Id], [d].[DepartmentId], [d].[FullName], [d].[IsActive], [d].[Phone], [d].[Specialization], [d].[UserId]
FROM [Doctors] AS [d]
2026-06-30 09:41:34.948 +03:00 [INF] Executed DbCommand (1ms) [Parameters=[], CommandType='"Text"', CommandTimeout='30']
SELECT [d].[Id], [d].[DepartmentId], [d].[FullName], [d].[IsActive], [d].[Phone], [d].[Specialization], [d].[UserId]
FROM [Doctors] AS [d]
2026-06-30 09:41:34.950 +03:00 [INF] Executed DbCommand (1ms) [Parameters=[@p='?' (DbType = Guid)], CommandType='"Text"', CommandTimeout='30']
SELECT TOP(1) [d].[Id], [d].[Description], [d].[IsActive], [d].[Name]
FROM [Departments] AS [d]
WHERE [d].[Id] = @p
2026-06-30 09:41:34.950 +03:00 [INF] Executed DbCommand (1ms) [Parameters=[@p='?' (DbType = Guid)], CommandType='"Text"', CommandTimeout='30']
SELECT TOP(1) [d].[Id], [d].[Description], [d].[IsActive], [d].[Name]
FROM [Departments] AS [d]
WHERE [d].[Id] = @p
2026-06-30 09:41:34.951 +03:00 [INF] Executed DbCommand (1ms) [Parameters=[], CommandType='"Text"', CommandTimeout='30']
SELECT [d].[Id], [d].[AppointmentDurationMinutes], [d].[DayOfWeek], [d].[DoctorId], [d].[EndTime], [d].[IsActive], [d].[StartTime]
FROM [DoctorSchedules] AS [d]
2026-06-30 09:41:34.952 +03:00 [INF] Executed DbCommand (1ms) [Parameters=[@doctorId='?' (DbType = Guid), @date='?' (DbType = Date)], CommandType='"Text"', CommandTimeout='30']
SELECT [a].[Id], [a].[AppointmentDate], [a].[CreatedAt], [a].[CreatedByReceptionistId], [a].[DoctorId], [a].[EndTime], [a].[Notes], [a].[PatientId], [a].[StartTime], [a].[Status], [a].[UpdatedAt]
FROM [Appointments] AS [a]
WHERE [a].[DoctorId] = @doctorId AND [a].[AppointmentDate] = @date
ORDER BY [a].[StartTime]
2026-06-30 09:41:34.952 +03:00 [INF] HTTP GET /api/doctor/working-hours responded 200 in 6ms
2026-06-30 09:41:34.952 +03:00 [INF] HTTP GET /api/doctor/schedule responded 200 in 6ms
2026-06-30 09:41:43.584 +03:00 [INF] HTTP OPTIONS /api/auth/login responded 204 in 0ms
2026-06-30 09:41:43.600 +03:00 [INF] Executed DbCommand (2ms) [Parameters=[], CommandType='"Text"', CommandTimeout='30']
SELECT [u].[Id], [u].[CreatedAt], [u].[Email], [u].[IsActive], [u].[PasswordHash], [u].[Role]
FROM [Users] AS [u]
2026-06-30 09:41:44.010 +03:00 [INF] HTTP POST /api/auth/login responded 200 in 419ms
2026-06-30 09:41:44.042 +03:00 [INF] HTTP OPTIONS /api/departments responded 204 in 0ms
2026-06-30 09:41:44.047 +03:00 [INF] Executed DbCommand (1ms) [Parameters=[], CommandType='"Text"', CommandTimeout='30']
SELECT [d].[Id], [d].[Description], [d].[IsActive], [d].[Name]
FROM [Departments] AS [d]
2026-06-30 09:41:44.048 +03:00 [INF] HTTP GET /api/departments responded 200 in 3ms
2026-06-30 09:41:57.160 +03:00 [INF] HTTP OPTIONS /api/doctors responded 204 in 0ms
2026-06-30 09:41:57.161 +03:00 [INF] HTTP OPTIONS /api/departments responded 204 in 0ms
2026-06-30 09:41:57.176 +03:00 [INF] Executed DbCommand (2ms) [Parameters=[], CommandType='"Text"', CommandTimeout='30']
SELECT [d].[Id], [d].[DepartmentId], [d].[FullName], [d].[IsActive], [d].[Phone], [d].[Specialization], [d].[UserId]
FROM [Doctors] AS [d]
2026-06-30 09:41:57.177 +03:00 [INF] Executed DbCommand (2ms) [Parameters=[], CommandType='"Text"', CommandTimeout='30']
SELECT [d].[Id], [d].[Description], [d].[IsActive], [d].[Name]
FROM [Departments] AS [d]
2026-06-30 09:41:57.178 +03:00 [INF] HTTP GET /api/departments responded 200 in 7ms
2026-06-30 09:41:57.180 +03:00 [INF] Executed DbCommand (2ms) [Parameters=[@p='?' (DbType = Guid)], CommandType='"Text"', CommandTimeout='30']
SELECT TOP(1) [d].[Id], [d].[Description], [d].[IsActive], [d].[Name]
FROM [Departments] AS [d]
WHERE [d].[Id] = @p
2026-06-30 09:41:57.181 +03:00 [INF] HTTP GET /api/doctors responded 200 in 11ms
2026-06-30 09:42:05.757 +03:00 [INF] HTTP OPTIONS /api/doctors responded 204 in 0ms
2026-06-30 09:42:05.758 +03:00 [INF] HTTP OPTIONS /api/doctors/41885cdc-0175-4dcb-9824-944a922f6950/schedule responded 204 in 0ms
2026-06-30 09:42:05.773 +03:00 [INF] Executed DbCommand (1ms) [Parameters=[], CommandType='"Text"', CommandTimeout='30']
SELECT [d].[Id], [d].[DepartmentId], [d].[FullName], [d].[IsActive], [d].[Phone], [d].[Specialization], [d].[UserId]
FROM [Doctors] AS [d]
2026-06-30 09:42:05.774 +03:00 [INF] Executed DbCommand (1ms) [Parameters=[@p='?' (DbType = Guid)], CommandType='"Text"', CommandTimeout='30']
SELECT TOP(1) [d].[Id], [d].[DepartmentId], [d].[FullName], [d].[IsActive], [d].[Phone], [d].[Specialization], [d].[UserId]
FROM [Doctors] AS [d]
WHERE [d].[Id] = @p
2026-06-30 09:42:05.776 +03:00 [INF] Executed DbCommand (1ms) [Parameters=[@p='?' (DbType = Guid)], CommandType='"Text"', CommandTimeout='30']
SELECT TOP(1) [d].[Id], [d].[Description], [d].[IsActive], [d].[Name]
FROM [Departments] AS [d]
WHERE [d].[Id] = @p
2026-06-30 09:42:05.776 +03:00 [INF] Executed DbCommand (2ms) [Parameters=[], CommandType='"Text"', CommandTimeout='30']
SELECT [d].[Id], [d].[AppointmentDurationMinutes], [d].[DayOfWeek], [d].[DoctorId], [d].[EndTime], [d].[IsActive], [d].[StartTime]
FROM [DoctorSchedules] AS [d]
2026-06-30 09:42:05.776 +03:00 [INF] HTTP GET /api/doctors responded 200 in 9ms
2026-06-30 09:42:05.778 +03:00 [INF] HTTP GET /api/doctors/41885cdc-0175-4dcb-9824-944a922f6950/schedule responded 200 in 8ms
2026-06-30 09:42:11.538 +03:00 [INF] HTTP OPTIONS /api/doctors/41885cdc-0175-4dcb-9824-944a922f6950 responded 204 in 0ms
2026-06-30 09:42:11.582 +03:00 [INF] Executed DbCommand (1ms) [Parameters=[@p='?' (DbType = Guid)], CommandType='"Text"', CommandTimeout='30']
SELECT TOP(1) [d].[Id], [d].[DepartmentId], [d].[FullName], [d].[IsActive], [d].[Phone], [d].[Specialization], [d].[UserId]
FROM [Doctors] AS [d]
WHERE [d].[Id] = @p
2026-06-30 09:42:11.583 +03:00 [INF] Executed DbCommand (1ms) [Parameters=[@p='?' (DbType = Guid)], CommandType='"Text"', CommandTimeout='30']
SELECT TOP(1) [u].[Id], [u].[CreatedAt], [u].[Email], [u].[IsActive], [u].[PasswordHash], [u].[Role]
FROM [Users] AS [u]
WHERE [u].[Id] = @p
2026-06-30 09:42:11.586 +03:00 [INF] Executed DbCommand (1ms) [Parameters=[@p6='?' (DbType = Guid), @p0='?' (DbType = Guid), @p1='?' (Size = 200), @p2='?' (DbType = Boolean), @p3='?' (Size = 50), @p4='?' (Size = 200), @p5='?' (DbType = Guid), @p8='?' (DbType = Guid), @p7='?' (DbType = Boolean)], CommandType='"Text"', CommandTimeout='30']
SET NOCOUNT ON;
UPDATE [Doctors] SET [DepartmentId] = @p0, [FullName] = @p1, [IsActive] = @p2, [Phone] = @p3, [Specialization] = @p4, [UserId] = @p5
OUTPUT 1
WHERE [Id] = @p6;
UPDATE [Users] SET [IsActive] = @p7
OUTPUT 1
WHERE [Id] = @p8;
2026-06-30 09:42:11.596 +03:00 [INF] HTTP DELETE /api/doctors/41885cdc-0175-4dcb-9824-944a922f6950 responded 200 in 47ms
2026-06-30 09:42:11.605 +03:00 [INF] HTTP OPTIONS /api/doctors responded 204 in 0ms
2026-06-30 09:42:11.611 +03:00 [INF] Executed DbCommand (1ms) [Parameters=[], CommandType='"Text"', CommandTimeout='30']
SELECT [d].[Id], [d].[DepartmentId], [d].[FullName], [d].[IsActive], [d].[Phone], [d].[Specialization], [d].[UserId]
FROM [Doctors] AS [d]
2026-06-30 09:42:11.613 +03:00 [INF] Executed DbCommand (1ms) [Parameters=[@p='?' (DbType = Guid)], CommandType='"Text"', CommandTimeout='30']
SELECT TOP(1) [d].[Id], [d].[Description], [d].[IsActive], [d].[Name]
FROM [Departments] AS [d]
WHERE [d].[Id] = @p
2026-06-30 09:42:11.614 +03:00 [INF] HTTP GET /api/doctors responded 200 in 5ms
2026-06-30 09:42:53.353 +03:00 [INF] HTTP OPTIONS /api/doctors responded 204 in 0ms
2026-06-30 09:42:53.372 +03:00 [INF] Executed DbCommand (1ms) [Parameters=[@p='?' (DbType = Guid)], CommandType='"Text"', CommandTimeout='30']
SELECT TOP(1) [d].[Id], [d].[Description], [d].[IsActive], [d].[Name]
FROM [Departments] AS [d]
WHERE [d].[Id] = @p
2026-06-30 09:42:53.374 +03:00 [INF] Executed DbCommand (1ms) [Parameters=[], CommandType='"Text"', CommandTimeout='30']
SELECT [u].[Id], [u].[CreatedAt], [u].[Email], [u].[IsActive], [u].[PasswordHash], [u].[Role]
FROM [Users] AS [u]
2026-06-30 09:42:53.376 +03:00 [INF] Executed DbCommand (1ms) [Parameters=[], CommandType='"Text"', CommandTimeout='30']
SELECT [d].[Id], [d].[DepartmentId], [d].[FullName], [d].[IsActive], [d].[Phone], [d].[Specialization], [d].[UserId]
FROM [Doctors] AS [d]
2026-06-30 09:42:53.805 +03:00 [INF] Executed DbCommand (1ms) [Parameters=[@p6='?' (DbType = Guid), @p0='?' (DbType = Guid), @p1='?' (Size = 200), @p2='?' (DbType = Boolean), @p3='?' (Size = 50), @p4='?' (Size = 200), @p5='?' (DbType = Guid), @p12='?' (DbType = Guid), @p7='?' (DbType = DateTime2), @p8='?' (Size = 256), @p9='?' (DbType = Boolean), @p10='?' (Size = 512), @p11='?' (Size = 50)], CommandType='"Text"', CommandTimeout='30']
SET NOCOUNT ON;
UPDATE [Doctors] SET [DepartmentId] = @p0, [FullName] = @p1, [IsActive] = @p2, [Phone] = @p3, [Specialization] = @p4, [UserId] = @p5
OUTPUT 1
WHERE [Id] = @p6;
UPDATE [Users] SET [CreatedAt] = @p7, [Email] = @p8, [IsActive] = @p9, [PasswordHash] = @p10, [Role] = @p11
OUTPUT 1
WHERE [Id] = @p12;
2026-06-30 09:42:53.808 +03:00 [INF] HTTP POST /api/doctors responded 200 in 448ms
2026-06-30 09:42:53.817 +03:00 [INF] HTTP OPTIONS /api/doctors responded 204 in 0ms
2026-06-30 09:42:53.823 +03:00 [INF] Executed DbCommand (1ms) [Parameters=[], CommandType='"Text"', CommandTimeout='30']
SELECT [d].[Id], [d].[DepartmentId], [d].[FullName], [d].[IsActive], [d].[Phone], [d].[Specialization], [d].[UserId]
FROM [Doctors] AS [d]
2026-06-30 09:42:53.825 +03:00 [INF] Executed DbCommand (1ms) [Parameters=[@p='?' (DbType = Guid)], CommandType='"Text"', CommandTimeout='30']
SELECT TOP(1) [d].[Id], [d].[Description], [d].[IsActive], [d].[Name]
FROM [Departments] AS [d]
WHERE [d].[Id] = @p
2026-06-30 09:42:53.826 +03:00 [INF] HTTP GET /api/doctors responded 200 in 4ms
2026-06-30 09:42:56.526 +03:00 [INF] HTTP OPTIONS /api/doctors responded 204 in 0ms
2026-06-30 09:42:56.528 +03:00 [INF] HTTP OPTIONS /api/doctors/41885cdc-0175-4dcb-9824-944a922f6950/schedule responded 204 in 0ms
2026-06-30 09:42:56.542 +03:00 [INF] Executed DbCommand (1ms) [Parameters=[], CommandType='"Text"', CommandTimeout='30']
SELECT [d].[Id], [d].[DepartmentId], [d].[FullName], [d].[IsActive], [d].[Phone], [d].[Specialization], [d].[UserId]
FROM [Doctors] AS [d]
2026-06-30 09:42:56.544 +03:00 [INF] Executed DbCommand (1ms) [Parameters=[@p='?' (DbType = Guid)], CommandType='"Text"', CommandTimeout='30']
SELECT TOP(1) [d].[Id], [d].[DepartmentId], [d].[FullName], [d].[IsActive], [d].[Phone], [d].[Specialization], [d].[UserId]
FROM [Doctors] AS [d]
WHERE [d].[Id] = @p
2026-06-30 09:42:56.545 +03:00 [INF] Executed DbCommand (1ms) [Parameters=[@p='?' (DbType = Guid)], CommandType='"Text"', CommandTimeout='30']
SELECT TOP(1) [d].[Id], [d].[Description], [d].[IsActive], [d].[Name]
FROM [Departments] AS [d]
WHERE [d].[Id] = @p
2026-06-30 09:42:56.546 +03:00 [INF] Executed DbCommand (2ms) [Parameters=[], CommandType='"Text"', CommandTimeout='30']
SELECT [d].[Id], [d].[AppointmentDurationMinutes], [d].[DayOfWeek], [d].[DoctorId], [d].[EndTime], [d].[IsActive], [d].[StartTime]
FROM [DoctorSchedules] AS [d]
2026-06-30 09:42:56.547 +03:00 [INF] HTTP GET /api/doctors responded 200 in 9ms
2026-06-30 09:42:56.548 +03:00 [INF] HTTP GET /api/doctors/41885cdc-0175-4dcb-9824-944a922f6950/schedule responded 200 in 9ms
2026-06-30 09:43:01.362 +03:00 [INF] HTTP OPTIONS /api/departments responded 204 in 0ms
2026-06-30 09:43:01.372 +03:00 [INF] Executed DbCommand (1ms) [Parameters=[], CommandType='"Text"', CommandTimeout='30']
SELECT [d].[Id], [d].[Description], [d].[IsActive], [d].[Name]
FROM [Departments] AS [d]
2026-06-30 09:43:01.373 +03:00 [INF] HTTP GET /api/departments responded 200 in 4ms
2026-06-30 09:43:24.863 +03:00 [INF] HTTP OPTIONS /api/doctors responded 204 in 0ms
2026-06-30 09:43:24.874 +03:00 [INF] Executed DbCommand (1ms) [Parameters=[], CommandType='"Text"', CommandTimeout='30']
SELECT [d].[Id], [d].[DepartmentId], [d].[FullName], [d].[IsActive], [d].[Phone], [d].[Specialization], [d].[UserId]
FROM [Doctors] AS [d]
2026-06-30 09:43:24.879 +03:00 [INF] Executed DbCommand (2ms) [Parameters=[@p='?' (DbType = Guid)], CommandType='"Text"', CommandTimeout='30']
SELECT TOP(1) [d].[Id], [d].[Description], [d].[IsActive], [d].[Name]
FROM [Departments] AS [d]
WHERE [d].[Id] = @p
2026-06-30 09:43:24.880 +03:00 [INF] HTTP GET /api/doctors responded 200 in 8ms
2026-06-30 09:43:28.650 +03:00 [INF] HTTP OPTIONS /api/doctors responded 204 in 0ms
2026-06-30 09:43:28.650 +03:00 [INF] HTTP OPTIONS /api/doctors/41885cdc-0175-4dcb-9824-944a922f6950/schedule responded 204 in 0ms
2026-06-30 09:43:28.660 +03:00 [INF] Executed DbCommand (1ms) [Parameters=[], CommandType='"Text"', CommandTimeout='30']
SELECT [d].[Id], [d].[DepartmentId], [d].[FullName], [d].[IsActive], [d].[Phone], [d].[Specialization], [d].[UserId]
FROM [Doctors] AS [d]
2026-06-30 09:43:28.661 +03:00 [INF] Executed DbCommand (1ms) [Parameters=[@p='?' (DbType = Guid)], CommandType='"Text"', CommandTimeout='30']
SELECT TOP(1) [d].[Id], [d].[DepartmentId], [d].[FullName], [d].[IsActive], [d].[Phone], [d].[Specialization], [d].[UserId]
FROM [Doctors] AS [d]
WHERE [d].[Id] = @p
2026-06-30 09:43:28.663 +03:00 [INF] Executed DbCommand (1ms) [Parameters=[@p='?' (DbType = Guid)], CommandType='"Text"', CommandTimeout='30']
SELECT TOP(1) [d].[Id], [d].[Description], [d].[IsActive], [d].[Name]
FROM [Departments] AS [d]
WHERE [d].[Id] = @p
2026-06-30 09:43:28.663 +03:00 [INF] Executed DbCommand (1ms) [Parameters=[], CommandType='"Text"', CommandTimeout='30']
SELECT [d].[Id], [d].[AppointmentDurationMinutes], [d].[DayOfWeek], [d].[DoctorId], [d].[EndTime], [d].[IsActive], [d].[StartTime]
FROM [DoctorSchedules] AS [d]
2026-06-30 09:43:28.664 +03:00 [INF] HTTP GET /api/doctors responded 200 in 6ms
2026-06-30 09:43:28.664 +03:00 [INF] HTTP GET /api/doctors/41885cdc-0175-4dcb-9824-944a922f6950/schedule responded 200 in 7ms
2026-06-30 09:43:39.731 +03:00 [INF] HTTP OPTIONS /api/doctors responded 204 in 0ms
2026-06-30 09:43:39.732 +03:00 [INF] HTTP OPTIONS /api/doctors/41885cdc-0175-4dcb-9824-944a922f6950/schedule responded 204 in 0ms
2026-06-30 09:43:39.735 +03:00 [INF] Executed DbCommand (0ms) [Parameters=[], CommandType='"Text"', CommandTimeout='30']
SELECT [d].[Id], [d].[DepartmentId], [d].[FullName], [d].[IsActive], [d].[Phone], [d].[Specialization], [d].[UserId]
FROM [Doctors] AS [d]
2026-06-30 09:43:39.737 +03:00 [INF] Executed DbCommand (1ms) [Parameters=[@p='?' (DbType = Guid)], CommandType='"Text"', CommandTimeout='30']
SELECT TOP(1) [d].[Id], [d].[Description], [d].[IsActive], [d].[Name]
FROM [Departments] AS [d]
WHERE [d].[Id] = @p
2026-06-30 09:43:39.737 +03:00 [INF] Executed DbCommand (1ms) [Parameters=[@p='?' (DbType = Guid)], CommandType='"Text"', CommandTimeout='30']
SELECT TOP(1) [d].[Id], [d].[DepartmentId], [d].[FullName], [d].[IsActive], [d].[Phone], [d].[Specialization], [d].[UserId]
FROM [Doctors] AS [d]
WHERE [d].[Id] = @p
2026-06-30 09:43:39.737 +03:00 [INF] HTTP GET /api/doctors responded 200 in 3ms
2026-06-30 09:43:39.739 +03:00 [INF] Executed DbCommand (1ms) [Parameters=[], CommandType='"Text"', CommandTimeout='30']
SELECT [d].[Id], [d].[AppointmentDurationMinutes], [d].[DayOfWeek], [d].[DoctorId], [d].[EndTime], [d].[IsActive], [d].[StartTime]
FROM [DoctorSchedules] AS [d]
2026-06-30 09:43:39.739 +03:00 [INF] HTTP GET /api/doctors/41885cdc-0175-4dcb-9824-944a922f6950/schedule responded 200 in 4ms
2026-06-30 09:43:42.340 +03:00 [INF] Executed DbCommand (1ms) [Parameters=[], CommandType='"Text"', CommandTimeout='30']
SELECT [d].[Id], [d].[DepartmentId], [d].[FullName], [d].[IsActive], [d].[Phone], [d].[Specialization], [d].[UserId]
FROM [Doctors] AS [d]
2026-06-30 09:43:42.340 +03:00 [INF] Executed DbCommand (1ms) [Parameters=[@p='?' (DbType = Guid)], CommandType='"Text"', CommandTimeout='30']
SELECT TOP(1) [d].[Id], [d].[DepartmentId], [d].[FullName], [d].[IsActive], [d].[Phone], [d].[Specialization], [d].[UserId]
FROM [Doctors] AS [d]
WHERE [d].[Id] = @p
2026-06-30 09:43:42.341 +03:00 [INF] Executed DbCommand (1ms) [Parameters=[], CommandType='"Text"', CommandTimeout='30']
SELECT [d].[Id], [d].[AppointmentDurationMinutes], [d].[DayOfWeek], [d].[DoctorId], [d].[EndTime], [d].[IsActive], [d].[StartTime]
FROM [DoctorSchedules] AS [d]
2026-06-30 09:43:42.342 +03:00 [INF] Executed DbCommand (1ms) [Parameters=[@p='?' (DbType = Guid)], CommandType='"Text"', CommandTimeout='30']
SELECT TOP(1) [d].[Id], [d].[Description], [d].[IsActive], [d].[Name]
FROM [Departments] AS [d]
WHERE [d].[Id] = @p
2026-06-30 09:43:42.342 +03:00 [INF] HTTP GET /api/doctors responded 200 in 3ms
2026-06-30 09:43:42.342 +03:00 [INF] HTTP GET /api/doctors/41885cdc-0175-4dcb-9824-944a922f6950/schedule responded 200 in 3ms
2026-06-30 09:43:43.572 +03:00 [INF] Executed DbCommand (1ms) [Parameters=[], CommandType='"Text"', CommandTimeout='30']
SELECT [d].[Id], [d].[DepartmentId], [d].[FullName], [d].[IsActive], [d].[Phone], [d].[Specialization], [d].[UserId]
FROM [Doctors] AS [d]
2026-06-30 09:43:43.574 +03:00 [INF] Executed DbCommand (1ms) [Parameters=[@p='?' (DbType = Guid)], CommandType='"Text"', CommandTimeout='30']
SELECT TOP(1) [d].[Id], [d].[Description], [d].[IsActive], [d].[Name]
FROM [Departments] AS [d]
WHERE [d].[Id] = @p
2026-06-30 09:43:43.574 +03:00 [INF] HTTP GET /api/doctors responded 200 in 4ms
2026-06-30 09:43:43.577 +03:00 [INF] Executed DbCommand (1ms) [Parameters=[@p='?' (DbType = Guid)], CommandType='"Text"', CommandTimeout='30']
SELECT TOP(1) [d].[Id], [d].[DepartmentId], [d].[FullName], [d].[IsActive], [d].[Phone], [d].[Specialization], [d].[UserId]
FROM [Doctors] AS [d]
WHERE [d].[Id] = @p
2026-06-30 09:43:43.578 +03:00 [INF] Executed DbCommand (1ms) [Parameters=[], CommandType='"Text"', CommandTimeout='30']
SELECT [d].[Id], [d].[AppointmentDurationMinutes], [d].[DayOfWeek], [d].[DoctorId], [d].[EndTime], [d].[IsActive], [d].[StartTime]
FROM [DoctorSchedules] AS [d]
2026-06-30 09:43:43.579 +03:00 [INF] HTTP GET /api/doctors/41885cdc-0175-4dcb-9824-944a922f6950/schedule responded 200 in 5ms
2026-06-30 09:43:44.729 +03:00 [INF] HTTP OPTIONS /api/doctors responded 204 in 0ms
2026-06-30 09:43:44.730 +03:00 [INF] HTTP OPTIONS /api/departments responded 204 in 0ms
2026-06-30 09:43:44.734 +03:00 [INF] Executed DbCommand (1ms) [Parameters=[], CommandType='"Text"', CommandTimeout='30']
SELECT [d].[Id], [d].[Description], [d].[IsActive], [d].[Name]
FROM [Departments] AS [d]
2026-06-30 09:43:44.734 +03:00 [INF] Executed DbCommand (1ms) [Parameters=[], CommandType='"Text"', CommandTimeout='30']
SELECT [d].[Id], [d].[DepartmentId], [d].[FullName], [d].[IsActive], [d].[Phone], [d].[Specialization], [d].[UserId]
FROM [Doctors] AS [d]
2026-06-30 09:43:44.734 +03:00 [INF] HTTP GET /api/departments responded 200 in 1ms
2026-06-30 09:43:44.735 +03:00 [INF] Executed DbCommand (0ms) [Parameters=[@p='?' (DbType = Guid)], CommandType='"Text"', CommandTimeout='30']
SELECT TOP(1) [d].[Id], [d].[Description], [d].[IsActive], [d].[Name]
FROM [Departments] AS [d]
WHERE [d].[Id] = @p
2026-06-30 09:43:44.735 +03:00 [INF] HTTP GET /api/doctors responded 200 in 2ms
2026-06-30 09:43:47.521 +03:00 [INF] HTTP OPTIONS /api/doctors responded 204 in 0ms
2026-06-30 09:43:47.524 +03:00 [INF] HTTP OPTIONS /api/doctors/44450f15-4382-4c72-9e45-ffb270692955/schedule responded 204 in 0ms
2026-06-30 09:43:47.541 +03:00 [INF] Executed DbCommand (2ms) [Parameters=[], CommandType='"Text"', CommandTimeout='30']
SELECT [d].[Id], [d].[DepartmentId], [d].[FullName], [d].[IsActive], [d].[Phone], [d].[Specialization], [d].[UserId]
FROM [Doctors] AS [d]
2026-06-30 09:43:47.543 +03:00 [INF] Executed DbCommand (2ms) [Parameters=[@p='?' (DbType = Guid)], CommandType='"Text"', CommandTimeout='30']
SELECT TOP(1) [d].[Id], [d].[DepartmentId], [d].[FullName], [d].[IsActive], [d].[Phone], [d].[Specialization], [d].[UserId]
FROM [Doctors] AS [d]
WHERE [d].[Id] = @p
2026-06-30 09:43:47.545 +03:00 [INF] Executed DbCommand (1ms) [Parameters=[@p='?' (DbType = Guid)], CommandType='"Text"', CommandTimeout='30']
SELECT TOP(1) [d].[Id], [d].[Description], [d].[IsActive], [d].[Name]
FROM [Departments] AS [d]
WHERE [d].[Id] = @p
2026-06-30 09:43:47.546 +03:00 [INF] Executed DbCommand (2ms) [Parameters=[], CommandType='"Text"', CommandTimeout='30']
SELECT [d].[Id], [d].[AppointmentDurationMinutes], [d].[DayOfWeek], [d].[DoctorId], [d].[EndTime], [d].[IsActive], [d].[StartTime]
FROM [DoctorSchedules] AS [d]
2026-06-30 09:43:47.547 +03:00 [INF] HTTP GET /api/doctors responded 200 in 11ms
2026-06-30 09:43:47.548 +03:00 [INF] HTTP GET /api/doctors/44450f15-4382-4c72-9e45-ffb270692955/schedule responded 200 in 10ms
2026-06-30 09:43:57.348 +03:00 [INF] HTTP OPTIONS /api/doctors responded 204 in 0ms
2026-06-30 09:43:57.353 +03:00 [INF] HTTP OPTIONS /api/doctors/41885cdc-0175-4dcb-9824-944a922f6950/schedule responded 204 in 0ms
2026-06-30 09:43:57.357 +03:00 [INF] Executed DbCommand (1ms) [Parameters=[], CommandType='"Text"', CommandTimeout='30']
SELECT [d].[Id], [d].[DepartmentId], [d].[FullName], [d].[IsActive], [d].[Phone], [d].[Specialization], [d].[UserId]
FROM [Doctors] AS [d]
2026-06-30 09:43:57.359 +03:00 [INF] Executed DbCommand (1ms) [Parameters=[@p='?' (DbType = Guid)], CommandType='"Text"', CommandTimeout='30']
SELECT TOP(1) [d].[Id], [d].[Description], [d].[IsActive], [d].[Name]
FROM [Departments] AS [d]
WHERE [d].[Id] = @p
2026-06-30 09:43:57.359 +03:00 [INF] HTTP GET /api/doctors responded 200 in 4ms
2026-06-30 09:43:57.360 +03:00 [INF] Executed DbCommand (1ms) [Parameters=[@p='?' (DbType = Guid)], CommandType='"Text"', CommandTimeout='30']
SELECT TOP(1) [d].[Id], [d].[DepartmentId], [d].[FullName], [d].[IsActive], [d].[Phone], [d].[Specialization], [d].[UserId]
FROM [Doctors] AS [d]
WHERE [d].[Id] = @p
2026-06-30 09:43:57.362 +03:00 [INF] Executed DbCommand (1ms) [Parameters=[], CommandType='"Text"', CommandTimeout='30']
SELECT [d].[Id], [d].[AppointmentDurationMinutes], [d].[DayOfWeek], [d].[DoctorId], [d].[EndTime], [d].[IsActive], [d].[StartTime]
FROM [DoctorSchedules] AS [d]
2026-06-30 09:43:57.362 +03:00 [INF] HTTP GET /api/doctors/41885cdc-0175-4dcb-9824-944a922f6950/schedule responded 200 in 4ms
2026-06-30 09:43:58.846 +03:00 [INF] Executed DbCommand (0ms) [Parameters=[], CommandType='"Text"', CommandTimeout='30']
SELECT [d].[Id], [d].[DepartmentId], [d].[FullName], [d].[IsActive], [d].[Phone], [d].[Specialization], [d].[UserId]
FROM [Doctors] AS [d]
2026-06-30 09:43:58.847 +03:00 [INF] Executed DbCommand (1ms) [Parameters=[@p='?' (DbType = Guid)], CommandType='"Text"', CommandTimeout='30']
SELECT TOP(1) [d].[Id], [d].[Description], [d].[IsActive], [d].[Name]
FROM [Departments] AS [d]
WHERE [d].[Id] = @p
2026-06-30 09:43:58.848 +03:00 [INF] HTTP GET /api/doctors responded 200 in 3ms
2026-06-30 09:43:58.848 +03:00 [INF] Executed DbCommand (1ms) [Parameters=[@p='?' (DbType = Guid)], CommandType='"Text"', CommandTimeout='30']
SELECT TOP(1) [d].[Id], [d].[DepartmentId], [d].[FullName], [d].[IsActive], [d].[Phone], [d].[Specialization], [d].[UserId]
FROM [Doctors] AS [d]
WHERE [d].[Id] = @p
2026-06-30 09:43:58.849 +03:00 [INF] Executed DbCommand (0ms) [Parameters=[], CommandType='"Text"', CommandTimeout='30']
SELECT [d].[Id], [d].[AppointmentDurationMinutes], [d].[DayOfWeek], [d].[DoctorId], [d].[EndTime], [d].[IsActive], [d].[StartTime]
FROM [DoctorSchedules] AS [d]
2026-06-30 09:43:58.849 +03:00 [INF] HTTP GET /api/doctors/41885cdc-0175-4dcb-9824-944a922f6950/schedule responded 200 in 2ms
2026-06-30 09:44:50.238 +03:00 [INF] HTTP OPTIONS /api/doctors responded 204 in 0ms
2026-06-30 09:44:50.249 +03:00 [INF] HTTP OPTIONS /api/doctors/41885cdc-0175-4dcb-9824-944a922f6950/schedule responded 204 in 0ms
2026-06-30 09:44:50.260 +03:00 [INF] Executed DbCommand (1ms) [Parameters=[], CommandType='"Text"', CommandTimeout='30']
SELECT [d].[Id], [d].[DepartmentId], [d].[FullName], [d].[IsActive], [d].[Phone], [d].[Specialization], [d].[UserId]
FROM [Doctors] AS [d]
2026-06-30 09:44:50.262 +03:00 [INF] Executed DbCommand (2ms) [Parameters=[@p='?' (DbType = Guid)], CommandType='"Text"', CommandTimeout='30']
SELECT TOP(1) [d].[Id], [d].[DepartmentId], [d].[FullName], [d].[IsActive], [d].[Phone], [d].[Specialization], [d].[UserId]
FROM [Doctors] AS [d]
WHERE [d].[Id] = @p
2026-06-30 09:44:50.263 +03:00 [INF] Executed DbCommand (1ms) [Parameters=[@p='?' (DbType = Guid)], CommandType='"Text"', CommandTimeout='30']
SELECT TOP(1) [d].[Id], [d].[Description], [d].[IsActive], [d].[Name]
FROM [Departments] AS [d]
WHERE [d].[Id] = @p
2026-06-30 09:44:50.264 +03:00 [INF] HTTP GET /api/doctors responded 200 in 8ms
2026-06-30 09:44:50.264 +03:00 [INF] Executed DbCommand (2ms) [Parameters=[], CommandType='"Text"', CommandTimeout='30']
SELECT [d].[Id], [d].[AppointmentDurationMinutes], [d].[DayOfWeek], [d].[DoctorId], [d].[EndTime], [d].[IsActive], [d].[StartTime]
FROM [DoctorSchedules] AS [d]
2026-06-30 09:44:50.265 +03:00 [INF] HTTP GET /api/doctors/41885cdc-0175-4dcb-9824-944a922f6950/schedule responded 200 in 8ms
2026-06-30 09:46:14.082 +03:00 [INF] HTTP OPTIONS /api/doctors responded 204 in 0ms
2026-06-30 09:46:14.090 +03:00 [INF] HTTP OPTIONS /api/doctors/41885cdc-0175-4dcb-9824-944a922f6950/schedule responded 204 in 0ms
2026-06-30 09:46:14.105 +03:00 [INF] Executed DbCommand (1ms) [Parameters=[], CommandType='"Text"', CommandTimeout='30']
SELECT [d].[Id], [d].[DepartmentId], [d].[FullName], [d].[IsActive], [d].[Phone], [d].[Specialization], [d].[UserId]
FROM [Doctors] AS [d]
2026-06-30 09:46:14.107 +03:00 [INF] Executed DbCommand (1ms) [Parameters=[@p='?' (DbType = Guid)], CommandType='"Text"', CommandTimeout='30']
SELECT TOP(1) [d].[Id], [d].[DepartmentId], [d].[FullName], [d].[IsActive], [d].[Phone], [d].[Specialization], [d].[UserId]
FROM [Doctors] AS [d]
WHERE [d].[Id] = @p
2026-06-30 09:46:14.108 +03:00 [INF] Executed DbCommand (1ms) [Parameters=[@p='?' (DbType = Guid)], CommandType='"Text"', CommandTimeout='30']
SELECT TOP(1) [d].[Id], [d].[Description], [d].[IsActive], [d].[Name]
FROM [Departments] AS [d]
WHERE [d].[Id] = @p
2026-06-30 09:46:14.108 +03:00 [INF] HTTP GET /api/doctors responded 200 in 7ms
2026-06-30 09:46:14.109 +03:00 [INF] Executed DbCommand (1ms) [Parameters=[], CommandType='"Text"', CommandTimeout='30']
SELECT [d].[Id], [d].[AppointmentDurationMinutes], [d].[DayOfWeek], [d].[DoctorId], [d].[EndTime], [d].[IsActive], [d].[StartTime]
FROM [DoctorSchedules] AS [d]
2026-06-30 09:46:14.110 +03:00 [INF] HTTP GET /api/doctors/41885cdc-0175-4dcb-9824-944a922f6950/schedule responded 200 in 7ms
2026-06-30 09:46:48.755 +03:00 [INF] HTTP OPTIONS /api/doctors responded 204 in 0ms
2026-06-30 09:46:48.756 +03:00 [INF] HTTP OPTIONS /api/doctors/41885cdc-0175-4dcb-9824-944a922f6950/schedule responded 204 in 0ms
2026-06-30 09:46:48.774 +03:00 [INF] Executed DbCommand (1ms) [Parameters=[], CommandType='"Text"', CommandTimeout='30']
SELECT [d].[Id], [d].[DepartmentId], [d].[FullName], [d].[IsActive], [d].[Phone], [d].[Specialization], [d].[UserId]
FROM [Doctors] AS [d]
2026-06-30 09:46:48.776 +03:00 [INF] Executed DbCommand (2ms) [Parameters=[@p='?' (DbType = Guid)], CommandType='"Text"', CommandTimeout='30']
SELECT TOP(1) [d].[Id], [d].[DepartmentId], [d].[FullName], [d].[IsActive], [d].[Phone], [d].[Specialization], [d].[UserId]
FROM [Doctors] AS [d]
WHERE [d].[Id] = @p
2026-06-30 09:46:48.777 +03:00 [INF] Executed DbCommand (1ms) [Parameters=[@p='?' (DbType = Guid)], CommandType='"Text"', CommandTimeout='30']
SELECT TOP(1) [d].[Id], [d].[Description], [d].[IsActive], [d].[Name]
FROM [Departments] AS [d]
WHERE [d].[Id] = @p
2026-06-30 09:46:48.779 +03:00 [INF] HTTP GET /api/doctors responded 200 in 10ms
2026-06-30 09:46:48.779 +03:00 [INF] Executed DbCommand (2ms) [Parameters=[], CommandType='"Text"', CommandTimeout='30']
SELECT [d].[Id], [d].[AppointmentDurationMinutes], [d].[DayOfWeek], [d].[DoctorId], [d].[EndTime], [d].[IsActive], [d].[StartTime]
FROM [DoctorSchedules] AS [d]
2026-06-30 09:46:48.780 +03:00 [INF] HTTP GET /api/doctors/41885cdc-0175-4dcb-9824-944a922f6950/schedule responded 200 in 9ms
2026-06-30 09:47:47.807 +03:00 [INF] HTTP OPTIONS /api/doctors responded 204 in 0ms
2026-06-30 09:47:47.808 +03:00 [INF] HTTP OPTIONS /api/doctors/41885cdc-0175-4dcb-9824-944a922f6950/schedule responded 204 in 0ms
2026-06-30 09:47:47.815 +03:00 [INF] Executed DbCommand (1ms) [Parameters=[], CommandType='"Text"', CommandTimeout='30']
SELECT [d].[Id], [d].[DepartmentId], [d].[FullName], [d].[IsActive], [d].[Phone], [d].[Specialization], [d].[UserId]
FROM [Doctors] AS [d]
2026-06-30 09:47:47.816 +03:00 [INF] Executed DbCommand (1ms) [Parameters=[@p='?' (DbType = Guid)], CommandType='"Text"', CommandTimeout='30']
SELECT TOP(1) [d].[Id], [d].[DepartmentId], [d].[FullName], [d].[IsActive], [d].[Phone], [d].[Specialization], [d].[UserId]
FROM [Doctors] AS [d]
WHERE [d].[Id] = @p
2026-06-30 09:47:47.817 +03:00 [INF] Executed DbCommand (1ms) [Parameters=[@p='?' (DbType = Guid)], CommandType='"Text"', CommandTimeout='30']
SELECT TOP(1) [d].[Id], [d].[Description], [d].[IsActive], [d].[Name]
FROM [Departments] AS [d]
WHERE [d].[Id] = @p
2026-06-30 09:47:47.818 +03:00 [INF] Executed DbCommand (1ms) [Parameters=[], CommandType='"Text"', CommandTimeout='30']
SELECT [d].[Id], [d].[AppointmentDurationMinutes], [d].[DayOfWeek], [d].[DoctorId], [d].[EndTime], [d].[IsActive], [d].[StartTime]
FROM [DoctorSchedules] AS [d]
2026-06-30 09:47:47.818 +03:00 [INF] HTTP GET /api/doctors responded 200 in 5ms
2026-06-30 09:47:47.818 +03:00 [INF] HTTP GET /api/doctors/41885cdc-0175-4dcb-9824-944a922f6950/schedule responded 200 in 4ms
2026-06-30 09:47:55.786 +03:00 [INF] HTTP OPTIONS /api/doctors responded 204 in 0ms
2026-06-30 09:47:55.789 +03:00 [INF] HTTP OPTIONS /api/doctors/41885cdc-0175-4dcb-9824-944a922f6950/schedule responded 204 in 0ms
2026-06-30 09:47:55.796 +03:00 [INF] Executed DbCommand (1ms) [Parameters=[], CommandType='"Text"', CommandTimeout='30']
SELECT [d].[Id], [d].[DepartmentId], [d].[FullName], [d].[IsActive], [d].[Phone], [d].[Specialization], [d].[UserId]
FROM [Doctors] AS [d]
2026-06-30 09:47:55.798 +03:00 [INF] Executed DbCommand (1ms) [Parameters=[@p='?' (DbType = Guid)], CommandType='"Text"', CommandTimeout='30']
SELECT TOP(1) [d].[Id], [d].[Description], [d].[IsActive], [d].[Name]
FROM [Departments] AS [d]
WHERE [d].[Id] = @p
2026-06-30 09:47:55.798 +03:00 [INF] Executed DbCommand (1ms) [Parameters=[@p='?' (DbType = Guid)], CommandType='"Text"', CommandTimeout='30']
SELECT TOP(1) [d].[Id], [d].[DepartmentId], [d].[FullName], [d].[IsActive], [d].[Phone], [d].[Specialization], [d].[UserId]
FROM [Doctors] AS [d]
WHERE [d].[Id] = @p
2026-06-30 09:47:55.798 +03:00 [INF] HTTP GET /api/doctors responded 200 in 4ms
2026-06-30 09:47:55.799 +03:00 [INF] Executed DbCommand (1ms) [Parameters=[], CommandType='"Text"', CommandTimeout='30']
SELECT [d].[Id], [d].[AppointmentDurationMinutes], [d].[DayOfWeek], [d].[DoctorId], [d].[EndTime], [d].[IsActive], [d].[StartTime]
FROM [DoctorSchedules] AS [d]
2026-06-30 09:47:55.800 +03:00 [INF] HTTP GET /api/doctors/41885cdc-0175-4dcb-9824-944a922f6950/schedule responded 200 in 4ms
2026-06-30 09:49:47.296 +03:00 [INF] HTTP OPTIONS /api/doctors responded 204 in 0ms
2026-06-30 09:49:47.304 +03:00 [INF] HTTP OPTIONS /api/doctors/41885cdc-0175-4dcb-9824-944a922f6950/schedule responded 204 in 0ms
2026-06-30 09:49:47.322 +03:00 [INF] Executed DbCommand (2ms) [Parameters=[], CommandType='"Text"', CommandTimeout='30']
SELECT [d].[Id], [d].[DepartmentId], [d].[FullName], [d].[IsActive], [d].[Phone], [d].[Specialization], [d].[UserId]
FROM [Doctors] AS [d]
2026-06-30 09:49:47.323 +03:00 [INF] Executed DbCommand (2ms) [Parameters=[@p='?' (DbType = Guid)], CommandType='"Text"', CommandTimeout='30']
SELECT TOP(1) [d].[Id], [d].[DepartmentId], [d].[FullName], [d].[IsActive], [d].[Phone], [d].[Specialization], [d].[UserId]
FROM [Doctors] AS [d]
WHERE [d].[Id] = @p
2026-06-30 09:49:47.326 +03:00 [INF] Executed DbCommand (2ms) [Parameters=[], CommandType='"Text"', CommandTimeout='30']
SELECT [d].[Id], [d].[AppointmentDurationMinutes], [d].[DayOfWeek], [d].[DoctorId], [d].[EndTime], [d].[IsActive], [d].[StartTime]
FROM [DoctorSchedules] AS [d]
2026-06-30 09:49:47.327 +03:00 [INF] Executed DbCommand (2ms) [Parameters=[@p='?' (DbType = Guid)], CommandType='"Text"', CommandTimeout='30']
SELECT TOP(1) [d].[Id], [d].[Description], [d].[IsActive], [d].[Name]
FROM [Departments] AS [d]
WHERE [d].[Id] = @p
2026-06-30 09:49:47.328 +03:00 [INF] HTTP GET /api/doctors/41885cdc-0175-4dcb-9824-944a922f6950/schedule responded 200 in 12ms
2026-06-30 09:49:47.328 +03:00 [INF] HTTP GET /api/doctors responded 200 in 13ms
2026-06-30 09:50:27.414 +03:00 [INF] HTTP OPTIONS /api/doctors responded 204 in 0ms
2026-06-30 09:50:27.415 +03:00 [INF] HTTP OPTIONS /api/doctors/41885cdc-0175-4dcb-9824-944a922f6950/schedule responded 204 in 0ms
2026-06-30 09:50:27.422 +03:00 [INF] Executed DbCommand (1ms) [Parameters=[], CommandType='"Text"', CommandTimeout='30']
SELECT [d].[Id], [d].[DepartmentId], [d].[FullName], [d].[IsActive], [d].[Phone], [d].[Specialization], [d].[UserId]
FROM [Doctors] AS [d]
2026-06-30 09:50:27.423 +03:00 [INF] Executed DbCommand (2ms) [Parameters=[@p='?' (DbType = Guid)], CommandType='"Text"', CommandTimeout='30']
SELECT TOP(1) [d].[Id], [d].[DepartmentId], [d].[FullName], [d].[IsActive], [d].[Phone], [d].[Specialization], [d].[UserId]
FROM [Doctors] AS [d]
WHERE [d].[Id] = @p
2026-06-30 09:50:27.423 +03:00 [INF] Executed DbCommand (1ms) [Parameters=[@p='?' (DbType = Guid)], CommandType='"Text"', CommandTimeout='30']
SELECT TOP(1) [d].[Id], [d].[Description], [d].[IsActive], [d].[Name]
FROM [Departments] AS [d]
WHERE [d].[Id] = @p
2026-06-30 09:50:27.423 +03:00 [INF] HTTP GET /api/doctors responded 200 in 4ms
2026-06-30 09:50:27.424 +03:00 [INF] Executed DbCommand (1ms) [Parameters=[], CommandType='"Text"', CommandTimeout='30']
SELECT [d].[Id], [d].[AppointmentDurationMinutes], [d].[DayOfWeek], [d].[DoctorId], [d].[EndTime], [d].[IsActive], [d].[StartTime]
FROM [DoctorSchedules] AS [d]
2026-06-30 09:50:27.425 +03:00 [INF] HTTP GET /api/doctors/41885cdc-0175-4dcb-9824-944a922f6950/schedule responded 200 in 4ms
2026-06-30 09:50:29.378 +03:00 [INF] HTTP OPTIONS /api/doctors responded 204 in 0ms
2026-06-30 09:50:29.380 +03:00 [INF] HTTP OPTIONS /api/departments responded 204 in 0ms
2026-06-30 09:50:29.390 +03:00 [INF] Executed DbCommand (1ms) [Parameters=[], CommandType='"Text"', CommandTimeout='30']
SELECT [d].[Id], [d].[DepartmentId], [d].[FullName], [d].[IsActive], [d].[Phone], [d].[Specialization], [d].[UserId]
FROM [Doctors] AS [d]
2026-06-30 09:50:29.391 +03:00 [INF] Executed DbCommand (1ms) [Parameters=[], CommandType='"Text"', CommandTimeout='30']
SELECT [d].[Id], [d].[Description], [d].[IsActive], [d].[Name]
FROM [Departments] AS [d]
2026-06-30 09:50:29.392 +03:00 [INF] HTTP GET /api/departments responded 200 in 4ms
2026-06-30 09:50:29.393 +03:00 [INF] Executed DbCommand (2ms) [Parameters=[@p='?' (DbType = Guid)], CommandType='"Text"', CommandTimeout='30']
SELECT TOP(1) [d].[Id], [d].[Description], [d].[IsActive], [d].[Name]
FROM [Departments] AS [d]
WHERE [d].[Id] = @p
2026-06-30 09:50:29.394 +03:00 [INF] HTTP GET /api/doctors responded 200 in 6ms
2026-06-30 09:50:31.369 +03:00 [INF] Executed DbCommand (1ms) [Parameters=[], CommandType='"Text"', CommandTimeout='30']
SELECT [d].[Id], [d].[Description], [d].[IsActive], [d].[Name]
FROM [Departments] AS [d]
2026-06-30 09:50:31.369 +03:00 [INF] Executed DbCommand (1ms) [Parameters=[], CommandType='"Text"', CommandTimeout='30']
SELECT [d].[Id], [d].[DepartmentId], [d].[FullName], [d].[IsActive], [d].[Phone], [d].[Specialization], [d].[UserId]
FROM [Doctors] AS [d]
2026-06-30 09:50:31.369 +03:00 [INF] HTTP GET /api/departments responded 200 in 2ms
2026-06-30 09:50:31.371 +03:00 [INF] Executed DbCommand (1ms) [Parameters=[@p='?' (DbType = Guid)], CommandType='"Text"', CommandTimeout='30']
SELECT TOP(1) [d].[Id], [d].[Description], [d].[IsActive], [d].[Name]
FROM [Departments] AS [d]
WHERE [d].[Id] = @p
2026-06-30 09:50:31.371 +03:00 [INF] HTTP GET /api/doctors responded 200 in 4ms
2026-06-30 09:50:33.777 +03:00 [INF] HTTP OPTIONS /api/doctors responded 204 in 0ms
2026-06-30 09:50:33.780 +03:00 [INF] HTTP OPTIONS /api/doctors/41885cdc-0175-4dcb-9824-944a922f6950/schedule responded 204 in 0ms
2026-06-30 09:50:33.792 +03:00 [INF] Executed DbCommand (1ms) [Parameters=[], CommandType='"Text"', CommandTimeout='30']
SELECT [d].[Id], [d].[DepartmentId], [d].[FullName], [d].[IsActive], [d].[Phone], [d].[Specialization], [d].[UserId]
FROM [Doctors] AS [d]
2026-06-30 09:50:33.792 +03:00 [INF] Executed DbCommand (1ms) [Parameters=[@p='?' (DbType = Guid)], CommandType='"Text"', CommandTimeout='30']
SELECT TOP(1) [d].[Id], [d].[DepartmentId], [d].[FullName], [d].[IsActive], [d].[Phone], [d].[Specialization], [d].[UserId]
FROM [Doctors] AS [d]
WHERE [d].[Id] = @p
2026-06-30 09:50:33.794 +03:00 [INF] Executed DbCommand (1ms) [Parameters=[], CommandType='"Text"', CommandTimeout='30']
SELECT [d].[Id], [d].[AppointmentDurationMinutes], [d].[DayOfWeek], [d].[DoctorId], [d].[EndTime], [d].[IsActive], [d].[StartTime]
FROM [DoctorSchedules] AS [d]
2026-06-30 09:50:33.795 +03:00 [INF] Executed DbCommand (2ms) [Parameters=[@p='?' (DbType = Guid)], CommandType='"Text"', CommandTimeout='30']
SELECT TOP(1) [d].[Id], [d].[Description], [d].[IsActive], [d].[Name]
FROM [Departments] AS [d]
WHERE [d].[Id] = @p
2026-06-30 09:50:33.796 +03:00 [INF] HTTP GET /api/doctors/41885cdc-0175-4dcb-9824-944a922f6950/schedule responded 200 in 6ms
2026-06-30 09:50:33.796 +03:00 [INF] HTTP GET /api/doctors responded 200 in 8ms
2026-06-30 09:50:43.523 +03:00 [INF] HTTP OPTIONS /api/doctors/default-schedule responded 204 in 0ms
2026-06-30 09:50:43.532 +03:00 [INF] HTTP GET /api/doctors/default-schedule responded 404 in 0ms
2026-06-30 09:50:44.543 +03:00 [INF] HTTP GET /api/doctors/default-schedule responded 404 in 0ms
2026-06-30 09:51:03.928 +03:00 [INF] HTTP OPTIONS /api/doctors responded 204 in 0ms
2026-06-30 09:51:03.929 +03:00 [INF] HTTP OPTIONS /api/departments responded 204 in 0ms
2026-06-30 09:51:03.939 +03:00 [INF] Executed DbCommand (1ms) [Parameters=[], CommandType='"Text"', CommandTimeout='30']
SELECT [d].[Id], [d].[Description], [d].[IsActive], [d].[Name]
FROM [Departments] AS [d]
2026-06-30 09:51:03.940 +03:00 [INF] Executed DbCommand (2ms) [Parameters=[], CommandType='"Text"', CommandTimeout='30']
SELECT [d].[Id], [d].[DepartmentId], [d].[FullName], [d].[IsActive], [d].[Phone], [d].[Specialization], [d].[UserId]
FROM [Doctors] AS [d]
2026-06-30 09:51:03.940 +03:00 [INF] HTTP GET /api/departments responded 200 in 4ms
2026-06-30 09:51:03.942 +03:00 [INF] Executed DbCommand (1ms) [Parameters=[@p='?' (DbType = Guid)], CommandType='"Text"', CommandTimeout='30']
SELECT TOP(1) [d].[Id], [d].[Description], [d].[IsActive], [d].[Name]
FROM [Departments] AS [d]
WHERE [d].[Id] = @p
2026-06-30 09:51:03.944 +03:00 [INF] HTTP GET /api/doctors responded 200 in 8ms
2026-06-30 09:51:06.655 +03:00 [INF] HTTP OPTIONS /api/doctors responded 204 in 0ms
2026-06-30 09:51:06.656 +03:00 [INF] HTTP OPTIONS /api/doctors/41885cdc-0175-4dcb-9824-944a922f6950/schedule responded 204 in 0ms
2026-06-30 09:51:06.668 +03:00 [INF] Executed DbCommand (1ms) [Parameters=[], CommandType='"Text"', CommandTimeout='30']
SELECT [d].[Id], [d].[DepartmentId], [d].[FullName], [d].[IsActive], [d].[Phone], [d].[Specialization], [d].[UserId]
FROM [Doctors] AS [d]
2026-06-30 09:51:06.669 +03:00 [INF] Executed DbCommand (1ms) [Parameters=[@p='?' (DbType = Guid)], CommandType='"Text"', CommandTimeout='30']
SELECT TOP(1) [d].[Id], [d].[DepartmentId], [d].[FullName], [d].[IsActive], [d].[Phone], [d].[Specialization], [d].[UserId]
FROM [Doctors] AS [d]
WHERE [d].[Id] = @p
2026-06-30 09:51:06.669 +03:00 [INF] Executed DbCommand (1ms) [Parameters=[@p='?' (DbType = Guid)], CommandType='"Text"', CommandTimeout='30']
SELECT TOP(1) [d].[Id], [d].[Description], [d].[IsActive], [d].[Name]
FROM [Departments] AS [d]
WHERE [d].[Id] = @p
2026-06-30 09:51:06.670 +03:00 [INF] HTTP GET /api/doctors responded 200 in 5ms
2026-06-30 09:51:06.671 +03:00 [INF] Executed DbCommand (1ms) [Parameters=[], CommandType='"Text"', CommandTimeout='30']
SELECT [d].[Id], [d].[AppointmentDurationMinutes], [d].[DayOfWeek], [d].[DoctorId], [d].[EndTime], [d].[IsActive], [d].[StartTime]
FROM [DoctorSchedules] AS [d]
2026-06-30 09:51:06.672 +03:00 [INF] HTTP GET /api/doctors/41885cdc-0175-4dcb-9824-944a922f6950/schedule responded 200 in 6ms
2026-06-30 09:52:32.843 +03:00 [INF] Executed DbCommand (48ms) [Parameters=[], CommandType='"Text"', CommandTimeout='30']
SELECT 1
2026-06-30 09:52:32.948 +03:00 [INF] Acquiring an exclusive lock for migration application. See https://aka.ms/efcore-docs-migrations-lock for more information if this takes too long.
2026-06-30 09:52:32.988 +03:00 [INF] Executed DbCommand (33ms) [Parameters=[], CommandType='"Text"', CommandTimeout='30']
DECLARE @result int;
EXEC @result = sp_getapplock @Resource = '__EFMigrationsLock', @LockOwner = 'Session', @LockMode = 'Exclusive';
SELECT @result
2026-06-30 09:52:33.087 +03:00 [INF] Executed DbCommand (3ms) [Parameters=[], CommandType='"Text"', CommandTimeout='30']
IF OBJECT_ID(N'[__EFMigrationsHistory]') IS NULL
BEGIN
    CREATE TABLE [__EFMigrationsHistory] (
        [MigrationId] nvarchar(150) NOT NULL,
        [ProductVersion] nvarchar(32) NOT NULL,
        CONSTRAINT [PK___EFMigrationsHistory] PRIMARY KEY ([MigrationId])
    );
END;
2026-06-30 09:52:33.112 +03:00 [INF] Executed DbCommand (0ms) [Parameters=[], CommandType='"Text"', CommandTimeout='30']
SELECT 1
2026-06-30 09:52:33.114 +03:00 [INF] Executed DbCommand (1ms) [Parameters=[], CommandType='"Text"', CommandTimeout='30']
SELECT OBJECT_ID(N'[__EFMigrationsHistory]');
2026-06-30 09:52:33.128 +03:00 [INF] Executed DbCommand (9ms) [Parameters=[], CommandType='"Text"', CommandTimeout='30']
SELECT [MigrationId], [ProductVersion]
FROM [__EFMigrationsHistory]
ORDER BY [MigrationId];
2026-06-30 09:52:33.144 +03:00 [INF] No migrations were applied. The database is already up to date.
2026-06-30 09:52:33.149 +03:00 [INF] Executed DbCommand (3ms) [Parameters=[], CommandType='"Text"', CommandTimeout='30']
DECLARE @result int;
EXEC @result = sp_releaseapplock @Resource = '__EFMigrationsLock', @LockOwner = 'Session';
SELECT @result
2026-06-30 09:52:33.469 +03:00 [INF] Executed DbCommand (6ms) [Parameters=[], CommandType='"Text"', CommandTimeout='30']
SELECT CASE
    WHEN EXISTS (
        SELECT 1
        FROM [Users] AS [u]) THEN CAST(1 AS bit)
    ELSE CAST(0 AS bit)
END
2026-06-30 09:52:33.477 +03:00 [INF] Database already seeded. Ensuring demo accounts exist.
2026-06-30 09:52:33.611 +03:00 [INF] Executed DbCommand (2ms) [Parameters=[], CommandType='"Text"', CommandTimeout='30']
SELECT TOP(1) [u].[Id], [u].[CreatedAt], [u].[Email], [u].[IsActive], [u].[PasswordHash], [u].[Role]
FROM [Users] AS [u]
WHERE [u].[Email] = N'patient@hospital.com'
2026-06-30 09:52:33.752 +03:00 [INF] Executed DbCommand (20ms) [Parameters=[@patientUser_Id='?' (DbType = Guid)], CommandType='"Text"', CommandTimeout='30']
SELECT TOP(1) [p].[Id], [p].[Address], [p].[BloodType], [p].[CreatedAt], [p].[DateOfBirth], [p].[Email], [p].[FullName], [p].[Gender], [p].[NationalId], [p].[Phone], [p].[UserId]
FROM [Patients] AS [p]
WHERE [p].[UserId] = @patientUser_Id
2026-06-30 09:52:33.828 +03:00 [ERR] Failed executing DbCommand (5ms) [Parameters=[], CommandType='"Text"', CommandTimeout='30']
SELECT CASE
    WHEN EXISTS (
        SELECT 1
        FROM [DefaultDoctorSchedules] AS [d]) THEN CAST(1 AS bit)
    ELSE CAST(0 AS bit)
END
2026-06-30 09:52:33.846 +03:00 [ERR] An exception occurred while iterating over the results of a query for context type 'HospitalSystem.Infrastructure.Persistence.HospitalDbContext'.
Microsoft.Data.SqlClient.SqlException (0x80131904): Invalid object name 'DefaultDoctorSchedules'.
   at Microsoft.Data.SqlClient.SqlCommand.<>c.<ExecuteDbDataReaderAsync>b__195_0(Task`1 result)
   at System.Threading.Tasks.ContinuationResultTaskFromResultTask`2.InnerInvoke()
   at System.Threading.ExecutionContext.RunInternal(ExecutionContext executionContext, ContextCallback callback, Object state)
--- End of stack trace from previous location ---
   at System.Threading.ExecutionContext.RunInternal(ExecutionContext executionContext, ContextCallback callback, Object state)
   at System.Threading.Tasks.Task.ExecuteWithThreadLocal(Task& currentTaskSlot, Thread threadPoolThread)
--- End of stack trace from previous location ---
   at Microsoft.EntityFrameworkCore.Storage.RelationalCommand.ExecuteReaderAsync(RelationalCommandParameterObject parameterObject, CancellationToken cancellationToken)
   at Microsoft.EntityFrameworkCore.Storage.RelationalCommand.ExecuteReaderAsync(RelationalCommandParameterObject parameterObject, CancellationToken cancellationToken)
   at Microsoft.EntityFrameworkCore.Query.Internal.SingleQueryingEnumerable`1.AsyncEnumerator.InitializeReaderAsync(AsyncEnumerator enumerator, CancellationToken cancellationToken)
   at Microsoft.EntityFrameworkCore.SqlServer.Storage.Internal.SqlServerExecutionStrategy.ExecuteAsync[TState,TResult](TState state, Func`4 operation, Func`4 verifySucceeded, CancellationToken cancellationToken)
   at Microsoft.EntityFrameworkCore.Query.Internal.SingleQueryingEnumerable`1.AsyncEnumerator.MoveNextAsync()
ClientConnectionId:957e487e-9383-4bfd-b938-851317894ec8
Error Number:208,State:1,Class:16
Microsoft.Data.SqlClient.SqlException (0x80131904): Invalid object name 'DefaultDoctorSchedules'.
   at Microsoft.Data.SqlClient.SqlCommand.<>c.<ExecuteDbDataReaderAsync>b__195_0(Task`1 result)
   at System.Threading.Tasks.ContinuationResultTaskFromResultTask`2.InnerInvoke()
   at System.Threading.ExecutionContext.RunInternal(ExecutionContext executionContext, ContextCallback callback, Object state)
--- End of stack trace from previous location ---
   at System.Threading.ExecutionContext.RunInternal(ExecutionContext executionContext, ContextCallback callback, Object state)
   at System.Threading.Tasks.Task.ExecuteWithThreadLocal(Task& currentTaskSlot, Thread threadPoolThread)
--- End of stack trace from previous location ---
   at Microsoft.EntityFrameworkCore.Storage.RelationalCommand.ExecuteReaderAsync(RelationalCommandParameterObject parameterObject, CancellationToken cancellationToken)
   at Microsoft.EntityFrameworkCore.Storage.RelationalCommand.ExecuteReaderAsync(RelationalCommandParameterObject parameterObject, CancellationToken cancellationToken)
   at Microsoft.EntityFrameworkCore.Query.Internal.SingleQueryingEnumerable`1.AsyncEnumerator.InitializeReaderAsync(AsyncEnumerator enumerator, CancellationToken cancellationToken)
   at Microsoft.EntityFrameworkCore.SqlServer.Storage.Internal.SqlServerExecutionStrategy.ExecuteAsync[TState,TResult](TState state, Func`4 operation, Func`4 verifySucceeded, CancellationToken cancellationToken)
   at Microsoft.EntityFrameworkCore.Query.Internal.SingleQueryingEnumerable`1.AsyncEnumerator.MoveNextAsync()
ClientConnectionId:957e487e-9383-4bfd-b938-851317894ec8
Error Number:208,State:1,Class:16
2026-06-30 09:53:35.529 +03:00 [INF] Executed DbCommand (35ms) [Parameters=[], CommandType='"Text"', CommandTimeout='30']
SELECT 1
2026-06-30 09:53:35.592 +03:00 [INF] Acquiring an exclusive lock for migration application. See https://aka.ms/efcore-docs-migrations-lock for more information if this takes too long.
2026-06-30 09:53:35.633 +03:00 [INF] Executed DbCommand (35ms) [Parameters=[], CommandType='"Text"', CommandTimeout='30']
DECLARE @result int;
EXEC @result = sp_getapplock @Resource = '__EFMigrationsLock', @LockOwner = 'Session', @LockMode = 'Exclusive';
SELECT @result
2026-06-30 09:53:35.757 +03:00 [INF] Executed DbCommand (2ms) [Parameters=[], CommandType='"Text"', CommandTimeout='30']
IF OBJECT_ID(N'[__EFMigrationsHistory]') IS NULL
BEGIN
    CREATE TABLE [__EFMigrationsHistory] (
        [MigrationId] nvarchar(150) NOT NULL,
        [ProductVersion] nvarchar(32) NOT NULL,
        CONSTRAINT [PK___EFMigrationsHistory] PRIMARY KEY ([MigrationId])
    );
END;
2026-06-30 09:53:35.786 +03:00 [INF] Executed DbCommand (1ms) [Parameters=[], CommandType='"Text"', CommandTimeout='30']
SELECT 1
2026-06-30 09:53:35.788 +03:00 [INF] Executed DbCommand (1ms) [Parameters=[], CommandType='"Text"', CommandTimeout='30']
SELECT OBJECT_ID(N'[__EFMigrationsHistory]');
2026-06-30 09:53:35.804 +03:00 [INF] Executed DbCommand (10ms) [Parameters=[], CommandType='"Text"', CommandTimeout='30']
SELECT [MigrationId], [ProductVersion]
FROM [__EFMigrationsHistory]
ORDER BY [MigrationId];
2026-06-30 09:53:35.829 +03:00 [INF] Applying migration '20260630065000_AddDefaultDoctorSchedule'.
2026-06-30 09:53:35.850 +03:00 [INF] Executed DbCommand (7ms) [Parameters=[], CommandType='"Text"', CommandTimeout='30']
CREATE TABLE [DefaultDoctorSchedules] (
    [Id] uniqueidentifier NOT NULL,
    [DayOfWeek] int NOT NULL,
    [StartTime] time NOT NULL,
    [EndTime] time NOT NULL,
    [AppointmentDurationMinutes] int NOT NULL,
    [IsActive] bit NOT NULL,
    CONSTRAINT [PK_DefaultDoctorSchedules] PRIMARY KEY ([Id])
);
2026-06-30 09:53:35.853 +03:00 [INF] Executed DbCommand (2ms) [Parameters=[], CommandType='"Text"', CommandTimeout='30']
CREATE UNIQUE INDEX [IX_DefaultDoctorSchedules_DayOfWeek] ON [DefaultDoctorSchedules] ([DayOfWeek]) WHERE [DayOfWeek] IS NOT NULL;
2026-06-30 09:53:35.855 +03:00 [INF] Executed DbCommand (2ms) [Parameters=[], CommandType='"Text"', CommandTimeout='30']
INSERT INTO [__EFMigrationsHistory] ([MigrationId], [ProductVersion])
VALUES (N'20260630065000_AddDefaultDoctorSchedule', N'10.0.9');
2026-06-30 09:53:35.862 +03:00 [INF] Executed DbCommand (4ms) [Parameters=[], CommandType='"Text"', CommandTimeout='30']
DECLARE @result int;
EXEC @result = sp_releaseapplock @Resource = '__EFMigrationsLock', @LockOwner = 'Session';
SELECT @result
2026-06-30 09:53:36.189 +03:00 [INF] Executed DbCommand (6ms) [Parameters=[], CommandType='"Text"', CommandTimeout='30']
SELECT CASE
    WHEN EXISTS (
        SELECT 1
        FROM [Users] AS [u]) THEN CAST(1 AS bit)
    ELSE CAST(0 AS bit)
END
2026-06-30 09:53:36.195 +03:00 [INF] Database already seeded. Ensuring demo accounts exist.
2026-06-30 09:53:36.343 +03:00 [INF] Executed DbCommand (4ms) [Parameters=[], CommandType='"Text"', CommandTimeout='30']
SELECT TOP(1) [u].[Id], [u].[CreatedAt], [u].[Email], [u].[IsActive], [u].[PasswordHash], [u].[Role]
FROM [Users] AS [u]
WHERE [u].[Email] = N'patient@hospital.com'
2026-06-30 09:53:36.576 +03:00 [INF] Executed DbCommand (49ms) [Parameters=[@patientUser_Id='?' (DbType = Guid)], CommandType='"Text"', CommandTimeout='30']
SELECT TOP(1) [p].[Id], [p].[Address], [p].[BloodType], [p].[CreatedAt], [p].[DateOfBirth], [p].[Email], [p].[FullName], [p].[Gender], [p].[NationalId], [p].[Phone], [p].[UserId]
FROM [Patients] AS [p]
WHERE [p].[UserId] = @patientUser_Id
2026-06-30 09:53:36.683 +03:00 [INF] Executed DbCommand (3ms) [Parameters=[], CommandType='"Text"', CommandTimeout='30']
SELECT CASE
    WHEN EXISTS (
        SELECT 1
        FROM [DefaultDoctorSchedules] AS [d]) THEN CAST(1 AS bit)
    ELSE CAST(0 AS bit)
END
2026-06-30 09:53:36.684 +03:00 [INF] Seeding default doctor schedule.
2026-06-30 09:53:36.885 +03:00 [INF] Executed DbCommand (8ms) [Parameters=[@p0='?' (DbType = Guid), @p1='?' (DbType = Int32), @p2='?' (DbType = Int32), @p3='?' (DbType = Time), @p4='?' (DbType = Boolean), @p5='?' (DbType = Time), @p6='?' (DbType = Guid), @p7='?' (DbType = Int32), @p8='?' (DbType = Int32), @p9='?' (DbType = Time), @p10='?' (DbType = Boolean), @p11='?' (DbType = Time), @p12='?' (DbType = Guid), @p13='?' (DbType = Int32), @p14='?' (DbType = Int32), @p15='?' (DbType = Time), @p16='?' (DbType = Boolean), @p17='?' (DbType = Time), @p18='?' (DbType = Guid), @p19='?' (DbType = Int32), @p20='?' (DbType = Int32), @p21='?' (DbType = Time), @p22='?' (DbType = Boolean), @p23='?' (DbType = Time), @p24='?' (DbType = Guid), @p25='?' (DbType = Int32), @p26='?' (DbType = Int32), @p27='?' (DbType = Time), @p28='?' (DbType = Boolean), @p29='?' (DbType = Time)], CommandType='"Text"', CommandTimeout='30']
SET IMPLICIT_TRANSACTIONS OFF;
SET NOCOUNT ON;
INSERT INTO [DefaultDoctorSchedules] ([Id], [AppointmentDurationMinutes], [DayOfWeek], [EndTime], [IsActive], [StartTime])
VALUES (@p0, @p1, @p2, @p3, @p4, @p5),
(@p6, @p7, @p8, @p9, @p10, @p11),
(@p12, @p13, @p14, @p15, @p16, @p17),
(@p18, @p19, @p20, @p21, @p22, @p23),
(@p24, @p25, @p26, @p27, @p28, @p29);
2026-06-30 09:53:37.219 +03:00 [INF] Now listening on: http://localhost:5000
2026-06-30 09:53:37.220 +03:00 [INF] Application started. Press Ctrl+C to shut down.
2026-06-30 09:53:37.220 +03:00 [INF] Hosting environment: Development
2026-06-30 09:53:37.220 +03:00 [INF] Content root path: G:\DEPI\HospitalSystem.API
2026-06-30 09:53:48.290 +03:00 [WRN] Failed to determine the https port for redirect.
2026-06-30 09:53:48.304 +03:00 [INF] HTTP OPTIONS /api/doctors responded 204 in 113ms
2026-06-30 09:53:48.304 +03:00 [INF] HTTP OPTIONS /api/doctors/41885cdc-0175-4dcb-9824-944a922f6950/schedule responded 204 in 113ms
2026-06-30 09:53:48.942 +03:00 [INF] Executed DbCommand (6ms) [Parameters=[], CommandType='"Text"', CommandTimeout='30']
SELECT [d].[Id], [d].[DepartmentId], [d].[FullName], [d].[IsActive], [d].[Phone], [d].[Specialization], [d].[UserId]
FROM [Doctors] AS [d]
2026-06-30 09:53:49.088 +03:00 [INF] Executed DbCommand (5ms) [Parameters=[@p='?' (DbType = Guid)], CommandType='"Text"', CommandTimeout='30']
SELECT TOP(1) [d].[Id], [d].[DepartmentId], [d].[FullName], [d].[IsActive], [d].[Phone], [d].[Specialization], [d].[UserId]
FROM [Doctors] AS [d]
WHERE [d].[Id] = @p
2026-06-30 09:53:49.105 +03:00 [INF] Executed DbCommand (7ms) [Parameters=[@p='?' (DbType = Guid)], CommandType='"Text"', CommandTimeout='30']
SELECT TOP(1) [d].[Id], [d].[Description], [d].[IsActive], [d].[Name]
FROM [Departments] AS [d]
WHERE [d].[Id] = @p
2026-06-30 09:53:49.121 +03:00 [INF] Executed DbCommand (5ms) [Parameters=[], CommandType='"Text"', CommandTimeout='30']
SELECT [d].[Id], [d].[AppointmentDurationMinutes], [d].[DayOfWeek], [d].[DoctorId], [d].[EndTime], [d].[IsActive], [d].[StartTime]
FROM [DoctorSchedules] AS [d]
2026-06-30 09:53:49.311 +03:00 [INF] HTTP GET /api/doctors responded 200 in 983ms
2026-06-30 09:53:49.342 +03:00 [INF] HTTP GET /api/doctors/41885cdc-0175-4dcb-9824-944a922f6950/schedule responded 200 in 1013ms
2026-06-30 09:53:49.899 +03:00 [INF] HTTP OPTIONS /api/doctors/default-schedule responded 204 in 0ms
2026-06-30 09:53:49.972 +03:00 [INF] Executed DbCommand (3ms) [Parameters=[], CommandType='"Text"', CommandTimeout='30']
SELECT [d].[Id], [d].[AppointmentDurationMinutes], [d].[DayOfWeek], [d].[EndTime], [d].[IsActive], [d].[StartTime]
FROM [DefaultDoctorSchedules] AS [d]
2026-06-30 09:53:49.976 +03:00 [INF] HTTP GET /api/doctors/default-schedule responded 200 in 71ms
2026-06-30 09:53:53.806 +03:00 [INF] Executed DbCommand (1ms) [Parameters=[], CommandType='"Text"', CommandTimeout='30']
SELECT [d].[Id], [d].[AppointmentDurationMinutes], [d].[DayOfWeek], [d].[EndTime], [d].[IsActive], [d].[StartTime]
FROM [DefaultDoctorSchedules] AS [d]
2026-06-30 09:53:53.811 +03:00 [INF] HTTP GET /api/doctors/default-schedule responded 200 in 14ms
2026-06-30 09:54:05.939 +03:00 [INF] HTTP OPTIONS /api/doctors/default-schedule/apply-all responded 204 in 0ms
2026-06-30 09:54:05.974 +03:00 [INF] Executed DbCommand (1ms) [Parameters=[], CommandType='"Text"', CommandTimeout='30']
SELECT [d].[Id], [d].[AppointmentDurationMinutes], [d].[DayOfWeek], [d].[EndTime], [d].[IsActive], [d].[StartTime]
FROM [DefaultDoctorSchedules] AS [d]
2026-06-30 09:54:05.979 +03:00 [INF] Executed DbCommand (1ms) [Parameters=[], CommandType='"Text"', CommandTimeout='30']
SELECT [d].[Id], [d].[DepartmentId], [d].[FullName], [d].[IsActive], [d].[Phone], [d].[Specialization], [d].[UserId]
FROM [Doctors] AS [d]
2026-06-30 09:54:05.991 +03:00 [INF] Executed DbCommand (1ms) [Parameters=[], CommandType='"Text"', CommandTimeout='30']
SELECT [d].[Id], [d].[AppointmentDurationMinutes], [d].[DayOfWeek], [d].[DoctorId], [d].[EndTime], [d].[IsActive], [d].[StartTime]
FROM [DoctorSchedules] AS [d]
2026-06-30 09:54:06.165 +03:00 [INF] Executed DbCommand (33ms) [Parameters=[@p6='?' (DbType = Guid), @p0='?' (DbType = Int32), @p1='?' (DbType = Int32), @p2='?' (DbType = Guid), @p3='?' (DbType = Time), @p4='?' (DbType = Boolean), @p5='?' (DbType = Time), @p13='?' (DbType = Guid), @p7='?' (DbType = Int32), @p8='?' (DbType = Int32), @p9='?' (DbType = Guid), @p10='?' (DbType = Time), @p11='?' (DbType = Boolean), @p12='?' (DbType = Time), @p20='?' (DbType = Guid), @p14='?' (DbType = Int32), @p15='?' (DbType = Int32), @p16='?' (DbType = Guid), @p17='?' (DbType = Time), @p18='?' (DbType = Boolean), @p19='?' (DbType = Time), @p21='?' (DbType = Guid), @p22='?' (DbType = Int32), @p23='?' (DbType = Int32), @p24='?' (DbType = Guid), @p25='?' (DbType = Time), @p26='?' (DbType = Boolean), @p27='?' (DbType = Time), @p28='?' (DbType = Guid), @p29='?' (DbType = Int32), @p30='?' (DbType = Int32), @p31='?' (DbType = Guid), @p32='?' (DbType = Time), @p33='?' (DbType = Boolean), @p34='?' (DbType = Time)], CommandType='"Text"', CommandTimeout='30']
SET NOCOUNT ON;
UPDATE [DoctorSchedules] SET [AppointmentDurationMinutes] = @p0, [DayOfWeek] = @p1, [DoctorId] = @p2, [EndTime] = @p3, [IsActive] = @p4, [StartTime] = @p5
OUTPUT 1
WHERE [Id] = @p6;
UPDATE [DoctorSchedules] SET [AppointmentDurationMinutes] = @p7, [DayOfWeek] = @p8, [DoctorId] = @p9, [EndTime] = @p10, [IsActive] = @p11, [StartTime] = @p12
OUTPUT 1
WHERE [Id] = @p13;
UPDATE [DoctorSchedules] SET [AppointmentDurationMinutes] = @p14, [DayOfWeek] = @p15, [DoctorId] = @p16, [EndTime] = @p17, [IsActive] = @p18, [StartTime] = @p19
OUTPUT 1
WHERE [Id] = @p20;
INSERT INTO [DoctorSchedules] ([Id], [AppointmentDurationMinutes], [DayOfWeek], [DoctorId], [EndTime], [IsActive], [StartTime])
VALUES (@p21, @p22, @p23, @p24, @p25, @p26, @p27),
(@p28, @p29, @p30, @p31, @p32, @p33, @p34);
2026-06-30 09:54:06.177 +03:00 [INF] Executed DbCommand (1ms) [Parameters=[], CommandType='"Text"', CommandTimeout='30']
SELECT [d].[Id], [d].[AppointmentDurationMinutes], [d].[DayOfWeek], [d].[DoctorId], [d].[EndTime], [d].[IsActive], [d].[StartTime]
FROM [DoctorSchedules] AS [d]
2026-06-30 09:54:06.214 +03:00 [INF] Executed DbCommand (32ms) [Parameters=[@p6='?' (DbType = Guid), @p0='?' (DbType = Int32), @p1='?' (DbType = Int32), @p2='?' (DbType = Guid), @p3='?' (DbType = Time), @p4='?' (DbType = Boolean), @p5='?' (DbType = Time), @p13='?' (DbType = Guid), @p7='?' (DbType = Int32), @p8='?' (DbType = Int32), @p9='?' (DbType = Guid), @p10='?' (DbType = Time), @p11='?' (DbType = Boolean), @p12='?' (DbType = Time), @p20='?' (DbType = Guid), @p14='?' (DbType = Int32), @p15='?' (DbType = Int32), @p16='?' (DbType = Guid), @p17='?' (DbType = Time), @p18='?' (DbType = Boolean), @p19='?' (DbType = Time), @p27='?' (DbType = Guid), @p21='?' (DbType = Int32), @p22='?' (DbType = Int32), @p23='?' (DbType = Guid), @p24='?' (DbType = Time), @p25='?' (DbType = Boolean), @p26='?' (DbType = Time), @p34='?' (DbType = Guid), @p28='?' (DbType = Int32), @p29='?' (DbType = Int32), @p30='?' (DbType = Guid), @p31='?' (DbType = Time), @p32='?' (DbType = Boolean), @p33='?' (DbType = Time)], CommandType='"Text"', CommandTimeout='30']
SET NOCOUNT ON;
UPDATE [DoctorSchedules] SET [AppointmentDurationMinutes] = @p0, [DayOfWeek] = @p1, [DoctorId] = @p2, [EndTime] = @p3, [IsActive] = @p4, [StartTime] = @p5
OUTPUT 1
WHERE [Id] = @p6;
UPDATE [DoctorSchedules] SET [AppointmentDurationMinutes] = @p7, [DayOfWeek] = @p8, [DoctorId] = @p9, [EndTime] = @p10, [IsActive] = @p11, [StartTime] = @p12
OUTPUT 1
WHERE [Id] = @p13;
UPDATE [DoctorSchedules] SET [AppointmentDurationMinutes] = @p14, [DayOfWeek] = @p15, [DoctorId] = @p16, [EndTime] = @p17, [IsActive] = @p18, [StartTime] = @p19
OUTPUT 1
WHERE [Id] = @p20;
UPDATE [DoctorSchedules] SET [AppointmentDurationMinutes] = @p21, [DayOfWeek] = @p22, [DoctorId] = @p23, [EndTime] = @p24, [IsActive] = @p25, [StartTime] = @p26
OUTPUT 1
WHERE [Id] = @p27;
UPDATE [DoctorSchedules] SET [AppointmentDurationMinutes] = @p28, [DayOfWeek] = @p29, [DoctorId] = @p30, [EndTime] = @p31, [IsActive] = @p32, [StartTime] = @p33
OUTPUT 1
WHERE [Id] = @p34;
2026-06-30 09:54:06.225 +03:00 [INF] HTTP POST /api/doctors/default-schedule/apply-all responded 200 in 281ms
2026-06-30 09:54:32.738 +03:00 [INF] HTTP OPTIONS /api/doctors/default-schedule responded 204 in 0ms
2026-06-30 09:54:32.886 +03:00 [INF] Executed DbCommand (1ms) [Parameters=[], CommandType='"Text"', CommandTimeout='30']
SELECT [d].[Id], [d].[AppointmentDurationMinutes], [d].[DayOfWeek], [d].[EndTime], [d].[IsActive], [d].[StartTime]
FROM [DefaultDoctorSchedules] AS [d]
2026-06-30 09:54:32.927 +03:00 [INF] Executed DbCommand (30ms) [Parameters=[@p5='?' (DbType = Guid), @p0='?' (DbType = Int32), @p1='?' (DbType = Int32), @p2='?' (DbType = Time), @p3='?' (DbType = Boolean), @p4='?' (DbType = Time), @p11='?' (DbType = Guid), @p6='?' (DbType = Int32), @p7='?' (DbType = Int32), @p8='?' (DbType = Time), @p9='?' (DbType = Boolean), @p10='?' (DbType = Time), @p17='?' (DbType = Guid), @p12='?' (DbType = Int32), @p13='?' (DbType = Int32), @p14='?' (DbType = Time), @p15='?' (DbType = Boolean), @p16='?' (DbType = Time), @p23='?' (DbType = Guid), @p18='?' (DbType = Int32), @p19='?' (DbType = Int32), @p20='?' (DbType = Time), @p21='?' (DbType = Boolean), @p22='?' (DbType = Time), @p29='?' (DbType = Guid), @p24='?' (DbType = Int32), @p25='?' (DbType = Int32), @p26='?' (DbType = Time), @p27='?' (DbType = Boolean), @p28='?' (DbType = Time)], CommandType='"Text"', CommandTimeout='30']
SET NOCOUNT ON;
UPDATE [DefaultDoctorSchedules] SET [AppointmentDurationMinutes] = @p0, [DayOfWeek] = @p1, [EndTime] = @p2, [IsActive] = @p3, [StartTime] = @p4
OUTPUT 1
WHERE [Id] = @p5;
UPDATE [DefaultDoctorSchedules] SET [AppointmentDurationMinutes] = @p6, [DayOfWeek] = @p7, [EndTime] = @p8, [IsActive] = @p9, [StartTime] = @p10
OUTPUT 1
WHERE [Id] = @p11;
UPDATE [DefaultDoctorSchedules] SET [AppointmentDurationMinutes] = @p12, [DayOfWeek] = @p13, [EndTime] = @p14, [IsActive] = @p15, [StartTime] = @p16
OUTPUT 1
WHERE [Id] = @p17;
UPDATE [DefaultDoctorSchedules] SET [AppointmentDurationMinutes] = @p18, [DayOfWeek] = @p19, [EndTime] = @p20, [IsActive] = @p21, [StartTime] = @p22
OUTPUT 1
WHERE [Id] = @p23;
UPDATE [DefaultDoctorSchedules] SET [AppointmentDurationMinutes] = @p24, [DayOfWeek] = @p25, [EndTime] = @p26, [IsActive] = @p27, [StartTime] = @p28
OUTPUT 1
WHERE [Id] = @p29;
2026-06-30 09:54:32.930 +03:00 [INF] Executed DbCommand (1ms) [Parameters=[], CommandType='"Text"', CommandTimeout='30']
SELECT [d].[Id], [d].[AppointmentDurationMinutes], [d].[DayOfWeek], [d].[EndTime], [d].[IsActive], [d].[StartTime]
FROM [DefaultDoctorSchedules] AS [d]
2026-06-30 09:54:32.931 +03:00 [INF] HTTP PUT /api/doctors/default-schedule responded 200 in 175ms
2026-06-30 09:54:32.940 +03:00 [INF] Executed DbCommand (1ms) [Parameters=[], CommandType='"Text"', CommandTimeout='30']
SELECT [d].[Id], [d].[AppointmentDurationMinutes], [d].[DayOfWeek], [d].[EndTime], [d].[IsActive], [d].[StartTime]
FROM [DefaultDoctorSchedules] AS [d]
2026-06-30 09:54:32.941 +03:00 [INF] HTTP GET /api/doctors/default-schedule responded 200 in 4ms
2026-06-30 09:54:42.379 +03:00 [INF] HTTP OPTIONS /api/doctors responded 204 in 0ms
2026-06-30 09:54:42.380 +03:00 [INF] HTTP OPTIONS /api/departments responded 204 in 0ms
2026-06-30 09:54:42.400 +03:00 [INF] Executed DbCommand (2ms) [Parameters=[], CommandType='"Text"', CommandTimeout='30']
SELECT [d].[Id], [d].[DepartmentId], [d].[FullName], [d].[IsActive], [d].[Phone], [d].[Specialization], [d].[UserId]
FROM [Doctors] AS [d]
2026-06-30 09:54:42.427 +03:00 [INF] Executed DbCommand (1ms) [Parameters=[@p='?' (DbType = Guid)], CommandType='"Text"', CommandTimeout='30']
SELECT TOP(1) [d].[Id], [d].[Description], [d].[IsActive], [d].[Name]
FROM [Departments] AS [d]
WHERE [d].[Id] = @p
2026-06-30 09:54:42.430 +03:00 [INF] HTTP GET /api/doctors responded 200 in 41ms
2026-06-30 09:54:42.467 +03:00 [INF] Executed DbCommand (5ms) [Parameters=[], CommandType='"Text"', CommandTimeout='30']
SELECT [d].[Id], [d].[Description], [d].[IsActive], [d].[Name]
FROM [Departments] AS [d]
2026-06-30 09:54:42.491 +03:00 [INF] HTTP GET /api/departments responded 200 in 102ms
2026-06-30 09:54:44.383 +03:00 [INF] HTTP OPTIONS /api/doctors responded 204 in 0ms
2026-06-30 09:54:44.385 +03:00 [INF] HTTP OPTIONS /api/doctors/44450f15-4382-4c72-9e45-ffb270692955/schedule responded 204 in 0ms
2026-06-30 09:54:44.398 +03:00 [INF] Executed DbCommand (1ms) [Parameters=[], CommandType='"Text"', CommandTimeout='30']
SELECT [d].[Id], [d].[DepartmentId], [d].[FullName], [d].[IsActive], [d].[Phone], [d].[Specialization], [d].[UserId]
FROM [Doctors] AS [d]
2026-06-30 09:54:44.399 +03:00 [INF] Executed DbCommand (1ms) [Parameters=[@p='?' (DbType = Guid)], CommandType='"Text"', CommandTimeout='30']
SELECT TOP(1) [d].[Id], [d].[DepartmentId], [d].[FullName], [d].[IsActive], [d].[Phone], [d].[Specialization], [d].[UserId]
FROM [Doctors] AS [d]
WHERE [d].[Id] = @p
2026-06-30 09:54:44.402 +03:00 [INF] Executed DbCommand (2ms) [Parameters=[], CommandType='"Text"', CommandTimeout='30']
SELECT [d].[Id], [d].[AppointmentDurationMinutes], [d].[DayOfWeek], [d].[DoctorId], [d].[EndTime], [d].[IsActive], [d].[StartTime]
FROM [DoctorSchedules] AS [d]
2026-06-30 09:54:44.403 +03:00 [INF] Executed DbCommand (2ms) [Parameters=[@p='?' (DbType = Guid)], CommandType='"Text"', CommandTimeout='30']
SELECT TOP(1) [d].[Id], [d].[Description], [d].[IsActive], [d].[Name]
FROM [Departments] AS [d]
WHERE [d].[Id] = @p
2026-06-30 09:54:44.404 +03:00 [INF] HTTP GET /api/doctors responded 200 in 12ms
2026-06-30 09:54:44.405 +03:00 [INF] HTTP GET /api/doctors/44450f15-4382-4c72-9e45-ffb270692955/schedule responded 200 in 13ms
2026-06-30 09:55:25.068 +03:00 [INF] HTTP OPTIONS /api/departments responded 204 in 0ms
2026-06-30 09:55:25.068 +03:00 [INF] HTTP OPTIONS /api/doctors responded 204 in 0ms
2026-06-30 09:55:25.086 +03:00 [INF] Executed DbCommand (2ms) [Parameters=[], CommandType='"Text"', CommandTimeout='30']
SELECT [d].[Id], [d].[DepartmentId], [d].[FullName], [d].[IsActive], [d].[Phone], [d].[Specialization], [d].[UserId]
FROM [Doctors] AS [d]
2026-06-30 09:55:25.087 +03:00 [INF] Executed DbCommand (1ms) [Parameters=[], CommandType='"Text"', CommandTimeout='30']
SELECT [d].[Id], [d].[Description], [d].[IsActive], [d].[Name]
FROM [Departments] AS [d]
2026-06-30 09:55:25.089 +03:00 [INF] HTTP GET /api/departments responded 200 in 11ms
2026-06-30 09:55:25.091 +03:00 [INF] Executed DbCommand (1ms) [Parameters=[@p='?' (DbType = Guid)], CommandType='"Text"', CommandTimeout='30']
SELECT TOP(1) [d].[Id], [d].[Description], [d].[IsActive], [d].[Name]
FROM [Departments] AS [d]
WHERE [d].[Id] = @p
2026-06-30 09:55:25.093 +03:00 [INF] HTTP GET /api/doctors responded 200 in 14ms
2026-06-30 09:55:27.779 +03:00 [INF] HTTP OPTIONS /api/doctors responded 204 in 0ms
2026-06-30 09:55:27.781 +03:00 [INF] HTTP OPTIONS /api/doctors/41885cdc-0175-4dcb-9824-944a922f6950/schedule responded 204 in 0ms
2026-06-30 09:55:27.796 +03:00 [INF] Executed DbCommand (1ms) [Parameters=[], CommandType='"Text"', CommandTimeout='30']
SELECT [d].[Id], [d].[DepartmentId], [d].[FullName], [d].[IsActive], [d].[Phone], [d].[Specialization], [d].[UserId]
FROM [Doctors] AS [d]
2026-06-30 09:55:27.796 +03:00 [INF] Executed DbCommand (1ms) [Parameters=[@p='?' (DbType = Guid)], CommandType='"Text"', CommandTimeout='30']
SELECT TOP(1) [d].[Id], [d].[DepartmentId], [d].[FullName], [d].[IsActive], [d].[Phone], [d].[Specialization], [d].[UserId]
FROM [Doctors] AS [d]
WHERE [d].[Id] = @p
2026-06-30 09:55:27.798 +03:00 [INF] Executed DbCommand (1ms) [Parameters=[], CommandType='"Text"', CommandTimeout='30']
SELECT [d].[Id], [d].[AppointmentDurationMinutes], [d].[DayOfWeek], [d].[DoctorId], [d].[EndTime], [d].[IsActive], [d].[StartTime]
FROM [DoctorSchedules] AS [d]
2026-06-30 09:55:27.799 +03:00 [INF] Executed DbCommand (1ms) [Parameters=[@p='?' (DbType = Guid)], CommandType='"Text"', CommandTimeout='30']
SELECT TOP(1) [d].[Id], [d].[Description], [d].[IsActive], [d].[Name]
FROM [Departments] AS [d]
WHERE [d].[Id] = @p
2026-06-30 09:55:27.801 +03:00 [INF] HTTP GET /api/doctors/41885cdc-0175-4dcb-9824-944a922f6950/schedule responded 200 in 11ms
2026-06-30 09:55:27.801 +03:00 [INF] HTTP GET /api/doctors responded 200 in 11ms
2026-06-30 09:55:30.129 +03:00 [INF] HTTP OPTIONS /api/doctors/default-schedule responded 204 in 0ms
2026-06-30 09:55:30.142 +03:00 [INF] Executed DbCommand (2ms) [Parameters=[], CommandType='"Text"', CommandTimeout='30']
SELECT [d].[Id], [d].[AppointmentDurationMinutes], [d].[DayOfWeek], [d].[EndTime], [d].[IsActive], [d].[StartTime]
FROM [DefaultDoctorSchedules] AS [d]
2026-06-30 09:55:30.143 +03:00 [INF] HTTP GET /api/doctors/default-schedule responded 200 in 8ms
2026-06-30 09:56:07.241 +03:00 [INF] HTTP OPTIONS /api/doctors responded 204 in 0ms
2026-06-30 09:56:07.241 +03:00 [INF] HTTP OPTIONS /api/departments responded 204 in 0ms
2026-06-30 09:56:07.282 +03:00 [INF] Executed DbCommand (2ms) [Parameters=[], CommandType='"Text"', CommandTimeout='30']
SELECT [d].[Id], [d].[DepartmentId], [d].[FullName], [d].[IsActive], [d].[Phone], [d].[Specialization], [d].[UserId]
FROM [Doctors] AS [d]
2026-06-30 09:56:07.283 +03:00 [INF] Executed DbCommand (1ms) [Parameters=[], CommandType='"Text"', CommandTimeout='30']
SELECT [d].[Id], [d].[Description], [d].[IsActive], [d].[Name]
FROM [Departments] AS [d]
2026-06-30 09:56:07.285 +03:00 [INF] HTTP GET /api/departments responded 200 in 21ms
2026-06-30 09:56:07.286 +03:00 [INF] Executed DbCommand (1ms) [Parameters=[@p='?' (DbType = Guid)], CommandType='"Text"', CommandTimeout='30']
SELECT TOP(1) [d].[Id], [d].[Description], [d].[IsActive], [d].[Name]
FROM [Departments] AS [d]
WHERE [d].[Id] = @p
2026-06-30 09:56:07.287 +03:00 [INF] HTTP GET /api/doctors responded 200 in 23ms
2026-06-30 09:56:09.324 +03:00 [INF] HTTP OPTIONS /api/doctors responded 204 in 0ms
2026-06-30 09:56:09.325 +03:00 [INF] HTTP OPTIONS /api/doctors/41885cdc-0175-4dcb-9824-944a922f6950/schedule responded 204 in 0ms
2026-06-30 09:56:09.340 +03:00 [INF] Executed DbCommand (1ms) [Parameters=[], CommandType='"Text"', CommandTimeout='30']
SELECT [d].[Id], [d].[DepartmentId], [d].[FullName], [d].[IsActive], [d].[Phone], [d].[Specialization], [d].[UserId]
FROM [Doctors] AS [d]
2026-06-30 09:56:09.340 +03:00 [INF] Executed DbCommand (1ms) [Parameters=[@p='?' (DbType = Guid)], CommandType='"Text"', CommandTimeout='30']
SELECT TOP(1) [d].[Id], [d].[DepartmentId], [d].[FullName], [d].[IsActive], [d].[Phone], [d].[Specialization], [d].[UserId]
FROM [Doctors] AS [d]
WHERE [d].[Id] = @p
2026-06-30 09:56:09.342 +03:00 [INF] Executed DbCommand (1ms) [Parameters=[], CommandType='"Text"', CommandTimeout='30']
SELECT [d].[Id], [d].[AppointmentDurationMinutes], [d].[DayOfWeek], [d].[DoctorId], [d].[EndTime], [d].[IsActive], [d].[StartTime]
FROM [DoctorSchedules] AS [d]
2026-06-30 09:56:09.343 +03:00 [INF] Executed DbCommand (1ms) [Parameters=[@p='?' (DbType = Guid)], CommandType='"Text"', CommandTimeout='30']
SELECT TOP(1) [d].[Id], [d].[Description], [d].[IsActive], [d].[Name]
FROM [Departments] AS [d]
WHERE [d].[Id] = @p
2026-06-30 09:56:09.344 +03:00 [INF] HTTP GET /api/doctors/41885cdc-0175-4dcb-9824-944a922f6950/schedule responded 200 in 9ms
2026-06-30 09:56:09.344 +03:00 [INF] HTTP GET /api/doctors responded 200 in 10ms
2026-06-30 09:56:13.412 +03:00 [INF] HTTP OPTIONS /api/doctors/default-schedule responded 204 in 0ms
2026-06-30 09:56:13.427 +03:00 [INF] Executed DbCommand (1ms) [Parameters=[], CommandType='"Text"', CommandTimeout='30']
SELECT [d].[Id], [d].[AppointmentDurationMinutes], [d].[DayOfWeek], [d].[EndTime], [d].[IsActive], [d].[StartTime]
FROM [DefaultDoctorSchedules] AS [d]
2026-06-30 09:56:13.428 +03:00 [INF] HTTP GET /api/doctors/default-schedule responded 200 in 6ms
2026-06-30 09:56:49.404 +03:00 [INF] HTTP OPTIONS /api/receptionists responded 204 in 0ms
2026-06-30 09:56:49.506 +03:00 [INF] Executed DbCommand (13ms) [Parameters=[], CommandType='"Text"', CommandTimeout='30']
SELECT [r].[Id], [r].[FullName], [r].[IsActive], [r].[Phone], [r].[UserId]
FROM [Receptionists] AS [r]
2026-06-30 09:56:49.548 +03:00 [INF] HTTP GET /api/receptionists responded 200 in 131ms
2026-06-30 09:56:50.348 +03:00 [INF] HTTP OPTIONS /api/doctors responded 204 in 0ms
2026-06-30 09:56:50.349 +03:00 [INF] HTTP OPTIONS /api/departments responded 204 in 0ms
2026-06-30 09:56:50.356 +03:00 [INF] Executed DbCommand (1ms) [Parameters=[], CommandType='"Text"', CommandTimeout='30']
SELECT [d].[Id], [d].[DepartmentId], [d].[FullName], [d].[IsActive], [d].[Phone], [d].[Specialization], [d].[UserId]
FROM [Doctors] AS [d]
2026-06-30 09:56:50.357 +03:00 [INF] Executed DbCommand (1ms) [Parameters=[], CommandType='"Text"', CommandTimeout='30']
SELECT [d].[Id], [d].[Description], [d].[IsActive], [d].[Name]
FROM [Departments] AS [d]
2026-06-30 09:56:50.358 +03:00 [INF] HTTP GET /api/departments responded 200 in 3ms
2026-06-30 09:56:50.358 +03:00 [INF] Executed DbCommand (1ms) [Parameters=[@p='?' (DbType = Guid)], CommandType='"Text"', CommandTimeout='30']
SELECT TOP(1) [d].[Id], [d].[Description], [d].[IsActive], [d].[Name]
FROM [Departments] AS [d]
WHERE [d].[Id] = @p
2026-06-30 09:56:50.359 +03:00 [INF] HTTP GET /api/doctors responded 200 in 6ms
2026-06-30 09:56:51.523 +03:00 [INF] HTTP OPTIONS /api/doctors/default-schedule responded 204 in 0ms
2026-06-30 09:56:51.533 +03:00 [INF] Executed DbCommand (1ms) [Parameters=[], CommandType='"Text"', CommandTimeout='30']
SELECT [d].[Id], [d].[AppointmentDurationMinutes], [d].[DayOfWeek], [d].[EndTime], [d].[IsActive], [d].[StartTime]
FROM [DefaultDoctorSchedules] AS [d]
2026-06-30 09:56:51.534 +03:00 [INF] HTTP GET /api/doctors/default-schedule responded 200 in 5ms
2026-06-30 09:56:56.475 +03:00 [INF] HTTP OPTIONS /api/departments responded 204 in 0ms
2026-06-30 09:56:56.487 +03:00 [INF] Executed DbCommand (1ms) [Parameters=[], CommandType='"Text"', CommandTimeout='30']
SELECT [d].[Id], [d].[Description], [d].[IsActive], [d].[Name]
FROM [Departments] AS [d]
2026-06-30 09:56:56.489 +03:00 [INF] HTTP GET /api/departments responded 200 in 8ms
2026-06-30 09:57:01.248 +03:00 [INF] HTTP OPTIONS /api/doctors responded 204 in 0ms
2026-06-30 09:57:01.258 +03:00 [INF] HTTP OPTIONS /api/doctors/41885cdc-0175-4dcb-9824-944a922f6950/schedule responded 204 in 0ms
2026-06-30 09:57:01.267 +03:00 [INF] Executed DbCommand (1ms) [Parameters=[], CommandType='"Text"', CommandTimeout='30']
SELECT [d].[Id], [d].[DepartmentId], [d].[FullName], [d].[IsActive], [d].[Phone], [d].[Specialization], [d].[UserId]
FROM [Doctors] AS [d]
2026-06-30 09:57:01.270 +03:00 [INF] Executed DbCommand (1ms) [Parameters=[@p='?' (DbType = Guid)], CommandType='"Text"', CommandTimeout='30']
SELECT TOP(1) [d].[Id], [d].[DepartmentId], [d].[FullName], [d].[IsActive], [d].[Phone], [d].[Specialization], [d].[UserId]
FROM [Doctors] AS [d]
WHERE [d].[Id] = @p
2026-06-30 09:57:01.271 +03:00 [INF] Executed DbCommand (2ms) [Parameters=[@p='?' (DbType = Guid)], CommandType='"Text"', CommandTimeout='30']
SELECT TOP(1) [d].[Id], [d].[Description], [d].[IsActive], [d].[Name]
FROM [Departments] AS [d]
WHERE [d].[Id] = @p
2026-06-30 09:57:01.272 +03:00 [INF] Executed DbCommand (1ms) [Parameters=[], CommandType='"Text"', CommandTimeout='30']
SELECT [d].[Id], [d].[AppointmentDurationMinutes], [d].[DayOfWeek], [d].[DoctorId], [d].[EndTime], [d].[IsActive], [d].[StartTime]
FROM [DoctorSchedules] AS [d]
2026-06-30 09:57:01.272 +03:00 [INF] HTTP GET /api/doctors responded 200 in 10ms
2026-06-30 09:57:01.275 +03:00 [INF] HTTP GET /api/doctors/41885cdc-0175-4dcb-9824-944a922f6950/schedule responded 200 in 11ms
2026-06-30 09:57:31.331 +03:00 [INF] HTTP OPTIONS /api/doctors responded 204 in 0ms
2026-06-30 09:57:31.333 +03:00 [INF] HTTP OPTIONS /api/doctors/41885cdc-0175-4dcb-9824-944a922f6950/schedule responded 204 in 0ms
2026-06-30 09:57:31.350 +03:00 [INF] Executed DbCommand (1ms) [Parameters=[], CommandType='"Text"', CommandTimeout='30']
SELECT [d].[Id], [d].[DepartmentId], [d].[FullName], [d].[IsActive], [d].[Phone], [d].[Specialization], [d].[UserId]
FROM [Doctors] AS [d]
2026-06-30 09:57:31.354 +03:00 [INF] Executed DbCommand (1ms) [Parameters=[@p='?' (DbType = Guid)], CommandType='"Text"', CommandTimeout='30']
SELECT TOP(1) [d].[Id], [d].[DepartmentId], [d].[FullName], [d].[IsActive], [d].[Phone], [d].[Specialization], [d].[UserId]
FROM [Doctors] AS [d]
WHERE [d].[Id] = @p
2026-06-30 09:57:31.355 +03:00 [INF] Executed DbCommand (1ms) [Parameters=[@p='?' (DbType = Guid)], CommandType='"Text"', CommandTimeout='30']
SELECT TOP(1) [d].[Id], [d].[Description], [d].[IsActive], [d].[Name]
FROM [Departments] AS [d]
WHERE [d].[Id] = @p
2026-06-30 09:57:31.356 +03:00 [INF] HTTP GET /api/doctors responded 200 in 13ms
2026-06-30 09:57:31.357 +03:00 [INF] Executed DbCommand (2ms) [Parameters=[], CommandType='"Text"', CommandTimeout='30']
SELECT [d].[Id], [d].[AppointmentDurationMinutes], [d].[DayOfWeek], [d].[DoctorId], [d].[EndTime], [d].[IsActive], [d].[StartTime]
FROM [DoctorSchedules] AS [d]
2026-06-30 09:57:31.359 +03:00 [INF] HTTP GET /api/doctors/41885cdc-0175-4dcb-9824-944a922f6950/schedule responded 200 in 13ms
2026-06-30 09:58:07.379 +03:00 [INF] HTTP OPTIONS /api/doctors responded 204 in 0ms
2026-06-30 09:58:07.381 +03:00 [INF] HTTP OPTIONS /api/doctors/41885cdc-0175-4dcb-9824-944a922f6950/schedule responded 204 in 0ms
2026-06-30 09:58:07.392 +03:00 [INF] Executed DbCommand (1ms) [Parameters=[], CommandType='"Text"', CommandTimeout='30']
SELECT [d].[Id], [d].[DepartmentId], [d].[FullName], [d].[IsActive], [d].[Phone], [d].[Specialization], [d].[UserId]
FROM [Doctors] AS [d]
2026-06-30 09:58:07.393 +03:00 [INF] Executed DbCommand (1ms) [Parameters=[@p='?' (DbType = Guid)], CommandType='"Text"', CommandTimeout='30']
SELECT TOP(1) [d].[Id], [d].[DepartmentId], [d].[FullName], [d].[IsActive], [d].[Phone], [d].[Specialization], [d].[UserId]
FROM [Doctors] AS [d]
WHERE [d].[Id] = @p
2026-06-30 09:58:07.394 +03:00 [INF] Executed DbCommand (1ms) [Parameters=[], CommandType='"Text"', CommandTimeout='30']
SELECT [d].[Id], [d].[AppointmentDurationMinutes], [d].[DayOfWeek], [d].[DoctorId], [d].[EndTime], [d].[IsActive], [d].[StartTime]
FROM [DoctorSchedules] AS [d]
2026-06-30 09:58:07.394 +03:00 [INF] Executed DbCommand (1ms) [Parameters=[@p='?' (DbType = Guid)], CommandType='"Text"', CommandTimeout='30']
SELECT TOP(1) [d].[Id], [d].[Description], [d].[IsActive], [d].[Name]
FROM [Departments] AS [d]
WHERE [d].[Id] = @p
2026-06-30 09:58:07.395 +03:00 [INF] HTTP GET /api/doctors/41885cdc-0175-4dcb-9824-944a922f6950/schedule responded 200 in 8ms
2026-06-30 09:58:07.395 +03:00 [INF] HTTP GET /api/doctors responded 200 in 9ms
2026-06-30 09:58:48.334 +03:00 [INF] HTTP OPTIONS /api/doctors responded 204 in 0ms
2026-06-30 09:58:48.335 +03:00 [INF] HTTP OPTIONS /api/doctors/41885cdc-0175-4dcb-9824-944a922f6950/schedule responded 204 in 0ms
2026-06-30 09:58:48.341 +03:00 [INF] Executed DbCommand (1ms) [Parameters=[], CommandType='"Text"', CommandTimeout='30']
SELECT [d].[Id], [d].[DepartmentId], [d].[FullName], [d].[IsActive], [d].[Phone], [d].[Specialization], [d].[UserId]
FROM [Doctors] AS [d]
2026-06-30 09:58:48.342 +03:00 [INF] Executed DbCommand (1ms) [Parameters=[@p='?' (DbType = Guid)], CommandType='"Text"', CommandTimeout='30']
SELECT TOP(1) [d].[Id], [d].[DepartmentId], [d].[FullName], [d].[IsActive], [d].[Phone], [d].[Specialization], [d].[UserId]
FROM [Doctors] AS [d]
WHERE [d].[Id] = @p
2026-06-30 09:58:48.343 +03:00 [INF] Executed DbCommand (1ms) [Parameters=[], CommandType='"Text"', CommandTimeout='30']
SELECT [d].[Id], [d].[AppointmentDurationMinutes], [d].[DayOfWeek], [d].[DoctorId], [d].[EndTime], [d].[IsActive], [d].[StartTime]
FROM [DoctorSchedules] AS [d]
2026-06-30 09:58:48.343 +03:00 [INF] Executed DbCommand (1ms) [Parameters=[@p='?' (DbType = Guid)], CommandType='"Text"', CommandTimeout='30']
SELECT TOP(1) [d].[Id], [d].[Description], [d].[IsActive], [d].[Name]
FROM [Departments] AS [d]
WHERE [d].[Id] = @p
2026-06-30 09:58:48.344 +03:00 [INF] HTTP GET /api/doctors responded 200 in 6ms
2026-06-30 09:58:48.344 +03:00 [INF] HTTP GET /api/doctors/41885cdc-0175-4dcb-9824-944a922f6950/schedule responded 200 in 6ms
2026-06-30 09:59:18.029 +03:00 [INF] HTTP OPTIONS /api/doctors responded 204 in 0ms
2026-06-30 09:59:18.029 +03:00 [INF] HTTP OPTIONS /api/doctors/41885cdc-0175-4dcb-9824-944a922f6950/schedule responded 204 in 0ms
2026-06-30 09:59:18.043 +03:00 [INF] Executed DbCommand (1ms) [Parameters=[], CommandType='"Text"', CommandTimeout='30']
SELECT [d].[Id], [d].[DepartmentId], [d].[FullName], [d].[IsActive], [d].[Phone], [d].[Specialization], [d].[UserId]
FROM [Doctors] AS [d]
2026-06-30 09:59:18.044 +03:00 [INF] Executed DbCommand (2ms) [Parameters=[@p='?' (DbType = Guid)], CommandType='"Text"', CommandTimeout='30']
SELECT TOP(1) [d].[Id], [d].[DepartmentId], [d].[FullName], [d].[IsActive], [d].[Phone], [d].[Specialization], [d].[UserId]
FROM [Doctors] AS [d]
WHERE [d].[Id] = @p
2026-06-30 09:59:18.045 +03:00 [INF] Executed DbCommand (1ms) [Parameters=[], CommandType='"Text"', CommandTimeout='30']
SELECT [d].[Id], [d].[AppointmentDurationMinutes], [d].[DayOfWeek], [d].[DoctorId], [d].[EndTime], [d].[IsActive], [d].[StartTime]
FROM [DoctorSchedules] AS [d]
2026-06-30 09:59:18.046 +03:00 [INF] Executed DbCommand (1ms) [Parameters=[@p='?' (DbType = Guid)], CommandType='"Text"', CommandTimeout='30']
SELECT TOP(1) [d].[Id], [d].[Description], [d].[IsActive], [d].[Name]
FROM [Departments] AS [d]
WHERE [d].[Id] = @p
2026-06-30 09:59:18.047 +03:00 [INF] HTTP GET /api/doctors/41885cdc-0175-4dcb-9824-944a922f6950/schedule responded 200 in 9ms
2026-06-30 09:59:18.047 +03:00 [INF] HTTP GET /api/doctors responded 200 in 9ms
2026-06-30 10:00:26.432 +03:00 [INF] HTTP OPTIONS /api/doctors responded 204 in 0ms
2026-06-30 10:00:26.432 +03:00 [INF] HTTP OPTIONS /api/doctors/41885cdc-0175-4dcb-9824-944a922f6950/schedule responded 204 in 0ms
2026-06-30 10:00:26.441 +03:00 [INF] Executed DbCommand (2ms) [Parameters=[@p='?' (DbType = Guid)], CommandType='"Text"', CommandTimeout='30']
SELECT TOP(1) [d].[Id], [d].[DepartmentId], [d].[FullName], [d].[IsActive], [d].[Phone], [d].[Specialization], [d].[UserId]
FROM [Doctors] AS [d]
WHERE [d].[Id] = @p
2026-06-30 10:00:26.441 +03:00 [INF] Executed DbCommand (3ms) [Parameters=[], CommandType='"Text"', CommandTimeout='30']
SELECT [d].[Id], [d].[DepartmentId], [d].[FullName], [d].[IsActive], [d].[Phone], [d].[Specialization], [d].[UserId]
FROM [Doctors] AS [d]
2026-06-30 10:00:26.443 +03:00 [INF] Executed DbCommand (1ms) [Parameters=[], CommandType='"Text"', CommandTimeout='30']
SELECT [d].[Id], [d].[AppointmentDurationMinutes], [d].[DayOfWeek], [d].[DoctorId], [d].[EndTime], [d].[IsActive], [d].[StartTime]
FROM [DoctorSchedules] AS [d]
2026-06-30 10:00:26.443 +03:00 [INF] Executed DbCommand (1ms) [Parameters=[@p='?' (DbType = Guid)], CommandType='"Text"', CommandTimeout='30']
SELECT TOP(1) [d].[Id], [d].[Description], [d].[IsActive], [d].[Name]
FROM [Departments] AS [d]
WHERE [d].[Id] = @p
2026-06-30 10:00:26.443 +03:00 [INF] HTTP GET /api/doctors responded 200 in 7ms
2026-06-30 10:00:26.444 +03:00 [INF] HTTP GET /api/doctors/41885cdc-0175-4dcb-9824-944a922f6950/schedule responded 200 in 5ms
2026-06-30 10:00:29.638 +03:00 [INF] HTTP OPTIONS /api/doctors/default-schedule responded 204 in 0ms
2026-06-30 10:00:29.650 +03:00 [INF] Executed DbCommand (2ms) [Parameters=[], CommandType='"Text"', CommandTimeout='30']
SELECT [d].[Id], [d].[AppointmentDurationMinutes], [d].[DayOfWeek], [d].[EndTime], [d].[IsActive], [d].[StartTime]
FROM [DefaultDoctorSchedules] AS [d]
2026-06-30 10:00:29.651 +03:00 [INF] HTTP GET /api/doctors/default-schedule responded 200 in 7ms
2026-06-30 10:00:32.556 +03:00 [INF] HTTP OPTIONS /api/doctors responded 204 in 0ms
2026-06-30 10:00:32.556 +03:00 [INF] HTTP OPTIONS /api/departments responded 204 in 0ms
2026-06-30 10:00:32.569 +03:00 [INF] Executed DbCommand (1ms) [Parameters=[], CommandType='"Text"', CommandTimeout='30']
SELECT [d].[Id], [d].[Description], [d].[IsActive], [d].[Name]
FROM [Departments] AS [d]
2026-06-30 10:00:32.569 +03:00 [INF] Executed DbCommand (2ms) [Parameters=[], CommandType='"Text"', CommandTimeout='30']
SELECT [d].[Id], [d].[DepartmentId], [d].[FullName], [d].[IsActive], [d].[Phone], [d].[Specialization], [d].[UserId]
FROM [Doctors] AS [d]
2026-06-30 10:00:32.570 +03:00 [INF] HTTP GET /api/departments responded 200 in 6ms
2026-06-30 10:00:32.572 +03:00 [INF] Executed DbCommand (1ms) [Parameters=[@p='?' (DbType = Guid)], CommandType='"Text"', CommandTimeout='30']
SELECT TOP(1) [d].[Id], [d].[Description], [d].[IsActive], [d].[Name]
FROM [Departments] AS [d]
WHERE [d].[Id] = @p
2026-06-30 10:00:32.573 +03:00 [INF] HTTP GET /api/doctors responded 200 in 10ms
2026-06-30 10:01:46.776 +03:00 [INF] HTTP OPTIONS /api/doctors responded 204 in 0ms
2026-06-30 10:01:46.777 +03:00 [INF] HTTP OPTIONS /api/doctors/41885cdc-0175-4dcb-9824-944a922f6950/schedule responded 204 in 0ms
2026-06-30 10:01:46.781 +03:00 [INF] Executed DbCommand (1ms) [Parameters=[], CommandType='"Text"', CommandTimeout='30']
SELECT [d].[Id], [d].[DepartmentId], [d].[FullName], [d].[IsActive], [d].[Phone], [d].[Specialization], [d].[UserId]
FROM [Doctors] AS [d]
2026-06-30 10:01:46.781 +03:00 [INF] Executed DbCommand (1ms) [Parameters=[@p='?' (DbType = Guid)], CommandType='"Text"', CommandTimeout='30']
SELECT TOP(1) [d].[Id], [d].[DepartmentId], [d].[FullName], [d].[IsActive], [d].[Phone], [d].[Specialization], [d].[UserId]
FROM [Doctors] AS [d]
WHERE [d].[Id] = @p
2026-06-30 10:01:46.782 +03:00 [INF] Executed DbCommand (0ms) [Parameters=[], CommandType='"Text"', CommandTimeout='30']
SELECT [d].[Id], [d].[AppointmentDurationMinutes], [d].[DayOfWeek], [d].[DoctorId], [d].[EndTime], [d].[IsActive], [d].[StartTime]
FROM [DoctorSchedules] AS [d]
2026-06-30 10:01:46.782 +03:00 [INF] Executed DbCommand (1ms) [Parameters=[@p='?' (DbType = Guid)], CommandType='"Text"', CommandTimeout='30']
SELECT TOP(1) [d].[Id], [d].[Description], [d].[IsActive], [d].[Name]
FROM [Departments] AS [d]
WHERE [d].[Id] = @p
2026-06-30 10:01:46.782 +03:00 [INF] HTTP GET /api/doctors responded 200 in 3ms
2026-06-30 10:01:46.782 +03:00 [INF] HTTP GET /api/doctors/41885cdc-0175-4dcb-9824-944a922f6950/schedule responded 200 in 3ms
2026-06-30 10:02:21.930 +03:00 [INF] HTTP OPTIONS /api/doctors responded 204 in 0ms
2026-06-30 10:02:21.930 +03:00 [INF] HTTP OPTIONS /api/departments responded 204 in 0ms
2026-06-30 10:02:21.941 +03:00 [INF] Executed DbCommand (1ms) [Parameters=[], CommandType='"Text"', CommandTimeout='30']
SELECT [d].[Id], [d].[DepartmentId], [d].[FullName], [d].[IsActive], [d].[Phone], [d].[Specialization], [d].[UserId]
FROM [Doctors] AS [d]
2026-06-30 10:02:21.942 +03:00 [INF] Executed DbCommand (2ms) [Parameters=[], CommandType='"Text"', CommandTimeout='30']
SELECT [d].[Id], [d].[Description], [d].[IsActive], [d].[Name]
FROM [Departments] AS [d]
2026-06-30 10:02:21.943 +03:00 [INF] HTTP GET /api/departments responded 200 in 6ms
2026-06-30 10:02:21.944 +03:00 [INF] Executed DbCommand (1ms) [Parameters=[@p='?' (DbType = Guid)], CommandType='"Text"', CommandTimeout='30']
SELECT TOP(1) [d].[Id], [d].[Description], [d].[IsActive], [d].[Name]
FROM [Departments] AS [d]
WHERE [d].[Id] = @p
2026-06-30 10:02:21.946 +03:00 [INF] HTTP GET /api/doctors responded 200 in 9ms
2026-06-30 10:02:25.297 +03:00 [INF] HTTP OPTIONS /api/doctors/default-schedule responded 204 in 0ms
2026-06-30 10:02:25.309 +03:00 [INF] Executed DbCommand (1ms) [Parameters=[], CommandType='"Text"', CommandTimeout='30']
SELECT [d].[Id], [d].[AppointmentDurationMinutes], [d].[DayOfWeek], [d].[EndTime], [d].[IsActive], [d].[StartTime]
FROM [DefaultDoctorSchedules] AS [d]
2026-06-30 10:02:25.311 +03:00 [INF] HTTP GET /api/doctors/default-schedule responded 200 in 6ms
2026-06-30 10:02:51.224 +03:00 [INF] HTTP OPTIONS /api/doctors/default-schedule/apply-all responded 204 in 0ms
2026-06-30 10:02:51.234 +03:00 [INF] Executed DbCommand (1ms) [Parameters=[], CommandType='"Text"', CommandTimeout='30']
SELECT [d].[Id], [d].[AppointmentDurationMinutes], [d].[DayOfWeek], [d].[EndTime], [d].[IsActive], [d].[StartTime]
FROM [DefaultDoctorSchedules] AS [d]
2026-06-30 10:02:51.236 +03:00 [INF] Executed DbCommand (1ms) [Parameters=[], CommandType='"Text"', CommandTimeout='30']
SELECT [d].[Id], [d].[DepartmentId], [d].[FullName], [d].[IsActive], [d].[Phone], [d].[Specialization], [d].[UserId]
FROM [Doctors] AS [d]
2026-06-30 10:02:51.238 +03:00 [INF] Executed DbCommand (1ms) [Parameters=[], CommandType='"Text"', CommandTimeout='30']
SELECT [d].[Id], [d].[AppointmentDurationMinutes], [d].[DayOfWeek], [d].[DoctorId], [d].[EndTime], [d].[IsActive], [d].[StartTime]
FROM [DoctorSchedules] AS [d]
2026-06-30 10:02:51.250 +03:00 [INF] Executed DbCommand (3ms) [Parameters=[@p6='?' (DbType = Guid), @p0='?' (DbType = Int32), @p1='?' (DbType = Int32), @p2='?' (DbType = Guid), @p3='?' (DbType = Time), @p4='?' (DbType = Boolean), @p5='?' (DbType = Time), @p13='?' (DbType = Guid), @p7='?' (DbType = Int32), @p8='?' (DbType = Int32), @p9='?' (DbType = Guid), @p10='?' (DbType = Time), @p11='?' (DbType = Boolean), @p12='?' (DbType = Time), @p20='?' (DbType = Guid), @p14='?' (DbType = Int32), @p15='?' (DbType = Int32), @p16='?' (DbType = Guid), @p17='?' (DbType = Time), @p18='?' (DbType = Boolean), @p19='?' (DbType = Time), @p27='?' (DbType = Guid), @p21='?' (DbType = Int32), @p22='?' (DbType = Int32), @p23='?' (DbType = Guid), @p24='?' (DbType = Time), @p25='?' (DbType = Boolean), @p26='?' (DbType = Time), @p34='?' (DbType = Guid), @p28='?' (DbType = Int32), @p29='?' (DbType = Int32), @p30='?' (DbType = Guid), @p31='?' (DbType = Time), @p32='?' (DbType = Boolean), @p33='?' (DbType = Time)], CommandType='"Text"', CommandTimeout='30']
SET NOCOUNT ON;
UPDATE [DoctorSchedules] SET [AppointmentDurationMinutes] = @p0, [DayOfWeek] = @p1, [DoctorId] = @p2, [EndTime] = @p3, [IsActive] = @p4, [StartTime] = @p5
OUTPUT 1
WHERE [Id] = @p6;
UPDATE [DoctorSchedules] SET [AppointmentDurationMinutes] = @p7, [DayOfWeek] = @p8, [DoctorId] = @p9, [EndTime] = @p10, [IsActive] = @p11, [StartTime] = @p12
OUTPUT 1
WHERE [Id] = @p13;
UPDATE [DoctorSchedules] SET [AppointmentDurationMinutes] = @p14, [DayOfWeek] = @p15, [DoctorId] = @p16, [EndTime] = @p17, [IsActive] = @p18, [StartTime] = @p19
OUTPUT 1
WHERE [Id] = @p20;
UPDATE [DoctorSchedules] SET [AppointmentDurationMinutes] = @p21, [DayOfWeek] = @p22, [DoctorId] = @p23, [EndTime] = @p24, [IsActive] = @p25, [StartTime] = @p26
OUTPUT 1
WHERE [Id] = @p27;
UPDATE [DoctorSchedules] SET [AppointmentDurationMinutes] = @p28, [DayOfWeek] = @p29, [DoctorId] = @p30, [EndTime] = @p31, [IsActive] = @p32, [StartTime] = @p33
OUTPUT 1
WHERE [Id] = @p34;
2026-06-30 10:02:51.262 +03:00 [INF] Executed DbCommand (1ms) [Parameters=[], CommandType='"Text"', CommandTimeout='30']
SELECT [d].[Id], [d].[AppointmentDurationMinutes], [d].[DayOfWeek], [d].[DoctorId], [d].[EndTime], [d].[IsActive], [d].[StartTime]
FROM [DoctorSchedules] AS [d]
2026-06-30 10:02:51.267 +03:00 [INF] Executed DbCommand (1ms) [Parameters=[@p6='?' (DbType = Guid), @p0='?' (DbType = Int32), @p1='?' (DbType = Int32), @p2='?' (DbType = Guid), @p3='?' (DbType = Time), @p4='?' (DbType = Boolean), @p5='?' (DbType = Time), @p13='?' (DbType = Guid), @p7='?' (DbType = Int32), @p8='?' (DbType = Int32), @p9='?' (DbType = Guid), @p10='?' (DbType = Time), @p11='?' (DbType = Boolean), @p12='?' (DbType = Time), @p20='?' (DbType = Guid), @p14='?' (DbType = Int32), @p15='?' (DbType = Int32), @p16='?' (DbType = Guid), @p17='?' (DbType = Time), @p18='?' (DbType = Boolean), @p19='?' (DbType = Time), @p27='?' (DbType = Guid), @p21='?' (DbType = Int32), @p22='?' (DbType = Int32), @p23='?' (DbType = Guid), @p24='?' (DbType = Time), @p25='?' (DbType = Boolean), @p26='?' (DbType = Time), @p34='?' (DbType = Guid), @p28='?' (DbType = Int32), @p29='?' (DbType = Int32), @p30='?' (DbType = Guid), @p31='?' (DbType = Time), @p32='?' (DbType = Boolean), @p33='?' (DbType = Time)], CommandType='"Text"', CommandTimeout='30']
SET NOCOUNT ON;
UPDATE [DoctorSchedules] SET [AppointmentDurationMinutes] = @p0, [DayOfWeek] = @p1, [DoctorId] = @p2, [EndTime] = @p3, [IsActive] = @p4, [StartTime] = @p5
OUTPUT 1
WHERE [Id] = @p6;
UPDATE [DoctorSchedules] SET [AppointmentDurationMinutes] = @p7, [DayOfWeek] = @p8, [DoctorId] = @p9, [EndTime] = @p10, [IsActive] = @p11, [StartTime] = @p12
OUTPUT 1
WHERE [Id] = @p13;
UPDATE [DoctorSchedules] SET [AppointmentDurationMinutes] = @p14, [DayOfWeek] = @p15, [DoctorId] = @p16, [EndTime] = @p17, [IsActive] = @p18, [StartTime] = @p19
OUTPUT 1
WHERE [Id] = @p20;
UPDATE [DoctorSchedules] SET [AppointmentDurationMinutes] = @p21, [DayOfWeek] = @p22, [DoctorId] = @p23, [EndTime] = @p24, [IsActive] = @p25, [StartTime] = @p26
OUTPUT 1
WHERE [Id] = @p27;
UPDATE [DoctorSchedules] SET [AppointmentDurationMinutes] = @p28, [DayOfWeek] = @p29, [DoctorId] = @p30, [EndTime] = @p31, [IsActive] = @p32, [StartTime] = @p33
OUTPUT 1
WHERE [Id] = @p34;
2026-06-30 10:02:51.269 +03:00 [INF] HTTP POST /api/doctors/default-schedule/apply-all responded 200 in 39ms
2026-06-30 10:02:54.778 +03:00 [INF] HTTP OPTIONS /api/doctors responded 204 in 0ms
2026-06-30 10:02:54.778 +03:00 [INF] HTTP OPTIONS /api/departments responded 204 in 0ms
2026-06-30 10:02:54.789 +03:00 [INF] Executed DbCommand (1ms) [Parameters=[], CommandType='"Text"', CommandTimeout='30']
SELECT [d].[Id], [d].[DepartmentId], [d].[FullName], [d].[IsActive], [d].[Phone], [d].[Specialization], [d].[UserId]
FROM [Doctors] AS [d]
2026-06-30 10:02:54.789 +03:00 [INF] Executed DbCommand (1ms) [Parameters=[], CommandType='"Text"', CommandTimeout='30']
SELECT [d].[Id], [d].[Description], [d].[IsActive], [d].[Name]
FROM [Departments] AS [d]
2026-06-30 10:02:54.790 +03:00 [INF] HTTP GET /api/departments responded 200 in 5ms
2026-06-30 10:02:54.792 +03:00 [INF] Executed DbCommand (2ms) [Parameters=[@p='?' (DbType = Guid)], CommandType='"Text"', CommandTimeout='30']
SELECT TOP(1) [d].[Id], [d].[Description], [d].[IsActive], [d].[Name]
FROM [Departments] AS [d]
WHERE [d].[Id] = @p
2026-06-30 10:02:54.793 +03:00 [INF] HTTP GET /api/doctors responded 200 in 8ms
2026-06-30 10:02:55.754 +03:00 [INF] HTTP OPTIONS /api/doctors/default-schedule responded 204 in 0ms
2026-06-30 10:02:55.772 +03:00 [INF] Executed DbCommand (1ms) [Parameters=[], CommandType='"Text"', CommandTimeout='30']
SELECT [d].[Id], [d].[AppointmentDurationMinutes], [d].[DayOfWeek], [d].[EndTime], [d].[IsActive], [d].[StartTime]
FROM [DefaultDoctorSchedules] AS [d]
2026-06-30 10:02:55.773 +03:00 [INF] HTTP GET /api/doctors/default-schedule responded 200 in 4ms
2026-06-30 10:03:03.861 +03:00 [INF] HTTP OPTIONS /api/doctors responded 204 in 0ms
2026-06-30 10:03:03.862 +03:00 [INF] HTTP OPTIONS /api/doctors/41885cdc-0175-4dcb-9824-944a922f6950/schedule responded 204 in 0ms
2026-06-30 10:03:03.874 +03:00 [INF] Executed DbCommand (1ms) [Parameters=[], CommandType='"Text"', CommandTimeout='30']
SELECT [d].[Id], [d].[DepartmentId], [d].[FullName], [d].[IsActive], [d].[Phone], [d].[Specialization], [d].[UserId]
FROM [Doctors] AS [d]
2026-06-30 10:03:03.875 +03:00 [INF] Executed DbCommand (1ms) [Parameters=[@p='?' (DbType = Guid)], CommandType='"Text"', CommandTimeout='30']
SELECT TOP(1) [d].[Id], [d].[DepartmentId], [d].[FullName], [d].[IsActive], [d].[Phone], [d].[Specialization], [d].[UserId]
FROM [Doctors] AS [d]
WHERE [d].[Id] = @p
2026-06-30 10:03:03.876 +03:00 [INF] Executed DbCommand (1ms) [Parameters=[@p='?' (DbType = Guid)], CommandType='"Text"', CommandTimeout='30']
SELECT TOP(1) [d].[Id], [d].[Description], [d].[IsActive], [d].[Name]
FROM [Departments] AS [d]
WHERE [d].[Id] = @p
2026-06-30 10:03:03.877 +03:00 [INF] Executed DbCommand (1ms) [Parameters=[], CommandType='"Text"', CommandTimeout='30']
SELECT [d].[Id], [d].[AppointmentDurationMinutes], [d].[DayOfWeek], [d].[DoctorId], [d].[EndTime], [d].[IsActive], [d].[StartTime]
FROM [DoctorSchedules] AS [d]
2026-06-30 10:03:03.878 +03:00 [INF] HTTP GET /api/doctors responded 200 in 7ms
2026-06-30 10:03:03.879 +03:00 [INF] HTTP GET /api/doctors/41885cdc-0175-4dcb-9824-944a922f6950/schedule responded 200 in 8ms
2026-06-30 10:03:18.173 +03:00 [INF] HTTP OPTIONS /api/departments responded 204 in 0ms
2026-06-30 10:03:18.182 +03:00 [INF] Executed DbCommand (1ms) [Parameters=[], CommandType='"Text"', CommandTimeout='30']
SELECT [d].[Id], [d].[Description], [d].[IsActive], [d].[Name]
FROM [Departments] AS [d]
2026-06-30 10:03:18.184 +03:00 [INF] HTTP GET /api/departments responded 200 in 5ms
2026-06-30 10:03:39.773 +03:00 [INF] HTTP OPTIONS /api/doctors/default-schedule responded 204 in 0ms
2026-06-30 10:03:39.785 +03:00 [INF] Executed DbCommand (1ms) [Parameters=[], CommandType='"Text"', CommandTimeout='30']
SELECT [d].[Id], [d].[AppointmentDurationMinutes], [d].[DayOfWeek], [d].[EndTime], [d].[IsActive], [d].[StartTime]
FROM [DefaultDoctorSchedules] AS [d]
2026-06-30 10:03:39.786 +03:00 [INF] HTTP GET /api/doctors/default-schedule responded 200 in 6ms
2026-06-30 10:04:53.179 +03:00 [INF] HTTP OPTIONS /api/doctors/default-schedule responded 204 in 0ms
2026-06-30 10:04:53.198 +03:00 [INF] Executed DbCommand (1ms) [Parameters=[], CommandType='"Text"', CommandTimeout='30']
SELECT [d].[Id], [d].[AppointmentDurationMinutes], [d].[DayOfWeek], [d].[EndTime], [d].[IsActive], [d].[StartTime]
FROM [DefaultDoctorSchedules] AS [d]
2026-06-30 10:04:53.199 +03:00 [INF] HTTP GET /api/doctors/default-schedule responded 200 in 6ms
2026-06-30 10:04:58.160 +03:00 [INF] HTTP OPTIONS /api/doctors responded 204 in 0ms
2026-06-30 10:04:58.162 +03:00 [INF] HTTP OPTIONS /api/departments responded 204 in 0ms
2026-06-30 10:04:58.173 +03:00 [INF] Executed DbCommand (1ms) [Parameters=[], CommandType='"Text"', CommandTimeout='30']
SELECT [d].[Id], [d].[DepartmentId], [d].[FullName], [d].[IsActive], [d].[Phone], [d].[Specialization], [d].[UserId]
FROM [Doctors] AS [d]
2026-06-30 10:04:58.176 +03:00 [INF] Executed DbCommand (1ms) [Parameters=[], CommandType='"Text"', CommandTimeout='30']
SELECT [d].[Id], [d].[Description], [d].[IsActive], [d].[Name]
FROM [Departments] AS [d]
2026-06-30 10:04:58.177 +03:00 [INF] HTTP GET /api/departments responded 200 in 6ms
2026-06-30 10:04:58.179 +03:00 [INF] Executed DbCommand (1ms) [Parameters=[@p='?' (DbType = Guid)], CommandType='"Text"', CommandTimeout='30']
SELECT TOP(1) [d].[Id], [d].[Description], [d].[IsActive], [d].[Name]
FROM [Departments] AS [d]
WHERE [d].[Id] = @p
2026-06-30 10:04:58.180 +03:00 [INF] HTTP GET /api/doctors responded 200 in 11ms
2026-06-30 10:05:00.661 +03:00 [INF] HTTP OPTIONS /api/doctors responded 204 in 0ms
2026-06-30 10:05:00.663 +03:00 [INF] HTTP OPTIONS /api/doctors/41885cdc-0175-4dcb-9824-944a922f6950/schedule responded 204 in 0ms
2026-06-30 10:05:00.673 +03:00 [INF] Executed DbCommand (1ms) [Parameters=[], CommandType='"Text"', CommandTimeout='30']
SELECT [d].[Id], [d].[DepartmentId], [d].[FullName], [d].[IsActive], [d].[Phone], [d].[Specialization], [d].[UserId]
FROM [Doctors] AS [d]
2026-06-30 10:05:00.675 +03:00 [INF] Executed DbCommand (1ms) [Parameters=[@p='?' (DbType = Guid)], CommandType='"Text"', CommandTimeout='30']
SELECT TOP(1) [d].[Id], [d].[DepartmentId], [d].[FullName], [d].[IsActive], [d].[Phone], [d].[Specialization], [d].[UserId]
FROM [Doctors] AS [d]
WHERE [d].[Id] = @p
2026-06-30 10:05:00.676 +03:00 [INF] Executed DbCommand (1ms) [Parameters=[@p='?' (DbType = Guid)], CommandType='"Text"', CommandTimeout='30']
SELECT TOP(1) [d].[Id], [d].[Description], [d].[IsActive], [d].[Name]
FROM [Departments] AS [d]
WHERE [d].[Id] = @p
2026-06-30 10:05:00.677 +03:00 [INF] HTTP GET /api/doctors responded 200 in 7ms
2026-06-30 10:05:00.677 +03:00 [INF] Executed DbCommand (1ms) [Parameters=[], CommandType='"Text"', CommandTimeout='30']
SELECT [d].[Id], [d].[AppointmentDurationMinutes], [d].[DayOfWeek], [d].[DoctorId], [d].[EndTime], [d].[IsActive], [d].[StartTime]
FROM [DoctorSchedules] AS [d]
2026-06-30 10:05:00.678 +03:00 [INF] HTTP GET /api/doctors/41885cdc-0175-4dcb-9824-944a922f6950/schedule responded 200 in 8ms
2026-06-30 10:07:43.769 +03:00 [INF] HTTP OPTIONS /api/doctors responded 204 in 0ms
2026-06-30 10:07:43.773 +03:00 [INF] Executed DbCommand (1ms) [Parameters=[], CommandType='"Text"', CommandTimeout='30']
SELECT [d].[Id], [d].[DepartmentId], [d].[FullName], [d].[IsActive], [d].[Phone], [d].[Specialization], [d].[UserId]
FROM [Doctors] AS [d]
2026-06-30 10:07:43.775 +03:00 [INF] Executed DbCommand (0ms) [Parameters=[@p='?' (DbType = Guid)], CommandType='"Text"', CommandTimeout='30']
SELECT TOP(1) [d].[Id], [d].[Description], [d].[IsActive], [d].[Name]
FROM [Departments] AS [d]
WHERE [d].[Id] = @p
2026-06-30 10:07:43.775 +03:00 [INF] HTTP GET /api/doctors responded 200 in 3ms
2026-06-30 10:07:55.773 +03:00 [INF] HTTP OPTIONS /api/doctors responded 204 in 0ms
2026-06-30 10:07:55.775 +03:00 [INF] HTTP OPTIONS /api/doctors/41885cdc-0175-4dcb-9824-944a922f6950/date-schedules responded 204 in 0ms
2026-06-30 10:07:55.778 +03:00 [INF] HTTP GET /api/doctors/41885cdc-0175-4dcb-9824-944a922f6950/date-schedules responded 404 in 0ms
2026-06-30 10:07:55.778 +03:00 [INF] Executed DbCommand (0ms) [Parameters=[], CommandType='"Text"', CommandTimeout='30']
SELECT [d].[Id], [d].[DepartmentId], [d].[FullName], [d].[IsActive], [d].[Phone], [d].[Specialization], [d].[UserId]
FROM [Doctors] AS [d]
2026-06-30 10:07:55.779 +03:00 [INF] Executed DbCommand (0ms) [Parameters=[@p='?' (DbType = Guid)], CommandType='"Text"', CommandTimeout='30']
SELECT TOP(1) [d].[Id], [d].[Description], [d].[IsActive], [d].[Name]
FROM [Departments] AS [d]
WHERE [d].[Id] = @p
2026-06-30 10:07:55.779 +03:00 [INF] HTTP GET /api/doctors responded 200 in 2ms
2026-06-30 10:07:59.765 +03:00 [INF] HTTP GET /api/doctors/41885cdc-0175-4dcb-9824-944a922f6950/date-schedules responded 404 in 0ms
2026-06-30 10:08:48.778 +03:00 [INF] HTTP OPTIONS /api/doctors responded 204 in 0ms
2026-06-30 10:08:48.778 +03:00 [INF] HTTP OPTIONS /api/doctors/41885cdc-0175-4dcb-9824-944a922f6950/date-schedules responded 204 in 0ms
2026-06-30 10:08:48.782 +03:00 [INF] HTTP GET /api/doctors/41885cdc-0175-4dcb-9824-944a922f6950/date-schedules responded 404 in 0ms
2026-06-30 10:08:48.784 +03:00 [INF] Executed DbCommand (1ms) [Parameters=[], CommandType='"Text"', CommandTimeout='30']
SELECT [d].[Id], [d].[DepartmentId], [d].[FullName], [d].[IsActive], [d].[Phone], [d].[Specialization], [d].[UserId]
FROM [Doctors] AS [d]
2026-06-30 10:08:48.785 +03:00 [INF] Executed DbCommand (0ms) [Parameters=[@p='?' (DbType = Guid)], CommandType='"Text"', CommandTimeout='30']
SELECT TOP(1) [d].[Id], [d].[Description], [d].[IsActive], [d].[Name]
FROM [Departments] AS [d]
WHERE [d].[Id] = @p
2026-06-30 10:08:48.786 +03:00 [INF] HTTP GET /api/doctors responded 200 in 4ms
2026-06-30 10:09:02.880 +03:00 [INF] HTTP OPTIONS /api/doctors/41885cdc-0175-4dcb-9824-944a922f6950/date-schedules responded 204 in 0ms
2026-06-30 10:09:02.897 +03:00 [INF] HTTP GET /api/doctors/41885cdc-0175-4dcb-9824-944a922f6950/date-schedules responded 404 in 1ms
2026-06-30 10:09:23.156 +03:00 [INF] HTTP OPTIONS /api/doctors/41885cdc-0175-4dcb-9824-944a922f6950/date-schedules responded 204 in 0ms
2026-06-30 10:09:23.162 +03:00 [INF] HTTP PUT /api/doctors/41885cdc-0175-4dcb-9824-944a922f6950/date-schedules responded 404 in 0ms
2026-06-30 10:09:25.033 +03:00 [INF] HTTP PUT /api/doctors/41885cdc-0175-4dcb-9824-944a922f6950/date-schedules responded 404 in 0ms
2026-06-30 10:09:42.734 +03:00 [INF] HTTP OPTIONS /api/doctors/default-date-schedules responded 204 in 0ms
2026-06-30 10:09:42.754 +03:00 [INF] HTTP GET /api/doctors/default-date-schedules responded 404 in 0ms
2026-06-30 10:09:43.778 +03:00 [INF] HTTP GET /api/doctors/default-date-schedules responded 404 in 0ms
2026-06-30 10:10:05.100 +03:00 [INF] HTTP OPTIONS /api/doctors responded 204 in 0ms
2026-06-30 10:10:05.100 +03:00 [INF] HTTP OPTIONS /api/departments responded 204 in 0ms
2026-06-30 10:10:05.114 +03:00 [INF] Executed DbCommand (2ms) [Parameters=[], CommandType='"Text"', CommandTimeout='30']
SELECT [d].[Id], [d].[Description], [d].[IsActive], [d].[Name]
FROM [Departments] AS [d]
2026-06-30 10:10:05.116 +03:00 [INF] HTTP GET /api/departments responded 200 in 7ms
2026-06-30 10:10:05.135 +03:00 [INF] Executed DbCommand (1ms) [Parameters=[], CommandType='"Text"', CommandTimeout='30']
SELECT [d].[Id], [d].[DepartmentId], [d].[FullName], [d].[IsActive], [d].[Phone], [d].[Specialization], [d].[UserId]
FROM [Doctors] AS [d]
2026-06-30 10:10:05.138 +03:00 [INF] Executed DbCommand (1ms) [Parameters=[@p='?' (DbType = Guid)], CommandType='"Text"', CommandTimeout='30']
SELECT TOP(1) [d].[Id], [d].[Description], [d].[IsActive], [d].[Name]
FROM [Departments] AS [d]
WHERE [d].[Id] = @p
2026-06-30 10:10:05.139 +03:00 [INF] HTTP GET /api/doctors responded 200 in 31ms
2026-06-30 10:10:07.071 +03:00 [INF] HTTP OPTIONS /api/departments responded 204 in 0ms
2026-06-30 10:10:07.081 +03:00 [INF] Executed DbCommand (1ms) [Parameters=[], CommandType='"Text"', CommandTimeout='30']
SELECT [d].[Id], [d].[Description], [d].[IsActive], [d].[Name]
FROM [Departments] AS [d]
2026-06-30 10:10:07.083 +03:00 [INF] HTTP GET /api/departments responded 200 in 5ms
2026-06-30 10:10:09.189 +03:00 [INF] HTTP OPTIONS /api/doctors/default-date-schedules responded 204 in 0ms
2026-06-30 10:10:09.196 +03:00 [INF] HTTP GET /api/doctors/default-date-schedules responded 404 in 0ms
2026-06-30 10:10:10.209 +03:00 [INF] HTTP GET /api/doctors/default-date-schedules responded 404 in 0ms
2026-06-30 10:10:22.167 +03:00 [INF] HTTP OPTIONS /api/doctors responded 204 in 0ms
2026-06-30 10:10:22.170 +03:00 [INF] HTTP OPTIONS /api/doctors/41885cdc-0175-4dcb-9824-944a922f6950/date-schedules responded 204 in 0ms
2026-06-30 10:10:22.179 +03:00 [INF] HTTP GET /api/doctors/41885cdc-0175-4dcb-9824-944a922f6950/date-schedules responded 404 in 0ms
2026-06-30 10:10:22.183 +03:00 [INF] Executed DbCommand (2ms) [Parameters=[], CommandType='"Text"', CommandTimeout='30']
SELECT [d].[Id], [d].[DepartmentId], [d].[FullName], [d].[IsActive], [d].[Phone], [d].[Specialization], [d].[UserId]
FROM [Doctors] AS [d]
2026-06-30 10:10:22.187 +03:00 [INF] Executed DbCommand (2ms) [Parameters=[@p='?' (DbType = Guid)], CommandType='"Text"', CommandTimeout='30']
SELECT TOP(1) [d].[Id], [d].[Description], [d].[IsActive], [d].[Name]
FROM [Departments] AS [d]
WHERE [d].[Id] = @p
2026-06-30 10:10:22.189 +03:00 [INF] HTTP GET /api/doctors responded 200 in 11ms
2026-06-30 10:10:23.202 +03:00 [INF] HTTP GET /api/doctors/41885cdc-0175-4dcb-9824-944a922f6950/date-schedules responded 404 in 0ms
2026-06-30 10:10:25.567 +03:00 [INF] HTTP OPTIONS /api/doctors/41885cdc-0175-4dcb-9824-944a922f6950/date-schedules responded 204 in 0ms
2026-06-30 10:10:25.573 +03:00 [INF] HTTP PUT /api/doctors/41885cdc-0175-4dcb-9824-944a922f6950/date-schedules responded 404 in 0ms
2026-06-30 10:10:26.587 +03:00 [INF] HTTP PUT /api/doctors/41885cdc-0175-4dcb-9824-944a922f6950/date-schedules responded 404 in 0ms
2026-06-30 10:10:26.839 +03:00 [INF] HTTP PUT /api/doctors/41885cdc-0175-4dcb-9824-944a922f6950/date-schedules responded 404 in 0ms
2026-06-30 10:10:27.020 +03:00 [INF] HTTP PUT /api/doctors/41885cdc-0175-4dcb-9824-944a922f6950/date-schedules responded 404 in 0ms
2026-06-30 10:10:27.202 +03:00 [INF] HTTP PUT /api/doctors/41885cdc-0175-4dcb-9824-944a922f6950/date-schedules responded 404 in 0ms
2026-06-30 10:10:27.395 +03:00 [INF] HTTP PUT /api/doctors/41885cdc-0175-4dcb-9824-944a922f6950/date-schedules responded 404 in 0ms
2026-06-30 10:10:27.623 +03:00 [INF] HTTP PUT /api/doctors/41885cdc-0175-4dcb-9824-944a922f6950/date-schedules responded 404 in 0ms
2026-06-30 10:10:46.588 +03:00 [INF] HTTP OPTIONS /api/doctors/41885cdc-0175-4dcb-9824-944a922f6950/date-schedules responded 204 in 0ms
2026-06-30 10:10:46.589 +03:00 [INF] HTTP PUT /api/doctors/41885cdc-0175-4dcb-9824-944a922f6950/date-schedules responded 404 in 0ms
2026-06-30 10:10:46.740 +03:00 [INF] HTTP PUT /api/doctors/41885cdc-0175-4dcb-9824-944a922f6950/date-schedules responded 404 in 0ms
2026-06-30 10:10:46.960 +03:00 [INF] HTTP PUT /api/doctors/41885cdc-0175-4dcb-9824-944a922f6950/date-schedules responded 404 in 0ms
2026-06-30 10:11:44.028 +03:00 [INF] HTTP OPTIONS /api/doctors responded 204 in 0ms
2026-06-30 10:11:44.029 +03:00 [INF] HTTP OPTIONS /api/doctors/41885cdc-0175-4dcb-9824-944a922f6950/date-schedules responded 204 in 0ms
2026-06-30 10:11:44.034 +03:00 [INF] HTTP GET /api/doctors/41885cdc-0175-4dcb-9824-944a922f6950/date-schedules responded 404 in 0ms
2026-06-30 10:11:44.035 +03:00 [INF] Executed DbCommand (1ms) [Parameters=[], CommandType='"Text"', CommandTimeout='30']
SELECT [d].[Id], [d].[DepartmentId], [d].[FullName], [d].[IsActive], [d].[Phone], [d].[Specialization], [d].[UserId]
FROM [Doctors] AS [d]
2026-06-30 10:11:44.037 +03:00 [INF] Executed DbCommand (1ms) [Parameters=[@p='?' (DbType = Guid)], CommandType='"Text"', CommandTimeout='30']
SELECT TOP(1) [d].[Id], [d].[Description], [d].[IsActive], [d].[Name]
FROM [Departments] AS [d]
WHERE [d].[Id] = @p
2026-06-30 10:11:44.038 +03:00 [INF] HTTP GET /api/doctors responded 200 in 5ms
2026-06-30 10:11:45.091 +03:00 [INF] HTTP GET /api/doctors/41885cdc-0175-4dcb-9824-944a922f6950/date-schedules responded 404 in 0ms
2026-06-30 10:11:49.895 +03:00 [INF] HTTP OPTIONS /api/doctors/default-date-schedules responded 204 in 0ms
2026-06-30 10:11:49.906 +03:00 [INF] HTTP GET /api/doctors/default-date-schedules responded 404 in 0ms
2026-06-30 10:11:50.921 +03:00 [INF] HTTP GET /api/doctors/default-date-schedules responded 404 in 0ms
2026-06-30 10:15:43.588 +03:00 [INF] Executed DbCommand (84ms) [Parameters=[], CommandType='"Text"', CommandTimeout='30']
SELECT 1
2026-06-30 10:15:43.704 +03:00 [INF] Acquiring an exclusive lock for migration application. See https://aka.ms/efcore-docs-migrations-lock for more information if this takes too long.
2026-06-30 10:15:43.754 +03:00 [INF] Executed DbCommand (42ms) [Parameters=[], CommandType='"Text"', CommandTimeout='30']
DECLARE @result int;
EXEC @result = sp_getapplock @Resource = '__EFMigrationsLock', @LockOwner = 'Session', @LockMode = 'Exclusive';
SELECT @result
2026-06-30 10:15:43.894 +03:00 [INF] Executed DbCommand (3ms) [Parameters=[], CommandType='"Text"', CommandTimeout='30']
IF OBJECT_ID(N'[__EFMigrationsHistory]') IS NULL
BEGIN
    CREATE TABLE [__EFMigrationsHistory] (
        [MigrationId] nvarchar(150) NOT NULL,
        [ProductVersion] nvarchar(32) NOT NULL,
        CONSTRAINT [PK___EFMigrationsHistory] PRIMARY KEY ([MigrationId])
    );
END;
2026-06-30 10:15:43.920 +03:00 [INF] Executed DbCommand (0ms) [Parameters=[], CommandType='"Text"', CommandTimeout='30']
SELECT 1
2026-06-30 10:15:43.923 +03:00 [INF] Executed DbCommand (1ms) [Parameters=[], CommandType='"Text"', CommandTimeout='30']
SELECT OBJECT_ID(N'[__EFMigrationsHistory]');
2026-06-30 10:15:43.940 +03:00 [INF] Executed DbCommand (11ms) [Parameters=[], CommandType='"Text"', CommandTimeout='30']
SELECT [MigrationId], [ProductVersion]
FROM [__EFMigrationsHistory]
ORDER BY [MigrationId];
2026-06-30 10:15:43.960 +03:00 [INF] Applying migration '20260630100000_AddDoctorDateSchedules'.
2026-06-30 10:15:43.982 +03:00 [INF] Executed DbCommand (6ms) [Parameters=[], CommandType='"Text"', CommandTimeout='30']
CREATE TABLE [DefaultDoctorDateSchedules] (
    [Id] uniqueidentifier NOT NULL,
    [ScheduleDate] date NOT NULL,
    [StartTime] time NOT NULL,
    [EndTime] time NOT NULL,
    [AppointmentDurationMinutes] int NOT NULL,
    [IsActive] bit NOT NULL,
    CONSTRAINT [PK_DefaultDoctorDateSchedules] PRIMARY KEY ([Id])
);
2026-06-30 10:15:43.987 +03:00 [INF] Executed DbCommand (5ms) [Parameters=[], CommandType='"Text"', CommandTimeout='30']
CREATE TABLE [DoctorDateSchedules] (
    [Id] uniqueidentifier NOT NULL,
    [DoctorId] uniqueidentifier NOT NULL,
    [ScheduleDate] date NOT NULL,
    [StartTime] time NOT NULL,
    [EndTime] time NOT NULL,
    [AppointmentDurationMinutes] int NOT NULL,
    [IsActive] bit NOT NULL,
    CONSTRAINT [PK_DoctorDateSchedules] PRIMARY KEY ([Id]),
    CONSTRAINT [FK_DoctorDateSchedules_Doctors_DoctorId] FOREIGN KEY ([DoctorId]) REFERENCES [Doctors] ([Id]) ON DELETE CASCADE
);
2026-06-30 10:15:43.990 +03:00 [INF] Executed DbCommand (2ms) [Parameters=[], CommandType='"Text"', CommandTimeout='30']
CREATE UNIQUE INDEX [IX_DefaultDoctorDateSchedules_ScheduleDate] ON [DefaultDoctorDateSchedules] ([ScheduleDate]) WHERE [ScheduleDate] IS NOT NULL;
2026-06-30 10:15:43.991 +03:00 [INF] Executed DbCommand (1ms) [Parameters=[], CommandType='"Text"', CommandTimeout='30']
CREATE UNIQUE INDEX [IX_DoctorDateSchedules_DoctorId_ScheduleDate] ON [DoctorDateSchedules] ([DoctorId], [ScheduleDate]) WHERE [DoctorId] IS NOT NULL AND [ScheduleDate] IS NOT NULL;
2026-06-30 10:15:43.994 +03:00 [INF] Executed DbCommand (2ms) [Parameters=[], CommandType='"Text"', CommandTimeout='30']
INSERT INTO [__EFMigrationsHistory] ([MigrationId], [ProductVersion])
VALUES (N'20260630100000_AddDoctorDateSchedules', N'10.0.9');
2026-06-30 10:15:44.003 +03:00 [INF] Executed DbCommand (5ms) [Parameters=[], CommandType='"Text"', CommandTimeout='30']
DECLARE @result int;
EXEC @result = sp_releaseapplock @Resource = '__EFMigrationsLock', @LockOwner = 'Session';
SELECT @result
2026-06-30 10:15:44.365 +03:00 [INF] Executed DbCommand (5ms) [Parameters=[], CommandType='"Text"', CommandTimeout='30']
SELECT CASE
    WHEN EXISTS (
        SELECT 1
        FROM [Users] AS [u]) THEN CAST(1 AS bit)
    ELSE CAST(0 AS bit)
END
2026-06-30 10:15:44.372 +03:00 [INF] Database already seeded. Ensuring demo accounts exist.
2026-06-30 10:15:44.519 +03:00 [INF] Executed DbCommand (6ms) [Parameters=[], CommandType='"Text"', CommandTimeout='30']
SELECT TOP(1) [u].[Id], [u].[CreatedAt], [u].[Email], [u].[IsActive], [u].[PasswordHash], [u].[Role]
FROM [Users] AS [u]
WHERE [u].[Email] = N'patient@hospital.com'
2026-06-30 10:15:44.764 +03:00 [INF] Executed DbCommand (22ms) [Parameters=[@patientUser_Id='?' (DbType = Guid)], CommandType='"Text"', CommandTimeout='30']
SELECT TOP(1) [p].[Id], [p].[Address], [p].[BloodType], [p].[CreatedAt], [p].[DateOfBirth], [p].[Email], [p].[FullName], [p].[Gender], [p].[NationalId], [p].[Phone], [p].[UserId]
FROM [Patients] AS [p]
WHERE [p].[UserId] = @patientUser_Id
2026-06-30 10:15:44.841 +03:00 [INF] Executed DbCommand (4ms) [Parameters=[], CommandType='"Text"', CommandTimeout='30']
SELECT CASE
    WHEN EXISTS (
        SELECT 1
        FROM [DefaultDoctorSchedules] AS [d]) THEN CAST(1 AS bit)
    ELSE CAST(0 AS bit)
END
2026-06-30 10:15:45.146 +03:00 [INF] Now listening on: http://localhost:5000
2026-06-30 10:15:45.147 +03:00 [INF] Application started. Press Ctrl+C to shut down.
2026-06-30 10:15:45.147 +03:00 [INF] Hosting environment: Development
2026-06-30 10:15:45.147 +03:00 [INF] Content root path: G:\DEPI\HospitalSystem.API
2026-06-30 10:15:54.365 +03:00 [WRN] Failed to determine the https port for redirect.
2026-06-30 10:15:54.661 +03:00 [INF] Executed DbCommand (2ms) [Parameters=[], CommandType='"Text"', CommandTimeout='30']
SELECT [u].[Id], [u].[CreatedAt], [u].[Email], [u].[IsActive], [u].[PasswordHash], [u].[Role]
FROM [Users] AS [u]
2026-06-30 10:15:55.201 +03:00 [INF] HTTP POST /api/auth/login responded 200 in 913ms
2026-06-30 10:15:55.380 +03:00 [INF] Executed DbCommand (3ms) [Parameters=[], CommandType='"Text"', CommandTimeout='30']
SELECT [d].[Id], [d].[DepartmentId], [d].[FullName], [d].[IsActive], [d].[Phone], [d].[Specialization], [d].[UserId]
FROM [Doctors] AS [d]
2026-06-30 10:15:55.493 +03:00 [INF] Executed DbCommand (3ms) [Parameters=[@p='?' (DbType = Guid)], CommandType='"Text"', CommandTimeout='30']
SELECT TOP(1) [d].[Id], [d].[Description], [d].[IsActive], [d].[Name]
FROM [Departments] AS [d]
WHERE [d].[Id] = @p
2026-06-30 10:15:55.541 +03:00 [INF] HTTP GET /api/doctors responded 200 in 279ms
2026-06-30 10:15:55.689 +03:00 [INF] Executed DbCommand (3ms) [Parameters=[@p='?' (DbType = Guid)], CommandType='"Text"', CommandTimeout='30']
SELECT TOP(1) [d].[Id], [d].[DepartmentId], [d].[FullName], [d].[IsActive], [d].[Phone], [d].[Specialization], [d].[UserId]
FROM [Doctors] AS [d]
WHERE [d].[Id] = @p
2026-06-30 10:15:55.707 +03:00 [INF] Executed DbCommand (3ms) [Parameters=[], CommandType='"Text"', CommandTimeout='30']
SELECT [d].[Id], [d].[AppointmentDurationMinutes], [d].[DoctorId], [d].[EndTime], [d].[IsActive], [d].[ScheduleDate], [d].[StartTime]
FROM [DoctorDateSchedules] AS [d]
2026-06-30 10:15:55.996 +03:00 [INF] Executed DbCommand (4ms) [Parameters=[@p0='?' (DbType = Guid), @p1='?' (DbType = Int32), @p2='?' (DbType = Guid), @p3='?' (DbType = Time), @p4='?' (DbType = Boolean), @p5='?' (DbType = Date), @p6='?' (DbType = Time)], CommandType='"Text"', CommandTimeout='30']
SET IMPLICIT_TRANSACTIONS OFF;
SET NOCOUNT ON;
INSERT INTO [DoctorDateSchedules] ([Id], [AppointmentDurationMinutes], [DoctorId], [EndTime], [IsActive], [ScheduleDate], [StartTime])
VALUES (@p0, @p1, @p2, @p3, @p4, @p5, @p6);
2026-06-30 10:15:56.018 +03:00 [INF] HTTP PUT /api/doctors/41885cdc-0175-4dcb-9824-944a922f6950/date-schedules responded 200 in 457ms
2026-06-30 10:16:27.100 +03:00 [INF] HTTP OPTIONS /api/doctors/default-date-schedules responded 204 in 4ms
2026-06-30 10:16:27.201 +03:00 [INF] Executed DbCommand (4ms) [Parameters=[], CommandType='"Text"', CommandTimeout='30']
SELECT [d].[Id], [d].[AppointmentDurationMinutes], [d].[EndTime], [d].[IsActive], [d].[ScheduleDate], [d].[StartTime]
FROM [DefaultDoctorDateSchedules] AS [d]
2026-06-30 10:16:27.223 +03:00 [INF] HTTP GET /api/doctors/default-date-schedules responded 200 in 116ms
2026-06-30 10:16:39.656 +03:00 [INF] HTTP OPTIONS /api/doctors/default-date-schedules responded 204 in 0ms
2026-06-30 10:16:39.676 +03:00 [INF] Executed DbCommand (3ms) [Parameters=[], CommandType='"Text"', CommandTimeout='30']
SELECT [d].[Id], [d].[AppointmentDurationMinutes], [d].[EndTime], [d].[IsActive], [d].[ScheduleDate], [d].[StartTime]
FROM [DefaultDoctorDateSchedules] AS [d]
2026-06-30 10:16:39.679 +03:00 [INF] HTTP GET /api/doctors/default-date-schedules responded 200 in 18ms
2026-06-30 10:16:57.847 +03:00 [INF] HTTP OPTIONS /api/doctors/default-date-schedules responded 204 in 0ms
2026-06-30 10:16:57.858 +03:00 [INF] Executed DbCommand (1ms) [Parameters=[], CommandType='"Text"', CommandTimeout='30']
SELECT [d].[Id], [d].[AppointmentDurationMinutes], [d].[EndTime], [d].[IsActive], [d].[ScheduleDate], [d].[StartTime]
FROM [DefaultDoctorDateSchedules] AS [d]
2026-06-30 10:16:57.859 +03:00 [INF] HTTP GET /api/doctors/default-date-schedules responded 200 in 6ms
2026-06-30 10:16:59.267 +03:00 [INF] HTTP OPTIONS /api/doctors/default-date-schedules responded 204 in 0ms
2026-06-30 10:16:59.313 +03:00 [INF] Executed DbCommand (2ms) [Parameters=[], CommandType='"Text"', CommandTimeout='30']
SELECT [d].[Id], [d].[AppointmentDurationMinutes], [d].[EndTime], [d].[IsActive], [d].[ScheduleDate], [d].[StartTime]
FROM [DefaultDoctorDateSchedules] AS [d]
2026-06-30 10:16:59.397 +03:00 [INF] Executed DbCommand (7ms) [Parameters=[@p0='?' (DbType = Guid), @p1='?' (DbType = Int32), @p2='?' (DbType = Time), @p3='?' (DbType = Boolean), @p4='?' (DbType = Date), @p5='?' (DbType = Time)], CommandType='"Text"', CommandTimeout='30']
SET IMPLICIT_TRANSACTIONS OFF;
SET NOCOUNT ON;
INSERT INTO [DefaultDoctorDateSchedules] ([Id], [AppointmentDurationMinutes], [EndTime], [IsActive], [ScheduleDate], [StartTime])
VALUES (@p0, @p1, @p2, @p3, @p4, @p5);
2026-06-30 10:16:59.403 +03:00 [INF] HTTP PUT /api/doctors/default-date-schedules responded 200 in 129ms
2026-06-30 10:16:59.417 +03:00 [INF] Executed DbCommand (1ms) [Parameters=[], CommandType='"Text"', CommandTimeout='30']
SELECT [d].[Id], [d].[AppointmentDurationMinutes], [d].[EndTime], [d].[IsActive], [d].[ScheduleDate], [d].[StartTime]
FROM [DefaultDoctorDateSchedules] AS [d]
2026-06-30 10:16:59.432 +03:00 [INF] HTTP GET /api/doctors/default-date-schedules responded 200 in 20ms
2026-06-30 10:17:24.289 +03:00 [INF] HTTP OPTIONS /api/doctors responded 204 in 0ms
2026-06-30 10:17:24.292 +03:00 [INF] HTTP OPTIONS /api/departments responded 204 in 0ms
2026-06-30 10:17:24.302 +03:00 [INF] Executed DbCommand (1ms) [Parameters=[], CommandType='"Text"', CommandTimeout='30']
SELECT [d].[Id], [d].[DepartmentId], [d].[FullName], [d].[IsActive], [d].[Phone], [d].[Specialization], [d].[UserId]
FROM [Doctors] AS [d]
2026-06-30 10:17:24.313 +03:00 [INF] Executed DbCommand (1ms) [Parameters=[@p='?' (DbType = Guid)], CommandType='"Text"', CommandTimeout='30']
SELECT TOP(1) [d].[Id], [d].[Description], [d].[IsActive], [d].[Name]
FROM [Departments] AS [d]
WHERE [d].[Id] = @p
2026-06-30 10:17:24.315 +03:00 [INF] HTTP GET /api/doctors responded 200 in 17ms
2026-06-30 10:17:24.333 +03:00 [INF] Executed DbCommand (2ms) [Parameters=[], CommandType='"Text"', CommandTimeout='30']
SELECT [d].[Id], [d].[Description], [d].[IsActive], [d].[Name]
FROM [Departments] AS [d]
2026-06-30 10:17:24.345 +03:00 [INF] HTTP GET /api/departments responded 200 in 47ms
2026-06-30 10:17:27.078 +03:00 [INF] HTTP OPTIONS /api/doctors responded 204 in 0ms
2026-06-30 10:17:27.080 +03:00 [INF] HTTP OPTIONS /api/doctors/41885cdc-0175-4dcb-9824-944a922f6950/date-schedules responded 204 in 0ms
2026-06-30 10:17:27.089 +03:00 [INF] Executed DbCommand (1ms) [Parameters=[], CommandType='"Text"', CommandTimeout='30']
SELECT [d].[Id], [d].[DepartmentId], [d].[FullName], [d].[IsActive], [d].[Phone], [d].[Specialization], [d].[UserId]
FROM [Doctors] AS [d]
2026-06-30 10:17:27.092 +03:00 [INF] Executed DbCommand (1ms) [Parameters=[@p='?' (DbType = Guid)], CommandType='"Text"', CommandTimeout='30']
SELECT TOP(1) [d].[Id], [d].[Description], [d].[IsActive], [d].[Name]
FROM [Departments] AS [d]
WHERE [d].[Id] = @p
2026-06-30 10:17:27.093 +03:00 [INF] HTTP GET /api/doctors responded 200 in 9ms
2026-06-30 10:17:27.114 +03:00 [INF] Executed DbCommand (1ms) [Parameters=[@p='?' (DbType = Guid)], CommandType='"Text"', CommandTimeout='30']
SELECT TOP(1) [d].[Id], [d].[DepartmentId], [d].[FullName], [d].[IsActive], [d].[Phone], [d].[Specialization], [d].[UserId]
FROM [Doctors] AS [d]
WHERE [d].[Id] = @p
2026-06-30 10:17:27.117 +03:00 [INF] Executed DbCommand (1ms) [Parameters=[], CommandType='"Text"', CommandTimeout='30']
SELECT [d].[Id], [d].[AppointmentDurationMinutes], [d].[DoctorId], [d].[EndTime], [d].[IsActive], [d].[ScheduleDate], [d].[StartTime]
FROM [DoctorDateSchedules] AS [d]
2026-06-30 10:17:27.122 +03:00 [INF] HTTP GET /api/doctors/41885cdc-0175-4dcb-9824-944a922f6950/date-schedules responded 200 in 37ms
2026-06-30 10:17:31.437 +03:00 [INF] HTTP OPTIONS /api/doctors/41885cdc-0175-4dcb-9824-944a922f6950/date-schedules responded 204 in 0ms
2026-06-30 10:17:31.445 +03:00 [INF] Executed DbCommand (1ms) [Parameters=[@p='?' (DbType = Guid)], CommandType='"Text"', CommandTimeout='30']
SELECT TOP(1) [d].[Id], [d].[DepartmentId], [d].[FullName], [d].[IsActive], [d].[Phone], [d].[Specialization], [d].[UserId]
FROM [Doctors] AS [d]
WHERE [d].[Id] = @p
2026-06-30 10:17:31.447 +03:00 [INF] Executed DbCommand (1ms) [Parameters=[], CommandType='"Text"', CommandTimeout='30']
SELECT [d].[Id], [d].[AppointmentDurationMinutes], [d].[DoctorId], [d].[EndTime], [d].[IsActive], [d].[ScheduleDate], [d].[StartTime]
FROM [DoctorDateSchedules] AS [d]
2026-06-30 10:17:31.448 +03:00 [INF] HTTP GET /api/doctors/41885cdc-0175-4dcb-9824-944a922f6950/date-schedules responded 200 in 7ms
2026-06-30 10:17:34.257 +03:00 [INF] HTTP OPTIONS /api/doctors/41885cdc-0175-4dcb-9824-944a922f6950/date-schedules responded 204 in 0ms
2026-06-30 10:17:34.276 +03:00 [INF] Executed DbCommand (1ms) [Parameters=[@p='?' (DbType = Guid)], CommandType='"Text"', CommandTimeout='30']
SELECT TOP(1) [d].[Id], [d].[DepartmentId], [d].[FullName], [d].[IsActive], [d].[Phone], [d].[Specialization], [d].[UserId]
FROM [Doctors] AS [d]
WHERE [d].[Id] = @p
2026-06-30 10:17:34.279 +03:00 [INF] Executed DbCommand (1ms) [Parameters=[], CommandType='"Text"', CommandTimeout='30']
SELECT [d].[Id], [d].[AppointmentDurationMinutes], [d].[DoctorId], [d].[EndTime], [d].[IsActive], [d].[ScheduleDate], [d].[StartTime]
FROM [DoctorDateSchedules] AS [d]
2026-06-30 10:17:34.289 +03:00 [INF] Executed DbCommand (3ms) [Parameters=[@p0='?' (DbType = Guid), @p1='?' (DbType = Int32), @p2='?' (DbType = Guid), @p3='?' (DbType = Time), @p4='?' (DbType = Boolean), @p5='?' (DbType = Date), @p6='?' (DbType = Time)], CommandType='"Text"', CommandTimeout='30']
SET IMPLICIT_TRANSACTIONS OFF;
SET NOCOUNT ON;
INSERT INTO [DoctorDateSchedules] ([Id], [AppointmentDurationMinutes], [DoctorId], [EndTime], [IsActive], [ScheduleDate], [StartTime])
VALUES (@p0, @p1, @p2, @p3, @p4, @p5, @p6);
2026-06-30 10:17:34.290 +03:00 [INF] HTTP PUT /api/doctors/41885cdc-0175-4dcb-9824-944a922f6950/date-schedules responded 200 in 25ms
2026-06-30 10:17:34.305 +03:00 [INF] Executed DbCommand (2ms) [Parameters=[@p='?' (DbType = Guid)], CommandType='"Text"', CommandTimeout='30']
SELECT TOP(1) [d].[Id], [d].[DepartmentId], [d].[FullName], [d].[IsActive], [d].[Phone], [d].[Specialization], [d].[UserId]
FROM [Doctors] AS [d]
WHERE [d].[Id] = @p
2026-06-30 10:17:34.308 +03:00 [INF] Executed DbCommand (1ms) [Parameters=[], CommandType='"Text"', CommandTimeout='30']
SELECT [d].[Id], [d].[AppointmentDurationMinutes], [d].[DoctorId], [d].[EndTime], [d].[IsActive], [d].[ScheduleDate], [d].[StartTime]
FROM [DoctorDateSchedules] AS [d]
2026-06-30 10:17:34.309 +03:00 [INF] HTTP GET /api/doctors/41885cdc-0175-4dcb-9824-944a922f6950/date-schedules responded 200 in 10ms
2026-06-30 10:17:42.783 +03:00 [INF] HTTP OPTIONS /api/doctors/41885cdc-0175-4dcb-9824-944a922f6950/date-schedules responded 204 in 0ms
2026-06-30 10:17:42.791 +03:00 [INF] Executed DbCommand (1ms) [Parameters=[@p='?' (DbType = Guid)], CommandType='"Text"', CommandTimeout='30']
SELECT TOP(1) [d].[Id], [d].[DepartmentId], [d].[FullName], [d].[IsActive], [d].[Phone], [d].[Specialization], [d].[UserId]
FROM [Doctors] AS [d]
WHERE [d].[Id] = @p
2026-06-30 10:17:42.793 +03:00 [INF] Executed DbCommand (1ms) [Parameters=[], CommandType='"Text"', CommandTimeout='30']
SELECT [d].[Id], [d].[AppointmentDurationMinutes], [d].[DoctorId], [d].[EndTime], [d].[IsActive], [d].[ScheduleDate], [d].[StartTime]
FROM [DoctorDateSchedules] AS [d]
2026-06-30 10:17:42.806 +03:00 [INF] Executed DbCommand (11ms) [Parameters=[@p0='?' (DbType = Guid), @p1='?' (DbType = Int32), @p2='?' (DbType = Guid), @p3='?' (DbType = Time), @p4='?' (DbType = Boolean), @p5='?' (DbType = Date), @p6='?' (DbType = Time)], CommandType='"Text"', CommandTimeout='30']
SET IMPLICIT_TRANSACTIONS OFF;
SET NOCOUNT ON;
INSERT INTO [DoctorDateSchedules] ([Id], [AppointmentDurationMinutes], [DoctorId], [EndTime], [IsActive], [ScheduleDate], [StartTime])
VALUES (@p0, @p1, @p2, @p3, @p4, @p5, @p6);
2026-06-30 10:17:42.808 +03:00 [INF] HTTP PUT /api/doctors/41885cdc-0175-4dcb-9824-944a922f6950/date-schedules responded 200 in 21ms
2026-06-30 10:17:42.814 +03:00 [INF] HTTP OPTIONS /api/doctors/41885cdc-0175-4dcb-9824-944a922f6950/date-schedules responded 204 in 0ms
2026-06-30 10:17:42.821 +03:00 [INF] Executed DbCommand (1ms) [Parameters=[@p='?' (DbType = Guid)], CommandType='"Text"', CommandTimeout='30']
SELECT TOP(1) [d].[Id], [d].[DepartmentId], [d].[FullName], [d].[IsActive], [d].[Phone], [d].[Specialization], [d].[UserId]
FROM [Doctors] AS [d]
WHERE [d].[Id] = @p
2026-06-30 10:17:42.823 +03:00 [INF] Executed DbCommand (1ms) [Parameters=[], CommandType='"Text"', CommandTimeout='30']
SELECT [d].[Id], [d].[AppointmentDurationMinutes], [d].[DoctorId], [d].[EndTime], [d].[IsActive], [d].[ScheduleDate], [d].[StartTime]
FROM [DoctorDateSchedules] AS [d]
2026-06-30 10:17:42.825 +03:00 [INF] HTTP GET /api/doctors/41885cdc-0175-4dcb-9824-944a922f6950/date-schedules responded 200 in 8ms
2026-06-30 10:17:54.436 +03:00 [INF] HTTP OPTIONS /api/doctors/41885cdc-0175-4dcb-9824-944a922f6950/date-schedules/2026-07-02 responded 204 in 0ms
2026-06-30 10:17:54.517 +03:00 [INF] Executed DbCommand (2ms) [Parameters=[@p='?' (DbType = Guid)], CommandType='"Text"', CommandTimeout='30']
SELECT TOP(1) [d].[Id], [d].[DepartmentId], [d].[FullName], [d].[IsActive], [d].[Phone], [d].[Specialization], [d].[UserId]
FROM [Doctors] AS [d]
WHERE [d].[Id] = @p
2026-06-30 10:17:54.520 +03:00 [INF] Executed DbCommand (1ms) [Parameters=[], CommandType='"Text"', CommandTimeout='30']
SELECT [d].[Id], [d].[AppointmentDurationMinutes], [d].[DoctorId], [d].[EndTime], [d].[IsActive], [d].[ScheduleDate], [d].[StartTime]
FROM [DoctorDateSchedules] AS [d]
2026-06-30 10:17:54.595 +03:00 [INF] Executed DbCommand (15ms) [Parameters=[@p6='?' (DbType = Guid), @p0='?' (DbType = Int32), @p1='?' (DbType = Guid), @p2='?' (DbType = Time), @p3='?' (DbType = Boolean), @p4='?' (DbType = Date), @p5='?' (DbType = Time)], CommandType='"Text"', CommandTimeout='30']
SET IMPLICIT_TRANSACTIONS OFF;
SET NOCOUNT ON;
UPDATE [DoctorDateSchedules] SET [AppointmentDurationMinutes] = @p0, [DoctorId] = @p1, [EndTime] = @p2, [IsActive] = @p3, [ScheduleDate] = @p4, [StartTime] = @p5
OUTPUT 1
WHERE [Id] = @p6;
2026-06-30 10:17:54.606 +03:00 [INF] HTTP DELETE /api/doctors/41885cdc-0175-4dcb-9824-944a922f6950/date-schedules/2026-07-02 responded 200 in 161ms
2026-06-30 10:17:54.612 +03:00 [INF] HTTP OPTIONS /api/doctors/41885cdc-0175-4dcb-9824-944a922f6950/date-schedules responded 204 in 0ms
2026-06-30 10:17:54.619 +03:00 [INF] Executed DbCommand (1ms) [Parameters=[@p='?' (DbType = Guid)], CommandType='"Text"', CommandTimeout='30']
SELECT TOP(1) [d].[Id], [d].[DepartmentId], [d].[FullName], [d].[IsActive], [d].[Phone], [d].[Specialization], [d].[UserId]
FROM [Doctors] AS [d]
WHERE [d].[Id] = @p
2026-06-30 10:17:54.620 +03:00 [INF] Executed DbCommand (1ms) [Parameters=[], CommandType='"Text"', CommandTimeout='30']
SELECT [d].[Id], [d].[AppointmentDurationMinutes], [d].[DoctorId], [d].[EndTime], [d].[IsActive], [d].[ScheduleDate], [d].[StartTime]
FROM [DoctorDateSchedules] AS [d]
2026-06-30 10:17:54.621 +03:00 [INF] HTTP GET /api/doctors/41885cdc-0175-4dcb-9824-944a922f6950/date-schedules responded 200 in 5ms
2026-06-30 10:18:04.377 +03:00 [INF] HTTP OPTIONS /api/doctors/41885cdc-0175-4dcb-9824-944a922f6950/date-schedules/2026-07-01 responded 204 in 0ms
2026-06-30 10:18:04.391 +03:00 [INF] Executed DbCommand (1ms) [Parameters=[@p='?' (DbType = Guid)], CommandType='"Text"', CommandTimeout='30']
SELECT TOP(1) [d].[Id], [d].[DepartmentId], [d].[FullName], [d].[IsActive], [d].[Phone], [d].[Specialization], [d].[UserId]
FROM [Doctors] AS [d]
WHERE [d].[Id] = @p
2026-06-30 10:18:04.393 +03:00 [INF] Executed DbCommand (1ms) [Parameters=[], CommandType='"Text"', CommandTimeout='30']
SELECT [d].[Id], [d].[AppointmentDurationMinutes], [d].[DoctorId], [d].[EndTime], [d].[IsActive], [d].[ScheduleDate], [d].[StartTime]
FROM [DoctorDateSchedules] AS [d]
2026-06-30 10:18:04.410 +03:00 [INF] Executed DbCommand (13ms) [Parameters=[@p6='?' (DbType = Guid), @p0='?' (DbType = Int32), @p1='?' (DbType = Guid), @p2='?' (DbType = Time), @p3='?' (DbType = Boolean), @p4='?' (DbType = Date), @p5='?' (DbType = Time)], CommandType='"Text"', CommandTimeout='30']
SET IMPLICIT_TRANSACTIONS OFF;
SET NOCOUNT ON;
UPDATE [DoctorDateSchedules] SET [AppointmentDurationMinutes] = @p0, [DoctorId] = @p1, [EndTime] = @p2, [IsActive] = @p3, [ScheduleDate] = @p4, [StartTime] = @p5
OUTPUT 1
WHERE [Id] = @p6;
2026-06-30 10:18:04.411 +03:00 [INF] HTTP DELETE /api/doctors/41885cdc-0175-4dcb-9824-944a922f6950/date-schedules/2026-07-01 responded 200 in 27ms
2026-06-30 10:18:04.420 +03:00 [INF] HTTP OPTIONS /api/doctors/41885cdc-0175-4dcb-9824-944a922f6950/date-schedules responded 204 in 0ms
2026-06-30 10:18:04.431 +03:00 [INF] Executed DbCommand (1ms) [Parameters=[@p='?' (DbType = Guid)], CommandType='"Text"', CommandTimeout='30']
SELECT TOP(1) [d].[Id], [d].[DepartmentId], [d].[FullName], [d].[IsActive], [d].[Phone], [d].[Specialization], [d].[UserId]
FROM [Doctors] AS [d]
WHERE [d].[Id] = @p
2026-06-30 10:18:04.434 +03:00 [INF] Executed DbCommand (1ms) [Parameters=[], CommandType='"Text"', CommandTimeout='30']
SELECT [d].[Id], [d].[AppointmentDurationMinutes], [d].[DoctorId], [d].[EndTime], [d].[IsActive], [d].[ScheduleDate], [d].[StartTime]
FROM [DoctorDateSchedules] AS [d]
2026-06-30 10:18:04.435 +03:00 [INF] HTTP GET /api/doctors/41885cdc-0175-4dcb-9824-944a922f6950/date-schedules responded 200 in 9ms
2026-06-30 10:18:09.235 +03:00 [INF] HTTP OPTIONS /api/doctors/41885cdc-0175-4dcb-9824-944a922f6950/date-schedules responded 204 in 0ms
2026-06-30 10:18:09.252 +03:00 [INF] Executed DbCommand (2ms) [Parameters=[@p='?' (DbType = Guid)], CommandType='"Text"', CommandTimeout='30']
SELECT TOP(1) [d].[Id], [d].[DepartmentId], [d].[FullName], [d].[IsActive], [d].[Phone], [d].[Specialization], [d].[UserId]
FROM [Doctors] AS [d]
WHERE [d].[Id] = @p
2026-06-30 10:18:09.256 +03:00 [INF] Executed DbCommand (1ms) [Parameters=[], CommandType='"Text"', CommandTimeout='30']
SELECT [d].[Id], [d].[AppointmentDurationMinutes], [d].[DoctorId], [d].[EndTime], [d].[IsActive], [d].[ScheduleDate], [d].[StartTime]
FROM [DoctorDateSchedules] AS [d]
2026-06-30 10:18:09.258 +03:00 [INF] HTTP GET /api/doctors/41885cdc-0175-4dcb-9824-944a922f6950/date-schedules responded 200 in 15ms
2026-06-30 10:18:12.088 +03:00 [INF] HTTP OPTIONS /api/doctors/41885cdc-0175-4dcb-9824-944a922f6950/date-schedules responded 204 in 0ms
2026-06-30 10:18:12.102 +03:00 [INF] Executed DbCommand (2ms) [Parameters=[@p='?' (DbType = Guid)], CommandType='"Text"', CommandTimeout='30']
SELECT TOP(1) [d].[Id], [d].[DepartmentId], [d].[FullName], [d].[IsActive], [d].[Phone], [d].[Specialization], [d].[UserId]
FROM [Doctors] AS [d]
WHERE [d].[Id] = @p
2026-06-30 10:18:12.105 +03:00 [INF] Executed DbCommand (1ms) [Parameters=[], CommandType='"Text"', CommandTimeout='30']
SELECT [d].[Id], [d].[AppointmentDurationMinutes], [d].[DoctorId], [d].[EndTime], [d].[IsActive], [d].[ScheduleDate], [d].[StartTime]
FROM [DoctorDateSchedules] AS [d]
2026-06-30 10:18:12.121 +03:00 [INF] Executed DbCommand (11ms) [Parameters=[@p6='?' (DbType = Guid), @p0='?' (DbType = Int32), @p1='?' (DbType = Guid), @p2='?' (DbType = Time), @p3='?' (DbType = Boolean), @p4='?' (DbType = Date), @p5='?' (DbType = Time)], CommandType='"Text"', CommandTimeout='30']
SET IMPLICIT_TRANSACTIONS OFF;
SET NOCOUNT ON;
UPDATE [DoctorDateSchedules] SET [AppointmentDurationMinutes] = @p0, [DoctorId] = @p1, [EndTime] = @p2, [IsActive] = @p3, [ScheduleDate] = @p4, [StartTime] = @p5
OUTPUT 1
WHERE [Id] = @p6;
2026-06-30 10:18:12.122 +03:00 [INF] HTTP PUT /api/doctors/41885cdc-0175-4dcb-9824-944a922f6950/date-schedules responded 200 in 28ms
2026-06-30 10:18:12.142 +03:00 [INF] Executed DbCommand (1ms) [Parameters=[@p='?' (DbType = Guid)], CommandType='"Text"', CommandTimeout='30']
SELECT TOP(1) [d].[Id], [d].[DepartmentId], [d].[FullName], [d].[IsActive], [d].[Phone], [d].[Specialization], [d].[UserId]
FROM [Doctors] AS [d]
WHERE [d].[Id] = @p
2026-06-30 10:18:12.145 +03:00 [INF] Executed DbCommand (1ms) [Parameters=[], CommandType='"Text"', CommandTimeout='30']
SELECT [d].[Id], [d].[AppointmentDurationMinutes], [d].[DoctorId], [d].[EndTime], [d].[IsActive], [d].[ScheduleDate], [d].[StartTime]
FROM [DoctorDateSchedules] AS [d]
2026-06-30 10:18:12.147 +03:00 [INF] HTTP GET /api/doctors/41885cdc-0175-4dcb-9824-944a922f6950/date-schedules responded 200 in 11ms
2026-06-30 10:18:22.823 +03:00 [INF] HTTP OPTIONS /api/doctors/41885cdc-0175-4dcb-9824-944a922f6950/date-schedules responded 204 in 0ms
2026-06-30 10:18:22.836 +03:00 [INF] Executed DbCommand (1ms) [Parameters=[@p='?' (DbType = Guid)], CommandType='"Text"', CommandTimeout='30']
SELECT TOP(1) [d].[Id], [d].[DepartmentId], [d].[FullName], [d].[IsActive], [d].[Phone], [d].[Specialization], [d].[UserId]
FROM [Doctors] AS [d]
WHERE [d].[Id] = @p
2026-06-30 10:18:22.838 +03:00 [INF] Executed DbCommand (1ms) [Parameters=[], CommandType='"Text"', CommandTimeout='30']
SELECT [d].[Id], [d].[AppointmentDurationMinutes], [d].[DoctorId], [d].[EndTime], [d].[IsActive], [d].[ScheduleDate], [d].[StartTime]
FROM [DoctorDateSchedules] AS [d]
2026-06-30 10:18:22.844 +03:00 [INF] Executed DbCommand (2ms) [Parameters=[@p6='?' (DbType = Guid), @p0='?' (DbType = Int32), @p1='?' (DbType = Guid), @p2='?' (DbType = Time), @p3='?' (DbType = Boolean), @p4='?' (DbType = Date), @p5='?' (DbType = Time)], CommandType='"Text"', CommandTimeout='30']
SET IMPLICIT_TRANSACTIONS OFF;
SET NOCOUNT ON;
UPDATE [DoctorDateSchedules] SET [AppointmentDurationMinutes] = @p0, [DoctorId] = @p1, [EndTime] = @p2, [IsActive] = @p3, [ScheduleDate] = @p4, [StartTime] = @p5
OUTPUT 1
WHERE [Id] = @p6;
2026-06-30 10:18:22.845 +03:00 [INF] HTTP PUT /api/doctors/41885cdc-0175-4dcb-9824-944a922f6950/date-schedules responded 200 in 15ms
2026-06-30 10:18:22.854 +03:00 [INF] HTTP OPTIONS /api/doctors/41885cdc-0175-4dcb-9824-944a922f6950/date-schedules responded 204 in 0ms
2026-06-30 10:18:22.866 +03:00 [INF] Executed DbCommand (2ms) [Parameters=[@p='?' (DbType = Guid)], CommandType='"Text"', CommandTimeout='30']
SELECT TOP(1) [d].[Id], [d].[DepartmentId], [d].[FullName], [d].[IsActive], [d].[Phone], [d].[Specialization], [d].[UserId]
FROM [Doctors] AS [d]
WHERE [d].[Id] = @p
2026-06-30 10:18:22.869 +03:00 [INF] Executed DbCommand (2ms) [Parameters=[], CommandType='"Text"', CommandTimeout='30']
SELECT [d].[Id], [d].[AppointmentDurationMinutes], [d].[DoctorId], [d].[EndTime], [d].[IsActive], [d].[ScheduleDate], [d].[StartTime]
FROM [DoctorDateSchedules] AS [d]
2026-06-30 10:18:22.870 +03:00 [INF] HTTP GET /api/doctors/41885cdc-0175-4dcb-9824-944a922f6950/date-schedules responded 200 in 10ms
2026-06-30 10:18:28.554 +03:00 [INF] HTTP OPTIONS /api/doctors/41885cdc-0175-4dcb-9824-944a922f6950/date-schedules responded 204 in 0ms
2026-06-30 10:18:28.567 +03:00 [INF] Executed DbCommand (2ms) [Parameters=[@p='?' (DbType = Guid)], CommandType='"Text"', CommandTimeout='30']
SELECT TOP(1) [d].[Id], [d].[DepartmentId], [d].[FullName], [d].[IsActive], [d].[Phone], [d].[Specialization], [d].[UserId]
FROM [Doctors] AS [d]
WHERE [d].[Id] = @p
2026-06-30 10:18:28.570 +03:00 [INF] Executed DbCommand (2ms) [Parameters=[], CommandType='"Text"', CommandTimeout='30']
SELECT [d].[Id], [d].[AppointmentDurationMinutes], [d].[DoctorId], [d].[EndTime], [d].[IsActive], [d].[ScheduleDate], [d].[StartTime]
FROM [DoctorDateSchedules] AS [d]
2026-06-30 10:18:28.576 +03:00 [INF] Executed DbCommand (3ms) [Parameters=[@p6='?' (DbType = Guid), @p0='?' (DbType = Int32), @p1='?' (DbType = Guid), @p2='?' (DbType = Time), @p3='?' (DbType = Boolean), @p4='?' (DbType = Date), @p5='?' (DbType = Time)], CommandType='"Text"', CommandTimeout='30']
SET IMPLICIT_TRANSACTIONS OFF;
SET NOCOUNT ON;
UPDATE [DoctorDateSchedules] SET [AppointmentDurationMinutes] = @p0, [DoctorId] = @p1, [EndTime] = @p2, [IsActive] = @p3, [ScheduleDate] = @p4, [StartTime] = @p5
OUTPUT 1
WHERE [Id] = @p6;
2026-06-30 10:18:28.577 +03:00 [INF] HTTP PUT /api/doctors/41885cdc-0175-4dcb-9824-944a922f6950/date-schedules responded 200 in 17ms
2026-06-30 10:18:28.589 +03:00 [INF] HTTP OPTIONS /api/doctors/41885cdc-0175-4dcb-9824-944a922f6950/date-schedules responded 204 in 0ms
2026-06-30 10:18:28.600 +03:00 [INF] Executed DbCommand (2ms) [Parameters=[@p='?' (DbType = Guid)], CommandType='"Text"', CommandTimeout='30']
SELECT TOP(1) [d].[Id], [d].[DepartmentId], [d].[FullName], [d].[IsActive], [d].[Phone], [d].[Specialization], [d].[UserId]
FROM [Doctors] AS [d]
WHERE [d].[Id] = @p
2026-06-30 10:18:28.603 +03:00 [INF] Executed DbCommand (1ms) [Parameters=[], CommandType='"Text"', CommandTimeout='30']
SELECT [d].[Id], [d].[AppointmentDurationMinutes], [d].[DoctorId], [d].[EndTime], [d].[IsActive], [d].[ScheduleDate], [d].[StartTime]
FROM [DoctorDateSchedules] AS [d]
2026-06-30 10:18:28.604 +03:00 [INF] HTTP GET /api/doctors/41885cdc-0175-4dcb-9824-944a922f6950/date-schedules responded 200 in 10ms
2026-06-30 10:18:33.291 +03:00 [INF] Executed DbCommand (2ms) [Parameters=[@p='?' (DbType = Guid)], CommandType='"Text"', CommandTimeout='30']
SELECT TOP(1) [d].[Id], [d].[DepartmentId], [d].[FullName], [d].[IsActive], [d].[Phone], [d].[Specialization], [d].[UserId]
FROM [Doctors] AS [d]
WHERE [d].[Id] = @p
2026-06-30 10:18:33.294 +03:00 [INF] Executed DbCommand (1ms) [Parameters=[], CommandType='"Text"', CommandTimeout='30']
SELECT [d].[Id], [d].[AppointmentDurationMinutes], [d].[DoctorId], [d].[EndTime], [d].[IsActive], [d].[ScheduleDate], [d].[StartTime]
FROM [DoctorDateSchedules] AS [d]
2026-06-30 10:18:33.311 +03:00 [INF] Executed DbCommand (13ms) [Parameters=[@p6='?' (DbType = Guid), @p0='?' (DbType = Int32), @p1='?' (DbType = Guid), @p2='?' (DbType = Time), @p3='?' (DbType = Boolean), @p4='?' (DbType = Date), @p5='?' (DbType = Time)], CommandType='"Text"', CommandTimeout='30']
SET IMPLICIT_TRANSACTIONS OFF;
SET NOCOUNT ON;
UPDATE [DoctorDateSchedules] SET [AppointmentDurationMinutes] = @p0, [DoctorId] = @p1, [EndTime] = @p2, [IsActive] = @p3, [ScheduleDate] = @p4, [StartTime] = @p5
OUTPUT 1
WHERE [Id] = @p6;
2026-06-30 10:18:33.313 +03:00 [INF] HTTP PUT /api/doctors/41885cdc-0175-4dcb-9824-944a922f6950/date-schedules responded 200 in 29ms
2026-06-30 10:18:33.331 +03:00 [INF] Executed DbCommand (2ms) [Parameters=[@p='?' (DbType = Guid)], CommandType='"Text"', CommandTimeout='30']
SELECT TOP(1) [d].[Id], [d].[DepartmentId], [d].[FullName], [d].[IsActive], [d].[Phone], [d].[Specialization], [d].[UserId]
FROM [Doctors] AS [d]
WHERE [d].[Id] = @p
2026-06-30 10:18:33.333 +03:00 [INF] Executed DbCommand (1ms) [Parameters=[], CommandType='"Text"', CommandTimeout='30']
SELECT [d].[Id], [d].[AppointmentDurationMinutes], [d].[DoctorId], [d].[EndTime], [d].[IsActive], [d].[ScheduleDate], [d].[StartTime]
FROM [DoctorDateSchedules] AS [d]
2026-06-30 10:18:33.335 +03:00 [INF] HTTP GET /api/doctors/41885cdc-0175-4dcb-9824-944a922f6950/date-schedules responded 200 in 10ms
2026-06-30 10:18:37.515 +03:00 [INF] HTTP OPTIONS /api/doctors/41885cdc-0175-4dcb-9824-944a922f6950/date-schedules responded 204 in 0ms
2026-06-30 10:18:37.524 +03:00 [INF] Executed DbCommand (1ms) [Parameters=[@p='?' (DbType = Guid)], CommandType='"Text"', CommandTimeout='30']
SELECT TOP(1) [d].[Id], [d].[DepartmentId], [d].[FullName], [d].[IsActive], [d].[Phone], [d].[Specialization], [d].[UserId]
FROM [Doctors] AS [d]
WHERE [d].[Id] = @p
2026-06-30 10:18:37.525 +03:00 [INF] Executed DbCommand (1ms) [Parameters=[], CommandType='"Text"', CommandTimeout='30']
SELECT [d].[Id], [d].[AppointmentDurationMinutes], [d].[DoctorId], [d].[EndTime], [d].[IsActive], [d].[ScheduleDate], [d].[StartTime]
FROM [DoctorDateSchedules] AS [d]
2026-06-30 10:18:37.528 +03:00 [INF] Executed DbCommand (1ms) [Parameters=[@p0='?' (DbType = Guid), @p1='?' (DbType = Int32), @p2='?' (DbType = Guid), @p3='?' (DbType = Time), @p4='?' (DbType = Boolean), @p5='?' (DbType = Date), @p6='?' (DbType = Time)], CommandType='"Text"', CommandTimeout='30']
SET IMPLICIT_TRANSACTIONS OFF;
SET NOCOUNT ON;
INSERT INTO [DoctorDateSchedules] ([Id], [AppointmentDurationMinutes], [DoctorId], [EndTime], [IsActive], [ScheduleDate], [StartTime])
VALUES (@p0, @p1, @p2, @p3, @p4, @p5, @p6);
2026-06-30 10:18:37.529 +03:00 [INF] HTTP PUT /api/doctors/41885cdc-0175-4dcb-9824-944a922f6950/date-schedules responded 200 in 10ms
2026-06-30 10:18:37.533 +03:00 [INF] HTTP OPTIONS /api/doctors/41885cdc-0175-4dcb-9824-944a922f6950/date-schedules responded 204 in 0ms
2026-06-30 10:18:37.539 +03:00 [INF] Executed DbCommand (1ms) [Parameters=[@p='?' (DbType = Guid)], CommandType='"Text"', CommandTimeout='30']
SELECT TOP(1) [d].[Id], [d].[DepartmentId], [d].[FullName], [d].[IsActive], [d].[Phone], [d].[Specialization], [d].[UserId]
FROM [Doctors] AS [d]
WHERE [d].[Id] = @p
2026-06-30 10:18:37.540 +03:00 [INF] Executed DbCommand (1ms) [Parameters=[], CommandType='"Text"', CommandTimeout='30']
SELECT [d].[Id], [d].[AppointmentDurationMinutes], [d].[DoctorId], [d].[EndTime], [d].[IsActive], [d].[ScheduleDate], [d].[StartTime]
FROM [DoctorDateSchedules] AS [d]
2026-06-30 10:18:37.541 +03:00 [INF] HTTP GET /api/doctors/41885cdc-0175-4dcb-9824-944a922f6950/date-schedules responded 200 in 5ms
2026-06-30 10:18:42.984 +03:00 [INF] HTTP OPTIONS /api/doctors/41885cdc-0175-4dcb-9824-944a922f6950/date-schedules responded 204 in 0ms
2026-06-30 10:18:42.997 +03:00 [INF] Executed DbCommand (1ms) [Parameters=[@p='?' (DbType = Guid)], CommandType='"Text"', CommandTimeout='30']
SELECT TOP(1) [d].[Id], [d].[DepartmentId], [d].[FullName], [d].[IsActive], [d].[Phone], [d].[Specialization], [d].[UserId]
FROM [Doctors] AS [d]
WHERE [d].[Id] = @p
2026-06-30 10:18:43.000 +03:00 [INF] Executed DbCommand (1ms) [Parameters=[], CommandType='"Text"', CommandTimeout='30']
SELECT [d].[Id], [d].[AppointmentDurationMinutes], [d].[DoctorId], [d].[EndTime], [d].[IsActive], [d].[ScheduleDate], [d].[StartTime]
FROM [DoctorDateSchedules] AS [d]
2026-06-30 10:18:43.012 +03:00 [INF] Executed DbCommand (11ms) [Parameters=[@p0='?' (DbType = Guid), @p1='?' (DbType = Int32), @p2='?' (DbType = Guid), @p3='?' (DbType = Time), @p4='?' (DbType = Boolean), @p5='?' (DbType = Date), @p6='?' (DbType = Time)], CommandType='"Text"', CommandTimeout='30']
SET IMPLICIT_TRANSACTIONS OFF;
SET NOCOUNT ON;
INSERT INTO [DoctorDateSchedules] ([Id], [AppointmentDurationMinutes], [DoctorId], [EndTime], [IsActive], [ScheduleDate], [StartTime])
VALUES (@p0, @p1, @p2, @p3, @p4, @p5, @p6);
2026-06-30 10:18:43.014 +03:00 [INF] HTTP PUT /api/doctors/41885cdc-0175-4dcb-9824-944a922f6950/date-schedules responded 200 in 23ms
2026-06-30 10:18:43.024 +03:00 [INF] HTTP OPTIONS /api/doctors/41885cdc-0175-4dcb-9824-944a922f6950/date-schedules responded 204 in 0ms
2026-06-30 10:18:43.034 +03:00 [INF] Executed DbCommand (1ms) [Parameters=[@p='?' (DbType = Guid)], CommandType='"Text"', CommandTimeout='30']
SELECT TOP(1) [d].[Id], [d].[DepartmentId], [d].[FullName], [d].[IsActive], [d].[Phone], [d].[Specialization], [d].[UserId]
FROM [Doctors] AS [d]
WHERE [d].[Id] = @p
2026-06-30 10:18:43.037 +03:00 [INF] Executed DbCommand (1ms) [Parameters=[], CommandType='"Text"', CommandTimeout='30']
SELECT [d].[Id], [d].[AppointmentDurationMinutes], [d].[DoctorId], [d].[EndTime], [d].[IsActive], [d].[ScheduleDate], [d].[StartTime]
FROM [DoctorDateSchedules] AS [d]
2026-06-30 10:18:43.038 +03:00 [INF] HTTP GET /api/doctors/41885cdc-0175-4dcb-9824-944a922f6950/date-schedules responded 200 in 8ms
2026-06-30 10:18:54.720 +03:00 [INF] HTTP OPTIONS /api/doctors/41885cdc-0175-4dcb-9824-944a922f6950/date-schedules/2026-07-01 responded 204 in 0ms
2026-06-30 10:18:54.732 +03:00 [INF] Executed DbCommand (2ms) [Parameters=[@p='?' (DbType = Guid)], CommandType='"Text"', CommandTimeout='30']
SELECT TOP(1) [d].[Id], [d].[DepartmentId], [d].[FullName], [d].[IsActive], [d].[Phone], [d].[Specialization], [d].[UserId]
FROM [Doctors] AS [d]
WHERE [d].[Id] = @p
2026-06-30 10:18:54.735 +03:00 [INF] Executed DbCommand (1ms) [Parameters=[], CommandType='"Text"', CommandTimeout='30']
SELECT [d].[Id], [d].[AppointmentDurationMinutes], [d].[DoctorId], [d].[EndTime], [d].[IsActive], [d].[ScheduleDate], [d].[StartTime]
FROM [DoctorDateSchedules] AS [d]
2026-06-30 10:18:54.741 +03:00 [INF] Executed DbCommand (4ms) [Parameters=[@p6='?' (DbType = Guid), @p0='?' (DbType = Int32), @p1='?' (DbType = Guid), @p2='?' (DbType = Time), @p3='?' (DbType = Boolean), @p4='?' (DbType = Date), @p5='?' (DbType = Time)], CommandType='"Text"', CommandTimeout='30']
SET IMPLICIT_TRANSACTIONS OFF;
SET NOCOUNT ON;
UPDATE [DoctorDateSchedules] SET [AppointmentDurationMinutes] = @p0, [DoctorId] = @p1, [EndTime] = @p2, [IsActive] = @p3, [ScheduleDate] = @p4, [StartTime] = @p5
OUTPUT 1
WHERE [Id] = @p6;
2026-06-30 10:18:54.743 +03:00 [INF] HTTP DELETE /api/doctors/41885cdc-0175-4dcb-9824-944a922f6950/date-schedules/2026-07-01 responded 200 in 17ms
2026-06-30 10:18:54.753 +03:00 [INF] HTTP OPTIONS /api/doctors/41885cdc-0175-4dcb-9824-944a922f6950/date-schedules responded 204 in 0ms
2026-06-30 10:18:54.763 +03:00 [INF] Executed DbCommand (1ms) [Parameters=[@p='?' (DbType = Guid)], CommandType='"Text"', CommandTimeout='30']
SELECT TOP(1) [d].[Id], [d].[DepartmentId], [d].[FullName], [d].[IsActive], [d].[Phone], [d].[Specialization], [d].[UserId]
FROM [Doctors] AS [d]
WHERE [d].[Id] = @p
2026-06-30 10:18:54.765 +03:00 [INF] Executed DbCommand (1ms) [Parameters=[], CommandType='"Text"', CommandTimeout='30']
SELECT [d].[Id], [d].[AppointmentDurationMinutes], [d].[DoctorId], [d].[EndTime], [d].[IsActive], [d].[ScheduleDate], [d].[StartTime]
FROM [DoctorDateSchedules] AS [d]
2026-06-30 10:18:54.767 +03:00 [INF] HTTP GET /api/doctors/41885cdc-0175-4dcb-9824-944a922f6950/date-schedules responded 200 in 8ms
2026-06-30 10:19:06.194 +03:00 [INF] HTTP OPTIONS /api/doctors/41885cdc-0175-4dcb-9824-944a922f6950/date-schedules responded 204 in 0ms
2026-06-30 10:19:06.207 +03:00 [INF] Executed DbCommand (1ms) [Parameters=[@p='?' (DbType = Guid)], CommandType='"Text"', CommandTimeout='30']
SELECT TOP(1) [d].[Id], [d].[DepartmentId], [d].[FullName], [d].[IsActive], [d].[Phone], [d].[Specialization], [d].[UserId]
FROM [Doctors] AS [d]
WHERE [d].[Id] = @p
2026-06-30 10:19:06.209 +03:00 [INF] Executed DbCommand (1ms) [Parameters=[], CommandType='"Text"', CommandTimeout='30']
SELECT [d].[Id], [d].[AppointmentDurationMinutes], [d].[DoctorId], [d].[EndTime], [d].[IsActive], [d].[ScheduleDate], [d].[StartTime]
FROM [DoctorDateSchedules] AS [d]
2026-06-30 10:19:06.210 +03:00 [INF] HTTP GET /api/doctors/41885cdc-0175-4dcb-9824-944a922f6950/date-schedules responded 200 in 8ms
2026-06-30 10:19:24.490 +03:00 [INF] HTTP OPTIONS /api/doctors/default-date-schedules responded 204 in 0ms
2026-06-30 10:19:24.505 +03:00 [INF] Executed DbCommand (2ms) [Parameters=[], CommandType='"Text"', CommandTimeout='30']
SELECT [d].[Id], [d].[AppointmentDurationMinutes], [d].[EndTime], [d].[IsActive], [d].[ScheduleDate], [d].[StartTime]
FROM [DefaultDoctorDateSchedules] AS [d]
2026-06-30 10:19:24.506 +03:00 [INF] HTTP GET /api/doctors/default-date-schedules responded 200 in 8ms
2026-06-30 10:19:25.511 +03:00 [INF] HTTP OPTIONS /api/departments responded 204 in 0ms
2026-06-30 10:19:25.524 +03:00 [INF] Executed DbCommand (1ms) [Parameters=[], CommandType='"Text"', CommandTimeout='30']
SELECT [d].[Id], [d].[Description], [d].[IsActive], [d].[Name]
FROM [Departments] AS [d]
2026-06-30 10:19:25.525 +03:00 [INF] HTTP GET /api/departments responded 200 in 7ms
2026-06-30 10:19:26.677 +03:00 [INF] HTTP OPTIONS /api/doctors responded 204 in 0ms
2026-06-30 10:19:26.679 +03:00 [INF] HTTP OPTIONS /api/departments responded 204 in 0ms
2026-06-30 10:19:26.691 +03:00 [INF] Executed DbCommand (1ms) [Parameters=[], CommandType='"Text"', CommandTimeout='30']
SELECT [d].[Id], [d].[DepartmentId], [d].[FullName], [d].[IsActive], [d].[Phone], [d].[Specialization], [d].[UserId]
FROM [Doctors] AS [d]
2026-06-30 10:19:26.695 +03:00 [INF] Executed DbCommand (1ms) [Parameters=[], CommandType='"Text"', CommandTimeout='30']
SELECT [d].[Id], [d].[Description], [d].[IsActive], [d].[Name]
FROM [Departments] AS [d]
2026-06-30 10:19:26.696 +03:00 [INF] HTTP GET /api/departments responded 200 in 10ms
2026-06-30 10:19:26.720 +03:00 [INF] Executed DbCommand (1ms) [Parameters=[@p='?' (DbType = Guid)], CommandType='"Text"', CommandTimeout='30']
SELECT TOP(1) [d].[Id], [d].[Description], [d].[IsActive], [d].[Name]
FROM [Departments] AS [d]
WHERE [d].[Id] = @p
2026-06-30 10:19:26.722 +03:00 [INF] HTTP GET /api/doctors responded 200 in 37ms
2026-06-30 10:19:40.908 +03:00 [INF] HTTP OPTIONS /api/doctors/default-date-schedules responded 204 in 0ms
2026-06-30 10:19:40.919 +03:00 [INF] Executed DbCommand (1ms) [Parameters=[], CommandType='"Text"', CommandTimeout='30']
SELECT [d].[Id], [d].[AppointmentDurationMinutes], [d].[EndTime], [d].[IsActive], [d].[ScheduleDate], [d].[StartTime]
FROM [DefaultDoctorDateSchedules] AS [d]
2026-06-30 10:19:40.926 +03:00 [INF] Executed DbCommand (4ms) [Parameters=[@p0='?' (DbType = Guid), @p1='?' (DbType = Int32), @p2='?' (DbType = Time), @p3='?' (DbType = Boolean), @p4='?' (DbType = Date), @p5='?' (DbType = Time)], CommandType='"Text"', CommandTimeout='30']
SET IMPLICIT_TRANSACTIONS OFF;
SET NOCOUNT ON;
INSERT INTO [DefaultDoctorDateSchedules] ([Id], [AppointmentDurationMinutes], [EndTime], [IsActive], [ScheduleDate], [StartTime])
VALUES (@p0, @p1, @p2, @p3, @p4, @p5);
2026-06-30 10:19:40.927 +03:00 [INF] HTTP PUT /api/doctors/default-date-schedules responded 200 in 14ms
2026-06-30 10:19:40.938 +03:00 [INF] HTTP OPTIONS /api/doctors/default-date-schedules responded 204 in 0ms
2026-06-30 10:19:40.948 +03:00 [INF] Executed DbCommand (1ms) [Parameters=[], CommandType='"Text"', CommandTimeout='30']
SELECT [d].[Id], [d].[AppointmentDurationMinutes], [d].[EndTime], [d].[IsActive], [d].[ScheduleDate], [d].[StartTime]
FROM [DefaultDoctorDateSchedules] AS [d]
2026-06-30 10:19:40.949 +03:00 [INF] HTTP GET /api/doctors/default-date-schedules responded 200 in 5ms
2026-06-30 10:20:02.703 +03:00 [INF] HTTP OPTIONS /api/doctors/default-date-schedules responded 204 in 0ms
2026-06-30 10:20:02.715 +03:00 [INF] Executed DbCommand (1ms) [Parameters=[], CommandType='"Text"', CommandTimeout='30']
SELECT [d].[Id], [d].[AppointmentDurationMinutes], [d].[EndTime], [d].[IsActive], [d].[ScheduleDate], [d].[StartTime]
FROM [DefaultDoctorDateSchedules] AS [d]
2026-06-30 10:20:02.716 +03:00 [INF] HTTP GET /api/doctors/default-date-schedules responded 200 in 5ms
2026-06-30 10:20:17.625 +03:00 [INF] HTTP OPTIONS /api/departments responded 204 in 0ms
2026-06-30 10:20:17.635 +03:00 [INF] Executed DbCommand (1ms) [Parameters=[], CommandType='"Text"', CommandTimeout='30']
SELECT [d].[Id], [d].[Description], [d].[IsActive], [d].[Name]
FROM [Departments] AS [d]
2026-06-30 10:20:17.635 +03:00 [INF] HTTP GET /api/departments responded 200 in 4ms
2026-06-30 10:20:19.233 +03:00 [INF] HTTP OPTIONS /api/doctors responded 204 in 0ms
2026-06-30 10:20:19.234 +03:00 [INF] HTTP OPTIONS /api/departments responded 204 in 0ms
2026-06-30 10:20:19.245 +03:00 [INF] Executed DbCommand (1ms) [Parameters=[], CommandType='"Text"', CommandTimeout='30']
SELECT [d].[Id], [d].[Description], [d].[IsActive], [d].[Name]
FROM [Departments] AS [d]
2026-06-30 10:20:19.246 +03:00 [INF] Executed DbCommand (2ms) [Parameters=[], CommandType='"Text"', CommandTimeout='30']
SELECT [d].[Id], [d].[DepartmentId], [d].[FullName], [d].[IsActive], [d].[Phone], [d].[Specialization], [d].[UserId]
FROM [Doctors] AS [d]
2026-06-30 10:20:19.246 +03:00 [INF] HTTP GET /api/departments responded 200 in 5ms
2026-06-30 10:20:19.250 +03:00 [INF] Executed DbCommand (1ms) [Parameters=[@p='?' (DbType = Guid)], CommandType='"Text"', CommandTimeout='30']
SELECT TOP(1) [d].[Id], [d].[Description], [d].[IsActive], [d].[Name]
FROM [Departments] AS [d]
WHERE [d].[Id] = @p
2026-06-30 10:20:19.251 +03:00 [INF] HTTP GET /api/doctors responded 200 in 10ms
2026-06-30 10:20:21.077 +03:00 [INF] HTTP OPTIONS /api/doctors/default-date-schedules responded 204 in 0ms
2026-06-30 10:20:21.089 +03:00 [INF] Executed DbCommand (1ms) [Parameters=[], CommandType='"Text"', CommandTimeout='30']
SELECT [d].[Id], [d].[AppointmentDurationMinutes], [d].[EndTime], [d].[IsActive], [d].[ScheduleDate], [d].[StartTime]
FROM [DefaultDoctorDateSchedules] AS [d]
2026-06-30 10:20:21.091 +03:00 [INF] HTTP GET /api/doctors/default-date-schedules responded 200 in 8ms
2026-06-30 10:20:23.919 +03:00 [INF] HTTP OPTIONS /api/doctors/default-date-schedules/apply-all responded 204 in 0ms
2026-06-30 10:20:23.963 +03:00 [INF] Executed DbCommand (1ms) [Parameters=[], CommandType='"Text"', CommandTimeout='30']
SELECT [d].[Id], [d].[AppointmentDurationMinutes], [d].[EndTime], [d].[IsActive], [d].[ScheduleDate], [d].[StartTime]
FROM [DefaultDoctorDateSchedules] AS [d]
2026-06-30 10:20:23.965 +03:00 [INF] Executed DbCommand (1ms) [Parameters=[], CommandType='"Text"', CommandTimeout='30']
SELECT [d].[Id], [d].[DepartmentId], [d].[FullName], [d].[IsActive], [d].[Phone], [d].[Specialization], [d].[UserId]
FROM [Doctors] AS [d]
2026-06-30 10:20:23.968 +03:00 [INF] Executed DbCommand (1ms) [Parameters=[], CommandType='"Text"', CommandTimeout='30']
SELECT [d].[Id], [d].[AppointmentDurationMinutes], [d].[DoctorId], [d].[EndTime], [d].[IsActive], [d].[ScheduleDate], [d].[StartTime]
FROM [DoctorDateSchedules] AS [d]
2026-06-30 10:20:23.982 +03:00 [INF] Executed DbCommand (11ms) [Parameters=[@p6='?' (DbType = Guid), @p0='?' (DbType = Int32), @p1='?' (DbType = Guid), @p2='?' (DbType = Time), @p3='?' (DbType = Boolean), @p4='?' (DbType = Date), @p5='?' (DbType = Time)], CommandType='"Text"', CommandTimeout='30']
SET IMPLICIT_TRANSACTIONS OFF;
SET NOCOUNT ON;
UPDATE [DoctorDateSchedules] SET [AppointmentDurationMinutes] = @p0, [DoctorId] = @p1, [EndTime] = @p2, [IsActive] = @p3, [ScheduleDate] = @p4, [StartTime] = @p5
OUTPUT 1
WHERE [Id] = @p6;
2026-06-30 10:20:23.984 +03:00 [INF] Executed DbCommand (1ms) [Parameters=[], CommandType='"Text"', CommandTimeout='30']
SELECT [d].[Id], [d].[AppointmentDurationMinutes], [d].[DoctorId], [d].[EndTime], [d].[IsActive], [d].[ScheduleDate], [d].[StartTime]
FROM [DoctorDateSchedules] AS [d]
2026-06-30 10:20:23.988 +03:00 [INF] Executed DbCommand (2ms) [Parameters=[@p0='?' (DbType = Guid), @p1='?' (DbType = Int32), @p2='?' (DbType = Guid), @p3='?' (DbType = Time), @p4='?' (DbType = Boolean), @p5='?' (DbType = Date), @p6='?' (DbType = Time)], CommandType='"Text"', CommandTimeout='30']
SET IMPLICIT_TRANSACTIONS OFF;
SET NOCOUNT ON;
INSERT INTO [DoctorDateSchedules] ([Id], [AppointmentDurationMinutes], [DoctorId], [EndTime], [IsActive], [ScheduleDate], [StartTime])
VALUES (@p0, @p1, @p2, @p3, @p4, @p5, @p6);
2026-06-30 10:20:23.989 +03:00 [INF] HTTP POST /api/doctors/default-date-schedules/apply-all responded 200 in 65ms
2026-06-30 10:20:27.269 +03:00 [INF] HTTP OPTIONS /api/doctors responded 204 in 0ms
2026-06-30 10:20:27.272 +03:00 [INF] HTTP OPTIONS /api/doctors/41885cdc-0175-4dcb-9824-944a922f6950/date-schedules responded 204 in 0ms
2026-06-30 10:20:27.283 +03:00 [INF] Executed DbCommand (1ms) [Parameters=[], CommandType='"Text"', CommandTimeout='30']
SELECT [d].[Id], [d].[DepartmentId], [d].[FullName], [d].[IsActive], [d].[Phone], [d].[Specialization], [d].[UserId]
FROM [Doctors] AS [d]
2026-06-30 10:20:27.286 +03:00 [INF] Executed DbCommand (1ms) [Parameters=[@p='?' (DbType = Guid)], CommandType='"Text"', CommandTimeout='30']
SELECT TOP(1) [d].[Id], [d].[DepartmentId], [d].[FullName], [d].[IsActive], [d].[Phone], [d].[Specialization], [d].[UserId]
FROM [Doctors] AS [d]
WHERE [d].[Id] = @p
2026-06-30 10:20:27.287 +03:00 [INF] Executed DbCommand (2ms) [Parameters=[@p='?' (DbType = Guid)], CommandType='"Text"', CommandTimeout='30']
SELECT TOP(1) [d].[Id], [d].[Description], [d].[IsActive], [d].[Name]
FROM [Departments] AS [d]
WHERE [d].[Id] = @p
2026-06-30 10:20:27.288 +03:00 [INF] HTTP GET /api/doctors responded 200 in 9ms
2026-06-30 10:20:27.290 +03:00 [INF] Executed DbCommand (3ms) [Parameters=[], CommandType='"Text"', CommandTimeout='30']
SELECT [d].[Id], [d].[AppointmentDurationMinutes], [d].[DoctorId], [d].[EndTime], [d].[IsActive], [d].[ScheduleDate], [d].[StartTime]
FROM [DoctorDateSchedules] AS [d]
2026-06-30 10:20:27.291 +03:00 [INF] HTTP GET /api/doctors/41885cdc-0175-4dcb-9824-944a922f6950/date-schedules responded 200 in 11ms
2026-06-30 10:20:32.922 +03:00 [INF] HTTP OPTIONS /api/doctors/41885cdc-0175-4dcb-9824-944a922f6950/date-schedules/2026-06-30 responded 204 in 0ms
2026-06-30 10:20:32.933 +03:00 [INF] Executed DbCommand (1ms) [Parameters=[@p='?' (DbType = Guid)], CommandType='"Text"', CommandTimeout='30']
SELECT TOP(1) [d].[Id], [d].[DepartmentId], [d].[FullName], [d].[IsActive], [d].[Phone], [d].[Specialization], [d].[UserId]
FROM [Doctors] AS [d]
WHERE [d].[Id] = @p
2026-06-30 10:20:32.935 +03:00 [INF] Executed DbCommand (1ms) [Parameters=[], CommandType='"Text"', CommandTimeout='30']
SELECT [d].[Id], [d].[AppointmentDurationMinutes], [d].[DoctorId], [d].[EndTime], [d].[IsActive], [d].[ScheduleDate], [d].[StartTime]
FROM [DoctorDateSchedules] AS [d]
2026-06-30 10:20:32.942 +03:00 [INF] Executed DbCommand (3ms) [Parameters=[@p6='?' (DbType = Guid), @p0='?' (DbType = Int32), @p1='?' (DbType = Guid), @p2='?' (DbType = Time), @p3='?' (DbType = Boolean), @p4='?' (DbType = Date), @p5='?' (DbType = Time)], CommandType='"Text"', CommandTimeout='30']
SET IMPLICIT_TRANSACTIONS OFF;
SET NOCOUNT ON;
UPDATE [DoctorDateSchedules] SET [AppointmentDurationMinutes] = @p0, [DoctorId] = @p1, [EndTime] = @p2, [IsActive] = @p3, [ScheduleDate] = @p4, [StartTime] = @p5
OUTPUT 1
WHERE [Id] = @p6;
2026-06-30 10:20:32.943 +03:00 [INF] HTTP DELETE /api/doctors/41885cdc-0175-4dcb-9824-944a922f6950/date-schedules/2026-06-30 responded 200 in 16ms
2026-06-30 10:20:32.954 +03:00 [INF] HTTP OPTIONS /api/doctors/41885cdc-0175-4dcb-9824-944a922f6950/date-schedules responded 204 in 0ms
2026-06-30 10:20:32.965 +03:00 [INF] Executed DbCommand (1ms) [Parameters=[@p='?' (DbType = Guid)], CommandType='"Text"', CommandTimeout='30']
SELECT TOP(1) [d].[Id], [d].[DepartmentId], [d].[FullName], [d].[IsActive], [d].[Phone], [d].[Specialization], [d].[UserId]
FROM [Doctors] AS [d]
WHERE [d].[Id] = @p
2026-06-30 10:20:32.967 +03:00 [INF] Executed DbCommand (1ms) [Parameters=[], CommandType='"Text"', CommandTimeout='30']
SELECT [d].[Id], [d].[AppointmentDurationMinutes], [d].[DoctorId], [d].[EndTime], [d].[IsActive], [d].[ScheduleDate], [d].[StartTime]
FROM [DoctorDateSchedules] AS [d]
2026-06-30 10:20:32.968 +03:00 [INF] HTTP GET /api/doctors/41885cdc-0175-4dcb-9824-944a922f6950/date-schedules responded 200 in 8ms
2026-06-30 10:20:46.612 +03:00 [INF] HTTP OPTIONS /api/doctors/41885cdc-0175-4dcb-9824-944a922f6950/date-schedules responded 204 in 0ms
2026-06-30 10:20:46.626 +03:00 [INF] Executed DbCommand (1ms) [Parameters=[@p='?' (DbType = Guid)], CommandType='"Text"', CommandTimeout='30']
SELECT TOP(1) [d].[Id], [d].[DepartmentId], [d].[FullName], [d].[IsActive], [d].[Phone], [d].[Specialization], [d].[UserId]
FROM [Doctors] AS [d]
WHERE [d].[Id] = @p
2026-06-30 10:20:46.628 +03:00 [INF] Executed DbCommand (1ms) [Parameters=[], CommandType='"Text"', CommandTimeout='30']
SELECT [d].[Id], [d].[AppointmentDurationMinutes], [d].[DoctorId], [d].[EndTime], [d].[IsActive], [d].[ScheduleDate], [d].[StartTime]
FROM [DoctorDateSchedules] AS [d]
2026-06-30 10:20:46.635 +03:00 [INF] Executed DbCommand (4ms) [Parameters=[@p6='?' (DbType = Guid), @p0='?' (DbType = Int32), @p1='?' (DbType = Guid), @p2='?' (DbType = Time), @p3='?' (DbType = Boolean), @p4='?' (DbType = Date), @p5='?' (DbType = Time)], CommandType='"Text"', CommandTimeout='30']
SET IMPLICIT_TRANSACTIONS OFF;
SET NOCOUNT ON;
UPDATE [DoctorDateSchedules] SET [AppointmentDurationMinutes] = @p0, [DoctorId] = @p1, [EndTime] = @p2, [IsActive] = @p3, [ScheduleDate] = @p4, [StartTime] = @p5
OUTPUT 1
WHERE [Id] = @p6;
2026-06-30 10:20:46.635 +03:00 [INF] HTTP PUT /api/doctors/41885cdc-0175-4dcb-9824-944a922f6950/date-schedules responded 200 in 17ms
2026-06-30 10:20:46.646 +03:00 [INF] HTTP OPTIONS /api/doctors/41885cdc-0175-4dcb-9824-944a922f6950/date-schedules responded 204 in 0ms
2026-06-30 10:20:46.657 +03:00 [INF] Executed DbCommand (1ms) [Parameters=[@p='?' (DbType = Guid)], CommandType='"Text"', CommandTimeout='30']
SELECT TOP(1) [d].[Id], [d].[DepartmentId], [d].[FullName], [d].[IsActive], [d].[Phone], [d].[Specialization], [d].[UserId]
FROM [Doctors] AS [d]
WHERE [d].[Id] = @p
2026-06-30 10:20:46.659 +03:00 [INF] Executed DbCommand (1ms) [Parameters=[], CommandType='"Text"', CommandTimeout='30']
SELECT [d].[Id], [d].[AppointmentDurationMinutes], [d].[DoctorId], [d].[EndTime], [d].[IsActive], [d].[ScheduleDate], [d].[StartTime]
FROM [DoctorDateSchedules] AS [d]
2026-06-30 10:20:46.660 +03:00 [INF] HTTP GET /api/doctors/41885cdc-0175-4dcb-9824-944a922f6950/date-schedules responded 200 in 8ms
2026-06-30 10:21:54.101 +03:00 [INF] HTTP OPTIONS /api/doctors responded 204 in 0ms
2026-06-30 10:21:54.107 +03:00 [INF] HTTP OPTIONS /api/doctors/41885cdc-0175-4dcb-9824-944a922f6950/date-schedules responded 204 in 0ms
2026-06-30 10:21:54.120 +03:00 [INF] Executed DbCommand (1ms) [Parameters=[], CommandType='"Text"', CommandTimeout='30']
SELECT [d].[Id], [d].[DepartmentId], [d].[FullName], [d].[IsActive], [d].[Phone], [d].[Specialization], [d].[UserId]
FROM [Doctors] AS [d]
2026-06-30 10:21:54.121 +03:00 [INF] Executed DbCommand (1ms) [Parameters=[@p='?' (DbType = Guid)], CommandType='"Text"', CommandTimeout='30']
SELECT TOP(1) [d].[Id], [d].[DepartmentId], [d].[FullName], [d].[IsActive], [d].[Phone], [d].[Specialization], [d].[UserId]
FROM [Doctors] AS [d]
WHERE [d].[Id] = @p
2026-06-30 10:21:54.123 +03:00 [INF] Executed DbCommand (1ms) [Parameters=[], CommandType='"Text"', CommandTimeout='30']
SELECT [d].[Id], [d].[AppointmentDurationMinutes], [d].[DoctorId], [d].[EndTime], [d].[IsActive], [d].[ScheduleDate], [d].[StartTime]
FROM [DoctorDateSchedules] AS [d]
2026-06-30 10:21:54.124 +03:00 [INF] Executed DbCommand (2ms) [Parameters=[@p='?' (DbType = Guid)], CommandType='"Text"', CommandTimeout='30']
SELECT TOP(1) [d].[Id], [d].[Description], [d].[IsActive], [d].[Name]
FROM [Departments] AS [d]
WHERE [d].[Id] = @p
2026-06-30 10:21:54.125 +03:00 [INF] HTTP GET /api/doctors/41885cdc-0175-4dcb-9824-944a922f6950/date-schedules responded 200 in 10ms
2026-06-30 10:21:54.125 +03:00 [INF] HTTP GET /api/doctors responded 200 in 11ms
2026-06-30 10:22:38.045 +03:00 [INF] HTTP OPTIONS /api/doctors responded 204 in 0ms
2026-06-30 10:22:38.061 +03:00 [INF] HTTP OPTIONS /api/doctors/41885cdc-0175-4dcb-9824-944a922f6950/date-schedules responded 204 in 0ms
2026-06-30 10:22:38.084 +03:00 [INF] Executed DbCommand (1ms) [Parameters=[], CommandType='"Text"', CommandTimeout='30']
SELECT [d].[Id], [d].[DepartmentId], [d].[FullName], [d].[IsActive], [d].[Phone], [d].[Specialization], [d].[UserId]
FROM [Doctors] AS [d]
2026-06-30 10:22:38.086 +03:00 [INF] Executed DbCommand (2ms) [Parameters=[@p='?' (DbType = Guid)], CommandType='"Text"', CommandTimeout='30']
SELECT TOP(1) [d].[Id], [d].[DepartmentId], [d].[FullName], [d].[IsActive], [d].[Phone], [d].[Specialization], [d].[UserId]
FROM [Doctors] AS [d]
WHERE [d].[Id] = @p
2026-06-30 10:22:38.088 +03:00 [INF] Executed DbCommand (1ms) [Parameters=[@p='?' (DbType = Guid)], CommandType='"Text"', CommandTimeout='30']
SELECT TOP(1) [d].[Id], [d].[Description], [d].[IsActive], [d].[Name]
FROM [Departments] AS [d]
WHERE [d].[Id] = @p
2026-06-30 10:22:38.089 +03:00 [INF] Executed DbCommand (1ms) [Parameters=[], CommandType='"Text"', CommandTimeout='30']
SELECT [d].[Id], [d].[AppointmentDurationMinutes], [d].[DoctorId], [d].[EndTime], [d].[IsActive], [d].[ScheduleDate], [d].[StartTime]
FROM [DoctorDateSchedules] AS [d]
2026-06-30 10:22:38.090 +03:00 [INF] HTTP GET /api/doctors responded 200 in 11ms
2026-06-30 10:22:38.091 +03:00 [INF] HTTP GET /api/doctors/41885cdc-0175-4dcb-9824-944a922f6950/date-schedules responded 200 in 11ms
2026-06-30 10:25:55.788 +03:00 [INF] HTTP OPTIONS /api/doctors responded 204 in 0ms
2026-06-30 10:25:55.790 +03:00 [INF] HTTP OPTIONS /api/doctors/41885cdc-0175-4dcb-9824-944a922f6950/date-schedules responded 204 in 0ms
2026-06-30 10:25:55.798 +03:00 [INF] Executed DbCommand (1ms) [Parameters=[], CommandType='"Text"', CommandTimeout='30']
SELECT [d].[Id], [d].[DepartmentId], [d].[FullName], [d].[IsActive], [d].[Phone], [d].[Specialization], [d].[UserId]
FROM [Doctors] AS [d]
2026-06-30 10:25:55.799 +03:00 [INF] Executed DbCommand (1ms) [Parameters=[@p='?' (DbType = Guid)], CommandType='"Text"', CommandTimeout='30']
SELECT TOP(1) [d].[Id], [d].[DepartmentId], [d].[FullName], [d].[IsActive], [d].[Phone], [d].[Specialization], [d].[UserId]
FROM [Doctors] AS [d]
WHERE [d].[Id] = @p
2026-06-30 10:25:55.800 +03:00 [INF] Executed DbCommand (1ms) [Parameters=[], CommandType='"Text"', CommandTimeout='30']
SELECT [d].[Id], [d].[AppointmentDurationMinutes], [d].[DoctorId], [d].[EndTime], [d].[IsActive], [d].[ScheduleDate], [d].[StartTime]
FROM [DoctorDateSchedules] AS [d]
2026-06-30 10:25:55.800 +03:00 [INF] Executed DbCommand (1ms) [Parameters=[@p='?' (DbType = Guid)], CommandType='"Text"', CommandTimeout='30']
SELECT TOP(1) [d].[Id], [d].[Description], [d].[IsActive], [d].[Name]
FROM [Departments] AS [d]
WHERE [d].[Id] = @p
2026-06-30 10:25:55.800 +03:00 [INF] HTTP GET /api/doctors/41885cdc-0175-4dcb-9824-944a922f6950/date-schedules responded 200 in 5ms
2026-06-30 10:25:55.801 +03:00 [INF] HTTP GET /api/doctors responded 200 in 6ms
2026-06-30 10:26:27.797 +03:00 [INF] HTTP OPTIONS /api/doctors responded 204 in 0ms
2026-06-30 10:26:27.806 +03:00 [INF] Executed DbCommand (3ms) [Parameters=[], CommandType='"Text"', CommandTimeout='30']
SELECT [d].[Id], [d].[DepartmentId], [d].[FullName], [d].[IsActive], [d].[Phone], [d].[Specialization], [d].[UserId]
FROM [Doctors] AS [d]
2026-06-30 10:26:27.808 +03:00 [INF] HTTP OPTIONS /api/doctors/41885cdc-0175-4dcb-9824-944a922f6950/date-schedules responded 204 in 0ms
2026-06-30 10:26:27.809 +03:00 [INF] Executed DbCommand (2ms) [Parameters=[@p='?' (DbType = Guid)], CommandType='"Text"', CommandTimeout='30']
SELECT TOP(1) [d].[Id], [d].[Description], [d].[IsActive], [d].[Name]
FROM [Departments] AS [d]
WHERE [d].[Id] = @p
2026-06-30 10:26:27.810 +03:00 [INF] HTTP GET /api/doctors responded 200 in 8ms
2026-06-30 10:26:27.818 +03:00 [INF] Executed DbCommand (3ms) [Parameters=[@p='?' (DbType = Guid)], CommandType='"Text"', CommandTimeout='30']
SELECT TOP(1) [d].[Id], [d].[DepartmentId], [d].[FullName], [d].[IsActive], [d].[Phone], [d].[Specialization], [d].[UserId]
FROM [Doctors] AS [d]
WHERE [d].[Id] = @p
2026-06-30 10:26:27.822 +03:00 [INF] Executed DbCommand (4ms) [Parameters=[], CommandType='"Text"', CommandTimeout='30']
SELECT [d].[Id], [d].[AppointmentDurationMinutes], [d].[DoctorId], [d].[EndTime], [d].[IsActive], [d].[ScheduleDate], [d].[StartTime]
FROM [DoctorDateSchedules] AS [d]
2026-06-30 10:26:27.823 +03:00 [INF] HTTP GET /api/doctors/41885cdc-0175-4dcb-9824-944a922f6950/date-schedules responded 200 in 9ms
2026-06-30 10:27:23.039 +03:00 [INF] HTTP OPTIONS /api/doctors responded 204 in 0ms
2026-06-30 10:27:23.045 +03:00 [INF] HTTP OPTIONS /api/doctors/41885cdc-0175-4dcb-9824-944a922f6950/date-schedules responded 204 in 0ms
2026-06-30 10:27:23.056 +03:00 [INF] Executed DbCommand (1ms) [Parameters=[], CommandType='"Text"', CommandTimeout='30']
SELECT [d].[Id], [d].[DepartmentId], [d].[FullName], [d].[IsActive], [d].[Phone], [d].[Specialization], [d].[UserId]
FROM [Doctors] AS [d]
2026-06-30 10:27:23.057 +03:00 [INF] Executed DbCommand (1ms) [Parameters=[@p='?' (DbType = Guid)], CommandType='"Text"', CommandTimeout='30']
SELECT TOP(1) [d].[Id], [d].[DepartmentId], [d].[FullName], [d].[IsActive], [d].[Phone], [d].[Specialization], [d].[UserId]
FROM [Doctors] AS [d]
WHERE [d].[Id] = @p
2026-06-30 10:27:23.059 +03:00 [INF] Executed DbCommand (1ms) [Parameters=[], CommandType='"Text"', CommandTimeout='30']
SELECT [d].[Id], [d].[AppointmentDurationMinutes], [d].[DoctorId], [d].[EndTime], [d].[IsActive], [d].[ScheduleDate], [d].[StartTime]
FROM [DoctorDateSchedules] AS [d]
2026-06-30 10:27:23.059 +03:00 [INF] Executed DbCommand (2ms) [Parameters=[@p='?' (DbType = Guid)], CommandType='"Text"', CommandTimeout='30']
SELECT TOP(1) [d].[Id], [d].[Description], [d].[IsActive], [d].[Name]
FROM [Departments] AS [d]
WHERE [d].[Id] = @p
2026-06-30 10:27:23.060 +03:00 [INF] HTTP GET /api/doctors/41885cdc-0175-4dcb-9824-944a922f6950/date-schedules responded 200 in 9ms
2026-06-30 10:27:23.060 +03:00 [INF] HTTP GET /api/doctors responded 200 in 10ms
2026-06-30 10:28:52.811 +03:00 [INF] Executed DbCommand (104ms) [Parameters=[], CommandType='"Text"', CommandTimeout='30']
SELECT 1
2026-06-30 10:28:52.989 +03:00 [INF] Acquiring an exclusive lock for migration application. See https://aka.ms/efcore-docs-migrations-lock for more information if this takes too long.
2026-06-30 10:28:53.078 +03:00 [INF] Executed DbCommand (74ms) [Parameters=[], CommandType='"Text"', CommandTimeout='30']
DECLARE @result int;
EXEC @result = sp_getapplock @Resource = '__EFMigrationsLock', @LockOwner = 'Session', @LockMode = 'Exclusive';
SELECT @result
2026-06-30 10:28:53.339 +03:00 [INF] Executed DbCommand (5ms) [Parameters=[], CommandType='"Text"', CommandTimeout='30']
IF OBJECT_ID(N'[__EFMigrationsHistory]') IS NULL
BEGIN
    CREATE TABLE [__EFMigrationsHistory] (
        [MigrationId] nvarchar(150) NOT NULL,
        [ProductVersion] nvarchar(32) NOT NULL,
        CONSTRAINT [PK___EFMigrationsHistory] PRIMARY KEY ([MigrationId])
    );
END;
2026-06-30 10:28:53.408 +03:00 [INF] Executed DbCommand (2ms) [Parameters=[], CommandType='"Text"', CommandTimeout='30']
SELECT 1
2026-06-30 10:28:53.414 +03:00 [INF] Executed DbCommand (3ms) [Parameters=[], CommandType='"Text"', CommandTimeout='30']
SELECT OBJECT_ID(N'[__EFMigrationsHistory]');
2026-06-30 10:28:53.458 +03:00 [INF] Executed DbCommand (27ms) [Parameters=[], CommandType='"Text"', CommandTimeout='30']
SELECT [MigrationId], [ProductVersion]
FROM [__EFMigrationsHistory]
ORDER BY [MigrationId];
2026-06-30 10:28:53.497 +03:00 [INF] No migrations were applied. The database is already up to date.
2026-06-30 10:28:53.507 +03:00 [INF] Executed DbCommand (6ms) [Parameters=[], CommandType='"Text"', CommandTimeout='30']
DECLARE @result int;
EXEC @result = sp_releaseapplock @Resource = '__EFMigrationsLock', @LockOwner = 'Session';
SELECT @result
2026-06-30 10:28:54.562 +03:00 [INF] Executed DbCommand (12ms) [Parameters=[], CommandType='"Text"', CommandTimeout='30']
SELECT CASE
    WHEN EXISTS (
        SELECT 1
        FROM [Users] AS [u]) THEN CAST(1 AS bit)
    ELSE CAST(0 AS bit)
END
2026-06-30 10:28:54.577 +03:00 [INF] Database already seeded. Ensuring demo accounts exist.
2026-06-30 10:28:54.896 +03:00 [INF] Executed DbCommand (7ms) [Parameters=[], CommandType='"Text"', CommandTimeout='30']
SELECT TOP(1) [u].[Id], [u].[CreatedAt], [u].[Email], [u].[IsActive], [u].[PasswordHash], [u].[Role]
FROM [Users] AS [u]
WHERE [u].[Email] = N'patient@hospital.com'
2026-06-30 10:28:55.474 +03:00 [INF] Executed DbCommand (235ms) [Parameters=[@patientUser_Id='?' (DbType = Guid)], CommandType='"Text"', CommandTimeout='30']
SELECT TOP(1) [p].[Id], [p].[Address], [p].[BloodType], [p].[CreatedAt], [p].[DateOfBirth], [p].[Email], [p].[FullName], [p].[Gender], [p].[NationalId], [p].[Phone], [p].[UserId]
FROM [Patients] AS [p]
WHERE [p].[UserId] = @patientUser_Id
2026-06-30 10:28:55.632 +03:00 [INF] Executed DbCommand (9ms) [Parameters=[], CommandType='"Text"', CommandTimeout='30']
SELECT CASE
    WHEN EXISTS (
        SELECT 1
        FROM [DefaultDoctorSchedules] AS [d]) THEN CAST(1 AS bit)
    ELSE CAST(0 AS bit)
END
2026-06-30 10:28:56.186 +03:00 [INF] Now listening on: http://localhost:5000
2026-06-30 10:28:56.187 +03:00 [INF] Application started. Press Ctrl+C to shut down.
2026-06-30 10:28:56.188 +03:00 [INF] Hosting environment: Development
2026-06-30 10:28:56.189 +03:00 [INF] Content root path: G:\DEPI\HospitalSystem.API
2026-06-30 10:28:56.443 +03:00 [WRN] Failed to determine the https port for redirect.
2026-06-30 10:28:56.455 +03:00 [INF] HTTP OPTIONS /api/departments responded 204 in 92ms
2026-06-30 10:28:57.365 +03:00 [INF] HTTP OPTIONS /api/departments responded 204 in 3ms
2026-06-30 10:28:58.108 +03:00 [INF] HTTP OPTIONS /api/doctors/default-date-schedules responded 204 in 0ms
2026-06-30 10:28:58.910 +03:00 [INF] HTTP OPTIONS /api/doctors responded 204 in 0ms
2026-06-30 10:29:00.451 +03:00 [INF] HTTP OPTIONS /api/receptionists responded 204 in 0ms
2026-06-30 10:29:00.665 +03:00 [INF] HTTP OPTIONS /api/doctors responded 204 in 0ms
2026-06-30 10:29:00.670 +03:00 [INF] HTTP OPTIONS /api/doctors/41885cdc-0175-4dcb-9824-944a922f6950/date-schedules responded 204 in 0ms
2026-06-30 10:29:02.234 +03:00 [INF] HTTP GET /health responded 404 in 3303ms
2026-06-30 10:29:02.960 +03:00 [INF] Executed DbCommand (6ms) [Parameters=[], CommandType='"Text"', CommandTimeout='30']
SELECT [d].[Id], [d].[Description], [d].[IsActive], [d].[Name]
FROM [Departments] AS [d]
2026-06-30 10:29:02.967 +03:00 [INF] Executed DbCommand (1ms) [Parameters=[], CommandType='"Text"', CommandTimeout='30']
SELECT [d].[Id], [d].[Description], [d].[IsActive], [d].[Name]
FROM [Departments] AS [d]
2026-06-30 10:29:02.986 +03:00 [INF] Executed DbCommand (7ms) [Parameters=[], CommandType='"Text"', CommandTimeout='30']
SELECT [d].[Id], [d].[AppointmentDurationMinutes], [d].[EndTime], [d].[IsActive], [d].[ScheduleDate], [d].[StartTime]
FROM [DefaultDoctorDateSchedules] AS [d]
2026-06-30 10:29:03.000 +03:00 [INF] Executed DbCommand (7ms) [Parameters=[], CommandType='"Text"', CommandTimeout='30']
SELECT [d].[Id], [d].[DepartmentId], [d].[FullName], [d].[IsActive], [d].[Phone], [d].[Specialization], [d].[UserId]
FROM [Doctors] AS [d]
2026-06-30 10:29:03.011 +03:00 [INF] Executed DbCommand (7ms) [Parameters=[], CommandType='"Text"', CommandTimeout='30']
SELECT [r].[Id], [r].[FullName], [r].[IsActive], [r].[Phone], [r].[UserId]
FROM [Receptionists] AS [r]
2026-06-30 10:29:03.018 +03:00 [INF] Executed DbCommand (1ms) [Parameters=[], CommandType='"Text"', CommandTimeout='30']
SELECT [d].[Id], [d].[DepartmentId], [d].[FullName], [d].[IsActive], [d].[Phone], [d].[Specialization], [d].[UserId]
FROM [Doctors] AS [d]
2026-06-30 10:29:03.221 +03:00 [INF] HTTP GET /api/receptionists responded 200 in 2765ms
2026-06-30 10:29:03.221 +03:00 [INF] HTTP GET /api/departments responded 200 in 6744ms
2026-06-30 10:29:03.221 +03:00 [INF] HTTP GET /api/doctors/default-date-schedules responded 200 in 5103ms
2026-06-30 10:29:03.221 +03:00 [INF] HTTP GET /api/departments responded 200 in 5851ms
2026-06-30 10:29:03.276 +03:00 [INF] Executed DbCommand (6ms) [Parameters=[@p='?' (DbType = Guid)], CommandType='"Text"', CommandTimeout='30']
SELECT TOP(1) [d].[Id], [d].[Description], [d].[IsActive], [d].[Name]
FROM [Departments] AS [d]
WHERE [d].[Id] = @p
2026-06-30 10:29:03.275 +03:00 [INF] Executed DbCommand (7ms) [Parameters=[@p='?' (DbType = Guid)], CommandType='"Text"', CommandTimeout='30']
SELECT TOP(1) [d].[Id], [d].[Description], [d].[IsActive], [d].[Name]
FROM [Departments] AS [d]
WHERE [d].[Id] = @p
2026-06-30 10:29:03.395 +03:00 [INF] HTTP GET /api/doctors responded 200 in 4476ms
2026-06-30 10:29:03.395 +03:00 [INF] HTTP GET /api/doctors responded 200 in 2721ms
2026-06-30 10:29:03.418 +03:00 [INF] Executed DbCommand (8ms) [Parameters=[@p='?' (DbType = Guid)], CommandType='"Text"', CommandTimeout='30']
SELECT TOP(1) [d].[Id], [d].[DepartmentId], [d].[FullName], [d].[IsActive], [d].[Phone], [d].[Specialization], [d].[UserId]
FROM [Doctors] AS [d]
WHERE [d].[Id] = @p
2026-06-30 10:29:03.472 +03:00 [INF] Executed DbCommand (11ms) [Parameters=[], CommandType='"Text"', CommandTimeout='30']
SELECT [d].[Id], [d].[AppointmentDurationMinutes], [d].[DoctorId], [d].[EndTime], [d].[IsActive], [d].[ScheduleDate], [d].[StartTime]
FROM [DoctorDateSchedules] AS [d]
2026-06-30 10:29:03.579 +03:00 [INF] HTTP GET /api/doctors/41885cdc-0175-4dcb-9824-944a922f6950/date-schedules responded 200 in 335ms
2026-06-30 10:29:36.115 +03:00 [INF] HTTP OPTIONS /api/auth/login responded 204 in 0ms
2026-06-30 10:29:36.213 +03:00 [INF] Executed DbCommand (3ms) [Parameters=[], CommandType='"Text"', CommandTimeout='30']
SELECT [u].[Id], [u].[CreatedAt], [u].[Email], [u].[IsActive], [u].[PasswordHash], [u].[Role]
FROM [Users] AS [u]
2026-06-30 10:29:36.988 +03:00 [INF] HTTP POST /api/auth/login responded 200 in 864ms
2026-06-30 10:29:37.040 +03:00 [INF] HTTP OPTIONS /api/departments responded 204 in 0ms
2026-06-30 10:29:37.048 +03:00 [INF] Executed DbCommand (1ms) [Parameters=[], CommandType='"Text"', CommandTimeout='30']
SELECT [d].[Id], [d].[Description], [d].[IsActive], [d].[Name]
FROM [Departments] AS [d]
2026-06-30 10:29:37.049 +03:00 [INF] HTTP GET /api/departments responded 200 in 6ms
2026-06-30 10:29:39.821 +03:00 [INF] HTTP OPTIONS /api/doctors responded 204 in 0ms
2026-06-30 10:29:39.821 +03:00 [INF] HTTP OPTIONS /api/departments responded 204 in 0ms
2026-06-30 10:29:39.833 +03:00 [INF] Executed DbCommand (1ms) [Parameters=[], CommandType='"Text"', CommandTimeout='30']
SELECT [d].[Id], [d].[Description], [d].[IsActive], [d].[Name]
FROM [Departments] AS [d]
2026-06-30 10:29:39.834 +03:00 [INF] Executed DbCommand (1ms) [Parameters=[], CommandType='"Text"', CommandTimeout='30']
SELECT [d].[Id], [d].[DepartmentId], [d].[FullName], [d].[IsActive], [d].[Phone], [d].[Specialization], [d].[UserId]
FROM [Doctors] AS [d]
2026-06-30 10:29:39.836 +03:00 [INF] HTTP GET /api/departments responded 200 in 6ms
2026-06-30 10:29:39.839 +03:00 [INF] Executed DbCommand (1ms) [Parameters=[@p='?' (DbType = Guid)], CommandType='"Text"', CommandTimeout='30']
SELECT TOP(1) [d].[Id], [d].[Description], [d].[IsActive], [d].[Name]
FROM [Departments] AS [d]
WHERE [d].[Id] = @p
2026-06-30 10:29:39.842 +03:00 [INF] HTTP GET /api/doctors responded 200 in 13ms
2026-06-30 10:29:45.131 +03:00 [INF] HTTP OPTIONS /api/doctors/41885cdc-0175-4dcb-9824-944a922f6950/date-schedules responded 204 in 0ms
2026-06-30 10:29:45.132 +03:00 [INF] HTTP OPTIONS /api/doctors responded 204 in 0ms
2026-06-30 10:29:45.155 +03:00 [INF] Executed DbCommand (2ms) [Parameters=[], CommandType='"Text"', CommandTimeout='30']
SELECT [d].[Id], [d].[DepartmentId], [d].[FullName], [d].[IsActive], [d].[Phone], [d].[Specialization], [d].[UserId]
FROM [Doctors] AS [d]
2026-06-30 10:29:45.157 +03:00 [INF] Executed DbCommand (2ms) [Parameters=[@p='?' (DbType = Guid)], CommandType='"Text"', CommandTimeout='30']
SELECT TOP(1) [d].[Id], [d].[DepartmentId], [d].[FullName], [d].[IsActive], [d].[Phone], [d].[Specialization], [d].[UserId]
FROM [Doctors] AS [d]
WHERE [d].[Id] = @p
2026-06-30 10:29:45.163 +03:00 [INF] Executed DbCommand (2ms) [Parameters=[@p='?' (DbType = Guid)], CommandType='"Text"', CommandTimeout='30']
SELECT TOP(1) [d].[Id], [d].[Description], [d].[IsActive], [d].[Name]
FROM [Departments] AS [d]
WHERE [d].[Id] = @p
2026-06-30 10:29:45.165 +03:00 [INF] Executed DbCommand (4ms) [Parameters=[], CommandType='"Text"', CommandTimeout='30']
SELECT [d].[Id], [d].[AppointmentDurationMinutes], [d].[DoctorId], [d].[EndTime], [d].[IsActive], [d].[ScheduleDate], [d].[StartTime]
FROM [DoctorDateSchedules] AS [d]
2026-06-30 10:29:45.167 +03:00 [INF] HTTP GET /api/doctors responded 200 in 21ms
2026-06-30 10:29:45.172 +03:00 [INF] HTTP GET /api/doctors/41885cdc-0175-4dcb-9824-944a922f6950/date-schedules responded 200 in 25ms
2026-06-30 10:30:06.112 +03:00 [INF] HTTP OPTIONS /api/doctors/41885cdc-0175-4dcb-9824-944a922f6950/date-schedules responded 204 in 0ms
2026-06-30 10:30:06.334 +03:00 [INF] Executed DbCommand (1ms) [Parameters=[@p='?' (DbType = Guid)], CommandType='"Text"', CommandTimeout='30']
SELECT TOP(1) [d].[Id], [d].[DepartmentId], [d].[FullName], [d].[IsActive], [d].[Phone], [d].[Specialization], [d].[UserId]
FROM [Doctors] AS [d]
WHERE [d].[Id] = @p
2026-06-30 10:30:06.338 +03:00 [INF] Executed DbCommand (1ms) [Parameters=[], CommandType='"Text"', CommandTimeout='30']
SELECT [d].[Id], [d].[AppointmentDurationMinutes], [d].[DoctorId], [d].[EndTime], [d].[IsActive], [d].[ScheduleDate], [d].[StartTime]
FROM [DoctorDateSchedules] AS [d]
2026-06-30 10:30:06.811 +03:00 [INF] Executed DbCommand (22ms) [Parameters=[@p6='?' (DbType = Guid), @p0='?' (DbType = Int32), @p1='?' (DbType = Guid), @p2='?' (DbType = Time), @p3='?' (DbType = Boolean), @p4='?' (DbType = Date), @p5='?' (DbType = Time)], CommandType='"Text"', CommandTimeout='30']
SET IMPLICIT_TRANSACTIONS OFF;
SET NOCOUNT ON;
UPDATE [DoctorDateSchedules] SET [AppointmentDurationMinutes] = @p0, [DoctorId] = @p1, [EndTime] = @p2, [IsActive] = @p3, [ScheduleDate] = @p4, [StartTime] = @p5
OUTPUT 1
WHERE [Id] = @p6;
2026-06-30 10:30:06.844 +03:00 [INF] HTTP PUT /api/doctors/41885cdc-0175-4dcb-9824-944a922f6950/date-schedules responded 200 in 718ms
2026-06-30 10:30:06.851 +03:00 [INF] HTTP OPTIONS /api/doctors/41885cdc-0175-4dcb-9824-944a922f6950/date-schedules responded 204 in 0ms
2026-06-30 10:30:06.860 +03:00 [INF] Executed DbCommand (1ms) [Parameters=[@p='?' (DbType = Guid)], CommandType='"Text"', CommandTimeout='30']
SELECT TOP(1) [d].[Id], [d].[DepartmentId], [d].[FullName], [d].[IsActive], [d].[Phone], [d].[Specialization], [d].[UserId]
FROM [Doctors] AS [d]
WHERE [d].[Id] = @p
2026-06-30 10:30:06.862 +03:00 [INF] Executed DbCommand (1ms) [Parameters=[], CommandType='"Text"', CommandTimeout='30']
SELECT [d].[Id], [d].[AppointmentDurationMinutes], [d].[DoctorId], [d].[EndTime], [d].[IsActive], [d].[ScheduleDate], [d].[StartTime]
FROM [DoctorDateSchedules] AS [d]
2026-06-30 10:30:06.864 +03:00 [INF] HTTP GET /api/doctors/41885cdc-0175-4dcb-9824-944a922f6950/date-schedules responded 200 in 8ms
2026-06-30 10:30:21.180 +03:00 [INF] HTTP GET /swagger/index.html responded 200 in 209ms
2026-06-30 10:30:48.165 +03:00 [INF] HTTP GET /api/doctors/default-date-schedules responded 401 in 10ms
2026-06-30 10:30:51.034 +03:00 [INF] HTTP OPTIONS /api/doctors responded 204 in 0ms
2026-06-30 10:30:51.034 +03:00 [INF] HTTP OPTIONS /api/doctors/41885cdc-0175-4dcb-9824-944a922f6950/date-schedules responded 204 in 0ms
2026-06-30 10:30:51.042 +03:00 [INF] Executed DbCommand (1ms) [Parameters=[], CommandType='"Text"', CommandTimeout='30']
SELECT [d].[Id], [d].[DepartmentId], [d].[FullName], [d].[IsActive], [d].[Phone], [d].[Specialization], [d].[UserId]
FROM [Doctors] AS [d]
2026-06-30 10:30:51.043 +03:00 [INF] Executed DbCommand (1ms) [Parameters=[@p='?' (DbType = Guid)], CommandType='"Text"', CommandTimeout='30']
SELECT TOP(1) [d].[Id], [d].[DepartmentId], [d].[FullName], [d].[IsActive], [d].[Phone], [d].[Specialization], [d].[UserId]
FROM [Doctors] AS [d]
WHERE [d].[Id] = @p
2026-06-30 10:30:51.046 +03:00 [INF] Executed DbCommand (1ms) [Parameters=[@p='?' (DbType = Guid)], CommandType='"Text"', CommandTimeout='30']
SELECT TOP(1) [d].[Id], [d].[Description], [d].[IsActive], [d].[Name]
FROM [Departments] AS [d]
WHERE [d].[Id] = @p
2026-06-30 10:30:51.046 +03:00 [INF] Executed DbCommand (1ms) [Parameters=[], CommandType='"Text"', CommandTimeout='30']
SELECT [d].[Id], [d].[AppointmentDurationMinutes], [d].[DoctorId], [d].[EndTime], [d].[IsActive], [d].[ScheduleDate], [d].[StartTime]
FROM [DoctorDateSchedules] AS [d]
2026-06-30 10:30:51.047 +03:00 [INF] HTTP GET /api/doctors responded 200 in 8ms
2026-06-30 10:30:51.048 +03:00 [INF] HTTP GET /api/doctors/41885cdc-0175-4dcb-9824-944a922f6950/date-schedules responded 200 in 9ms
2026-06-30 10:31:18.928 +03:00 [INF] HTTP GET /swagger/index.html responded 200 in 1ms
2026-06-30 10:31:55.256 +03:00 [INF] HTTP OPTIONS /api/doctors responded 204 in 0ms
2026-06-30 10:31:55.258 +03:00 [INF] HTTP OPTIONS /api/doctors/41885cdc-0175-4dcb-9824-944a922f6950/date-schedules responded 204 in 0ms
2026-06-30 10:31:55.289 +03:00 [INF] Executed DbCommand (3ms) [Parameters=[@p='?' (DbType = Guid)], CommandType='"Text"', CommandTimeout='30']
SELECT TOP(1) [d].[Id], [d].[DepartmentId], [d].[FullName], [d].[IsActive], [d].[Phone], [d].[Specialization], [d].[UserId]
FROM [Doctors] AS [d]
WHERE [d].[Id] = @p
2026-06-30 10:31:55.289 +03:00 [INF] Executed DbCommand (3ms) [Parameters=[], CommandType='"Text"', CommandTimeout='30']
SELECT [d].[Id], [d].[DepartmentId], [d].[FullName], [d].[IsActive], [d].[Phone], [d].[Specialization], [d].[UserId]
FROM [Doctors] AS [d]
2026-06-30 10:31:55.293 +03:00 [INF] Executed DbCommand (1ms) [Parameters=[], CommandType='"Text"', CommandTimeout='30']
SELECT [d].[Id], [d].[AppointmentDurationMinutes], [d].[DoctorId], [d].[EndTime], [d].[IsActive], [d].[ScheduleDate], [d].[StartTime]
FROM [DoctorDateSchedules] AS [d]
2026-06-30 10:31:55.295 +03:00 [INF] Executed DbCommand (1ms) [Parameters=[@p='?' (DbType = Guid)], CommandType='"Text"', CommandTimeout='30']
SELECT TOP(1) [d].[Id], [d].[Description], [d].[IsActive], [d].[Name]
FROM [Departments] AS [d]
WHERE [d].[Id] = @p
2026-06-30 10:31:55.296 +03:00 [INF] HTTP GET /api/doctors/41885cdc-0175-4dcb-9824-944a922f6950/date-schedules responded 200 in 19ms
2026-06-30 10:31:55.297 +03:00 [INF] HTTP GET /api/doctors responded 200 in 20ms
2026-06-30 10:32:25.788 +03:00 [INF] HTTP OPTIONS /api/doctors responded 204 in 0ms
2026-06-30 10:32:25.789 +03:00 [INF] HTTP OPTIONS /api/doctors/41885cdc-0175-4dcb-9824-944a922f6950/date-schedules responded 204 in 0ms
2026-06-30 10:32:25.801 +03:00 [INF] Executed DbCommand (1ms) [Parameters=[], CommandType='"Text"', CommandTimeout='30']
SELECT [d].[Id], [d].[DepartmentId], [d].[FullName], [d].[IsActive], [d].[Phone], [d].[Specialization], [d].[UserId]
FROM [Doctors] AS [d]
2026-06-30 10:32:25.801 +03:00 [INF] Executed DbCommand (1ms) [Parameters=[@p='?' (DbType = Guid)], CommandType='"Text"', CommandTimeout='30']
SELECT TOP(1) [d].[Id], [d].[DepartmentId], [d].[FullName], [d].[IsActive], [d].[Phone], [d].[Specialization], [d].[UserId]
FROM [Doctors] AS [d]
WHERE [d].[Id] = @p
2026-06-30 10:32:25.804 +03:00 [INF] Executed DbCommand (1ms) [Parameters=[@p='?' (DbType = Guid)], CommandType='"Text"', CommandTimeout='30']
SELECT TOP(1) [d].[Id], [d].[Description], [d].[IsActive], [d].[Name]
FROM [Departments] AS [d]
WHERE [d].[Id] = @p
2026-06-30 10:32:25.804 +03:00 [INF] Executed DbCommand (1ms) [Parameters=[], CommandType='"Text"', CommandTimeout='30']
SELECT [d].[Id], [d].[AppointmentDurationMinutes], [d].[DoctorId], [d].[EndTime], [d].[IsActive], [d].[ScheduleDate], [d].[StartTime]
FROM [DoctorDateSchedules] AS [d]
2026-06-30 10:32:25.806 +03:00 [INF] HTTP GET /api/doctors responded 200 in 10ms
2026-06-30 10:32:25.806 +03:00 [INF] HTTP GET /api/doctors/41885cdc-0175-4dcb-9824-944a922f6950/date-schedules responded 200 in 10ms
2026-06-30 10:32:44.594 +03:00 [INF] HTTP OPTIONS /api/doctors/41885cdc-0175-4dcb-9824-944a922f6950/date-schedules/2026-06-30 responded 204 in 0ms
2026-06-30 10:32:44.659 +03:00 [INF] Executed DbCommand (2ms) [Parameters=[@p='?' (DbType = Guid)], CommandType='"Text"', CommandTimeout='30']
SELECT TOP(1) [d].[Id], [d].[DepartmentId], [d].[FullName], [d].[IsActive], [d].[Phone], [d].[Specialization], [d].[UserId]
FROM [Doctors] AS [d]
WHERE [d].[Id] = @p
2026-06-30 10:32:44.664 +03:00 [INF] Executed DbCommand (1ms) [Parameters=[], CommandType='"Text"', CommandTimeout='30']
SELECT [d].[Id], [d].[AppointmentDurationMinutes], [d].[DoctorId], [d].[EndTime], [d].[IsActive], [d].[ScheduleDate], [d].[StartTime]
FROM [DoctorDateSchedules] AS [d]
2026-06-30 10:32:44.676 +03:00 [INF] Executed DbCommand (3ms) [Parameters=[@p6='?' (DbType = Guid), @p0='?' (DbType = Int32), @p1='?' (DbType = Guid), @p2='?' (DbType = Time), @p3='?' (DbType = Boolean), @p4='?' (DbType = Date), @p5='?' (DbType = Time)], CommandType='"Text"', CommandTimeout='30']
SET IMPLICIT_TRANSACTIONS OFF;
SET NOCOUNT ON;
UPDATE [DoctorDateSchedules] SET [AppointmentDurationMinutes] = @p0, [DoctorId] = @p1, [EndTime] = @p2, [IsActive] = @p3, [ScheduleDate] = @p4, [StartTime] = @p5
OUTPUT 1
WHERE [Id] = @p6;
2026-06-30 10:32:44.685 +03:00 [INF] HTTP DELETE /api/doctors/41885cdc-0175-4dcb-9824-944a922f6950/date-schedules/2026-06-30 responded 200 in 76ms
2026-06-30 10:32:44.695 +03:00 [INF] HTTP OPTIONS /api/doctors/41885cdc-0175-4dcb-9824-944a922f6950/date-schedules responded 204 in 0ms
2026-06-30 10:32:44.708 +03:00 [INF] Executed DbCommand (2ms) [Parameters=[@p='?' (DbType = Guid)], CommandType='"Text"', CommandTimeout='30']
SELECT TOP(1) [d].[Id], [d].[DepartmentId], [d].[FullName], [d].[IsActive], [d].[Phone], [d].[Specialization], [d].[UserId]
FROM [Doctors] AS [d]
WHERE [d].[Id] = @p
2026-06-30 10:32:44.712 +03:00 [INF] Executed DbCommand (1ms) [Parameters=[], CommandType='"Text"', CommandTimeout='30']
SELECT [d].[Id], [d].[AppointmentDurationMinutes], [d].[DoctorId], [d].[EndTime], [d].[IsActive], [d].[ScheduleDate], [d].[StartTime]
FROM [DoctorDateSchedules] AS [d]
2026-06-30 10:32:44.716 +03:00 [INF] HTTP GET /api/doctors/41885cdc-0175-4dcb-9824-944a922f6950/date-schedules responded 200 in 15ms
2026-06-30 10:32:48.421 +03:00 [INF] HTTP OPTIONS /api/doctors/41885cdc-0175-4dcb-9824-944a922f6950/date-schedules responded 204 in 0ms
2026-06-30 10:32:48.444 +03:00 [INF] Executed DbCommand (2ms) [Parameters=[@p='?' (DbType = Guid)], CommandType='"Text"', CommandTimeout='30']
SELECT TOP(1) [d].[Id], [d].[DepartmentId], [d].[FullName], [d].[IsActive], [d].[Phone], [d].[Specialization], [d].[UserId]
FROM [Doctors] AS [d]
WHERE [d].[Id] = @p
2026-06-30 10:32:48.448 +03:00 [INF] Executed DbCommand (1ms) [Parameters=[], CommandType='"Text"', CommandTimeout='30']
SELECT [d].[Id], [d].[AppointmentDurationMinutes], [d].[DoctorId], [d].[EndTime], [d].[IsActive], [d].[ScheduleDate], [d].[StartTime]
FROM [DoctorDateSchedules] AS [d]
2026-06-30 10:32:48.456 +03:00 [INF] Executed DbCommand (2ms) [Parameters=[@p6='?' (DbType = Guid), @p0='?' (DbType = Int32), @p1='?' (DbType = Guid), @p2='?' (DbType = Time), @p3='?' (DbType = Boolean), @p4='?' (DbType = Date), @p5='?' (DbType = Time)], CommandType='"Text"', CommandTimeout='30']
SET IMPLICIT_TRANSACTIONS OFF;
SET NOCOUNT ON;
UPDATE [DoctorDateSchedules] SET [AppointmentDurationMinutes] = @p0, [DoctorId] = @p1, [EndTime] = @p2, [IsActive] = @p3, [ScheduleDate] = @p4, [StartTime] = @p5
OUTPUT 1
WHERE [Id] = @p6;
2026-06-30 10:32:48.461 +03:00 [INF] HTTP PUT /api/doctors/41885cdc-0175-4dcb-9824-944a922f6950/date-schedules responded 200 in 31ms
2026-06-30 10:32:48.478 +03:00 [INF] Executed DbCommand (1ms) [Parameters=[@p='?' (DbType = Guid)], CommandType='"Text"', CommandTimeout='30']
SELECT TOP(1) [d].[Id], [d].[DepartmentId], [d].[FullName], [d].[IsActive], [d].[Phone], [d].[Specialization], [d].[UserId]
FROM [Doctors] AS [d]
WHERE [d].[Id] = @p
2026-06-30 10:32:48.483 +03:00 [INF] Executed DbCommand (1ms) [Parameters=[], CommandType='"Text"', CommandTimeout='30']
SELECT [d].[Id], [d].[AppointmentDurationMinutes], [d].[DoctorId], [d].[EndTime], [d].[IsActive], [d].[ScheduleDate], [d].[StartTime]
FROM [DoctorDateSchedules] AS [d]
2026-06-30 10:32:48.486 +03:00 [INF] HTTP GET /api/doctors/41885cdc-0175-4dcb-9824-944a922f6950/date-schedules responded 200 in 13ms
2026-06-30 10:32:52.405 +03:00 [INF] HTTP OPTIONS /api/doctors/41885cdc-0175-4dcb-9824-944a922f6950/date-schedules/2026-06-30 responded 204 in 0ms
2026-06-30 10:32:52.419 +03:00 [INF] Executed DbCommand (1ms) [Parameters=[@p='?' (DbType = Guid)], CommandType='"Text"', CommandTimeout='30']
SELECT TOP(1) [d].[Id], [d].[DepartmentId], [d].[FullName], [d].[IsActive], [d].[Phone], [d].[Specialization], [d].[UserId]
FROM [Doctors] AS [d]
WHERE [d].[Id] = @p
2026-06-30 10:32:52.423 +03:00 [INF] Executed DbCommand (2ms) [Parameters=[], CommandType='"Text"', CommandTimeout='30']
SELECT [d].[Id], [d].[AppointmentDurationMinutes], [d].[DoctorId], [d].[EndTime], [d].[IsActive], [d].[ScheduleDate], [d].[StartTime]
FROM [DoctorDateSchedules] AS [d]
2026-06-30 10:32:52.434 +03:00 [INF] Executed DbCommand (4ms) [Parameters=[@p6='?' (DbType = Guid), @p0='?' (DbType = Int32), @p1='?' (DbType = Guid), @p2='?' (DbType = Time), @p3='?' (DbType = Boolean), @p4='?' (DbType = Date), @p5='?' (DbType = Time)], CommandType='"Text"', CommandTimeout='30']
SET IMPLICIT_TRANSACTIONS OFF;
SET NOCOUNT ON;
UPDATE [DoctorDateSchedules] SET [AppointmentDurationMinutes] = @p0, [DoctorId] = @p1, [EndTime] = @p2, [IsActive] = @p3, [ScheduleDate] = @p4, [StartTime] = @p5
OUTPUT 1
WHERE [Id] = @p6;
2026-06-30 10:32:52.438 +03:00 [INF] HTTP DELETE /api/doctors/41885cdc-0175-4dcb-9824-944a922f6950/date-schedules/2026-06-30 responded 200 in 27ms
2026-06-30 10:32:52.450 +03:00 [INF] HTTP OPTIONS /api/doctors/41885cdc-0175-4dcb-9824-944a922f6950/date-schedules responded 204 in 0ms
2026-06-30 10:32:52.464 +03:00 [INF] Executed DbCommand (2ms) [Parameters=[@p='?' (DbType = Guid)], CommandType='"Text"', CommandTimeout='30']
SELECT TOP(1) [d].[Id], [d].[DepartmentId], [d].[FullName], [d].[IsActive], [d].[Phone], [d].[Specialization], [d].[UserId]
FROM [Doctors] AS [d]
WHERE [d].[Id] = @p
2026-06-30 10:32:52.470 +03:00 [INF] Executed DbCommand (2ms) [Parameters=[], CommandType='"Text"', CommandTimeout='30']
SELECT [d].[Id], [d].[AppointmentDurationMinutes], [d].[DoctorId], [d].[EndTime], [d].[IsActive], [d].[ScheduleDate], [d].[StartTime]
FROM [DoctorDateSchedules] AS [d]
2026-06-30 10:32:52.474 +03:00 [INF] HTTP GET /api/doctors/41885cdc-0175-4dcb-9824-944a922f6950/date-schedules responded 200 in 18ms
2026-06-30 10:32:55.992 +03:00 [INF] HTTP OPTIONS /api/doctors/41885cdc-0175-4dcb-9824-944a922f6950/date-schedules responded 204 in 0ms
2026-06-30 10:32:56.008 +03:00 [INF] Executed DbCommand (2ms) [Parameters=[@p='?' (DbType = Guid)], CommandType='"Text"', CommandTimeout='30']
SELECT TOP(1) [d].[Id], [d].[DepartmentId], [d].[FullName], [d].[IsActive], [d].[Phone], [d].[Specialization], [d].[UserId]
FROM [Doctors] AS [d]
WHERE [d].[Id] = @p
2026-06-30 10:32:56.012 +03:00 [INF] Executed DbCommand (1ms) [Parameters=[], CommandType='"Text"', CommandTimeout='30']
SELECT [d].[Id], [d].[AppointmentDurationMinutes], [d].[DoctorId], [d].[EndTime], [d].[IsActive], [d].[ScheduleDate], [d].[StartTime]
FROM [DoctorDateSchedules] AS [d]
2026-06-30 10:32:56.017 +03:00 [INF] HTTP GET /api/doctors/41885cdc-0175-4dcb-9824-944a922f6950/date-schedules responded 200 in 17ms
2026-06-30 10:33:08.031 +03:00 [INF] HTTP OPTIONS /api/doctors/41885cdc-0175-4dcb-9824-944a922f6950/date-schedules responded 204 in 0ms
2026-06-30 10:33:08.051 +03:00 [INF] Executed DbCommand (2ms) [Parameters=[@p='?' (DbType = Guid)], CommandType='"Text"', CommandTimeout='30']
SELECT TOP(1) [d].[Id], [d].[DepartmentId], [d].[FullName], [d].[IsActive], [d].[Phone], [d].[Specialization], [d].[UserId]
FROM [Doctors] AS [d]
WHERE [d].[Id] = @p
2026-06-30 10:33:08.055 +03:00 [INF] Executed DbCommand (2ms) [Parameters=[], CommandType='"Text"', CommandTimeout='30']
SELECT [d].[Id], [d].[AppointmentDurationMinutes], [d].[DoctorId], [d].[EndTime], [d].[IsActive], [d].[ScheduleDate], [d].[StartTime]
FROM [DoctorDateSchedules] AS [d]
2026-06-30 10:33:08.064 +03:00 [INF] Executed DbCommand (3ms) [Parameters=[@p6='?' (DbType = Guid), @p0='?' (DbType = Int32), @p1='?' (DbType = Guid), @p2='?' (DbType = Time), @p3='?' (DbType = Boolean), @p4='?' (DbType = Date), @p5='?' (DbType = Time)], CommandType='"Text"', CommandTimeout='30']
SET IMPLICIT_TRANSACTIONS OFF;
SET NOCOUNT ON;
UPDATE [DoctorDateSchedules] SET [AppointmentDurationMinutes] = @p0, [DoctorId] = @p1, [EndTime] = @p2, [IsActive] = @p3, [ScheduleDate] = @p4, [StartTime] = @p5
OUTPUT 1
WHERE [Id] = @p6;
2026-06-30 10:33:08.068 +03:00 [INF] HTTP PUT /api/doctors/41885cdc-0175-4dcb-9824-944a922f6950/date-schedules responded 200 in 28ms
2026-06-30 10:33:08.080 +03:00 [INF] HTTP OPTIONS /api/doctors/41885cdc-0175-4dcb-9824-944a922f6950/date-schedules responded 204 in 0ms
2026-06-30 10:33:08.092 +03:00 [INF] Executed DbCommand (1ms) [Parameters=[@p='?' (DbType = Guid)], CommandType='"Text"', CommandTimeout='30']
SELECT TOP(1) [d].[Id], [d].[DepartmentId], [d].[FullName], [d].[IsActive], [d].[Phone], [d].[Specialization], [d].[UserId]
FROM [Doctors] AS [d]
WHERE [d].[Id] = @p
2026-06-30 10:33:08.096 +03:00 [INF] Executed DbCommand (1ms) [Parameters=[], CommandType='"Text"', CommandTimeout='30']
SELECT [d].[Id], [d].[AppointmentDurationMinutes], [d].[DoctorId], [d].[EndTime], [d].[IsActive], [d].[ScheduleDate], [d].[StartTime]
FROM [DoctorDateSchedules] AS [d]
2026-06-30 10:33:08.099 +03:00 [INF] HTTP GET /api/doctors/41885cdc-0175-4dcb-9824-944a922f6950/date-schedules responded 200 in 12ms
2026-06-30 10:33:23.752 +03:00 [INF] HTTP OPTIONS /api/doctors responded 204 in 0ms
2026-06-30 10:33:23.752 +03:00 [INF] HTTP OPTIONS /api/departments responded 204 in 0ms
2026-06-30 10:33:23.772 +03:00 [INF] Executed DbCommand (1ms) [Parameters=[], CommandType='"Text"', CommandTimeout='30']
SELECT [d].[Id], [d].[DepartmentId], [d].[FullName], [d].[IsActive], [d].[Phone], [d].[Specialization], [d].[UserId]
FROM [Doctors] AS [d]
2026-06-30 10:33:23.772 +03:00 [INF] Executed DbCommand (1ms) [Parameters=[], CommandType='"Text"', CommandTimeout='30']
SELECT [d].[Id], [d].[Description], [d].[IsActive], [d].[Name]
FROM [Departments] AS [d]
2026-06-30 10:33:23.776 +03:00 [INF] HTTP GET /api/departments responded 200 in 13ms
2026-06-30 10:33:23.776 +03:00 [INF] Executed DbCommand (1ms) [Parameters=[@p='?' (DbType = Guid)], CommandType='"Text"', CommandTimeout='30']
SELECT TOP(1) [d].[Id], [d].[Description], [d].[IsActive], [d].[Name]
FROM [Departments] AS [d]
WHERE [d].[Id] = @p
2026-06-30 10:33:23.781 +03:00 [INF] HTTP GET /api/doctors responded 200 in 19ms
2026-06-30 10:33:26.017 +03:00 [INF] HTTP OPTIONS /api/doctors responded 204 in 0ms
2026-06-30 10:33:26.018 +03:00 [INF] HTTP OPTIONS /api/doctors/41885cdc-0175-4dcb-9824-944a922f6950/date-schedules responded 204 in 0ms
2026-06-30 10:33:26.032 +03:00 [INF] Executed DbCommand (1ms) [Parameters=[], CommandType='"Text"', CommandTimeout='30']
SELECT [d].[Id], [d].[DepartmentId], [d].[FullName], [d].[IsActive], [d].[Phone], [d].[Specialization], [d].[UserId]
FROM [Doctors] AS [d]
2026-06-30 10:33:26.033 +03:00 [INF] Executed DbCommand (1ms) [Parameters=[@p='?' (DbType = Guid)], CommandType='"Text"', CommandTimeout='30']
SELECT TOP(1) [d].[Id], [d].[DepartmentId], [d].[FullName], [d].[IsActive], [d].[Phone], [d].[Specialization], [d].[UserId]
FROM [Doctors] AS [d]
WHERE [d].[Id] = @p
2026-06-30 10:33:26.036 +03:00 [INF] Executed DbCommand (1ms) [Parameters=[@p='?' (DbType = Guid)], CommandType='"Text"', CommandTimeout='30']
SELECT TOP(1) [d].[Id], [d].[Description], [d].[IsActive], [d].[Name]
FROM [Departments] AS [d]
WHERE [d].[Id] = @p
2026-06-30 10:33:26.036 +03:00 [INF] Executed DbCommand (1ms) [Parameters=[], CommandType='"Text"', CommandTimeout='30']
SELECT [d].[Id], [d].[AppointmentDurationMinutes], [d].[DoctorId], [d].[EndTime], [d].[IsActive], [d].[ScheduleDate], [d].[StartTime]
FROM [DoctorDateSchedules] AS [d]
2026-06-30 10:33:26.038 +03:00 [INF] HTTP GET /api/doctors responded 200 in 12ms
2026-06-30 10:33:26.039 +03:00 [INF] HTTP GET /api/doctors/41885cdc-0175-4dcb-9824-944a922f6950/date-schedules responded 200 in 11ms
2026-06-30 10:33:31.433 +03:00 [INF] HTTP OPTIONS /api/doctors/default-date-schedules responded 204 in 0ms
2026-06-30 10:33:31.447 +03:00 [INF] Executed DbCommand (1ms) [Parameters=[], CommandType='"Text"', CommandTimeout='30']
SELECT [d].[Id], [d].[AppointmentDurationMinutes], [d].[EndTime], [d].[IsActive], [d].[ScheduleDate], [d].[StartTime]
FROM [DefaultDoctorDateSchedules] AS [d]
2026-06-30 10:33:31.451 +03:00 [INF] HTTP GET /api/doctors/default-date-schedules responded 200 in 10ms
2026-06-30 10:33:34.547 +03:00 [INF] HTTP OPTIONS /api/doctors/default-date-schedules/2026-06-30 responded 204 in 0ms
2026-06-30 10:33:34.599 +03:00 [INF] Executed DbCommand (2ms) [Parameters=[], CommandType='"Text"', CommandTimeout='30']
SELECT [d].[Id], [d].[AppointmentDurationMinutes], [d].[EndTime], [d].[IsActive], [d].[ScheduleDate], [d].[StartTime]
FROM [DefaultDoctorDateSchedules] AS [d]
2026-06-30 10:33:34.672 +03:00 [INF] Executed DbCommand (28ms) [Parameters=[@p5='?' (DbType = Guid), @p0='?' (DbType = Int32), @p1='?' (DbType = Time), @p2='?' (DbType = Boolean), @p3='?' (DbType = Date), @p4='?' (DbType = Time)], CommandType='"Text"', CommandTimeout='30']
SET IMPLICIT_TRANSACTIONS OFF;
SET NOCOUNT ON;
UPDATE [DefaultDoctorDateSchedules] SET [AppointmentDurationMinutes] = @p0, [EndTime] = @p1, [IsActive] = @p2, [ScheduleDate] = @p3, [StartTime] = @p4
OUTPUT 1
WHERE [Id] = @p5;
2026-06-30 10:33:34.677 +03:00 [INF] HTTP DELETE /api/doctors/default-date-schedules/2026-06-30 responded 200 in 122ms
2026-06-30 10:33:34.693 +03:00 [INF] Executed DbCommand (1ms) [Parameters=[], CommandType='"Text"', CommandTimeout='30']
SELECT [d].[Id], [d].[AppointmentDurationMinutes], [d].[EndTime], [d].[IsActive], [d].[ScheduleDate], [d].[StartTime]
FROM [DefaultDoctorDateSchedules] AS [d]
2026-06-30 10:33:34.696 +03:00 [INF] HTTP GET /api/doctors/default-date-schedules responded 200 in 8ms
2026-06-30 10:33:43.452 +03:00 [INF] HTTP OPTIONS /api/doctors/41885cdc-0175-4dcb-9824-944a922f6950/date-schedules responded 204 in 0ms
2026-06-30 10:33:43.467 +03:00 [INF] Executed DbCommand (2ms) [Parameters=[@p='?' (DbType = Guid)], CommandType='"Text"', CommandTimeout='30']
SELECT TOP(1) [d].[Id], [d].[DepartmentId], [d].[FullName], [d].[IsActive], [d].[Phone], [d].[Specialization], [d].[UserId]
FROM [Doctors] AS [d]
WHERE [d].[Id] = @p
2026-06-30 10:33:43.472 +03:00 [INF] Executed DbCommand (1ms) [Parameters=[], CommandType='"Text"', CommandTimeout='30']
SELECT [d].[Id], [d].[AppointmentDurationMinutes], [d].[DoctorId], [d].[EndTime], [d].[IsActive], [d].[ScheduleDate], [d].[StartTime]
FROM [DoctorDateSchedules] AS [d]
2026-06-30 10:33:43.476 +03:00 [INF] HTTP GET /api/doctors/41885cdc-0175-4dcb-9824-944a922f6950/date-schedules responded 200 in 15ms
2026-06-30 10:34:10.528 +03:00 [INF] HTTP OPTIONS /api/doctors/41885cdc-0175-4dcb-9824-944a922f6950/date-schedules responded 204 in 0ms
2026-06-30 10:34:10.544 +03:00 [INF] Executed DbCommand (1ms) [Parameters=[@p='?' (DbType = Guid)], CommandType='"Text"', CommandTimeout='30']
SELECT TOP(1) [d].[Id], [d].[DepartmentId], [d].[FullName], [d].[IsActive], [d].[Phone], [d].[Specialization], [d].[UserId]
FROM [Doctors] AS [d]
WHERE [d].[Id] = @p
2026-06-30 10:34:10.547 +03:00 [INF] Executed DbCommand (1ms) [Parameters=[], CommandType='"Text"', CommandTimeout='30']
SELECT [d].[Id], [d].[AppointmentDurationMinutes], [d].[DoctorId], [d].[EndTime], [d].[IsActive], [d].[ScheduleDate], [d].[StartTime]
FROM [DoctorDateSchedules] AS [d]
2026-06-30 10:34:10.549 +03:00 [INF] HTTP GET /api/doctors/41885cdc-0175-4dcb-9824-944a922f6950/date-schedules responded 200 in 12ms
2026-06-30 10:34:18.087 +03:00 [INF] HTTP OPTIONS /api/doctors/41885cdc-0175-4dcb-9824-944a922f6950/date-schedules responded 204 in 0ms
2026-06-30 10:34:18.103 +03:00 [INF] Executed DbCommand (2ms) [Parameters=[@p='?' (DbType = Guid)], CommandType='"Text"', CommandTimeout='30']
SELECT TOP(1) [d].[Id], [d].[DepartmentId], [d].[FullName], [d].[IsActive], [d].[Phone], [d].[Specialization], [d].[UserId]
FROM [Doctors] AS [d]
WHERE [d].[Id] = @p
2026-06-30 10:34:18.106 +03:00 [INF] Executed DbCommand (1ms) [Parameters=[], CommandType='"Text"', CommandTimeout='30']
SELECT [d].[Id], [d].[AppointmentDurationMinutes], [d].[DoctorId], [d].[EndTime], [d].[IsActive], [d].[ScheduleDate], [d].[StartTime]
FROM [DoctorDateSchedules] AS [d]
2026-06-30 10:34:18.115 +03:00 [INF] Executed DbCommand (4ms) [Parameters=[@p6='?' (DbType = Guid), @p0='?' (DbType = Int32), @p1='?' (DbType = Guid), @p2='?' (DbType = Time), @p3='?' (DbType = Boolean), @p4='?' (DbType = Date), @p5='?' (DbType = Time)], CommandType='"Text"', CommandTimeout='30']
SET IMPLICIT_TRANSACTIONS OFF;
SET NOCOUNT ON;
UPDATE [DoctorDateSchedules] SET [AppointmentDurationMinutes] = @p0, [DoctorId] = @p1, [EndTime] = @p2, [IsActive] = @p3, [ScheduleDate] = @p4, [StartTime] = @p5
OUTPUT 1
WHERE [Id] = @p6;
2026-06-30 10:34:18.120 +03:00 [INF] HTTP PUT /api/doctors/41885cdc-0175-4dcb-9824-944a922f6950/date-schedules responded 200 in 24ms
2026-06-30 10:34:18.129 +03:00 [INF] HTTP OPTIONS /api/doctors/41885cdc-0175-4dcb-9824-944a922f6950/date-schedules responded 204 in 0ms
2026-06-30 10:34:18.139 +03:00 [INF] Executed DbCommand (1ms) [Parameters=[@p='?' (DbType = Guid)], CommandType='"Text"', CommandTimeout='30']
SELECT TOP(1) [d].[Id], [d].[DepartmentId], [d].[FullName], [d].[IsActive], [d].[Phone], [d].[Specialization], [d].[UserId]
FROM [Doctors] AS [d]
WHERE [d].[Id] = @p
2026-06-30 10:34:18.144 +03:00 [INF] Executed DbCommand (1ms) [Parameters=[], CommandType='"Text"', CommandTimeout='30']
SELECT [d].[Id], [d].[AppointmentDurationMinutes], [d].[DoctorId], [d].[EndTime], [d].[IsActive], [d].[ScheduleDate], [d].[StartTime]
FROM [DoctorDateSchedules] AS [d]
2026-06-30 10:34:18.147 +03:00 [INF] HTTP GET /api/doctors/41885cdc-0175-4dcb-9824-944a922f6950/date-schedules responded 200 in 12ms
2026-06-30 10:34:23.786 +03:00 [INF] HTTP OPTIONS /api/doctors/41885cdc-0175-4dcb-9824-944a922f6950/date-schedules responded 204 in 0ms
2026-06-30 10:34:23.802 +03:00 [INF] Executed DbCommand (1ms) [Parameters=[@p='?' (DbType = Guid)], CommandType='"Text"', CommandTimeout='30']
SELECT TOP(1) [d].[Id], [d].[DepartmentId], [d].[FullName], [d].[IsActive], [d].[Phone], [d].[Specialization], [d].[UserId]
FROM [Doctors] AS [d]
WHERE [d].[Id] = @p
2026-06-30 10:34:23.806 +03:00 [INF] Executed DbCommand (1ms) [Parameters=[], CommandType='"Text"', CommandTimeout='30']
SELECT [d].[Id], [d].[AppointmentDurationMinutes], [d].[DoctorId], [d].[EndTime], [d].[IsActive], [d].[ScheduleDate], [d].[StartTime]
FROM [DoctorDateSchedules] AS [d]
2026-06-30 10:34:23.809 +03:00 [INF] HTTP GET /api/doctors/41885cdc-0175-4dcb-9824-944a922f6950/date-schedules responded 200 in 14ms
2026-06-30 10:34:36.384 +03:00 [INF] HTTP OPTIONS /api/doctors/41885cdc-0175-4dcb-9824-944a922f6950/date-schedules/2026-07-01 responded 204 in 0ms
2026-06-30 10:34:36.399 +03:00 [INF] Executed DbCommand (1ms) [Parameters=[@p='?' (DbType = Guid)], CommandType='"Text"', CommandTimeout='30']
SELECT TOP(1) [d].[Id], [d].[DepartmentId], [d].[FullName], [d].[IsActive], [d].[Phone], [d].[Specialization], [d].[UserId]
FROM [Doctors] AS [d]
WHERE [d].[Id] = @p
2026-06-30 10:34:36.403 +03:00 [INF] Executed DbCommand (2ms) [Parameters=[], CommandType='"Text"', CommandTimeout='30']
SELECT [d].[Id], [d].[AppointmentDurationMinutes], [d].[DoctorId], [d].[EndTime], [d].[IsActive], [d].[ScheduleDate], [d].[StartTime]
FROM [DoctorDateSchedules] AS [d]
2026-06-30 10:34:36.420 +03:00 [INF] Executed DbCommand (12ms) [Parameters=[@p6='?' (DbType = Guid), @p0='?' (DbType = Int32), @p1='?' (DbType = Guid), @p2='?' (DbType = Time), @p3='?' (DbType = Boolean), @p4='?' (DbType = Date), @p5='?' (DbType = Time)], CommandType='"Text"', CommandTimeout='30']
SET IMPLICIT_TRANSACTIONS OFF;
SET NOCOUNT ON;
UPDATE [DoctorDateSchedules] SET [AppointmentDurationMinutes] = @p0, [DoctorId] = @p1, [EndTime] = @p2, [IsActive] = @p3, [ScheduleDate] = @p4, [StartTime] = @p5
OUTPUT 1
WHERE [Id] = @p6;
2026-06-30 10:34:36.424 +03:00 [INF] HTTP DELETE /api/doctors/41885cdc-0175-4dcb-9824-944a922f6950/date-schedules/2026-07-01 responded 200 in 32ms
2026-06-30 10:34:36.434 +03:00 [INF] HTTP OPTIONS /api/doctors/41885cdc-0175-4dcb-9824-944a922f6950/date-schedules responded 204 in 0ms
2026-06-30 10:34:36.445 +03:00 [INF] Executed DbCommand (1ms) [Parameters=[@p='?' (DbType = Guid)], CommandType='"Text"', CommandTimeout='30']
SELECT TOP(1) [d].[Id], [d].[DepartmentId], [d].[FullName], [d].[IsActive], [d].[Phone], [d].[Specialization], [d].[UserId]
FROM [Doctors] AS [d]
WHERE [d].[Id] = @p
2026-06-30 10:34:36.449 +03:00 [INF] Executed DbCommand (1ms) [Parameters=[], CommandType='"Text"', CommandTimeout='30']
SELECT [d].[Id], [d].[AppointmentDurationMinutes], [d].[DoctorId], [d].[EndTime], [d].[IsActive], [d].[ScheduleDate], [d].[StartTime]
FROM [DoctorDateSchedules] AS [d]
2026-06-30 10:34:36.451 +03:00 [INF] HTTP GET /api/doctors/41885cdc-0175-4dcb-9824-944a922f6950/date-schedules responded 200 in 11ms
2026-06-30 10:34:37.700 +03:00 [INF] HTTP OPTIONS /api/doctors/41885cdc-0175-4dcb-9824-944a922f6950/date-schedules/2026-07-02 responded 204 in 0ms
2026-06-30 10:34:37.720 +03:00 [INF] Executed DbCommand (2ms) [Parameters=[@p='?' (DbType = Guid)], CommandType='"Text"', CommandTimeout='30']
SELECT TOP(1) [d].[Id], [d].[DepartmentId], [d].[FullName], [d].[IsActive], [d].[Phone], [d].[Specialization], [d].[UserId]
FROM [Doctors] AS [d]
WHERE [d].[Id] = @p
2026-06-30 10:34:37.726 +03:00 [INF] Executed DbCommand (2ms) [Parameters=[], CommandType='"Text"', CommandTimeout='30']
SELECT [d].[Id], [d].[AppointmentDurationMinutes], [d].[DoctorId], [d].[EndTime], [d].[IsActive], [d].[ScheduleDate], [d].[StartTime]
FROM [DoctorDateSchedules] AS [d]
2026-06-30 10:34:37.742 +03:00 [INF] Executed DbCommand (11ms) [Parameters=[@p6='?' (DbType = Guid), @p0='?' (DbType = Int32), @p1='?' (DbType = Guid), @p2='?' (DbType = Time), @p3='?' (DbType = Boolean), @p4='?' (DbType = Date), @p5='?' (DbType = Time)], CommandType='"Text"', CommandTimeout='30']
SET IMPLICIT_TRANSACTIONS OFF;
SET NOCOUNT ON;
UPDATE [DoctorDateSchedules] SET [AppointmentDurationMinutes] = @p0, [DoctorId] = @p1, [EndTime] = @p2, [IsActive] = @p3, [ScheduleDate] = @p4, [StartTime] = @p5
OUTPUT 1
WHERE [Id] = @p6;
2026-06-30 10:34:37.747 +03:00 [INF] HTTP DELETE /api/doctors/41885cdc-0175-4dcb-9824-944a922f6950/date-schedules/2026-07-02 responded 200 in 33ms
2026-06-30 10:34:37.768 +03:00 [INF] Executed DbCommand (1ms) [Parameters=[@p='?' (DbType = Guid)], CommandType='"Text"', CommandTimeout='30']
SELECT TOP(1) [d].[Id], [d].[DepartmentId], [d].[FullName], [d].[IsActive], [d].[Phone], [d].[Specialization], [d].[UserId]
FROM [Doctors] AS [d]
WHERE [d].[Id] = @p
2026-06-30 10:34:37.772 +03:00 [INF] Executed DbCommand (1ms) [Parameters=[], CommandType='"Text"', CommandTimeout='30']
SELECT [d].[Id], [d].[AppointmentDurationMinutes], [d].[DoctorId], [d].[EndTime], [d].[IsActive], [d].[ScheduleDate], [d].[StartTime]
FROM [DoctorDateSchedules] AS [d]
2026-06-30 10:34:37.775 +03:00 [INF] HTTP GET /api/doctors/41885cdc-0175-4dcb-9824-944a922f6950/date-schedules responded 200 in 12ms
2026-06-30 10:34:38.255 +03:00 [INF] HTTP OPTIONS /api/doctors/41885cdc-0175-4dcb-9824-944a922f6950/date-schedules/2026-07-03 responded 204 in 0ms
2026-06-30 10:34:38.267 +03:00 [INF] Executed DbCommand (2ms) [Parameters=[@p='?' (DbType = Guid)], CommandType='"Text"', CommandTimeout='30']
SELECT TOP(1) [d].[Id], [d].[DepartmentId], [d].[FullName], [d].[IsActive], [d].[Phone], [d].[Specialization], [d].[UserId]
FROM [Doctors] AS [d]
WHERE [d].[Id] = @p
2026-06-30 10:34:38.273 +03:00 [INF] Executed DbCommand (2ms) [Parameters=[], CommandType='"Text"', CommandTimeout='30']
SELECT [d].[Id], [d].[AppointmentDurationMinutes], [d].[DoctorId], [d].[EndTime], [d].[IsActive], [d].[ScheduleDate], [d].[StartTime]
FROM [DoctorDateSchedules] AS [d]
2026-06-30 10:34:38.290 +03:00 [INF] Executed DbCommand (11ms) [Parameters=[@p6='?' (DbType = Guid), @p0='?' (DbType = Int32), @p1='?' (DbType = Guid), @p2='?' (DbType = Time), @p3='?' (DbType = Boolean), @p4='?' (DbType = Date), @p5='?' (DbType = Time)], CommandType='"Text"', CommandTimeout='30']
SET IMPLICIT_TRANSACTIONS OFF;
SET NOCOUNT ON;
UPDATE [DoctorDateSchedules] SET [AppointmentDurationMinutes] = @p0, [DoctorId] = @p1, [EndTime] = @p2, [IsActive] = @p3, [ScheduleDate] = @p4, [StartTime] = @p5
OUTPUT 1
WHERE [Id] = @p6;
2026-06-30 10:34:38.294 +03:00 [INF] HTTP DELETE /api/doctors/41885cdc-0175-4dcb-9824-944a922f6950/date-schedules/2026-07-03 responded 200 in 33ms
2026-06-30 10:34:38.311 +03:00 [INF] Executed DbCommand (1ms) [Parameters=[@p='?' (DbType = Guid)], CommandType='"Text"', CommandTimeout='30']
SELECT TOP(1) [d].[Id], [d].[DepartmentId], [d].[FullName], [d].[IsActive], [d].[Phone], [d].[Specialization], [d].[UserId]
FROM [Doctors] AS [d]
WHERE [d].[Id] = @p
2026-06-30 10:34:38.314 +03:00 [INF] Executed DbCommand (1ms) [Parameters=[], CommandType='"Text"', CommandTimeout='30']
SELECT [d].[Id], [d].[AppointmentDurationMinutes], [d].[DoctorId], [d].[EndTime], [d].[IsActive], [d].[ScheduleDate], [d].[StartTime]
FROM [DoctorDateSchedules] AS [d]
2026-06-30 10:34:38.318 +03:00 [INF] HTTP GET /api/doctors/41885cdc-0175-4dcb-9824-944a922f6950/date-schedules responded 200 in 12ms
2026-06-30 10:34:38.876 +03:00 [INF] HTTP OPTIONS /api/doctors/41885cdc-0175-4dcb-9824-944a922f6950/date-schedules/2026-07-04 responded 204 in 0ms
2026-06-30 10:34:38.889 +03:00 [INF] Executed DbCommand (2ms) [Parameters=[@p='?' (DbType = Guid)], CommandType='"Text"', CommandTimeout='30']
SELECT TOP(1) [d].[Id], [d].[DepartmentId], [d].[FullName], [d].[IsActive], [d].[Phone], [d].[Specialization], [d].[UserId]
FROM [Doctors] AS [d]
WHERE [d].[Id] = @p
2026-06-30 10:34:38.893 +03:00 [INF] Executed DbCommand (1ms) [Parameters=[], CommandType='"Text"', CommandTimeout='30']
SELECT [d].[Id], [d].[AppointmentDurationMinutes], [d].[DoctorId], [d].[EndTime], [d].[IsActive], [d].[ScheduleDate], [d].[StartTime]
FROM [DoctorDateSchedules] AS [d]
2026-06-30 10:34:38.909 +03:00 [INF] Executed DbCommand (11ms) [Parameters=[@p6='?' (DbType = Guid), @p0='?' (DbType = Int32), @p1='?' (DbType = Guid), @p2='?' (DbType = Time), @p3='?' (DbType = Boolean), @p4='?' (DbType = Date), @p5='?' (DbType = Time)], CommandType='"Text"', CommandTimeout='30']
SET IMPLICIT_TRANSACTIONS OFF;
SET NOCOUNT ON;
UPDATE [DoctorDateSchedules] SET [AppointmentDurationMinutes] = @p0, [DoctorId] = @p1, [EndTime] = @p2, [IsActive] = @p3, [ScheduleDate] = @p4, [StartTime] = @p5
OUTPUT 1
WHERE [Id] = @p6;
2026-06-30 10:34:38.913 +03:00 [INF] HTTP DELETE /api/doctors/41885cdc-0175-4dcb-9824-944a922f6950/date-schedules/2026-07-04 responded 200 in 31ms
2026-06-30 10:34:38.930 +03:00 [INF] Executed DbCommand (1ms) [Parameters=[@p='?' (DbType = Guid)], CommandType='"Text"', CommandTimeout='30']
SELECT TOP(1) [d].[Id], [d].[DepartmentId], [d].[FullName], [d].[IsActive], [d].[Phone], [d].[Specialization], [d].[UserId]
FROM [Doctors] AS [d]
WHERE [d].[Id] = @p
2026-06-30 10:34:38.936 +03:00 [INF] Executed DbCommand (1ms) [Parameters=[], CommandType='"Text"', CommandTimeout='30']
SELECT [d].[Id], [d].[AppointmentDurationMinutes], [d].[DoctorId], [d].[EndTime], [d].[IsActive], [d].[ScheduleDate], [d].[StartTime]
FROM [DoctorDateSchedules] AS [d]
2026-06-30 10:34:38.940 +03:00 [INF] HTTP GET /api/doctors/41885cdc-0175-4dcb-9824-944a922f6950/date-schedules responded 200 in 13ms
2026-06-30 10:34:53.175 +03:00 [INF] HTTP OPTIONS /api/doctors/default-date-schedules responded 204 in 0ms
2026-06-30 10:34:53.188 +03:00 [INF] Executed DbCommand (2ms) [Parameters=[], CommandType='"Text"', CommandTimeout='30']
SELECT [d].[Id], [d].[AppointmentDurationMinutes], [d].[EndTime], [d].[IsActive], [d].[ScheduleDate], [d].[StartTime]
FROM [DefaultDoctorDateSchedules] AS [d]
2026-06-30 10:34:53.191 +03:00 [INF] HTTP GET /api/doctors/default-date-schedules responded 200 in 8ms
2026-06-30 10:34:56.960 +03:00 [INF] HTTP OPTIONS /api/doctors/default-date-schedules responded 204 in 0ms
2026-06-30 10:34:56.977 +03:00 [INF] Executed DbCommand (3ms) [Parameters=[], CommandType='"Text"', CommandTimeout='30']
SELECT [d].[Id], [d].[AppointmentDurationMinutes], [d].[EndTime], [d].[IsActive], [d].[ScheduleDate], [d].[StartTime]
FROM [DefaultDoctorDateSchedules] AS [d]
2026-06-30 10:34:56.980 +03:00 [INF] HTTP GET /api/doctors/default-date-schedules responded 200 in 8ms
2026-06-30 10:35:01.934 +03:00 [INF] HTTP OPTIONS /api/departments responded 204 in 0ms
2026-06-30 10:35:01.946 +03:00 [INF] Executed DbCommand (1ms) [Parameters=[], CommandType='"Text"', CommandTimeout='30']
SELECT [d].[Id], [d].[Description], [d].[IsActive], [d].[Name]
FROM [Departments] AS [d]
2026-06-30 10:35:01.948 +03:00 [INF] HTTP GET /api/departments responded 200 in 7ms
2026-06-30 10:35:02.799 +03:00 [INF] HTTP OPTIONS /api/doctors responded 204 in 0ms
2026-06-30 10:35:02.800 +03:00 [INF] HTTP OPTIONS /api/departments responded 204 in 0ms
2026-06-30 10:35:02.813 +03:00 [INF] Executed DbCommand (1ms) [Parameters=[], CommandType='"Text"', CommandTimeout='30']
SELECT [d].[Id], [d].[DepartmentId], [d].[FullName], [d].[IsActive], [d].[Phone], [d].[Specialization], [d].[UserId]
FROM [Doctors] AS [d]
2026-06-30 10:35:02.813 +03:00 [INF] Executed DbCommand (1ms) [Parameters=[], CommandType='"Text"', CommandTimeout='30']
SELECT [d].[Id], [d].[Description], [d].[IsActive], [d].[Name]
FROM [Departments] AS [d]
2026-06-30 10:35:02.817 +03:00 [INF] HTTP GET /api/departments responded 200 in 8ms
2026-06-30 10:35:02.818 +03:00 [INF] Executed DbCommand (2ms) [Parameters=[@p='?' (DbType = Guid)], CommandType='"Text"', CommandTimeout='30']
SELECT TOP(1) [d].[Id], [d].[Description], [d].[IsActive], [d].[Name]
FROM [Departments] AS [d]
WHERE [d].[Id] = @p
2026-06-30 10:35:02.820 +03:00 [INF] HTTP GET /api/doctors responded 200 in 12ms
2026-06-30 10:35:05.463 +03:00 [INF] HTTP OPTIONS /api/doctors responded 204 in 0ms
2026-06-30 10:35:05.464 +03:00 [INF] HTTP OPTIONS /api/doctors/41885cdc-0175-4dcb-9824-944a922f6950/date-schedules responded 204 in 0ms
2026-06-30 10:35:05.480 +03:00 [INF] Executed DbCommand (2ms) [Parameters=[], CommandType='"Text"', CommandTimeout='30']
SELECT [d].[Id], [d].[DepartmentId], [d].[FullName], [d].[IsActive], [d].[Phone], [d].[Specialization], [d].[UserId]
FROM [Doctors] AS [d]
2026-06-30 10:35:05.484 +03:00 [INF] Executed DbCommand (1ms) [Parameters=[@p='?' (DbType = Guid)], CommandType='"Text"', CommandTimeout='30']
SELECT TOP(1) [d].[Id], [d].[Description], [d].[IsActive], [d].[Name]
FROM [Departments] AS [d]
WHERE [d].[Id] = @p
2026-06-30 10:35:05.487 +03:00 [INF] HTTP GET /api/doctors responded 200 in 13ms
2026-06-30 10:35:05.494 +03:00 [INF] Executed DbCommand (1ms) [Parameters=[@p='?' (DbType = Guid)], CommandType='"Text"', CommandTimeout='30']
SELECT TOP(1) [d].[Id], [d].[DepartmentId], [d].[FullName], [d].[IsActive], [d].[Phone], [d].[Specialization], [d].[UserId]
FROM [Doctors] AS [d]
WHERE [d].[Id] = @p
2026-06-30 10:35:05.498 +03:00 [INF] Executed DbCommand (1ms) [Parameters=[], CommandType='"Text"', CommandTimeout='30']
SELECT [d].[Id], [d].[AppointmentDurationMinutes], [d].[DoctorId], [d].[EndTime], [d].[IsActive], [d].[ScheduleDate], [d].[StartTime]
FROM [DoctorDateSchedules] AS [d]
2026-06-30 10:35:05.500 +03:00 [INF] HTTP GET /api/doctors/41885cdc-0175-4dcb-9824-944a922f6950/date-schedules responded 200 in 11ms
2026-06-30 10:35:18.410 +03:00 [INF] HTTP OPTIONS /api/doctors/41885cdc-0175-4dcb-9824-944a922f6950/date-schedules responded 204 in 0ms
2026-06-30 10:35:18.428 +03:00 [INF] Executed DbCommand (2ms) [Parameters=[@p='?' (DbType = Guid)], CommandType='"Text"', CommandTimeout='30']
SELECT TOP(1) [d].[Id], [d].[DepartmentId], [d].[FullName], [d].[IsActive], [d].[Phone], [d].[Specialization], [d].[UserId]
FROM [Doctors] AS [d]
WHERE [d].[Id] = @p
2026-06-30 10:35:18.432 +03:00 [INF] Executed DbCommand (1ms) [Parameters=[], CommandType='"Text"', CommandTimeout='30']
SELECT [d].[Id], [d].[AppointmentDurationMinutes], [d].[DoctorId], [d].[EndTime], [d].[IsActive], [d].[ScheduleDate], [d].[StartTime]
FROM [DoctorDateSchedules] AS [d]
2026-06-30 10:35:18.434 +03:00 [INF] HTTP GET /api/doctors/41885cdc-0175-4dcb-9824-944a922f6950/date-schedules responded 200 in 12ms
2026-06-30 10:35:29.326 +03:00 [INF] HTTP OPTIONS /api/doctors/default-date-schedules responded 204 in 0ms
2026-06-30 10:35:29.332 +03:00 [INF] Executed DbCommand (1ms) [Parameters=[], CommandType='"Text"', CommandTimeout='30']
SELECT [d].[Id], [d].[AppointmentDurationMinutes], [d].[EndTime], [d].[IsActive], [d].[ScheduleDate], [d].[StartTime]
FROM [DefaultDoctorDateSchedules] AS [d]
2026-06-30 10:35:29.333 +03:00 [INF] HTTP GET /api/doctors/default-date-schedules responded 200 in 4ms
2026-06-30 10:35:34.089 +03:00 [INF] HTTP OPTIONS /api/doctors/default-date-schedules responded 204 in 0ms
2026-06-30 10:35:34.102 +03:00 [INF] Executed DbCommand (1ms) [Parameters=[], CommandType='"Text"', CommandTimeout='30']
SELECT [d].[Id], [d].[AppointmentDurationMinutes], [d].[EndTime], [d].[IsActive], [d].[ScheduleDate], [d].[StartTime]
FROM [DefaultDoctorDateSchedules] AS [d]
2026-06-30 10:35:34.105 +03:00 [INF] HTTP GET /api/doctors/default-date-schedules responded 200 in 7ms
2026-06-30 10:36:15.197 +03:00 [INF] HTTP OPTIONS /api/doctors/default-date-schedules responded 204 in 0ms
2026-06-30 10:36:15.268 +03:00 [INF] Executed DbCommand (1ms) [Parameters=[], CommandType='"Text"', CommandTimeout='30']
SELECT [d].[Id], [d].[AppointmentDurationMinutes], [d].[EndTime], [d].[IsActive], [d].[ScheduleDate], [d].[StartTime]
FROM [DefaultDoctorDateSchedules] AS [d]
2026-06-30 10:36:15.270 +03:00 [INF] HTTP GET /api/doctors/default-date-schedules responded 200 in 62ms
2026-06-30 10:36:16.589 +03:00 [INF] HTTP OPTIONS /api/doctors responded 204 in 0ms
2026-06-30 10:36:16.590 +03:00 [INF] HTTP OPTIONS /api/departments responded 204 in 0ms
2026-06-30 10:36:16.605 +03:00 [INF] Executed DbCommand (1ms) [Parameters=[], CommandType='"Text"', CommandTimeout='30']
SELECT [d].[Id], [d].[DepartmentId], [d].[FullName], [d].[IsActive], [d].[Phone], [d].[Specialization], [d].[UserId]
FROM [Doctors] AS [d]
2026-06-30 10:36:16.605 +03:00 [INF] Executed DbCommand (1ms) [Parameters=[], CommandType='"Text"', CommandTimeout='30']
SELECT [d].[Id], [d].[Description], [d].[IsActive], [d].[Name]
FROM [Departments] AS [d]
2026-06-30 10:36:16.608 +03:00 [INF] HTTP GET /api/departments responded 200 in 7ms
2026-06-30 10:36:16.609 +03:00 [INF] Executed DbCommand (1ms) [Parameters=[@p='?' (DbType = Guid)], CommandType='"Text"', CommandTimeout='30']
SELECT TOP(1) [d].[Id], [d].[Description], [d].[IsActive], [d].[Name]
FROM [Departments] AS [d]
WHERE [d].[Id] = @p
2026-06-30 10:36:16.612 +03:00 [INF] HTTP GET /api/doctors responded 200 in 11ms
2026-06-30 10:36:17.802 +03:00 [INF] HTTP OPTIONS /api/doctors/default-date-schedules responded 204 in 0ms
2026-06-30 10:36:17.813 +03:00 [INF] Executed DbCommand (1ms) [Parameters=[], CommandType='"Text"', CommandTimeout='30']
SELECT [d].[Id], [d].[AppointmentDurationMinutes], [d].[EndTime], [d].[IsActive], [d].[ScheduleDate], [d].[StartTime]
FROM [DefaultDoctorDateSchedules] AS [d]
2026-06-30 10:36:17.816 +03:00 [INF] HTTP GET /api/doctors/default-date-schedules responded 200 in 6ms
2026-06-30 10:36:48.635 +03:00 [INF] HTTP OPTIONS /api/doctors/default-date-schedules responded 204 in 0ms
2026-06-30 10:36:48.650 +03:00 [INF] Executed DbCommand (1ms) [Parameters=[], CommandType='"Text"', CommandTimeout='30']
SELECT [d].[Id], [d].[AppointmentDurationMinutes], [d].[EndTime], [d].[IsActive], [d].[ScheduleDate], [d].[StartTime]
FROM [DefaultDoctorDateSchedules] AS [d]
2026-06-30 10:36:48.655 +03:00 [INF] HTTP GET /api/doctors/default-date-schedules responded 200 in 11ms
2026-06-30 10:36:54.771 +03:00 [INF] HTTP OPTIONS /api/doctors/default-date-schedules responded 204 in 0ms
2026-06-30 10:36:54.775 +03:00 [INF] Executed DbCommand (1ms) [Parameters=[], CommandType='"Text"', CommandTimeout='30']
SELECT [d].[Id], [d].[AppointmentDurationMinutes], [d].[EndTime], [d].[IsActive], [d].[ScheduleDate], [d].[StartTime]
FROM [DefaultDoctorDateSchedules] AS [d]
2026-06-30 10:36:54.776 +03:00 [INF] HTTP GET /api/doctors/default-date-schedules responded 200 in 2ms
2026-06-30 10:36:58.772 +03:00 [INF] HTTP OPTIONS /api/doctors/default-date-schedules responded 204 in 0ms
2026-06-30 10:36:58.776 +03:00 [INF] Executed DbCommand (0ms) [Parameters=[], CommandType='"Text"', CommandTimeout='30']
SELECT [d].[Id], [d].[AppointmentDurationMinutes], [d].[EndTime], [d].[IsActive], [d].[ScheduleDate], [d].[StartTime]
FROM [DefaultDoctorDateSchedules] AS [d]
2026-06-30 10:36:58.776 +03:00 [INF] HTTP GET /api/doctors/default-date-schedules responded 200 in 2ms
