2026-07-04 05:00:14.950 +03:00 [INF] Executed DbCommand (47ms) [Parameters=[], CommandType='"Text"', CommandTimeout='30']
SELECT 1
2026-07-04 05:00:15.072 +03:00 [INF] Acquiring an exclusive lock for migration application. See https://aka.ms/efcore-docs-migrations-lock for more information if this takes too long.
2026-07-04 05:00:15.154 +03:00 [INF] Executed DbCommand (69ms) [Parameters=[], CommandType='"Text"', CommandTimeout='30']
DECLARE @result int;
EXEC @result = sp_getapplock @Resource = '__EFMigrationsLock', @LockOwner = 'Session', @LockMode = 'Exclusive';
SELECT @result
2026-07-04 05:00:15.278 +03:00 [INF] Executed DbCommand (10ms) [Parameters=[], CommandType='"Text"', CommandTimeout='30']
IF OBJECT_ID(N'[__EFMigrationsHistory]') IS NULL
BEGIN
    CREATE TABLE [__EFMigrationsHistory] (
        [MigrationId] nvarchar(150) NOT NULL,
        [ProductVersion] nvarchar(32) NOT NULL,
        CONSTRAINT [PK___EFMigrationsHistory] PRIMARY KEY ([MigrationId])
    );
END;
2026-07-04 05:00:15.354 +03:00 [INF] Executed DbCommand (13ms) [Parameters=[], CommandType='"Text"', CommandTimeout='30']
SELECT 1
2026-07-04 05:00:15.360 +03:00 [INF] Executed DbCommand (1ms) [Parameters=[], CommandType='"Text"', CommandTimeout='30']
SELECT OBJECT_ID(N'[__EFMigrationsHistory]');
2026-07-04 05:00:15.413 +03:00 [INF] Executed DbCommand (35ms) [Parameters=[], CommandType='"Text"', CommandTimeout='30']
SELECT [MigrationId], [ProductVersion]
FROM [__EFMigrationsHistory]
ORDER BY [MigrationId];
2026-07-04 05:00:15.456 +03:00 [INF] No migrations were applied. The database is already up to date.
2026-07-04 05:00:15.562 +03:00 [INF] Executed DbCommand (102ms) [Parameters=[], CommandType='"Text"', CommandTimeout='30']
DECLARE @result int;
EXEC @result = sp_releaseapplock @Resource = '__EFMigrationsLock', @LockOwner = 'Session';
SELECT @result
2026-07-04 05:00:16.294 +03:00 [INF] Executed DbCommand (49ms) [Parameters=[], CommandType='"Text"', CommandTimeout='30']
SELECT CASE
    WHEN EXISTS (
        SELECT 1
        FROM [Users] AS [u]) THEN CAST(1 AS bit)
    ELSE CAST(0 AS bit)
END
2026-07-04 05:00:16.307 +03:00 [INF] Database already seeded. Ensuring demo accounts exist.
2026-07-04 05:00:16.500 +03:00 [INF] Executed DbCommand (19ms) [Parameters=[], CommandType='"Text"', CommandTimeout='30']
SELECT TOP(1) [u].[Id], [u].[CreatedAt], [u].[Email], [u].[IsActive], [u].[PasswordHash], [u].[Role]
FROM [Users] AS [u]
WHERE [u].[Email] = N'patient@hospital.com'
2026-07-04 05:00:16.757 +03:00 [INF] Executed DbCommand (42ms) [Parameters=[@patientUser_Id='?' (DbType = Guid)], CommandType='"Text"', CommandTimeout='30']
SELECT TOP(1) [p].[Id], [p].[Address], [p].[BloodType], [p].[CreatedAt], [p].[DateOfBirth], [p].[Email], [p].[FullName], [p].[Gender], [p].[NationalId], [p].[Phone], [p].[UserId]
FROM [Patients] AS [p]
WHERE [p].[UserId] = @patientUser_Id
2026-07-04 05:00:16.893 +03:00 [INF] Executed DbCommand (42ms) [Parameters=[], CommandType='"Text"', CommandTimeout='30']
SELECT CASE
    WHEN EXISTS (
        SELECT 1
        FROM [DefaultDoctorSchedules] AS [d]) THEN CAST(1 AS bit)
    ELSE CAST(0 AS bit)
END
2026-07-04 05:00:18.983 +03:00 [INF] Now listening on: http://localhost:5000
2026-07-04 05:00:19.154 +03:00 [INF] Application started. Press Ctrl+C to shut down.
2026-07-04 05:00:19.155 +03:00 [INF] Hosting environment: Development
2026-07-04 05:00:19.156 +03:00 [INF] Content root path: C:\Users\i - seven\Desktop\DEPI (4)\DEPI\HospitalSystem.API
2026-07-04 05:00:47.635 +03:00 [WRN] Failed to determine the https port for redirect.
2026-07-04 05:00:47.645 +03:00 [INF] HTTP OPTIONS /api/auth/login responded 204 in 28ms
2026-07-04 05:00:47.916 +03:00 [INF] Executed DbCommand (18ms) [Parameters=[], CommandType='"Text"', CommandTimeout='30']
SELECT [u].[Id], [u].[CreatedAt], [u].[Email], [u].[IsActive], [u].[PasswordHash], [u].[Role]
FROM [Users] AS [u]
2026-07-04 05:00:48.541 +03:00 [INF] HTTP POST /api/auth/login responded 200 in 869ms
2026-07-04 05:00:48.604 +03:00 [INF] HTTP OPTIONS /api/patients responded 204 in 1ms
2026-07-04 05:00:48.723 +03:00 [INF] Executed DbCommand (6ms) [Parameters=[], CommandType='"Text"', CommandTimeout='30']
SELECT [p].[Id], [p].[Address], [p].[BloodType], [p].[CreatedAt], [p].[DateOfBirth], [p].[Email], [p].[FullName], [p].[Gender], [p].[NationalId], [p].[Phone], [p].[UserId]
FROM [Patients] AS [p]
2026-07-04 05:00:48.754 +03:00 [INF] HTTP GET /api/patients responded 200 in 145ms
2026-07-04 05:02:17.733 +03:00 [INF] HTTP OPTIONS /api/patients responded 204 in 0ms
2026-07-04 05:02:18.075 +03:00 [INF] Executed DbCommand (131ms) [Parameters=[@p0='?' (DbType = Guid), @p1='?' (Size = 500), @p2='?' (Size = 10), @p3='?' (DbType = DateTime2), @p4='?' (DbType = DateTime2), @p5='?' (Size = 256), @p6='?' (Size = 200), @p7='?' (Size = 20), @p8='?' (Size = 50), @p9='?' (Size = 50), @p10='?' (DbType = Guid)], CommandType='"Text"', CommandTimeout='30']
SET IMPLICIT_TRANSACTIONS OFF;
SET NOCOUNT ON;
INSERT INTO [Patients] ([Id], [Address], [BloodType], [CreatedAt], [DateOfBirth], [Email], [FullName], [Gender], [NationalId], [Phone], [UserId])
VALUES (@p0, @p1, @p2, @p3, @p4, @p5, @p6, @p7, @p8, @p9, @p10);
2026-07-04 05:02:18.093 +03:00 [INF] HTTP POST /api/patients responded 200 in 355ms
2026-07-04 05:02:18.145 +03:00 [INF] HTTP OPTIONS /api/patients/6b64340d-582e-45f8-b86a-893c5c743061 responded 204 in 0ms
2026-07-04 05:02:18.255 +03:00 [INF] Executed DbCommand (4ms) [Parameters=[@p='?' (DbType = Guid)], CommandType='"Text"', CommandTimeout='30']
SELECT TOP(1) [p].[Id], [p].[Address], [p].[BloodType], [p].[CreatedAt], [p].[DateOfBirth], [p].[Email], [p].[FullName], [p].[Gender], [p].[NationalId], [p].[Phone], [p].[UserId]
FROM [Patients] AS [p]
WHERE [p].[Id] = @p
2026-07-04 05:02:18.259 +03:00 [INF] HTTP GET /api/patients/6b64340d-582e-45f8-b86a-893c5c743061 responded 200 in 110ms
2026-07-04 05:02:27.139 +03:00 [INF] HTTP OPTIONS /api/departments responded 204 in 0ms
2026-07-04 05:02:27.141 +03:00 [INF] HTTP OPTIONS /api/patients responded 204 in 0ms
2026-07-04 05:02:27.148 +03:00 [INF] Executed DbCommand (1ms) [Parameters=[], CommandType='"Text"', CommandTimeout='30']
SELECT [p].[Id], [p].[Address], [p].[BloodType], [p].[CreatedAt], [p].[DateOfBirth], [p].[Email], [p].[FullName], [p].[Gender], [p].[NationalId], [p].[Phone], [p].[UserId]
FROM [Patients] AS [p]
2026-07-04 05:02:27.155 +03:00 [INF] HTTP GET /api/patients responded 200 in 9ms
2026-07-04 05:02:27.197 +03:00 [INF] Executed DbCommand (25ms) [Parameters=[], CommandType='"Text"', CommandTimeout='30']
SELECT [d].[Id], [d].[Description], [d].[IsActive], [d].[Name]
FROM [Departments] AS [d]
2026-07-04 05:02:27.216 +03:00 [INF] HTTP GET /api/departments responded 200 in 72ms
2026-07-04 05:03:32.353 +03:00 [INF] HTTP OPTIONS /api/auth/login responded 204 in 0ms
2026-07-04 05:03:32.363 +03:00 [INF] Executed DbCommand (2ms) [Parameters=[], CommandType='"Text"', CommandTimeout='30']
SELECT [u].[Id], [u].[CreatedAt], [u].[Email], [u].[IsActive], [u].[PasswordHash], [u].[Role]
FROM [Users] AS [u]
2026-07-04 05:03:32.717 +03:00 [WRN] Request failed with "Unauthorized"
HospitalSystem.Application.Exceptions.UnauthorizedException: Invalid email or password.
   at HospitalSystem.Application.Services.AuthService.LoginAsync(LoginRequest request, CancellationToken cancellationToken) in C:\Users\i - seven\Desktop\DEPI (4)\DEPI\HospitalSystem.Application\Services\AuthService.cs:line 32
   at HospitalSystem.API.Controllers.AuthController.Login(LoginRequest request, CancellationToken cancellationToken) in C:\Users\i - seven\Desktop\DEPI (4)\DEPI\HospitalSystem.API\Controllers\AuthController.cs:line 22
   at lambda_method168(Closure, Object)
   at Microsoft.AspNetCore.Mvc.Infrastructure.ActionMethodExecutor.AwaitableObjectResultExecutor.Execute(ActionContext actionContext, IActionResultTypeMapper mapper, ObjectMethodExecutor executor, Object controller, Object[] arguments)
   at Microsoft.AspNetCore.Mvc.Infrastructure.ControllerActionInvoker.<InvokeActionMethodAsync>g__Awaited|12_0(ControllerActionInvoker invoker, ValueTask`1 actionResultValueTask)
   at Microsoft.AspNetCore.Mvc.Infrastructure.ControllerActionInvoker.<InvokeNextActionFilterAsync>g__Awaited|10_0(ControllerActionInvoker invoker, Task lastTask, State next, Scope scope, Object state, Boolean isCompleted)
   at Microsoft.AspNetCore.Mvc.Infrastructure.ControllerActionInvoker.Rethrow(ActionExecutedContextSealed context)
   at Microsoft.AspNetCore.Mvc.Infrastructure.ControllerActionInvoker.Next(State& next, Scope& scope, Object& state, Boolean& isCompleted)
   at Microsoft.AspNetCore.Mvc.Infrastructure.ControllerActionInvoker.<InvokeInnerFilterAsync>g__Awaited|13_0(ControllerActionInvoker invoker, Task lastTask, State next, Scope scope, Object state, Boolean isCompleted)
   at Microsoft.AspNetCore.Mvc.Infrastructure.ResourceInvoker.<InvokeFilterPipelineAsync>g__Awaited|20_0(ResourceInvoker invoker, Task lastTask, State next, Scope scope, Object state, Boolean isCompleted)
   at Microsoft.AspNetCore.Mvc.Infrastructure.ResourceInvoker.<InvokeAsync>g__Awaited|17_0(ResourceInvoker invoker, Task task, IDisposable scope)
   at Microsoft.AspNetCore.Mvc.Infrastructure.ResourceInvoker.<InvokeAsync>g__Awaited|17_0(ResourceInvoker invoker, Task task, IDisposable scope)
   at Microsoft.AspNetCore.Authorization.AuthorizationMiddleware.Invoke(HttpContext context)
   at Microsoft.AspNetCore.Authentication.AuthenticationMiddleware.Invoke(HttpContext context)
   at Swashbuckle.AspNetCore.SwaggerUI.SwaggerUIMiddleware.Invoke(HttpContext httpContext)
   at Swashbuckle.AspNetCore.Swagger.SwaggerMiddleware.Invoke(HttpContext httpContext, ISwaggerProvider swaggerProvider)
   at HospitalSystem.API.Middleware.RequestLoggingMiddleware.InvokeAsync(HttpContext context) in C:\Users\i - seven\Desktop\DEPI (4)\DEPI\HospitalSystem.API\Middleware\RequestLoggingMiddleware.cs:line 19
   at HospitalSystem.API.Middleware.ExceptionHandlingMiddleware.InvokeAsync(HttpContext context) in C:\Users\i - seven\Desktop\DEPI (4)\DEPI\HospitalSystem.API\Middleware\ExceptionHandlingMiddleware.cs:line 24
2026-07-04 05:03:41.455 +03:00 [INF] HTTP OPTIONS /api/auth/login responded 204 in 0ms
2026-07-04 05:03:41.532 +03:00 [INF] Executed DbCommand (71ms) [Parameters=[], CommandType='"Text"', CommandTimeout='30']
SELECT [u].[Id], [u].[CreatedAt], [u].[Email], [u].[IsActive], [u].[PasswordHash], [u].[Role]
FROM [Users] AS [u]
2026-07-04 05:03:41.685 +03:00 [INF] HTTP POST /api/auth/login responded 200 in 227ms
2026-07-04 05:03:41.705 +03:00 [INF] HTTP OPTIONS /api/patient/medical-history responded 204 in 0ms
2026-07-04 05:03:41.739 +03:00 [INF] Executed DbCommand (2ms) [Parameters=[], CommandType='"Text"', CommandTimeout='30']
SELECT [p].[Id], [p].[Address], [p].[BloodType], [p].[CreatedAt], [p].[DateOfBirth], [p].[Email], [p].[FullName], [p].[Gender], [p].[NationalId], [p].[Phone], [p].[UserId]
FROM [Patients] AS [p]
2026-07-04 05:03:41.782 +03:00 [INF] Executed DbCommand (20ms) [Parameters=[@patientId='?' (DbType = Guid)], CommandType='"Text"', CommandTimeout='30']
SELECT [a].[Id], [a].[AppointmentDate], [a].[CreatedAt], [a].[CreatedByReceptionistId], [a].[DoctorId], [a].[EndTime], [a].[Notes], [a].[PatientId], [a].[StartTime], [a].[Status], [a].[UpdatedAt]
FROM [Appointments] AS [a]
WHERE [a].[PatientId] = @patientId
ORDER BY [a].[AppointmentDate] DESC, [a].[StartTime] DESC
2026-07-04 05:03:41.827 +03:00 [INF] Executed DbCommand (2ms) [Parameters=[], CommandType='"Text"', CommandTimeout='30']
SELECT [c].[Id], [c].[AppointmentId], [c].[CompletedAt], [c].[Diagnosis], [c].[DoctorId], [c].[Notes], [c].[PatientId], [c].[StartedAt]
FROM [Consultations] AS [c]
2026-07-04 05:03:41.838 +03:00 [INF] Executed DbCommand (2ms) [Parameters=[], CommandType='"Text"', CommandTimeout='30']
SELECT [p].[Id], [p].[ConsultationId], [p].[Dosage], [p].[Duration], [p].[Frequency], [p].[MedicationName], [p].[Notes]
FROM [Prescriptions] AS [p]
2026-07-04 05:03:41.849 +03:00 [INF] Executed DbCommand (3ms) [Parameters=[], CommandType='"Text"', CommandTimeout='30']
SELECT [d].[Id], [d].[DepartmentId], [d].[FullName], [d].[IsActive], [d].[Phone], [d].[Specialization], [d].[UserId]
FROM [Doctors] AS [d]
2026-07-04 05:03:41.881 +03:00 [INF] HTTP GET /api/patient/medical-history responded 200 in 169ms
2026-07-04 05:03:43.712 +03:00 [INF] HTTP OPTIONS /api/patient/appointments responded 204 in 0ms
2026-07-04 05:03:43.728 +03:00 [INF] Executed DbCommand (0ms) [Parameters=[], CommandType='"Text"', CommandTimeout='30']
SELECT [p].[Id], [p].[Address], [p].[BloodType], [p].[CreatedAt], [p].[DateOfBirth], [p].[Email], [p].[FullName], [p].[Gender], [p].[NationalId], [p].[Phone], [p].[UserId]
FROM [Patients] AS [p]
2026-07-04 05:03:43.740 +03:00 [INF] Executed DbCommand (3ms) [Parameters=[@patientId='?' (DbType = Guid)], CommandType='"Text"', CommandTimeout='30']
SELECT [a].[Id], [a].[AppointmentDate], [a].[CreatedAt], [a].[CreatedByReceptionistId], [a].[DoctorId], [a].[EndTime], [a].[Notes], [a].[PatientId], [a].[StartTime], [a].[Status], [a].[UpdatedAt]
FROM [Appointments] AS [a]
WHERE [a].[PatientId] = @patientId
ORDER BY [a].[AppointmentDate] DESC, [a].[StartTime] DESC
2026-07-04 05:03:43.753 +03:00 [INF] Executed DbCommand (3ms) [Parameters=[@p='?' (DbType = Guid)], CommandType='"Text"', CommandTimeout='30']
SELECT TOP(1) [d].[Id], [d].[DepartmentId], [d].[FullName], [d].[IsActive], [d].[Phone], [d].[Specialization], [d].[UserId]
FROM [Doctors] AS [d]
WHERE [d].[Id] = @p
2026-07-04 05:03:43.770 +03:00 [INF] HTTP GET /api/patient/appointments responded 200 in 55ms
2026-07-04 05:03:46.111 +03:00 [INF] HTTP OPTIONS /api/patient/profile responded 204 in 0ms
2026-07-04 05:03:46.131 +03:00 [INF] Executed DbCommand (0ms) [Parameters=[], CommandType='"Text"', CommandTimeout='30']
SELECT [p].[Id], [p].[Address], [p].[BloodType], [p].[CreatedAt], [p].[DateOfBirth], [p].[Email], [p].[FullName], [p].[Gender], [p].[NationalId], [p].[Phone], [p].[UserId]
FROM [Patients] AS [p]
2026-07-04 05:03:46.137 +03:00 [INF] HTTP GET /api/patient/profile responded 200 in 18ms
2026-07-04 05:04:18.977 +03:00 [INF] HTTP OPTIONS /api/patient/profile responded 204 in 0ms
2026-07-04 05:04:19.325 +03:00 [INF] Executed DbCommand (9ms) [Parameters=[], CommandType='"Text"', CommandTimeout='30']
SELECT [p].[Id], [p].[Address], [p].[BloodType], [p].[CreatedAt], [p].[DateOfBirth], [p].[Email], [p].[FullName], [p].[Gender], [p].[NationalId], [p].[Phone], [p].[UserId]
FROM [Patients] AS [p]
2026-07-04 05:04:19.338 +03:00 [INF] HTTP GET /api/patient/profile responded 200 in 25ms
2026-07-04 05:04:53.930 +03:00 [INF] HTTP OPTIONS /api/patient/profile responded 204 in 0ms
2026-07-04 05:04:54.047 +03:00 [INF] Executed DbCommand (4ms) [Parameters=[], CommandType='"Text"', CommandTimeout='30']
SELECT [p].[Id], [p].[Address], [p].[BloodType], [p].[CreatedAt], [p].[DateOfBirth], [p].[Email], [p].[FullName], [p].[Gender], [p].[NationalId], [p].[Phone], [p].[UserId]
FROM [Patients] AS [p]
2026-07-04 05:04:54.052 +03:00 [INF] HTTP GET /api/patient/profile responded 200 in 11ms
2026-07-04 05:06:14.183 +03:00 [INF] HTTP OPTIONS /api/patient/profile responded 204 in 1ms
2026-07-04 05:06:14.252 +03:00 [INF] Executed DbCommand (35ms) [Parameters=[], CommandType='"Text"', CommandTimeout='30']
SELECT [p].[Id], [p].[Address], [p].[BloodType], [p].[CreatedAt], [p].[DateOfBirth], [p].[Email], [p].[FullName], [p].[Gender], [p].[NationalId], [p].[Phone], [p].[UserId]
FROM [Patients] AS [p]
2026-07-04 05:06:14.287 +03:00 [INF] HTTP GET /api/patient/profile responded 200 in 72ms
2026-07-04 05:06:37.088 +03:00 [INF] HTTP OPTIONS /api/auth/login responded 204 in 0ms
2026-07-04 05:06:37.099 +03:00 [INF] Executed DbCommand (6ms) [Parameters=[], CommandType='"Text"', CommandTimeout='30']
SELECT [u].[Id], [u].[CreatedAt], [u].[Email], [u].[IsActive], [u].[PasswordHash], [u].[Role]
FROM [Users] AS [u]
2026-07-04 05:06:37.103 +03:00 [WRN] Request failed with "Unauthorized"
HospitalSystem.Application.Exceptions.UnauthorizedException: Invalid email or password.
   at HospitalSystem.Application.Services.AuthService.LoginAsync(LoginRequest request, CancellationToken cancellationToken) in C:\Users\i - seven\Desktop\DEPI (4)\DEPI\HospitalSystem.Application\Services\AuthService.cs:line 32
   at HospitalSystem.API.Controllers.AuthController.Login(LoginRequest request, CancellationToken cancellationToken) in C:\Users\i - seven\Desktop\DEPI (4)\DEPI\HospitalSystem.API\Controllers\AuthController.cs:line 22
   at lambda_method168(Closure, Object)
   at Microsoft.AspNetCore.Mvc.Infrastructure.ActionMethodExecutor.AwaitableObjectResultExecutor.Execute(ActionContext actionContext, IActionResultTypeMapper mapper, ObjectMethodExecutor executor, Object controller, Object[] arguments)
   at Microsoft.AspNetCore.Mvc.Infrastructure.ControllerActionInvoker.<InvokeActionMethodAsync>g__Awaited|12_0(ControllerActionInvoker invoker, ValueTask`1 actionResultValueTask)
   at Microsoft.AspNetCore.Mvc.Infrastructure.ControllerActionInvoker.<InvokeNextActionFilterAsync>g__Awaited|10_0(ControllerActionInvoker invoker, Task lastTask, State next, Scope scope, Object state, Boolean isCompleted)
   at Microsoft.AspNetCore.Mvc.Infrastructure.ControllerActionInvoker.Rethrow(ActionExecutedContextSealed context)
   at Microsoft.AspNetCore.Mvc.Infrastructure.ControllerActionInvoker.Next(State& next, Scope& scope, Object& state, Boolean& isCompleted)
   at Microsoft.AspNetCore.Mvc.Infrastructure.ControllerActionInvoker.<InvokeInnerFilterAsync>g__Awaited|13_0(ControllerActionInvoker invoker, Task lastTask, State next, Scope scope, Object state, Boolean isCompleted)
   at Microsoft.AspNetCore.Mvc.Infrastructure.ResourceInvoker.<InvokeFilterPipelineAsync>g__Awaited|20_0(ResourceInvoker invoker, Task lastTask, State next, Scope scope, Object state, Boolean isCompleted)
   at Microsoft.AspNetCore.Mvc.Infrastructure.ResourceInvoker.<InvokeAsync>g__Awaited|17_0(ResourceInvoker invoker, Task task, IDisposable scope)
   at Microsoft.AspNetCore.Mvc.Infrastructure.ResourceInvoker.<InvokeAsync>g__Awaited|17_0(ResourceInvoker invoker, Task task, IDisposable scope)
   at Microsoft.AspNetCore.Authorization.AuthorizationMiddleware.Invoke(HttpContext context)
   at Microsoft.AspNetCore.Authentication.AuthenticationMiddleware.Invoke(HttpContext context)
   at Swashbuckle.AspNetCore.SwaggerUI.SwaggerUIMiddleware.Invoke(HttpContext httpContext)
   at Swashbuckle.AspNetCore.Swagger.SwaggerMiddleware.Invoke(HttpContext httpContext, ISwaggerProvider swaggerProvider)
   at HospitalSystem.API.Middleware.RequestLoggingMiddleware.InvokeAsync(HttpContext context) in C:\Users\i - seven\Desktop\DEPI (4)\DEPI\HospitalSystem.API\Middleware\RequestLoggingMiddleware.cs:line 19
   at HospitalSystem.API.Middleware.ExceptionHandlingMiddleware.InvokeAsync(HttpContext context) in C:\Users\i - seven\Desktop\DEPI (4)\DEPI\HospitalSystem.API\Middleware\ExceptionHandlingMiddleware.cs:line 24
2026-07-04 05:06:47.053 +03:00 [INF] HTTP OPTIONS /api/auth/login responded 204 in 0ms
2026-07-04 05:06:47.058 +03:00 [INF] Executed DbCommand (0ms) [Parameters=[], CommandType='"Text"', CommandTimeout='30']
SELECT [u].[Id], [u].[CreatedAt], [u].[Email], [u].[IsActive], [u].[PasswordHash], [u].[Role]
FROM [Users] AS [u]
2026-07-04 05:06:47.207 +03:00 [INF] HTTP POST /api/auth/login responded 200 in 150ms
2026-07-04 05:06:47.227 +03:00 [INF] HTTP OPTIONS /api/patient/medical-history responded 204 in 0ms
2026-07-04 05:06:47.235 +03:00 [INF] Executed DbCommand (1ms) [Parameters=[], CommandType='"Text"', CommandTimeout='30']
SELECT [p].[Id], [p].[Address], [p].[BloodType], [p].[CreatedAt], [p].[DateOfBirth], [p].[Email], [p].[FullName], [p].[Gender], [p].[NationalId], [p].[Phone], [p].[UserId]
FROM [Patients] AS [p]
2026-07-04 05:06:47.242 +03:00 [INF] Executed DbCommand (4ms) [Parameters=[@patientId='?' (DbType = Guid)], CommandType='"Text"', CommandTimeout='30']
SELECT [a].[Id], [a].[AppointmentDate], [a].[CreatedAt], [a].[CreatedByReceptionistId], [a].[DoctorId], [a].[EndTime], [a].[Notes], [a].[PatientId], [a].[StartTime], [a].[Status], [a].[UpdatedAt]
FROM [Appointments] AS [a]
WHERE [a].[PatientId] = @patientId
ORDER BY [a].[AppointmentDate] DESC, [a].[StartTime] DESC
2026-07-04 05:06:47.247 +03:00 [INF] Executed DbCommand (1ms) [Parameters=[], CommandType='"Text"', CommandTimeout='30']
SELECT [c].[Id], [c].[AppointmentId], [c].[CompletedAt], [c].[Diagnosis], [c].[DoctorId], [c].[Notes], [c].[PatientId], [c].[StartedAt]
FROM [Consultations] AS [c]
2026-07-04 05:06:47.250 +03:00 [INF] Executed DbCommand (1ms) [Parameters=[], CommandType='"Text"', CommandTimeout='30']
SELECT [p].[Id], [p].[ConsultationId], [p].[Dosage], [p].[Duration], [p].[Frequency], [p].[MedicationName], [p].[Notes]
FROM [Prescriptions] AS [p]
2026-07-04 05:06:47.253 +03:00 [INF] Executed DbCommand (2ms) [Parameters=[], CommandType='"Text"', CommandTimeout='30']
SELECT [d].[Id], [d].[DepartmentId], [d].[FullName], [d].[IsActive], [d].[Phone], [d].[Specialization], [d].[UserId]
FROM [Doctors] AS [d]
2026-07-04 05:06:47.255 +03:00 [INF] HTTP GET /api/patient/medical-history responded 200 in 24ms
2026-07-04 05:08:26.672 +03:00 [INF] HTTP OPTIONS /api/patient/medical-history responded 204 in 0ms
2026-07-04 05:08:26.715 +03:00 [INF] Executed DbCommand (1ms) [Parameters=[], CommandType='"Text"', CommandTimeout='30']
SELECT [p].[Id], [p].[Address], [p].[BloodType], [p].[CreatedAt], [p].[DateOfBirth], [p].[Email], [p].[FullName], [p].[Gender], [p].[NationalId], [p].[Phone], [p].[UserId]
FROM [Patients] AS [p]
2026-07-04 05:08:26.719 +03:00 [INF] Executed DbCommand (0ms) [Parameters=[@patientId='?' (DbType = Guid)], CommandType='"Text"', CommandTimeout='30']
SELECT [a].[Id], [a].[AppointmentDate], [a].[CreatedAt], [a].[CreatedByReceptionistId], [a].[DoctorId], [a].[EndTime], [a].[Notes], [a].[PatientId], [a].[StartTime], [a].[Status], [a].[UpdatedAt]
FROM [Appointments] AS [a]
WHERE [a].[PatientId] = @patientId
ORDER BY [a].[AppointmentDate] DESC, [a].[StartTime] DESC
2026-07-04 05:08:26.723 +03:00 [INF] Executed DbCommand (0ms) [Parameters=[], CommandType='"Text"', CommandTimeout='30']
SELECT [c].[Id], [c].[AppointmentId], [c].[CompletedAt], [c].[Diagnosis], [c].[DoctorId], [c].[Notes], [c].[PatientId], [c].[StartedAt]
FROM [Consultations] AS [c]
2026-07-04 05:08:26.734 +03:00 [INF] Executed DbCommand (0ms) [Parameters=[], CommandType='"Text"', CommandTimeout='30']
SELECT [p].[Id], [p].[ConsultationId], [p].[Dosage], [p].[Duration], [p].[Frequency], [p].[MedicationName], [p].[Notes]
FROM [Prescriptions] AS [p]
2026-07-04 05:08:26.738 +03:00 [INF] Executed DbCommand (1ms) [Parameters=[], CommandType='"Text"', CommandTimeout='30']
SELECT [d].[Id], [d].[DepartmentId], [d].[FullName], [d].[IsActive], [d].[Phone], [d].[Specialization], [d].[UserId]
FROM [Doctors] AS [d]
2026-07-04 05:08:26.743 +03:00 [INF] HTTP GET /api/patient/medical-history responded 200 in 65ms
2026-07-04 05:08:40.962 +03:00 [INF] HTTP OPTIONS /api/auth/login responded 204 in 0ms
2026-07-04 05:08:40.968 +03:00 [INF] Executed DbCommand (0ms) [Parameters=[], CommandType='"Text"', CommandTimeout='30']
SELECT [u].[Id], [u].[CreatedAt], [u].[Email], [u].[IsActive], [u].[PasswordHash], [u].[Role]
FROM [Users] AS [u]
2026-07-04 05:08:41.107 +03:00 [INF] HTTP POST /api/auth/login responded 200 in 140ms
2026-07-04 05:08:41.124 +03:00 [INF] HTTP OPTIONS /api/departments responded 204 in 0ms
2026-07-04 05:08:41.136 +03:00 [INF] Executed DbCommand (3ms) [Parameters=[], CommandType='"Text"', CommandTimeout='30']
SELECT [d].[Id], [d].[Description], [d].[IsActive], [d].[Name]
FROM [Departments] AS [d]
2026-07-04 05:08:41.141 +03:00 [INF] HTTP GET /api/departments responded 200 in 12ms
2026-07-04 05:08:43.273 +03:00 [INF] HTTP OPTIONS /api/doctors responded 204 in 0ms
2026-07-04 05:08:43.275 +03:00 [INF] HTTP OPTIONS /api/departments responded 204 in 0ms
2026-07-04 05:08:43.284 +03:00 [INF] Executed DbCommand (0ms) [Parameters=[], CommandType='"Text"', CommandTimeout='30']
SELECT [d].[Id], [d].[Description], [d].[IsActive], [d].[Name]
FROM [Departments] AS [d]
2026-07-04 05:08:43.288 +03:00 [INF] HTTP GET /api/departments responded 200 in 8ms
2026-07-04 05:08:43.342 +03:00 [INF] Executed DbCommand (0ms) [Parameters=[], CommandType='"Text"', CommandTimeout='30']
SELECT [d].[Id], [d].[DepartmentId], [d].[FullName], [d].[IsActive], [d].[Phone], [d].[Specialization], [d].[UserId]
FROM [Doctors] AS [d]
2026-07-04 05:08:43.355 +03:00 [INF] Executed DbCommand (1ms) [Parameters=[@p='?' (DbType = Guid)], CommandType='"Text"', CommandTimeout='30']
SELECT TOP(1) [d].[Id], [d].[Description], [d].[IsActive], [d].[Name]
FROM [Departments] AS [d]
WHERE [d].[Id] = @p
2026-07-04 05:08:43.368 +03:00 [INF] HTTP GET /api/doctors responded 200 in 90ms
2026-07-04 05:08:46.219 +03:00 [INF] HTTP OPTIONS /api/doctors/default-date-schedules responded 204 in 0ms
2026-07-04 05:08:46.220 +03:00 [INF] HTTP OPTIONS /api/doctors/applied-date-schedules responded 204 in 0ms
2026-07-04 05:08:46.243 +03:00 [INF] Executed DbCommand (1ms) [Parameters=[], CommandType='"Text"', CommandTimeout='30']
SELECT [d].[Id], [d].[DepartmentId], [d].[FullName], [d].[IsActive], [d].[Phone], [d].[Specialization], [d].[UserId]
FROM [Doctors] AS [d]
2026-07-04 05:08:46.256 +03:00 [INF] Executed DbCommand (2ms) [Parameters=[], CommandType='"Text"', CommandTimeout='30']
SELECT [d].[Id], [d].[AppointmentDurationMinutes], [d].[EndTime], [d].[IsActive], [d].[ScheduleDate], [d].[StartTime]
FROM [DefaultDoctorDateSchedules] AS [d]
2026-07-04 05:08:46.262 +03:00 [INF] HTTP GET /api/doctors/default-date-schedules responded 200 in 37ms
2026-07-04 05:08:46.264 +03:00 [INF] Executed DbCommand (3ms) [Parameters=[], CommandType='"Text"', CommandTimeout='30']
SELECT [d].[Id], [d].[AppointmentDurationMinutes], [d].[DoctorId], [d].[EndTime], [d].[IsActive], [d].[ScheduleDate], [d].[StartTime]
FROM [DoctorDateSchedules] AS [d]
2026-07-04 05:08:46.293 +03:00 [INF] HTTP GET /api/doctors/applied-date-schedules responded 200 in 68ms
2026-07-04 05:08:47.637 +03:00 [INF] HTTP OPTIONS /api/receptionists responded 204 in 0ms
2026-07-04 05:08:47.659 +03:00 [INF] Executed DbCommand (2ms) [Parameters=[], CommandType='"Text"', CommandTimeout='30']
SELECT [r].[Id], [r].[FullName], [r].[IsActive], [r].[Phone], [r].[UserId]
FROM [Receptionists] AS [r]
2026-07-04 05:08:47.676 +03:00 [INF] HTTP GET /api/receptionists responded 200 in 36ms
2026-07-04 05:09:27.104 +03:00 [INF] HTTP OPTIONS /api/auth/login responded 204 in 0ms
2026-07-04 05:09:27.109 +03:00 [INF] Executed DbCommand (0ms) [Parameters=[], CommandType='"Text"', CommandTimeout='30']
SELECT [u].[Id], [u].[CreatedAt], [u].[Email], [u].[IsActive], [u].[PasswordHash], [u].[Role]
FROM [Users] AS [u]
2026-07-04 05:09:27.246 +03:00 [WRN] Request failed with "Unauthorized"
HospitalSystem.Application.Exceptions.UnauthorizedException: Invalid email or password.
   at HospitalSystem.Application.Services.AuthService.LoginAsync(LoginRequest request, CancellationToken cancellationToken) in C:\Users\i - seven\Desktop\DEPI (4)\DEPI\HospitalSystem.Application\Services\AuthService.cs:line 32
   at HospitalSystem.API.Controllers.AuthController.Login(LoginRequest request, CancellationToken cancellationToken) in C:\Users\i - seven\Desktop\DEPI (4)\DEPI\HospitalSystem.API\Controllers\AuthController.cs:line 22
   at lambda_method168(Closure, Object)
   at Microsoft.AspNetCore.Mvc.Infrastructure.ActionMethodExecutor.AwaitableObjectResultExecutor.Execute(ActionContext actionContext, IActionResultTypeMapper mapper, ObjectMethodExecutor executor, Object controller, Object[] arguments)
   at Microsoft.AspNetCore.Mvc.Infrastructure.ControllerActionInvoker.<InvokeActionMethodAsync>g__Awaited|12_0(ControllerActionInvoker invoker, ValueTask`1 actionResultValueTask)
   at Microsoft.AspNetCore.Mvc.Infrastructure.ControllerActionInvoker.<InvokeNextActionFilterAsync>g__Awaited|10_0(ControllerActionInvoker invoker, Task lastTask, State next, Scope scope, Object state, Boolean isCompleted)
   at Microsoft.AspNetCore.Mvc.Infrastructure.ControllerActionInvoker.Rethrow(ActionExecutedContextSealed context)
   at Microsoft.AspNetCore.Mvc.Infrastructure.ControllerActionInvoker.Next(State& next, Scope& scope, Object& state, Boolean& isCompleted)
   at Microsoft.AspNetCore.Mvc.Infrastructure.ControllerActionInvoker.<InvokeInnerFilterAsync>g__Awaited|13_0(ControllerActionInvoker invoker, Task lastTask, State next, Scope scope, Object state, Boolean isCompleted)
   at Microsoft.AspNetCore.Mvc.Infrastructure.ResourceInvoker.<InvokeFilterPipelineAsync>g__Awaited|20_0(ResourceInvoker invoker, Task lastTask, State next, Scope scope, Object state, Boolean isCompleted)
   at Microsoft.AspNetCore.Mvc.Infrastructure.ResourceInvoker.<InvokeAsync>g__Awaited|17_0(ResourceInvoker invoker, Task task, IDisposable scope)
   at Microsoft.AspNetCore.Mvc.Infrastructure.ResourceInvoker.<InvokeAsync>g__Awaited|17_0(ResourceInvoker invoker, Task task, IDisposable scope)
   at Microsoft.AspNetCore.Authorization.AuthorizationMiddleware.Invoke(HttpContext context)
   at Microsoft.AspNetCore.Authentication.AuthenticationMiddleware.Invoke(HttpContext context)
   at Swashbuckle.AspNetCore.SwaggerUI.SwaggerUIMiddleware.Invoke(HttpContext httpContext)
   at Swashbuckle.AspNetCore.Swagger.SwaggerMiddleware.Invoke(HttpContext httpContext, ISwaggerProvider swaggerProvider)
   at HospitalSystem.API.Middleware.RequestLoggingMiddleware.InvokeAsync(HttpContext context) in C:\Users\i - seven\Desktop\DEPI (4)\DEPI\HospitalSystem.API\Middleware\RequestLoggingMiddleware.cs:line 19
   at HospitalSystem.API.Middleware.ExceptionHandlingMiddleware.InvokeAsync(HttpContext context) in C:\Users\i - seven\Desktop\DEPI (4)\DEPI\HospitalSystem.API\Middleware\ExceptionHandlingMiddleware.cs:line 24
2026-07-04 05:09:49.041 +03:00 [INF] HTTP OPTIONS /api/auth/login responded 204 in 0ms
2026-07-04 05:09:49.046 +03:00 [INF] Executed DbCommand (0ms) [Parameters=[], CommandType='"Text"', CommandTimeout='30']
SELECT [u].[Id], [u].[CreatedAt], [u].[Email], [u].[IsActive], [u].[PasswordHash], [u].[Role]
FROM [Users] AS [u]
2026-07-04 05:09:49.187 +03:00 [WRN] Request failed with "Unauthorized"
HospitalSystem.Application.Exceptions.UnauthorizedException: Invalid email or password.
   at HospitalSystem.Application.Services.AuthService.LoginAsync(LoginRequest request, CancellationToken cancellationToken) in C:\Users\i - seven\Desktop\DEPI (4)\DEPI\HospitalSystem.Application\Services\AuthService.cs:line 32
   at HospitalSystem.API.Controllers.AuthController.Login(LoginRequest request, CancellationToken cancellationToken) in C:\Users\i - seven\Desktop\DEPI (4)\DEPI\HospitalSystem.API\Controllers\AuthController.cs:line 22
   at lambda_method168(Closure, Object)
   at Microsoft.AspNetCore.Mvc.Infrastructure.ActionMethodExecutor.AwaitableObjectResultExecutor.Execute(ActionContext actionContext, IActionResultTypeMapper mapper, ObjectMethodExecutor executor, Object controller, Object[] arguments)
   at Microsoft.AspNetCore.Mvc.Infrastructure.ControllerActionInvoker.<InvokeActionMethodAsync>g__Awaited|12_0(ControllerActionInvoker invoker, ValueTask`1 actionResultValueTask)
   at Microsoft.AspNetCore.Mvc.Infrastructure.ControllerActionInvoker.<InvokeNextActionFilterAsync>g__Awaited|10_0(ControllerActionInvoker invoker, Task lastTask, State next, Scope scope, Object state, Boolean isCompleted)
   at Microsoft.AspNetCore.Mvc.Infrastructure.ControllerActionInvoker.Rethrow(ActionExecutedContextSealed context)
   at Microsoft.AspNetCore.Mvc.Infrastructure.ControllerActionInvoker.Next(State& next, Scope& scope, Object& state, Boolean& isCompleted)
   at Microsoft.AspNetCore.Mvc.Infrastructure.ControllerActionInvoker.<InvokeInnerFilterAsync>g__Awaited|13_0(ControllerActionInvoker invoker, Task lastTask, State next, Scope scope, Object state, Boolean isCompleted)
   at Microsoft.AspNetCore.Mvc.Infrastructure.ResourceInvoker.<InvokeFilterPipelineAsync>g__Awaited|20_0(ResourceInvoker invoker, Task lastTask, State next, Scope scope, Object state, Boolean isCompleted)
   at Microsoft.AspNetCore.Mvc.Infrastructure.ResourceInvoker.<InvokeAsync>g__Awaited|17_0(ResourceInvoker invoker, Task task, IDisposable scope)
   at Microsoft.AspNetCore.Mvc.Infrastructure.ResourceInvoker.<InvokeAsync>g__Awaited|17_0(ResourceInvoker invoker, Task task, IDisposable scope)
   at Microsoft.AspNetCore.Authorization.AuthorizationMiddleware.Invoke(HttpContext context)
   at Microsoft.AspNetCore.Authentication.AuthenticationMiddleware.Invoke(HttpContext context)
   at Swashbuckle.AspNetCore.SwaggerUI.SwaggerUIMiddleware.Invoke(HttpContext httpContext)
   at Swashbuckle.AspNetCore.Swagger.SwaggerMiddleware.Invoke(HttpContext httpContext, ISwaggerProvider swaggerProvider)
   at HospitalSystem.API.Middleware.RequestLoggingMiddleware.InvokeAsync(HttpContext context) in C:\Users\i - seven\Desktop\DEPI (4)\DEPI\HospitalSystem.API\Middleware\RequestLoggingMiddleware.cs:line 19
   at HospitalSystem.API.Middleware.ExceptionHandlingMiddleware.InvokeAsync(HttpContext context) in C:\Users\i - seven\Desktop\DEPI (4)\DEPI\HospitalSystem.API\Middleware\ExceptionHandlingMiddleware.cs:line 24
2026-07-04 05:10:04.901 +03:00 [INF] HTTP OPTIONS /api/auth/login responded 204 in 0ms
2026-07-04 05:10:04.907 +03:00 [INF] Executed DbCommand (0ms) [Parameters=[], CommandType='"Text"', CommandTimeout='30']
SELECT [u].[Id], [u].[CreatedAt], [u].[Email], [u].[IsActive], [u].[PasswordHash], [u].[Role]
FROM [Users] AS [u]
2026-07-04 05:10:05.070 +03:00 [WRN] Request failed with "Unauthorized"
HospitalSystem.Application.Exceptions.UnauthorizedException: Invalid email or password.
   at HospitalSystem.Application.Services.AuthService.LoginAsync(LoginRequest request, CancellationToken cancellationToken) in C:\Users\i - seven\Desktop\DEPI (4)\DEPI\HospitalSystem.Application\Services\AuthService.cs:line 32
   at HospitalSystem.API.Controllers.AuthController.Login(LoginRequest request, CancellationToken cancellationToken) in C:\Users\i - seven\Desktop\DEPI (4)\DEPI\HospitalSystem.API\Controllers\AuthController.cs:line 22
   at lambda_method168(Closure, Object)
   at Microsoft.AspNetCore.Mvc.Infrastructure.ActionMethodExecutor.AwaitableObjectResultExecutor.Execute(ActionContext actionContext, IActionResultTypeMapper mapper, ObjectMethodExecutor executor, Object controller, Object[] arguments)
   at Microsoft.AspNetCore.Mvc.Infrastructure.ControllerActionInvoker.<InvokeActionMethodAsync>g__Awaited|12_0(ControllerActionInvoker invoker, ValueTask`1 actionResultValueTask)
   at Microsoft.AspNetCore.Mvc.Infrastructure.ControllerActionInvoker.<InvokeNextActionFilterAsync>g__Awaited|10_0(ControllerActionInvoker invoker, Task lastTask, State next, Scope scope, Object state, Boolean isCompleted)
   at Microsoft.AspNetCore.Mvc.Infrastructure.ControllerActionInvoker.Rethrow(ActionExecutedContextSealed context)
   at Microsoft.AspNetCore.Mvc.Infrastructure.ControllerActionInvoker.Next(State& next, Scope& scope, Object& state, Boolean& isCompleted)
   at Microsoft.AspNetCore.Mvc.Infrastructure.ControllerActionInvoker.<InvokeInnerFilterAsync>g__Awaited|13_0(ControllerActionInvoker invoker, Task lastTask, State next, Scope scope, Object state, Boolean isCompleted)
   at Microsoft.AspNetCore.Mvc.Infrastructure.ResourceInvoker.<InvokeFilterPipelineAsync>g__Awaited|20_0(ResourceInvoker invoker, Task lastTask, State next, Scope scope, Object state, Boolean isCompleted)
   at Microsoft.AspNetCore.Mvc.Infrastructure.ResourceInvoker.<InvokeAsync>g__Awaited|17_0(ResourceInvoker invoker, Task task, IDisposable scope)
   at Microsoft.AspNetCore.Mvc.Infrastructure.ResourceInvoker.<InvokeAsync>g__Awaited|17_0(ResourceInvoker invoker, Task task, IDisposable scope)
   at Microsoft.AspNetCore.Authorization.AuthorizationMiddleware.Invoke(HttpContext context)
   at Microsoft.AspNetCore.Authentication.AuthenticationMiddleware.Invoke(HttpContext context)
   at Swashbuckle.AspNetCore.SwaggerUI.SwaggerUIMiddleware.Invoke(HttpContext httpContext)
   at Swashbuckle.AspNetCore.Swagger.SwaggerMiddleware.Invoke(HttpContext httpContext, ISwaggerProvider swaggerProvider)
   at HospitalSystem.API.Middleware.RequestLoggingMiddleware.InvokeAsync(HttpContext context) in C:\Users\i - seven\Desktop\DEPI (4)\DEPI\HospitalSystem.API\Middleware\RequestLoggingMiddleware.cs:line 19
   at HospitalSystem.API.Middleware.ExceptionHandlingMiddleware.InvokeAsync(HttpContext context) in C:\Users\i - seven\Desktop\DEPI (4)\DEPI\HospitalSystem.API\Middleware\ExceptionHandlingMiddleware.cs:line 24
2026-07-04 05:10:07.235 +03:00 [INF] Executed DbCommand (0ms) [Parameters=[], CommandType='"Text"', CommandTimeout='30']
SELECT [u].[Id], [u].[CreatedAt], [u].[Email], [u].[IsActive], [u].[PasswordHash], [u].[Role]
FROM [Users] AS [u]
2026-07-04 05:10:07.421 +03:00 [WRN] Request failed with "Unauthorized"
HospitalSystem.Application.Exceptions.UnauthorizedException: Invalid email or password.
   at HospitalSystem.Application.Services.AuthService.LoginAsync(LoginRequest request, CancellationToken cancellationToken) in C:\Users\i - seven\Desktop\DEPI (4)\DEPI\HospitalSystem.Application\Services\AuthService.cs:line 32
   at HospitalSystem.API.Controllers.AuthController.Login(LoginRequest request, CancellationToken cancellationToken) in C:\Users\i - seven\Desktop\DEPI (4)\DEPI\HospitalSystem.API\Controllers\AuthController.cs:line 22
   at lambda_method168(Closure, Object)
   at Microsoft.AspNetCore.Mvc.Infrastructure.ActionMethodExecutor.AwaitableObjectResultExecutor.Execute(ActionContext actionContext, IActionResultTypeMapper mapper, ObjectMethodExecutor executor, Object controller, Object[] arguments)
   at Microsoft.AspNetCore.Mvc.Infrastructure.ControllerActionInvoker.<InvokeActionMethodAsync>g__Awaited|12_0(ControllerActionInvoker invoker, ValueTask`1 actionResultValueTask)
   at Microsoft.AspNetCore.Mvc.Infrastructure.ControllerActionInvoker.<InvokeNextActionFilterAsync>g__Awaited|10_0(ControllerActionInvoker invoker, Task lastTask, State next, Scope scope, Object state, Boolean isCompleted)
   at Microsoft.AspNetCore.Mvc.Infrastructure.ControllerActionInvoker.Rethrow(ActionExecutedContextSealed context)
   at Microsoft.AspNetCore.Mvc.Infrastructure.ControllerActionInvoker.Next(State& next, Scope& scope, Object& state, Boolean& isCompleted)
   at Microsoft.AspNetCore.Mvc.Infrastructure.ControllerActionInvoker.<InvokeInnerFilterAsync>g__Awaited|13_0(ControllerActionInvoker invoker, Task lastTask, State next, Scope scope, Object state, Boolean isCompleted)
   at Microsoft.AspNetCore.Mvc.Infrastructure.ResourceInvoker.<InvokeFilterPipelineAsync>g__Awaited|20_0(ResourceInvoker invoker, Task lastTask, State next, Scope scope, Object state, Boolean isCompleted)
   at Microsoft.AspNetCore.Mvc.Infrastructure.ResourceInvoker.<InvokeAsync>g__Awaited|17_0(ResourceInvoker invoker, Task task, IDisposable scope)
   at Microsoft.AspNetCore.Mvc.Infrastructure.ResourceInvoker.<InvokeAsync>g__Awaited|17_0(ResourceInvoker invoker, Task task, IDisposable scope)
   at Microsoft.AspNetCore.Authorization.AuthorizationMiddleware.Invoke(HttpContext context)
   at Microsoft.AspNetCore.Authentication.AuthenticationMiddleware.Invoke(HttpContext context)
   at Swashbuckle.AspNetCore.SwaggerUI.SwaggerUIMiddleware.Invoke(HttpContext httpContext)
   at Swashbuckle.AspNetCore.Swagger.SwaggerMiddleware.Invoke(HttpContext httpContext, ISwaggerProvider swaggerProvider)
   at HospitalSystem.API.Middleware.RequestLoggingMiddleware.InvokeAsync(HttpContext context) in C:\Users\i - seven\Desktop\DEPI (4)\DEPI\HospitalSystem.API\Middleware\RequestLoggingMiddleware.cs:line 19
   at HospitalSystem.API.Middleware.ExceptionHandlingMiddleware.InvokeAsync(HttpContext context) in C:\Users\i - seven\Desktop\DEPI (4)\DEPI\HospitalSystem.API\Middleware\ExceptionHandlingMiddleware.cs:line 24
2026-07-04 05:10:13.385 +03:00 [INF] HTTP OPTIONS /api/auth/login responded 204 in 0ms
2026-07-04 05:10:13.390 +03:00 [INF] Executed DbCommand (0ms) [Parameters=[], CommandType='"Text"', CommandTimeout='30']
SELECT [u].[Id], [u].[CreatedAt], [u].[Email], [u].[IsActive], [u].[PasswordHash], [u].[Role]
FROM [Users] AS [u]
2026-07-04 05:10:13.571 +03:00 [WRN] Request failed with "Unauthorized"
HospitalSystem.Application.Exceptions.UnauthorizedException: Invalid email or password.
   at HospitalSystem.Application.Services.AuthService.LoginAsync(LoginRequest request, CancellationToken cancellationToken) in C:\Users\i - seven\Desktop\DEPI (4)\DEPI\HospitalSystem.Application\Services\AuthService.cs:line 32
   at HospitalSystem.API.Controllers.AuthController.Login(LoginRequest request, CancellationToken cancellationToken) in C:\Users\i - seven\Desktop\DEPI (4)\DEPI\HospitalSystem.API\Controllers\AuthController.cs:line 22
   at lambda_method168(Closure, Object)
   at Microsoft.AspNetCore.Mvc.Infrastructure.ActionMethodExecutor.AwaitableObjectResultExecutor.Execute(ActionContext actionContext, IActionResultTypeMapper mapper, ObjectMethodExecutor executor, Object controller, Object[] arguments)
   at Microsoft.AspNetCore.Mvc.Infrastructure.ControllerActionInvoker.<InvokeActionMethodAsync>g__Awaited|12_0(ControllerActionInvoker invoker, ValueTask`1 actionResultValueTask)
   at Microsoft.AspNetCore.Mvc.Infrastructure.ControllerActionInvoker.<InvokeNextActionFilterAsync>g__Awaited|10_0(ControllerActionInvoker invoker, Task lastTask, State next, Scope scope, Object state, Boolean isCompleted)
   at Microsoft.AspNetCore.Mvc.Infrastructure.ControllerActionInvoker.Rethrow(ActionExecutedContextSealed context)
   at Microsoft.AspNetCore.Mvc.Infrastructure.ControllerActionInvoker.Next(State& next, Scope& scope, Object& state, Boolean& isCompleted)
   at Microsoft.AspNetCore.Mvc.Infrastructure.ControllerActionInvoker.<InvokeInnerFilterAsync>g__Awaited|13_0(ControllerActionInvoker invoker, Task lastTask, State next, Scope scope, Object state, Boolean isCompleted)
   at Microsoft.AspNetCore.Mvc.Infrastructure.ResourceInvoker.<InvokeFilterPipelineAsync>g__Awaited|20_0(ResourceInvoker invoker, Task lastTask, State next, Scope scope, Object state, Boolean isCompleted)
   at Microsoft.AspNetCore.Mvc.Infrastructure.ResourceInvoker.<InvokeAsync>g__Awaited|17_0(ResourceInvoker invoker, Task task, IDisposable scope)
   at Microsoft.AspNetCore.Mvc.Infrastructure.ResourceInvoker.<InvokeAsync>g__Awaited|17_0(ResourceInvoker invoker, Task task, IDisposable scope)
   at Microsoft.AspNetCore.Authorization.AuthorizationMiddleware.Invoke(HttpContext context)
   at Microsoft.AspNetCore.Authentication.AuthenticationMiddleware.Invoke(HttpContext context)
   at Swashbuckle.AspNetCore.SwaggerUI.SwaggerUIMiddleware.Invoke(HttpContext httpContext)
   at Swashbuckle.AspNetCore.Swagger.SwaggerMiddleware.Invoke(HttpContext httpContext, ISwaggerProvider swaggerProvider)
   at HospitalSystem.API.Middleware.RequestLoggingMiddleware.InvokeAsync(HttpContext context) in C:\Users\i - seven\Desktop\DEPI (4)\DEPI\HospitalSystem.API\Middleware\RequestLoggingMiddleware.cs:line 19
   at HospitalSystem.API.Middleware.ExceptionHandlingMiddleware.InvokeAsync(HttpContext context) in C:\Users\i - seven\Desktop\DEPI (4)\DEPI\HospitalSystem.API\Middleware\ExceptionHandlingMiddleware.cs:line 24
2026-07-04 05:10:24.070 +03:00 [INF] HTTP OPTIONS /api/auth/login responded 204 in 0ms
2026-07-04 05:10:24.204 +03:00 [INF] Executed DbCommand (0ms) [Parameters=[], CommandType='"Text"', CommandTimeout='30']
SELECT [u].[Id], [u].[CreatedAt], [u].[Email], [u].[IsActive], [u].[PasswordHash], [u].[Role]
FROM [Users] AS [u]
2026-07-04 05:10:24.356 +03:00 [WRN] Request failed with "Unauthorized"
HospitalSystem.Application.Exceptions.UnauthorizedException: Invalid email or password.
   at HospitalSystem.Application.Services.AuthService.LoginAsync(LoginRequest request, CancellationToken cancellationToken) in C:\Users\i - seven\Desktop\DEPI (4)\DEPI\HospitalSystem.Application\Services\AuthService.cs:line 32
   at HospitalSystem.API.Controllers.AuthController.Login(LoginRequest request, CancellationToken cancellationToken) in C:\Users\i - seven\Desktop\DEPI (4)\DEPI\HospitalSystem.API\Controllers\AuthController.cs:line 22
   at lambda_method168(Closure, Object)
   at Microsoft.AspNetCore.Mvc.Infrastructure.ActionMethodExecutor.AwaitableObjectResultExecutor.Execute(ActionContext actionContext, IActionResultTypeMapper mapper, ObjectMethodExecutor executor, Object controller, Object[] arguments)
   at Microsoft.AspNetCore.Mvc.Infrastructure.ControllerActionInvoker.<InvokeActionMethodAsync>g__Awaited|12_0(ControllerActionInvoker invoker, ValueTask`1 actionResultValueTask)
   at Microsoft.AspNetCore.Mvc.Infrastructure.ControllerActionInvoker.<InvokeNextActionFilterAsync>g__Awaited|10_0(ControllerActionInvoker invoker, Task lastTask, State next, Scope scope, Object state, Boolean isCompleted)
   at Microsoft.AspNetCore.Mvc.Infrastructure.ControllerActionInvoker.Rethrow(ActionExecutedContextSealed context)
   at Microsoft.AspNetCore.Mvc.Infrastructure.ControllerActionInvoker.Next(State& next, Scope& scope, Object& state, Boolean& isCompleted)
   at Microsoft.AspNetCore.Mvc.Infrastructure.ControllerActionInvoker.<InvokeInnerFilterAsync>g__Awaited|13_0(ControllerActionInvoker invoker, Task lastTask, State next, Scope scope, Object state, Boolean isCompleted)
   at Microsoft.AspNetCore.Mvc.Infrastructure.ResourceInvoker.<InvokeFilterPipelineAsync>g__Awaited|20_0(ResourceInvoker invoker, Task lastTask, State next, Scope scope, Object state, Boolean isCompleted)
   at Microsoft.AspNetCore.Mvc.Infrastructure.ResourceInvoker.<InvokeAsync>g__Awaited|17_0(ResourceInvoker invoker, Task task, IDisposable scope)
   at Microsoft.AspNetCore.Mvc.Infrastructure.ResourceInvoker.<InvokeAsync>g__Awaited|17_0(ResourceInvoker invoker, Task task, IDisposable scope)
   at Microsoft.AspNetCore.Authorization.AuthorizationMiddleware.Invoke(HttpContext context)
   at Microsoft.AspNetCore.Authentication.AuthenticationMiddleware.Invoke(HttpContext context)
   at Swashbuckle.AspNetCore.SwaggerUI.SwaggerUIMiddleware.Invoke(HttpContext httpContext)
   at Swashbuckle.AspNetCore.Swagger.SwaggerMiddleware.Invoke(HttpContext httpContext, ISwaggerProvider swaggerProvider)
   at HospitalSystem.API.Middleware.RequestLoggingMiddleware.InvokeAsync(HttpContext context) in C:\Users\i - seven\Desktop\DEPI (4)\DEPI\HospitalSystem.API\Middleware\RequestLoggingMiddleware.cs:line 19
   at HospitalSystem.API.Middleware.ExceptionHandlingMiddleware.InvokeAsync(HttpContext context) in C:\Users\i - seven\Desktop\DEPI (4)\DEPI\HospitalSystem.API\Middleware\ExceptionHandlingMiddleware.cs:line 24
2026-07-04 05:10:52.093 +03:00 [INF] HTTP OPTIONS /api/auth/login responded 204 in 0ms
2026-07-04 05:10:52.098 +03:00 [INF] Executed DbCommand (0ms) [Parameters=[], CommandType='"Text"', CommandTimeout='30']
SELECT [u].[Id], [u].[CreatedAt], [u].[Email], [u].[IsActive], [u].[PasswordHash], [u].[Role]
FROM [Users] AS [u]
2026-07-04 05:10:52.236 +03:00 [WRN] Request failed with "Unauthorized"
HospitalSystem.Application.Exceptions.UnauthorizedException: Invalid email or password.
   at HospitalSystem.Application.Services.AuthService.LoginAsync(LoginRequest request, CancellationToken cancellationToken) in C:\Users\i - seven\Desktop\DEPI (4)\DEPI\HospitalSystem.Application\Services\AuthService.cs:line 32
   at HospitalSystem.API.Controllers.AuthController.Login(LoginRequest request, CancellationToken cancellationToken) in C:\Users\i - seven\Desktop\DEPI (4)\DEPI\HospitalSystem.API\Controllers\AuthController.cs:line 22
   at lambda_method168(Closure, Object)
   at Microsoft.AspNetCore.Mvc.Infrastructure.ActionMethodExecutor.AwaitableObjectResultExecutor.Execute(ActionContext actionContext, IActionResultTypeMapper mapper, ObjectMethodExecutor executor, Object controller, Object[] arguments)
   at Microsoft.AspNetCore.Mvc.Infrastructure.ControllerActionInvoker.<InvokeActionMethodAsync>g__Awaited|12_0(ControllerActionInvoker invoker, ValueTask`1 actionResultValueTask)
   at Microsoft.AspNetCore.Mvc.Infrastructure.ControllerActionInvoker.<InvokeNextActionFilterAsync>g__Awaited|10_0(ControllerActionInvoker invoker, Task lastTask, State next, Scope scope, Object state, Boolean isCompleted)
   at Microsoft.AspNetCore.Mvc.Infrastructure.ControllerActionInvoker.Rethrow(ActionExecutedContextSealed context)
   at Microsoft.AspNetCore.Mvc.Infrastructure.ControllerActionInvoker.Next(State& next, Scope& scope, Object& state, Boolean& isCompleted)
   at Microsoft.AspNetCore.Mvc.Infrastructure.ControllerActionInvoker.<InvokeInnerFilterAsync>g__Awaited|13_0(ControllerActionInvoker invoker, Task lastTask, State next, Scope scope, Object state, Boolean isCompleted)
   at Microsoft.AspNetCore.Mvc.Infrastructure.ResourceInvoker.<InvokeFilterPipelineAsync>g__Awaited|20_0(ResourceInvoker invoker, Task lastTask, State next, Scope scope, Object state, Boolean isCompleted)
   at Microsoft.AspNetCore.Mvc.Infrastructure.ResourceInvoker.<InvokeAsync>g__Awaited|17_0(ResourceInvoker invoker, Task task, IDisposable scope)
   at Microsoft.AspNetCore.Mvc.Infrastructure.ResourceInvoker.<InvokeAsync>g__Awaited|17_0(ResourceInvoker invoker, Task task, IDisposable scope)
   at Microsoft.AspNetCore.Authorization.AuthorizationMiddleware.Invoke(HttpContext context)
   at Microsoft.AspNetCore.Authentication.AuthenticationMiddleware.Invoke(HttpContext context)
   at Swashbuckle.AspNetCore.SwaggerUI.SwaggerUIMiddleware.Invoke(HttpContext httpContext)
   at Swashbuckle.AspNetCore.Swagger.SwaggerMiddleware.Invoke(HttpContext httpContext, ISwaggerProvider swaggerProvider)
   at HospitalSystem.API.Middleware.RequestLoggingMiddleware.InvokeAsync(HttpContext context) in C:\Users\i - seven\Desktop\DEPI (4)\DEPI\HospitalSystem.API\Middleware\RequestLoggingMiddleware.cs:line 19
   at HospitalSystem.API.Middleware.ExceptionHandlingMiddleware.InvokeAsync(HttpContext context) in C:\Users\i - seven\Desktop\DEPI (4)\DEPI\HospitalSystem.API\Middleware\ExceptionHandlingMiddleware.cs:line 24
2026-07-04 05:10:58.181 +03:00 [INF] HTTP OPTIONS /api/auth/login responded 204 in 0ms
2026-07-04 05:10:58.185 +03:00 [INF] Executed DbCommand (0ms) [Parameters=[], CommandType='"Text"', CommandTimeout='30']
SELECT [u].[Id], [u].[CreatedAt], [u].[Email], [u].[IsActive], [u].[PasswordHash], [u].[Role]
FROM [Users] AS [u]
2026-07-04 05:10:58.337 +03:00 [INF] HTTP POST /api/auth/login responded 200 in 153ms
2026-07-04 05:10:58.359 +03:00 [INF] HTTP OPTIONS /api/departments responded 204 in 0ms
2026-07-04 05:10:58.365 +03:00 [INF] Executed DbCommand (0ms) [Parameters=[], CommandType='"Text"', CommandTimeout='30']
SELECT [d].[Id], [d].[Description], [d].[IsActive], [d].[Name]
FROM [Departments] AS [d]
2026-07-04 05:10:58.369 +03:00 [INF] HTTP GET /api/departments responded 200 in 4ms
2026-07-04 05:11:00.509 +03:00 [INF] HTTP OPTIONS /api/doctors responded 204 in 0ms
2026-07-04 05:11:00.509 +03:00 [INF] HTTP OPTIONS /api/departments responded 204 in 0ms
2026-07-04 05:11:00.531 +03:00 [INF] Executed DbCommand (1ms) [Parameters=[], CommandType='"Text"', CommandTimeout='30']
SELECT [d].[Id], [d].[Description], [d].[IsActive], [d].[Name]
FROM [Departments] AS [d]
2026-07-04 05:11:00.537 +03:00 [INF] HTTP GET /api/departments responded 200 in 22ms
2026-07-04 05:11:00.542 +03:00 [INF] Executed DbCommand (0ms) [Parameters=[], CommandType='"Text"', CommandTimeout='30']
SELECT [d].[Id], [d].[DepartmentId], [d].[FullName], [d].[IsActive], [d].[Phone], [d].[Specialization], [d].[UserId]
FROM [Doctors] AS [d]
2026-07-04 05:11:00.550 +03:00 [INF] Executed DbCommand (1ms) [Parameters=[@p='?' (DbType = Guid)], CommandType='"Text"', CommandTimeout='30']
SELECT TOP(1) [d].[Id], [d].[Description], [d].[IsActive], [d].[Name]
FROM [Departments] AS [d]
WHERE [d].[Id] = @p
2026-07-04 05:11:00.552 +03:00 [INF] HTTP GET /api/doctors responded 200 in 39ms
2026-07-04 05:11:34.988 +03:00 [INF] HTTP OPTIONS /api/receptionists responded 204 in 0ms
2026-07-04 05:11:34.997 +03:00 [INF] Executed DbCommand (1ms) [Parameters=[], CommandType='"Text"', CommandTimeout='30']
SELECT [r].[Id], [r].[FullName], [r].[IsActive], [r].[Phone], [r].[UserId]
FROM [Receptionists] AS [r]
2026-07-04 05:11:35.000 +03:00 [INF] HTTP GET /api/receptionists responded 200 in 6ms
2026-07-04 05:12:05.373 +03:00 [INF] HTTP OPTIONS /api/auth/login responded 204 in 0ms
2026-07-04 05:12:05.377 +03:00 [INF] Executed DbCommand (0ms) [Parameters=[], CommandType='"Text"', CommandTimeout='30']
SELECT [u].[Id], [u].[CreatedAt], [u].[Email], [u].[IsActive], [u].[PasswordHash], [u].[Role]
FROM [Users] AS [u]
2026-07-04 05:12:05.533 +03:00 [INF] HTTP POST /api/auth/login responded 200 in 157ms
2026-07-04 05:12:05.551 +03:00 [INF] HTTP OPTIONS /api/patients responded 204 in 0ms
2026-07-04 05:12:05.561 +03:00 [INF] Executed DbCommand (2ms) [Parameters=[], CommandType='"Text"', CommandTimeout='30']
SELECT [p].[Id], [p].[Address], [p].[BloodType], [p].[CreatedAt], [p].[DateOfBirth], [p].[Email], [p].[FullName], [p].[Gender], [p].[NationalId], [p].[Phone], [p].[UserId]
FROM [Patients] AS [p]
2026-07-04 05:12:05.565 +03:00 [INF] HTTP GET /api/patients responded 200 in 8ms
2026-07-04 05:14:29.682 +03:00 [INF] HTTP OPTIONS /api/auth/login responded 204 in 0ms
2026-07-04 05:14:29.686 +03:00 [INF] Executed DbCommand (0ms) [Parameters=[], CommandType='"Text"', CommandTimeout='30']
SELECT [u].[Id], [u].[CreatedAt], [u].[Email], [u].[IsActive], [u].[PasswordHash], [u].[Role]
FROM [Users] AS [u]
2026-07-04 05:14:29.833 +03:00 [WRN] Request failed with "Unauthorized"
HospitalSystem.Application.Exceptions.UnauthorizedException: Invalid email or password.
   at HospitalSystem.Application.Services.AuthService.LoginAsync(LoginRequest request, CancellationToken cancellationToken) in C:\Users\i - seven\Desktop\DEPI (4)\DEPI\HospitalSystem.Application\Services\AuthService.cs:line 32
   at HospitalSystem.API.Controllers.AuthController.Login(LoginRequest request, CancellationToken cancellationToken) in C:\Users\i - seven\Desktop\DEPI (4)\DEPI\HospitalSystem.API\Controllers\AuthController.cs:line 22
   at lambda_method168(Closure, Object)
   at Microsoft.AspNetCore.Mvc.Infrastructure.ActionMethodExecutor.AwaitableObjectResultExecutor.Execute(ActionContext actionContext, IActionResultTypeMapper mapper, ObjectMethodExecutor executor, Object controller, Object[] arguments)
   at Microsoft.AspNetCore.Mvc.Infrastructure.ControllerActionInvoker.<InvokeActionMethodAsync>g__Awaited|12_0(ControllerActionInvoker invoker, ValueTask`1 actionResultValueTask)
   at Microsoft.AspNetCore.Mvc.Infrastructure.ControllerActionInvoker.<InvokeNextActionFilterAsync>g__Awaited|10_0(ControllerActionInvoker invoker, Task lastTask, State next, Scope scope, Object state, Boolean isCompleted)
   at Microsoft.AspNetCore.Mvc.Infrastructure.ControllerActionInvoker.Rethrow(ActionExecutedContextSealed context)
   at Microsoft.AspNetCore.Mvc.Infrastructure.ControllerActionInvoker.Next(State& next, Scope& scope, Object& state, Boolean& isCompleted)
   at Microsoft.AspNetCore.Mvc.Infrastructure.ControllerActionInvoker.<InvokeInnerFilterAsync>g__Awaited|13_0(ControllerActionInvoker invoker, Task lastTask, State next, Scope scope, Object state, Boolean isCompleted)
   at Microsoft.AspNetCore.Mvc.Infrastructure.ResourceInvoker.<InvokeFilterPipelineAsync>g__Awaited|20_0(ResourceInvoker invoker, Task lastTask, State next, Scope scope, Object state, Boolean isCompleted)
   at Microsoft.AspNetCore.Mvc.Infrastructure.ResourceInvoker.<InvokeAsync>g__Awaited|17_0(ResourceInvoker invoker, Task task, IDisposable scope)
   at Microsoft.AspNetCore.Mvc.Infrastructure.ResourceInvoker.<InvokeAsync>g__Awaited|17_0(ResourceInvoker invoker, Task task, IDisposable scope)
   at Microsoft.AspNetCore.Authorization.AuthorizationMiddleware.Invoke(HttpContext context)
   at Microsoft.AspNetCore.Authentication.AuthenticationMiddleware.Invoke(HttpContext context)
   at Swashbuckle.AspNetCore.SwaggerUI.SwaggerUIMiddleware.Invoke(HttpContext httpContext)
   at Swashbuckle.AspNetCore.Swagger.SwaggerMiddleware.Invoke(HttpContext httpContext, ISwaggerProvider swaggerProvider)
   at HospitalSystem.API.Middleware.RequestLoggingMiddleware.InvokeAsync(HttpContext context) in C:\Users\i - seven\Desktop\DEPI (4)\DEPI\HospitalSystem.API\Middleware\RequestLoggingMiddleware.cs:line 19
   at HospitalSystem.API.Middleware.ExceptionHandlingMiddleware.InvokeAsync(HttpContext context) in C:\Users\i - seven\Desktop\DEPI (4)\DEPI\HospitalSystem.API\Middleware\ExceptionHandlingMiddleware.cs:line 24
2026-07-04 05:14:42.439 +03:00 [INF] HTTP OPTIONS /api/auth/login responded 204 in 0ms
2026-07-04 05:14:42.444 +03:00 [INF] Executed DbCommand (0ms) [Parameters=[], CommandType='"Text"', CommandTimeout='30']
SELECT [u].[Id], [u].[CreatedAt], [u].[Email], [u].[IsActive], [u].[PasswordHash], [u].[Role]
FROM [Users] AS [u]
2026-07-04 05:14:42.597 +03:00 [INF] HTTP POST /api/auth/login responded 200 in 154ms
2026-07-04 05:14:42.618 +03:00 [INF] HTTP OPTIONS /api/patient/medical-history responded 204 in 0ms
2026-07-04 05:14:42.626 +03:00 [INF] Executed DbCommand (1ms) [Parameters=[], CommandType='"Text"', CommandTimeout='30']
SELECT [p].[Id], [p].[Address], [p].[BloodType], [p].[CreatedAt], [p].[DateOfBirth], [p].[Email], [p].[FullName], [p].[Gender], [p].[NationalId], [p].[Phone], [p].[UserId]
FROM [Patients] AS [p]
2026-07-04 05:14:42.630 +03:00 [INF] Executed DbCommand (0ms) [Parameters=[@patientId='?' (DbType = Guid)], CommandType='"Text"', CommandTimeout='30']
SELECT [a].[Id], [a].[AppointmentDate], [a].[CreatedAt], [a].[CreatedByReceptionistId], [a].[DoctorId], [a].[EndTime], [a].[Notes], [a].[PatientId], [a].[StartTime], [a].[Status], [a].[UpdatedAt]
FROM [Appointments] AS [a]
WHERE [a].[PatientId] = @patientId
ORDER BY [a].[AppointmentDate] DESC, [a].[StartTime] DESC
2026-07-04 05:14:42.635 +03:00 [INF] Executed DbCommand (0ms) [Parameters=[], CommandType='"Text"', CommandTimeout='30']
SELECT [c].[Id], [c].[AppointmentId], [c].[CompletedAt], [c].[Diagnosis], [c].[DoctorId], [c].[Notes], [c].[PatientId], [c].[StartedAt]
FROM [Consultations] AS [c]
2026-07-04 05:14:42.638 +03:00 [INF] Executed DbCommand (1ms) [Parameters=[], CommandType='"Text"', CommandTimeout='30']
SELECT [p].[Id], [p].[ConsultationId], [p].[Dosage], [p].[Duration], [p].[Frequency], [p].[MedicationName], [p].[Notes]
FROM [Prescriptions] AS [p]
2026-07-04 05:14:42.643 +03:00 [INF] Executed DbCommand (0ms) [Parameters=[], CommandType='"Text"', CommandTimeout='30']
SELECT [d].[Id], [d].[DepartmentId], [d].[FullName], [d].[IsActive], [d].[Phone], [d].[Specialization], [d].[UserId]
FROM [Doctors] AS [d]
2026-07-04 05:14:42.649 +03:00 [INF] HTTP GET /api/patient/medical-history responded 200 in 26ms
2026-07-04 05:14:45.139 +03:00 [INF] HTTP OPTIONS /api/patient/appointments responded 204 in 0ms
2026-07-04 05:14:45.144 +03:00 [INF] Executed DbCommand (0ms) [Parameters=[], CommandType='"Text"', CommandTimeout='30']
SELECT [p].[Id], [p].[Address], [p].[BloodType], [p].[CreatedAt], [p].[DateOfBirth], [p].[Email], [p].[FullName], [p].[Gender], [p].[NationalId], [p].[Phone], [p].[UserId]
FROM [Patients] AS [p]
2026-07-04 05:14:45.148 +03:00 [INF] Executed DbCommand (1ms) [Parameters=[@patientId='?' (DbType = Guid)], CommandType='"Text"', CommandTimeout='30']
SELECT [a].[Id], [a].[AppointmentDate], [a].[CreatedAt], [a].[CreatedByReceptionistId], [a].[DoctorId], [a].[EndTime], [a].[Notes], [a].[PatientId], [a].[StartTime], [a].[Status], [a].[UpdatedAt]
FROM [Appointments] AS [a]
WHERE [a].[PatientId] = @patientId
ORDER BY [a].[AppointmentDate] DESC, [a].[StartTime] DESC
2026-07-04 05:14:45.155 +03:00 [INF] Executed DbCommand (1ms) [Parameters=[@p='?' (DbType = Guid)], CommandType='"Text"', CommandTimeout='30']
SELECT TOP(1) [d].[Id], [d].[DepartmentId], [d].[FullName], [d].[IsActive], [d].[Phone], [d].[Specialization], [d].[UserId]
FROM [Doctors] AS [d]
WHERE [d].[Id] = @p
2026-07-04 05:14:45.158 +03:00 [INF] HTTP GET /api/patient/appointments responded 200 in 15ms
2026-07-04 05:14:46.797 +03:00 [INF] HTTP OPTIONS /api/patient/profile responded 204 in 0ms
2026-07-04 05:14:46.803 +03:00 [INF] Executed DbCommand (1ms) [Parameters=[], CommandType='"Text"', CommandTimeout='30']
SELECT [p].[Id], [p].[Address], [p].[BloodType], [p].[CreatedAt], [p].[DateOfBirth], [p].[Email], [p].[FullName], [p].[Gender], [p].[NationalId], [p].[Phone], [p].[UserId]
FROM [Patients] AS [p]
2026-07-04 05:14:46.806 +03:00 [INF] HTTP GET /api/patient/profile responded 200 in 5ms
2026-07-04 05:18:34.881 +03:00 [INF] HTTP OPTIONS /api/auth/login responded 204 in 0ms
2026-07-04 05:18:34.886 +03:00 [INF] Executed DbCommand (1ms) [Parameters=[], CommandType='"Text"', CommandTimeout='30']
SELECT [u].[Id], [u].[CreatedAt], [u].[Email], [u].[IsActive], [u].[PasswordHash], [u].[Role]
FROM [Users] AS [u]
2026-07-04 05:18:34.889 +03:00 [WRN] Request failed with "Unauthorized"
HospitalSystem.Application.Exceptions.UnauthorizedException: Invalid email or password.
   at HospitalSystem.Application.Services.AuthService.LoginAsync(LoginRequest request, CancellationToken cancellationToken) in C:\Users\i - seven\Desktop\DEPI (4)\DEPI\HospitalSystem.Application\Services\AuthService.cs:line 32
   at HospitalSystem.API.Controllers.AuthController.Login(LoginRequest request, CancellationToken cancellationToken) in C:\Users\i - seven\Desktop\DEPI (4)\DEPI\HospitalSystem.API\Controllers\AuthController.cs:line 22
   at lambda_method168(Closure, Object)
   at Microsoft.AspNetCore.Mvc.Infrastructure.ActionMethodExecutor.AwaitableObjectResultExecutor.Execute(ActionContext actionContext, IActionResultTypeMapper mapper, ObjectMethodExecutor executor, Object controller, Object[] arguments)
   at Microsoft.AspNetCore.Mvc.Infrastructure.ControllerActionInvoker.<InvokeActionMethodAsync>g__Awaited|12_0(ControllerActionInvoker invoker, ValueTask`1 actionResultValueTask)
   at Microsoft.AspNetCore.Mvc.Infrastructure.ControllerActionInvoker.<InvokeNextActionFilterAsync>g__Awaited|10_0(ControllerActionInvoker invoker, Task lastTask, State next, Scope scope, Object state, Boolean isCompleted)
   at Microsoft.AspNetCore.Mvc.Infrastructure.ControllerActionInvoker.Rethrow(ActionExecutedContextSealed context)
   at Microsoft.AspNetCore.Mvc.Infrastructure.ControllerActionInvoker.Next(State& next, Scope& scope, Object& state, Boolean& isCompleted)
   at Microsoft.AspNetCore.Mvc.Infrastructure.ControllerActionInvoker.<InvokeInnerFilterAsync>g__Awaited|13_0(ControllerActionInvoker invoker, Task lastTask, State next, Scope scope, Object state, Boolean isCompleted)
   at Microsoft.AspNetCore.Mvc.Infrastructure.ResourceInvoker.<InvokeFilterPipelineAsync>g__Awaited|20_0(ResourceInvoker invoker, Task lastTask, State next, Scope scope, Object state, Boolean isCompleted)
   at Microsoft.AspNetCore.Mvc.Infrastructure.ResourceInvoker.<InvokeAsync>g__Awaited|17_0(ResourceInvoker invoker, Task task, IDisposable scope)
   at Microsoft.AspNetCore.Mvc.Infrastructure.ResourceInvoker.<InvokeAsync>g__Awaited|17_0(ResourceInvoker invoker, Task task, IDisposable scope)
   at Microsoft.AspNetCore.Authorization.AuthorizationMiddleware.Invoke(HttpContext context)
   at Microsoft.AspNetCore.Authentication.AuthenticationMiddleware.Invoke(HttpContext context)
   at Swashbuckle.AspNetCore.SwaggerUI.SwaggerUIMiddleware.Invoke(HttpContext httpContext)
   at Swashbuckle.AspNetCore.Swagger.SwaggerMiddleware.Invoke(HttpContext httpContext, ISwaggerProvider swaggerProvider)
   at HospitalSystem.API.Middleware.RequestLoggingMiddleware.InvokeAsync(HttpContext context) in C:\Users\i - seven\Desktop\DEPI (4)\DEPI\HospitalSystem.API\Middleware\RequestLoggingMiddleware.cs:line 19
   at HospitalSystem.API.Middleware.ExceptionHandlingMiddleware.InvokeAsync(HttpContext context) in C:\Users\i - seven\Desktop\DEPI (4)\DEPI\HospitalSystem.API\Middleware\ExceptionHandlingMiddleware.cs:line 24
2026-07-04 05:18:40.150 +03:00 [INF] HTTP OPTIONS /api/auth/login responded 204 in 0ms
2026-07-04 05:18:40.155 +03:00 [INF] Executed DbCommand (0ms) [Parameters=[], CommandType='"Text"', CommandTimeout='30']
SELECT [u].[Id], [u].[CreatedAt], [u].[Email], [u].[IsActive], [u].[PasswordHash], [u].[Role]
FROM [Users] AS [u]
2026-07-04 05:18:40.157 +03:00 [WRN] Request failed with "Unauthorized"
HospitalSystem.Application.Exceptions.UnauthorizedException: Invalid email or password.
   at HospitalSystem.Application.Services.AuthService.LoginAsync(LoginRequest request, CancellationToken cancellationToken) in C:\Users\i - seven\Desktop\DEPI (4)\DEPI\HospitalSystem.Application\Services\AuthService.cs:line 32
   at HospitalSystem.API.Controllers.AuthController.Login(LoginRequest request, CancellationToken cancellationToken) in C:\Users\i - seven\Desktop\DEPI (4)\DEPI\HospitalSystem.API\Controllers\AuthController.cs:line 22
   at lambda_method168(Closure, Object)
   at Microsoft.AspNetCore.Mvc.Infrastructure.ActionMethodExecutor.AwaitableObjectResultExecutor.Execute(ActionContext actionContext, IActionResultTypeMapper mapper, ObjectMethodExecutor executor, Object controller, Object[] arguments)
   at Microsoft.AspNetCore.Mvc.Infrastructure.ControllerActionInvoker.<InvokeActionMethodAsync>g__Awaited|12_0(ControllerActionInvoker invoker, ValueTask`1 actionResultValueTask)
   at Microsoft.AspNetCore.Mvc.Infrastructure.ControllerActionInvoker.<InvokeNextActionFilterAsync>g__Awaited|10_0(ControllerActionInvoker invoker, Task lastTask, State next, Scope scope, Object state, Boolean isCompleted)
   at Microsoft.AspNetCore.Mvc.Infrastructure.ControllerActionInvoker.Rethrow(ActionExecutedContextSealed context)
   at Microsoft.AspNetCore.Mvc.Infrastructure.ControllerActionInvoker.Next(State& next, Scope& scope, Object& state, Boolean& isCompleted)
   at Microsoft.AspNetCore.Mvc.Infrastructure.ControllerActionInvoker.<InvokeInnerFilterAsync>g__Awaited|13_0(ControllerActionInvoker invoker, Task lastTask, State next, Scope scope, Object state, Boolean isCompleted)
   at Microsoft.AspNetCore.Mvc.Infrastructure.ResourceInvoker.<InvokeFilterPipelineAsync>g__Awaited|20_0(ResourceInvoker invoker, Task lastTask, State next, Scope scope, Object state, Boolean isCompleted)
   at Microsoft.AspNetCore.Mvc.Infrastructure.ResourceInvoker.<InvokeAsync>g__Awaited|17_0(ResourceInvoker invoker, Task task, IDisposable scope)
   at Microsoft.AspNetCore.Mvc.Infrastructure.ResourceInvoker.<InvokeAsync>g__Awaited|17_0(ResourceInvoker invoker, Task task, IDisposable scope)
   at Microsoft.AspNetCore.Authorization.AuthorizationMiddleware.Invoke(HttpContext context)
   at Microsoft.AspNetCore.Authentication.AuthenticationMiddleware.Invoke(HttpContext context)
   at Swashbuckle.AspNetCore.SwaggerUI.SwaggerUIMiddleware.Invoke(HttpContext httpContext)
   at Swashbuckle.AspNetCore.Swagger.SwaggerMiddleware.Invoke(HttpContext httpContext, ISwaggerProvider swaggerProvider)
   at HospitalSystem.API.Middleware.RequestLoggingMiddleware.InvokeAsync(HttpContext context) in C:\Users\i - seven\Desktop\DEPI (4)\DEPI\HospitalSystem.API\Middleware\RequestLoggingMiddleware.cs:line 19
   at HospitalSystem.API.Middleware.ExceptionHandlingMiddleware.InvokeAsync(HttpContext context) in C:\Users\i - seven\Desktop\DEPI (4)\DEPI\HospitalSystem.API\Middleware\ExceptionHandlingMiddleware.cs:line 24
2026-07-04 05:18:57.864 +03:00 [INF] HTTP OPTIONS /api/auth/login responded 204 in 0ms
2026-07-04 05:18:57.869 +03:00 [INF] Executed DbCommand (0ms) [Parameters=[], CommandType='"Text"', CommandTimeout='30']
SELECT [u].[Id], [u].[CreatedAt], [u].[Email], [u].[IsActive], [u].[PasswordHash], [u].[Role]
FROM [Users] AS [u]
2026-07-04 05:18:58.010 +03:00 [WRN] Request failed with "Unauthorized"
HospitalSystem.Application.Exceptions.UnauthorizedException: Invalid email or password.
   at HospitalSystem.Application.Services.AuthService.LoginAsync(LoginRequest request, CancellationToken cancellationToken) in C:\Users\i - seven\Desktop\DEPI (4)\DEPI\HospitalSystem.Application\Services\AuthService.cs:line 32
   at HospitalSystem.API.Controllers.AuthController.Login(LoginRequest request, CancellationToken cancellationToken) in C:\Users\i - seven\Desktop\DEPI (4)\DEPI\HospitalSystem.API\Controllers\AuthController.cs:line 22
   at lambda_method168(Closure, Object)
   at Microsoft.AspNetCore.Mvc.Infrastructure.ActionMethodExecutor.AwaitableObjectResultExecutor.Execute(ActionContext actionContext, IActionResultTypeMapper mapper, ObjectMethodExecutor executor, Object controller, Object[] arguments)
   at Microsoft.AspNetCore.Mvc.Infrastructure.ControllerActionInvoker.<InvokeActionMethodAsync>g__Awaited|12_0(ControllerActionInvoker invoker, ValueTask`1 actionResultValueTask)
   at Microsoft.AspNetCore.Mvc.Infrastructure.ControllerActionInvoker.<InvokeNextActionFilterAsync>g__Awaited|10_0(ControllerActionInvoker invoker, Task lastTask, State next, Scope scope, Object state, Boolean isCompleted)
   at Microsoft.AspNetCore.Mvc.Infrastructure.ControllerActionInvoker.Rethrow(ActionExecutedContextSealed context)
   at Microsoft.AspNetCore.Mvc.Infrastructure.ControllerActionInvoker.Next(State& next, Scope& scope, Object& state, Boolean& isCompleted)
   at Microsoft.AspNetCore.Mvc.Infrastructure.ControllerActionInvoker.<InvokeInnerFilterAsync>g__Awaited|13_0(ControllerActionInvoker invoker, Task lastTask, State next, Scope scope, Object state, Boolean isCompleted)
   at Microsoft.AspNetCore.Mvc.Infrastructure.ResourceInvoker.<InvokeFilterPipelineAsync>g__Awaited|20_0(ResourceInvoker invoker, Task lastTask, State next, Scope scope, Object state, Boolean isCompleted)
   at Microsoft.AspNetCore.Mvc.Infrastructure.ResourceInvoker.<InvokeAsync>g__Awaited|17_0(ResourceInvoker invoker, Task task, IDisposable scope)
   at Microsoft.AspNetCore.Mvc.Infrastructure.ResourceInvoker.<InvokeAsync>g__Awaited|17_0(ResourceInvoker invoker, Task task, IDisposable scope)
   at Microsoft.AspNetCore.Authorization.AuthorizationMiddleware.Invoke(HttpContext context)
   at Microsoft.AspNetCore.Authentication.AuthenticationMiddleware.Invoke(HttpContext context)
   at Swashbuckle.AspNetCore.SwaggerUI.SwaggerUIMiddleware.Invoke(HttpContext httpContext)
   at Swashbuckle.AspNetCore.Swagger.SwaggerMiddleware.Invoke(HttpContext httpContext, ISwaggerProvider swaggerProvider)
   at HospitalSystem.API.Middleware.RequestLoggingMiddleware.InvokeAsync(HttpContext context) in C:\Users\i - seven\Desktop\DEPI (4)\DEPI\HospitalSystem.API\Middleware\RequestLoggingMiddleware.cs:line 19
   at HospitalSystem.API.Middleware.ExceptionHandlingMiddleware.InvokeAsync(HttpContext context) in C:\Users\i - seven\Desktop\DEPI (4)\DEPI\HospitalSystem.API\Middleware\ExceptionHandlingMiddleware.cs:line 24
2026-07-04 05:19:07.725 +03:00 [INF] HTTP OPTIONS /api/auth/login responded 204 in 0ms
2026-07-04 05:19:07.730 +03:00 [INF] Executed DbCommand (0ms) [Parameters=[], CommandType='"Text"', CommandTimeout='30']
SELECT [u].[Id], [u].[CreatedAt], [u].[Email], [u].[IsActive], [u].[PasswordHash], [u].[Role]
FROM [Users] AS [u]
2026-07-04 05:19:07.900 +03:00 [WRN] Request failed with "Unauthorized"
HospitalSystem.Application.Exceptions.UnauthorizedException: Invalid email or password.
   at HospitalSystem.Application.Services.AuthService.LoginAsync(LoginRequest request, CancellationToken cancellationToken) in C:\Users\i - seven\Desktop\DEPI (4)\DEPI\HospitalSystem.Application\Services\AuthService.cs:line 32
   at HospitalSystem.API.Controllers.AuthController.Login(LoginRequest request, CancellationToken cancellationToken) in C:\Users\i - seven\Desktop\DEPI (4)\DEPI\HospitalSystem.API\Controllers\AuthController.cs:line 22
   at lambda_method168(Closure, Object)
   at Microsoft.AspNetCore.Mvc.Infrastructure.ActionMethodExecutor.AwaitableObjectResultExecutor.Execute(ActionContext actionContext, IActionResultTypeMapper mapper, ObjectMethodExecutor executor, Object controller, Object[] arguments)
   at Microsoft.AspNetCore.Mvc.Infrastructure.ControllerActionInvoker.<InvokeActionMethodAsync>g__Awaited|12_0(ControllerActionInvoker invoker, ValueTask`1 actionResultValueTask)
   at Microsoft.AspNetCore.Mvc.Infrastructure.ControllerActionInvoker.<InvokeNextActionFilterAsync>g__Awaited|10_0(ControllerActionInvoker invoker, Task lastTask, State next, Scope scope, Object state, Boolean isCompleted)
   at Microsoft.AspNetCore.Mvc.Infrastructure.ControllerActionInvoker.Rethrow(ActionExecutedContextSealed context)
   at Microsoft.AspNetCore.Mvc.Infrastructure.ControllerActionInvoker.Next(State& next, Scope& scope, Object& state, Boolean& isCompleted)
   at Microsoft.AspNetCore.Mvc.Infrastructure.ControllerActionInvoker.<InvokeInnerFilterAsync>g__Awaited|13_0(ControllerActionInvoker invoker, Task lastTask, State next, Scope scope, Object state, Boolean isCompleted)
   at Microsoft.AspNetCore.Mvc.Infrastructure.ResourceInvoker.<InvokeFilterPipelineAsync>g__Awaited|20_0(ResourceInvoker invoker, Task lastTask, State next, Scope scope, Object state, Boolean isCompleted)
   at Microsoft.AspNetCore.Mvc.Infrastructure.ResourceInvoker.<InvokeAsync>g__Awaited|17_0(ResourceInvoker invoker, Task task, IDisposable scope)
   at Microsoft.AspNetCore.Mvc.Infrastructure.ResourceInvoker.<InvokeAsync>g__Awaited|17_0(ResourceInvoker invoker, Task task, IDisposable scope)
   at Microsoft.AspNetCore.Authorization.AuthorizationMiddleware.Invoke(HttpContext context)
   at Microsoft.AspNetCore.Authentication.AuthenticationMiddleware.Invoke(HttpContext context)
   at Swashbuckle.AspNetCore.SwaggerUI.SwaggerUIMiddleware.Invoke(HttpContext httpContext)
   at Swashbuckle.AspNetCore.Swagger.SwaggerMiddleware.Invoke(HttpContext httpContext, ISwaggerProvider swaggerProvider)
   at HospitalSystem.API.Middleware.RequestLoggingMiddleware.InvokeAsync(HttpContext context) in C:\Users\i - seven\Desktop\DEPI (4)\DEPI\HospitalSystem.API\Middleware\RequestLoggingMiddleware.cs:line 19
   at HospitalSystem.API.Middleware.ExceptionHandlingMiddleware.InvokeAsync(HttpContext context) in C:\Users\i - seven\Desktop\DEPI (4)\DEPI\HospitalSystem.API\Middleware\ExceptionHandlingMiddleware.cs:line 24
2026-07-04 05:19:29.930 +03:00 [INF] HTTP OPTIONS /api/auth/login responded 204 in 0ms
2026-07-04 05:19:29.935 +03:00 [INF] Executed DbCommand (0ms) [Parameters=[], CommandType='"Text"', CommandTimeout='30']
SELECT [u].[Id], [u].[CreatedAt], [u].[Email], [u].[IsActive], [u].[PasswordHash], [u].[Role]
FROM [Users] AS [u]
2026-07-04 05:19:30.074 +03:00 [WRN] Request failed with "Unauthorized"
HospitalSystem.Application.Exceptions.UnauthorizedException: Invalid email or password.
   at HospitalSystem.Application.Services.AuthService.LoginAsync(LoginRequest request, CancellationToken cancellationToken) in C:\Users\i - seven\Desktop\DEPI (4)\DEPI\HospitalSystem.Application\Services\AuthService.cs:line 32
   at HospitalSystem.API.Controllers.AuthController.Login(LoginRequest request, CancellationToken cancellationToken) in C:\Users\i - seven\Desktop\DEPI (4)\DEPI\HospitalSystem.API\Controllers\AuthController.cs:line 22
   at lambda_method168(Closure, Object)
   at Microsoft.AspNetCore.Mvc.Infrastructure.ActionMethodExecutor.AwaitableObjectResultExecutor.Execute(ActionContext actionContext, IActionResultTypeMapper mapper, ObjectMethodExecutor executor, Object controller, Object[] arguments)
   at Microsoft.AspNetCore.Mvc.Infrastructure.ControllerActionInvoker.<InvokeActionMethodAsync>g__Awaited|12_0(ControllerActionInvoker invoker, ValueTask`1 actionResultValueTask)
   at Microsoft.AspNetCore.Mvc.Infrastructure.ControllerActionInvoker.<InvokeNextActionFilterAsync>g__Awaited|10_0(ControllerActionInvoker invoker, Task lastTask, State next, Scope scope, Object state, Boolean isCompleted)
   at Microsoft.AspNetCore.Mvc.Infrastructure.ControllerActionInvoker.Rethrow(ActionExecutedContextSealed context)
   at Microsoft.AspNetCore.Mvc.Infrastructure.ControllerActionInvoker.Next(State& next, Scope& scope, Object& state, Boolean& isCompleted)
   at Microsoft.AspNetCore.Mvc.Infrastructure.ControllerActionInvoker.<InvokeInnerFilterAsync>g__Awaited|13_0(ControllerActionInvoker invoker, Task lastTask, State next, Scope scope, Object state, Boolean isCompleted)
   at Microsoft.AspNetCore.Mvc.Infrastructure.ResourceInvoker.<InvokeFilterPipelineAsync>g__Awaited|20_0(ResourceInvoker invoker, Task lastTask, State next, Scope scope, Object state, Boolean isCompleted)
   at Microsoft.AspNetCore.Mvc.Infrastructure.ResourceInvoker.<InvokeAsync>g__Awaited|17_0(ResourceInvoker invoker, Task task, IDisposable scope)
   at Microsoft.AspNetCore.Mvc.Infrastructure.ResourceInvoker.<InvokeAsync>g__Awaited|17_0(ResourceInvoker invoker, Task task, IDisposable scope)
   at Microsoft.AspNetCore.Authorization.AuthorizationMiddleware.Invoke(HttpContext context)
   at Microsoft.AspNetCore.Authentication.AuthenticationMiddleware.Invoke(HttpContext context)
   at Swashbuckle.AspNetCore.SwaggerUI.SwaggerUIMiddleware.Invoke(HttpContext httpContext)
   at Swashbuckle.AspNetCore.Swagger.SwaggerMiddleware.Invoke(HttpContext httpContext, ISwaggerProvider swaggerProvider)
   at HospitalSystem.API.Middleware.RequestLoggingMiddleware.InvokeAsync(HttpContext context) in C:\Users\i - seven\Desktop\DEPI (4)\DEPI\HospitalSystem.API\Middleware\RequestLoggingMiddleware.cs:line 19
   at HospitalSystem.API.Middleware.ExceptionHandlingMiddleware.InvokeAsync(HttpContext context) in C:\Users\i - seven\Desktop\DEPI (4)\DEPI\HospitalSystem.API\Middleware\ExceptionHandlingMiddleware.cs:line 24
2026-07-04 05:19:32.054 +03:00 [INF] Executed DbCommand (0ms) [Parameters=[], CommandType='"Text"', CommandTimeout='30']
SELECT [u].[Id], [u].[CreatedAt], [u].[Email], [u].[IsActive], [u].[PasswordHash], [u].[Role]
FROM [Users] AS [u]
2026-07-04 05:19:32.240 +03:00 [WRN] Request failed with "Unauthorized"
HospitalSystem.Application.Exceptions.UnauthorizedException: Invalid email or password.
   at HospitalSystem.Application.Services.AuthService.LoginAsync(LoginRequest request, CancellationToken cancellationToken) in C:\Users\i - seven\Desktop\DEPI (4)\DEPI\HospitalSystem.Application\Services\AuthService.cs:line 32
   at HospitalSystem.API.Controllers.AuthController.Login(LoginRequest request, CancellationToken cancellationToken) in C:\Users\i - seven\Desktop\DEPI (4)\DEPI\HospitalSystem.API\Controllers\AuthController.cs:line 22
   at lambda_method168(Closure, Object)
   at Microsoft.AspNetCore.Mvc.Infrastructure.ActionMethodExecutor.AwaitableObjectResultExecutor.Execute(ActionContext actionContext, IActionResultTypeMapper mapper, ObjectMethodExecutor executor, Object controller, Object[] arguments)
   at Microsoft.AspNetCore.Mvc.Infrastructure.ControllerActionInvoker.<InvokeActionMethodAsync>g__Awaited|12_0(ControllerActionInvoker invoker, ValueTask`1 actionResultValueTask)
   at Microsoft.AspNetCore.Mvc.Infrastructure.ControllerActionInvoker.<InvokeNextActionFilterAsync>g__Awaited|10_0(ControllerActionInvoker invoker, Task lastTask, State next, Scope scope, Object state, Boolean isCompleted)
   at Microsoft.AspNetCore.Mvc.Infrastructure.ControllerActionInvoker.Rethrow(ActionExecutedContextSealed context)
   at Microsoft.AspNetCore.Mvc.Infrastructure.ControllerActionInvoker.Next(State& next, Scope& scope, Object& state, Boolean& isCompleted)
   at Microsoft.AspNetCore.Mvc.Infrastructure.ControllerActionInvoker.<InvokeInnerFilterAsync>g__Awaited|13_0(ControllerActionInvoker invoker, Task lastTask, State next, Scope scope, Object state, Boolean isCompleted)
   at Microsoft.AspNetCore.Mvc.Infrastructure.ResourceInvoker.<InvokeFilterPipelineAsync>g__Awaited|20_0(ResourceInvoker invoker, Task lastTask, State next, Scope scope, Object state, Boolean isCompleted)
   at Microsoft.AspNetCore.Mvc.Infrastructure.ResourceInvoker.<InvokeAsync>g__Awaited|17_0(ResourceInvoker invoker, Task task, IDisposable scope)
   at Microsoft.AspNetCore.Mvc.Infrastructure.ResourceInvoker.<InvokeAsync>g__Awaited|17_0(ResourceInvoker invoker, Task task, IDisposable scope)
   at Microsoft.AspNetCore.Authorization.AuthorizationMiddleware.Invoke(HttpContext context)
   at Microsoft.AspNetCore.Authentication.AuthenticationMiddleware.Invoke(HttpContext context)
   at Swashbuckle.AspNetCore.SwaggerUI.SwaggerUIMiddleware.Invoke(HttpContext httpContext)
   at Swashbuckle.AspNetCore.Swagger.SwaggerMiddleware.Invoke(HttpContext httpContext, ISwaggerProvider swaggerProvider)
   at HospitalSystem.API.Middleware.RequestLoggingMiddleware.InvokeAsync(HttpContext context) in C:\Users\i - seven\Desktop\DEPI (4)\DEPI\HospitalSystem.API\Middleware\RequestLoggingMiddleware.cs:line 19
   at HospitalSystem.API.Middleware.ExceptionHandlingMiddleware.InvokeAsync(HttpContext context) in C:\Users\i - seven\Desktop\DEPI (4)\DEPI\HospitalSystem.API\Middleware\ExceptionHandlingMiddleware.cs:line 24
2026-07-04 05:19:39.223 +03:00 [INF] HTTP OPTIONS /api/auth/login responded 204 in 0ms
2026-07-04 05:19:39.229 +03:00 [INF] Executed DbCommand (0ms) [Parameters=[], CommandType='"Text"', CommandTimeout='30']
SELECT [u].[Id], [u].[CreatedAt], [u].[Email], [u].[IsActive], [u].[PasswordHash], [u].[Role]
FROM [Users] AS [u]
2026-07-04 05:19:39.368 +03:00 [WRN] Request failed with "Unauthorized"
HospitalSystem.Application.Exceptions.UnauthorizedException: Invalid email or password.
   at HospitalSystem.Application.Services.AuthService.LoginAsync(LoginRequest request, CancellationToken cancellationToken) in C:\Users\i - seven\Desktop\DEPI (4)\DEPI\HospitalSystem.Application\Services\AuthService.cs:line 32
   at HospitalSystem.API.Controllers.AuthController.Login(LoginRequest request, CancellationToken cancellationToken) in C:\Users\i - seven\Desktop\DEPI (4)\DEPI\HospitalSystem.API\Controllers\AuthController.cs:line 22
   at lambda_method168(Closure, Object)
   at Microsoft.AspNetCore.Mvc.Infrastructure.ActionMethodExecutor.AwaitableObjectResultExecutor.Execute(ActionContext actionContext, IActionResultTypeMapper mapper, ObjectMethodExecutor executor, Object controller, Object[] arguments)
   at Microsoft.AspNetCore.Mvc.Infrastructure.ControllerActionInvoker.<InvokeActionMethodAsync>g__Awaited|12_0(ControllerActionInvoker invoker, ValueTask`1 actionResultValueTask)
   at Microsoft.AspNetCore.Mvc.Infrastructure.ControllerActionInvoker.<InvokeNextActionFilterAsync>g__Awaited|10_0(ControllerActionInvoker invoker, Task lastTask, State next, Scope scope, Object state, Boolean isCompleted)
   at Microsoft.AspNetCore.Mvc.Infrastructure.ControllerActionInvoker.Rethrow(ActionExecutedContextSealed context)
   at Microsoft.AspNetCore.Mvc.Infrastructure.ControllerActionInvoker.Next(State& next, Scope& scope, Object& state, Boolean& isCompleted)
   at Microsoft.AspNetCore.Mvc.Infrastructure.ControllerActionInvoker.<InvokeInnerFilterAsync>g__Awaited|13_0(ControllerActionInvoker invoker, Task lastTask, State next, Scope scope, Object state, Boolean isCompleted)
   at Microsoft.AspNetCore.Mvc.Infrastructure.ResourceInvoker.<InvokeFilterPipelineAsync>g__Awaited|20_0(ResourceInvoker invoker, Task lastTask, State next, Scope scope, Object state, Boolean isCompleted)
   at Microsoft.AspNetCore.Mvc.Infrastructure.ResourceInvoker.<InvokeAsync>g__Awaited|17_0(ResourceInvoker invoker, Task task, IDisposable scope)
   at Microsoft.AspNetCore.Mvc.Infrastructure.ResourceInvoker.<InvokeAsync>g__Awaited|17_0(ResourceInvoker invoker, Task task, IDisposable scope)
   at Microsoft.AspNetCore.Authorization.AuthorizationMiddleware.Invoke(HttpContext context)
   at Microsoft.AspNetCore.Authentication.AuthenticationMiddleware.Invoke(HttpContext context)
   at Swashbuckle.AspNetCore.SwaggerUI.SwaggerUIMiddleware.Invoke(HttpContext httpContext)
   at Swashbuckle.AspNetCore.Swagger.SwaggerMiddleware.Invoke(HttpContext httpContext, ISwaggerProvider swaggerProvider)
   at HospitalSystem.API.Middleware.RequestLoggingMiddleware.InvokeAsync(HttpContext context) in C:\Users\i - seven\Desktop\DEPI (4)\DEPI\HospitalSystem.API\Middleware\RequestLoggingMiddleware.cs:line 19
   at HospitalSystem.API.Middleware.ExceptionHandlingMiddleware.InvokeAsync(HttpContext context) in C:\Users\i - seven\Desktop\DEPI (4)\DEPI\HospitalSystem.API\Middleware\ExceptionHandlingMiddleware.cs:line 24
2026-07-04 05:19:50.227 +03:00 [INF] HTTP OPTIONS /api/auth/login responded 204 in 0ms
2026-07-04 05:19:50.233 +03:00 [INF] Executed DbCommand (0ms) [Parameters=[], CommandType='"Text"', CommandTimeout='30']
SELECT [u].[Id], [u].[CreatedAt], [u].[Email], [u].[IsActive], [u].[PasswordHash], [u].[Role]
FROM [Users] AS [u]
2026-07-04 05:19:50.381 +03:00 [WRN] Request failed with "Unauthorized"
HospitalSystem.Application.Exceptions.UnauthorizedException: Invalid email or password.
   at HospitalSystem.Application.Services.AuthService.LoginAsync(LoginRequest request, CancellationToken cancellationToken) in C:\Users\i - seven\Desktop\DEPI (4)\DEPI\HospitalSystem.Application\Services\AuthService.cs:line 32
   at HospitalSystem.API.Controllers.AuthController.Login(LoginRequest request, CancellationToken cancellationToken) in C:\Users\i - seven\Desktop\DEPI (4)\DEPI\HospitalSystem.API\Controllers\AuthController.cs:line 22
   at lambda_method168(Closure, Object)
   at Microsoft.AspNetCore.Mvc.Infrastructure.ActionMethodExecutor.AwaitableObjectResultExecutor.Execute(ActionContext actionContext, IActionResultTypeMapper mapper, ObjectMethodExecutor executor, Object controller, Object[] arguments)
   at Microsoft.AspNetCore.Mvc.Infrastructure.ControllerActionInvoker.<InvokeActionMethodAsync>g__Awaited|12_0(ControllerActionInvoker invoker, ValueTask`1 actionResultValueTask)
   at Microsoft.AspNetCore.Mvc.Infrastructure.ControllerActionInvoker.<InvokeNextActionFilterAsync>g__Awaited|10_0(ControllerActionInvoker invoker, Task lastTask, State next, Scope scope, Object state, Boolean isCompleted)
   at Microsoft.AspNetCore.Mvc.Infrastructure.ControllerActionInvoker.Rethrow(ActionExecutedContextSealed context)
   at Microsoft.AspNetCore.Mvc.Infrastructure.ControllerActionInvoker.Next(State& next, Scope& scope, Object& state, Boolean& isCompleted)
   at Microsoft.AspNetCore.Mvc.Infrastructure.ControllerActionInvoker.<InvokeInnerFilterAsync>g__Awaited|13_0(ControllerActionInvoker invoker, Task lastTask, State next, Scope scope, Object state, Boolean isCompleted)
   at Microsoft.AspNetCore.Mvc.Infrastructure.ResourceInvoker.<InvokeFilterPipelineAsync>g__Awaited|20_0(ResourceInvoker invoker, Task lastTask, State next, Scope scope, Object state, Boolean isCompleted)
   at Microsoft.AspNetCore.Mvc.Infrastructure.ResourceInvoker.<InvokeAsync>g__Awaited|17_0(ResourceInvoker invoker, Task task, IDisposable scope)
   at Microsoft.AspNetCore.Mvc.Infrastructure.ResourceInvoker.<InvokeAsync>g__Awaited|17_0(ResourceInvoker invoker, Task task, IDisposable scope)
   at Microsoft.AspNetCore.Authorization.AuthorizationMiddleware.Invoke(HttpContext context)
   at Microsoft.AspNetCore.Authentication.AuthenticationMiddleware.Invoke(HttpContext context)
   at Swashbuckle.AspNetCore.SwaggerUI.SwaggerUIMiddleware.Invoke(HttpContext httpContext)
   at Swashbuckle.AspNetCore.Swagger.SwaggerMiddleware.Invoke(HttpContext httpContext, ISwaggerProvider swaggerProvider)
   at HospitalSystem.API.Middleware.RequestLoggingMiddleware.InvokeAsync(HttpContext context) in C:\Users\i - seven\Desktop\DEPI (4)\DEPI\HospitalSystem.API\Middleware\RequestLoggingMiddleware.cs:line 19
   at HospitalSystem.API.Middleware.ExceptionHandlingMiddleware.InvokeAsync(HttpContext context) in C:\Users\i - seven\Desktop\DEPI (4)\DEPI\HospitalSystem.API\Middleware\ExceptionHandlingMiddleware.cs:line 24
2026-07-04 05:20:22.500 +03:00 [INF] HTTP OPTIONS /api/auth/login responded 204 in 0ms
2026-07-04 05:20:22.505 +03:00 [INF] Executed DbCommand (0ms) [Parameters=[], CommandType='"Text"', CommandTimeout='30']
SELECT [u].[Id], [u].[CreatedAt], [u].[Email], [u].[IsActive], [u].[PasswordHash], [u].[Role]
FROM [Users] AS [u]
2026-07-04 05:20:22.660 +03:00 [WRN] Request failed with "Unauthorized"
HospitalSystem.Application.Exceptions.UnauthorizedException: Invalid email or password.
   at HospitalSystem.Application.Services.AuthService.LoginAsync(LoginRequest request, CancellationToken cancellationToken) in C:\Users\i - seven\Desktop\DEPI (4)\DEPI\HospitalSystem.Application\Services\AuthService.cs:line 32
   at HospitalSystem.API.Controllers.AuthController.Login(LoginRequest request, CancellationToken cancellationToken) in C:\Users\i - seven\Desktop\DEPI (4)\DEPI\HospitalSystem.API\Controllers\AuthController.cs:line 22
   at lambda_method168(Closure, Object)
   at Microsoft.AspNetCore.Mvc.Infrastructure.ActionMethodExecutor.AwaitableObjectResultExecutor.Execute(ActionContext actionContext, IActionResultTypeMapper mapper, ObjectMethodExecutor executor, Object controller, Object[] arguments)
   at Microsoft.AspNetCore.Mvc.Infrastructure.ControllerActionInvoker.<InvokeActionMethodAsync>g__Awaited|12_0(ControllerActionInvoker invoker, ValueTask`1 actionResultValueTask)
   at Microsoft.AspNetCore.Mvc.Infrastructure.ControllerActionInvoker.<InvokeNextActionFilterAsync>g__Awaited|10_0(ControllerActionInvoker invoker, Task lastTask, State next, Scope scope, Object state, Boolean isCompleted)
   at Microsoft.AspNetCore.Mvc.Infrastructure.ControllerActionInvoker.Rethrow(ActionExecutedContextSealed context)
   at Microsoft.AspNetCore.Mvc.Infrastructure.ControllerActionInvoker.Next(State& next, Scope& scope, Object& state, Boolean& isCompleted)
   at Microsoft.AspNetCore.Mvc.Infrastructure.ControllerActionInvoker.<InvokeInnerFilterAsync>g__Awaited|13_0(ControllerActionInvoker invoker, Task lastTask, State next, Scope scope, Object state, Boolean isCompleted)
   at Microsoft.AspNetCore.Mvc.Infrastructure.ResourceInvoker.<InvokeFilterPipelineAsync>g__Awaited|20_0(ResourceInvoker invoker, Task lastTask, State next, Scope scope, Object state, Boolean isCompleted)
   at Microsoft.AspNetCore.Mvc.Infrastructure.ResourceInvoker.<InvokeAsync>g__Awaited|17_0(ResourceInvoker invoker, Task task, IDisposable scope)
   at Microsoft.AspNetCore.Mvc.Infrastructure.ResourceInvoker.<InvokeAsync>g__Awaited|17_0(ResourceInvoker invoker, Task task, IDisposable scope)
   at Microsoft.AspNetCore.Authorization.AuthorizationMiddleware.Invoke(HttpContext context)
   at Microsoft.AspNetCore.Authentication.AuthenticationMiddleware.Invoke(HttpContext context)
   at Swashbuckle.AspNetCore.SwaggerUI.SwaggerUIMiddleware.Invoke(HttpContext httpContext)
   at Swashbuckle.AspNetCore.Swagger.SwaggerMiddleware.Invoke(HttpContext httpContext, ISwaggerProvider swaggerProvider)
   at HospitalSystem.API.Middleware.RequestLoggingMiddleware.InvokeAsync(HttpContext context) in C:\Users\i - seven\Desktop\DEPI (4)\DEPI\HospitalSystem.API\Middleware\RequestLoggingMiddleware.cs:line 19
   at HospitalSystem.API.Middleware.ExceptionHandlingMiddleware.InvokeAsync(HttpContext context) in C:\Users\i - seven\Desktop\DEPI (4)\DEPI\HospitalSystem.API\Middleware\ExceptionHandlingMiddleware.cs:line 24
2026-07-04 05:20:34.133 +03:00 [INF] Executed DbCommand (40ms) [Parameters=[], CommandType='"Text"', CommandTimeout='30']
SELECT 1
2026-07-04 05:20:34.181 +03:00 [INF] Acquiring an exclusive lock for migration application. See https://aka.ms/efcore-docs-migrations-lock for more information if this takes too long.
2026-07-04 05:20:34.214 +03:00 [INF] Executed DbCommand (28ms) [Parameters=[], CommandType='"Text"', CommandTimeout='30']
DECLARE @result int;
EXEC @result = sp_getapplock @Resource = '__EFMigrationsLock', @LockOwner = 'Session', @LockMode = 'Exclusive';
SELECT @result
2026-07-04 05:20:34.289 +03:00 [INF] Executed DbCommand (1ms) [Parameters=[], CommandType='"Text"', CommandTimeout='30']
IF OBJECT_ID(N'[__EFMigrationsHistory]') IS NULL
BEGIN
    CREATE TABLE [__EFMigrationsHistory] (
        [MigrationId] nvarchar(150) NOT NULL,
        [ProductVersion] nvarchar(32) NOT NULL,
        CONSTRAINT [PK___EFMigrationsHistory] PRIMARY KEY ([MigrationId])
    );
END;
2026-07-04 05:20:34.310 +03:00 [INF] Executed DbCommand (0ms) [Parameters=[], CommandType='"Text"', CommandTimeout='30']
SELECT 1
2026-07-04 05:20:34.313 +03:00 [INF] Executed DbCommand (1ms) [Parameters=[], CommandType='"Text"', CommandTimeout='30']
SELECT OBJECT_ID(N'[__EFMigrationsHistory]');
2026-07-04 05:20:34.323 +03:00 [INF] Executed DbCommand (3ms) [Parameters=[], CommandType='"Text"', CommandTimeout='30']
SELECT [MigrationId], [ProductVersion]
FROM [__EFMigrationsHistory]
ORDER BY [MigrationId];
2026-07-04 05:20:34.339 +03:00 [INF] No migrations were applied. The database is already up to date.
2026-07-04 05:20:34.348 +03:00 [INF] Executed DbCommand (5ms) [Parameters=[], CommandType='"Text"', CommandTimeout='30']
DECLARE @result int;
EXEC @result = sp_releaseapplock @Resource = '__EFMigrationsLock', @LockOwner = 'Session';
SELECT @result
2026-07-04 05:20:34.659 +03:00 [INF] Executed DbCommand (2ms) [Parameters=[], CommandType='"Text"', CommandTimeout='30']
SELECT CASE
    WHEN EXISTS (
        SELECT 1
        FROM [Users] AS [u]) THEN CAST(1 AS bit)
    ELSE CAST(0 AS bit)
END
2026-07-04 05:20:34.666 +03:00 [INF] Database already seeded. Ensuring demo accounts exist.
2026-07-04 05:20:34.748 +03:00 [INF] Executed DbCommand (2ms) [Parameters=[], CommandType='"Text"', CommandTimeout='30']
SELECT TOP(1) [u].[Id], [u].[CreatedAt], [u].[Email], [u].[IsActive], [u].[PasswordHash], [u].[Role]
FROM [Users] AS [u]
WHERE [u].[Email] = N'patient@hospital.com'
2026-07-04 05:20:34.902 +03:00 [INF] Executed DbCommand (18ms) [Parameters=[@patientUser_Id='?' (DbType = Guid)], CommandType='"Text"', CommandTimeout='30']
SELECT TOP(1) [p].[Id], [p].[Address], [p].[BloodType], [p].[CreatedAt], [p].[DateOfBirth], [p].[Email], [p].[FullName], [p].[Gender], [p].[NationalId], [p].[Phone], [p].[UserId]
FROM [Patients] AS [p]
WHERE [p].[UserId] = @patientUser_Id
2026-07-04 05:20:34.953 +03:00 [INF] Executed DbCommand (2ms) [Parameters=[], CommandType='"Text"', CommandTimeout='30']
SELECT CASE
    WHEN EXISTS (
        SELECT 1
        FROM [DefaultDoctorSchedules] AS [d]) THEN CAST(1 AS bit)
    ELSE CAST(0 AS bit)
END
2026-07-04 05:20:35.136 +03:00 [INF] Now listening on: http://localhost:5000
2026-07-04 05:20:35.187 +03:00 [INF] Application started. Press Ctrl+C to shut down.
2026-07-04 05:20:35.188 +03:00 [INF] Hosting environment: Development
2026-07-04 05:20:35.189 +03:00 [INF] Content root path: C:\Users\i - seven\Desktop\DEPI (4)\DEPI\HospitalSystem.API
2026-07-04 05:21:17.799 +03:00 [WRN] Failed to determine the https port for redirect.
2026-07-04 05:21:17.806 +03:00 [INF] HTTP OPTIONS /api/auth/login responded 204 in 16ms
2026-07-04 05:21:18.001 +03:00 [INF] Executed DbCommand (0ms) [Parameters=[], CommandType='"Text"', CommandTimeout='30']
SELECT [u].[Id], [u].[CreatedAt], [u].[Email], [u].[IsActive], [u].[PasswordHash], [u].[Role]
FROM [Users] AS [u]
2026-07-04 05:21:18.476 +03:00 [WRN] Request failed with "Unauthorized"
HospitalSystem.Application.Exceptions.UnauthorizedException: Invalid email or password.
   at HospitalSystem.Application.Services.AuthService.LoginAsync(LoginRequest request, CancellationToken cancellationToken) in C:\Users\i - seven\Desktop\DEPI (4)\DEPI\HospitalSystem.Application\Services\AuthService.cs:line 32
   at HospitalSystem.API.Controllers.AuthController.Login(LoginRequest request, CancellationToken cancellationToken) in C:\Users\i - seven\Desktop\DEPI (4)\DEPI\HospitalSystem.API\Controllers\AuthController.cs:line 22
   at lambda_method168(Closure, Object)
   at Microsoft.AspNetCore.Mvc.Infrastructure.ActionMethodExecutor.AwaitableObjectResultExecutor.Execute(ActionContext actionContext, IActionResultTypeMapper mapper, ObjectMethodExecutor executor, Object controller, Object[] arguments)
   at Microsoft.AspNetCore.Mvc.Infrastructure.ControllerActionInvoker.<InvokeActionMethodAsync>g__Awaited|12_0(ControllerActionInvoker invoker, ValueTask`1 actionResultValueTask)
   at Microsoft.AspNetCore.Mvc.Infrastructure.ControllerActionInvoker.<InvokeNextActionFilterAsync>g__Awaited|10_0(ControllerActionInvoker invoker, Task lastTask, State next, Scope scope, Object state, Boolean isCompleted)
   at Microsoft.AspNetCore.Mvc.Infrastructure.ControllerActionInvoker.Rethrow(ActionExecutedContextSealed context)
   at Microsoft.AspNetCore.Mvc.Infrastructure.ControllerActionInvoker.Next(State& next, Scope& scope, Object& state, Boolean& isCompleted)
   at Microsoft.AspNetCore.Mvc.Infrastructure.ControllerActionInvoker.<InvokeInnerFilterAsync>g__Awaited|13_0(ControllerActionInvoker invoker, Task lastTask, State next, Scope scope, Object state, Boolean isCompleted)
   at Microsoft.AspNetCore.Mvc.Infrastructure.ResourceInvoker.<InvokeFilterPipelineAsync>g__Awaited|20_0(ResourceInvoker invoker, Task lastTask, State next, Scope scope, Object state, Boolean isCompleted)
   at Microsoft.AspNetCore.Mvc.Infrastructure.ResourceInvoker.<InvokeAsync>g__Awaited|17_0(ResourceInvoker invoker, Task task, IDisposable scope)
   at Microsoft.AspNetCore.Mvc.Infrastructure.ResourceInvoker.<InvokeAsync>g__Awaited|17_0(ResourceInvoker invoker, Task task, IDisposable scope)
   at Microsoft.AspNetCore.Authorization.AuthorizationMiddleware.Invoke(HttpContext context)
   at Microsoft.AspNetCore.Authentication.AuthenticationMiddleware.Invoke(HttpContext context)
   at Swashbuckle.AspNetCore.SwaggerUI.SwaggerUIMiddleware.Invoke(HttpContext httpContext)
   at Swashbuckle.AspNetCore.Swagger.SwaggerMiddleware.Invoke(HttpContext httpContext, ISwaggerProvider swaggerProvider)
   at HospitalSystem.API.Middleware.RequestLoggingMiddleware.InvokeAsync(HttpContext context) in C:\Users\i - seven\Desktop\DEPI (4)\DEPI\HospitalSystem.API\Middleware\RequestLoggingMiddleware.cs:line 19
   at HospitalSystem.API.Middleware.ExceptionHandlingMiddleware.InvokeAsync(HttpContext context) in C:\Users\i - seven\Desktop\DEPI (4)\DEPI\HospitalSystem.API\Middleware\ExceptionHandlingMiddleware.cs:line 24
2026-07-04 05:21:25.670 +03:00 [INF] HTTP OPTIONS /api/auth/login responded 204 in 0ms
2026-07-04 05:21:25.680 +03:00 [INF] Executed DbCommand (0ms) [Parameters=[], CommandType='"Text"', CommandTimeout='30']
SELECT [u].[Id], [u].[CreatedAt], [u].[Email], [u].[IsActive], [u].[PasswordHash], [u].[Role]
FROM [Users] AS [u]
2026-07-04 05:21:26.058 +03:00 [INF] HTTP POST /api/auth/login responded 200 in 383ms
2026-07-04 05:21:26.085 +03:00 [INF] HTTP OPTIONS /api/doctor/working-hours responded 204 in 0ms
2026-07-04 05:21:26.089 +03:00 [INF] HTTP OPTIONS /api/doctor/schedule responded 204 in 0ms
2026-07-04 05:21:26.187 +03:00 [INF] Executed DbCommand (2ms) [Parameters=[], CommandType='"Text"', CommandTimeout='30']
SELECT [d].[Id], [d].[DepartmentId], [d].[FullName], [d].[IsActive], [d].[Phone], [d].[Specialization], [d].[UserId]
FROM [Doctors] AS [d]
2026-07-04 05:21:26.190 +03:00 [INF] Executed DbCommand (0ms) [Parameters=[], CommandType='"Text"', CommandTimeout='30']
SELECT [d].[Id], [d].[DepartmentId], [d].[FullName], [d].[IsActive], [d].[Phone], [d].[Specialization], [d].[UserId]
FROM [Doctors] AS [d]
2026-07-04 05:21:26.264 +03:00 [INF] Executed DbCommand (1ms) [Parameters=[@p='?' (DbType = Guid)], CommandType='"Text"', CommandTimeout='30']
SELECT TOP(1) [d].[Id], [d].[Description], [d].[IsActive], [d].[Name]
FROM [Departments] AS [d]
WHERE [d].[Id] = @p
2026-07-04 05:21:26.264 +03:00 [INF] Executed DbCommand (1ms) [Parameters=[@p='?' (DbType = Guid)], CommandType='"Text"', CommandTimeout='30']
SELECT TOP(1) [d].[Id], [d].[Description], [d].[IsActive], [d].[Name]
FROM [Departments] AS [d]
WHERE [d].[Id] = @p
2026-07-04 05:21:26.305 +03:00 [INF] Executed DbCommand (1ms) [Parameters=[], CommandType='"Text"', CommandTimeout='30']
SELECT [d].[Id], [d].[AppointmentDurationMinutes], [d].[DoctorId], [d].[EndTime], [d].[IsActive], [d].[ScheduleDate], [d].[StartTime]
FROM [DoctorDateSchedules] AS [d]
2026-07-04 05:21:26.318 +03:00 [INF] Executed DbCommand (6ms) [Parameters=[@doctorId='?' (DbType = Guid), @date='?' (DbType = Date)], CommandType='"Text"', CommandTimeout='30']
SELECT [a].[Id], [a].[AppointmentDate], [a].[CreatedAt], [a].[CreatedByReceptionistId], [a].[DoctorId], [a].[EndTime], [a].[Notes], [a].[PatientId], [a].[StartTime], [a].[Status], [a].[UpdatedAt]
FROM [Appointments] AS [a]
WHERE [a].[DoctorId] = @doctorId AND [a].[AppointmentDate] = @date
ORDER BY [a].[StartTime]
2026-07-04 05:21:26.344 +03:00 [INF] HTTP GET /api/doctor/schedule responded 200 in 251ms
2026-07-04 05:21:26.348 +03:00 [INF] HTTP GET /api/doctor/working-hours responded 200 in 259ms
2026-07-04 05:21:28.552 +03:00 [INF] HTTP OPTIONS /api/doctor/date-schedules responded 204 in 0ms
2026-07-04 05:21:28.579 +03:00 [INF] Executed DbCommand (1ms) [Parameters=[], CommandType='"Text"', CommandTimeout='30']
SELECT [d].[Id], [d].[DepartmentId], [d].[FullName], [d].[IsActive], [d].[Phone], [d].[Specialization], [d].[UserId]
FROM [Doctors] AS [d]
2026-07-04 05:21:28.587 +03:00 [INF] Executed DbCommand (0ms) [Parameters=[@p='?' (DbType = Guid)], CommandType='"Text"', CommandTimeout='30']
SELECT TOP(1) [d].[Id], [d].[Description], [d].[IsActive], [d].[Name]
FROM [Departments] AS [d]
WHERE [d].[Id] = @p
2026-07-04 05:21:28.597 +03:00 [INF] Executed DbCommand (0ms) [Parameters=[], CommandType='"Text"', CommandTimeout='30']
SELECT [d].[Id], [d].[AppointmentDurationMinutes], [d].[DoctorId], [d].[EndTime], [d].[IsActive], [d].[ScheduleDate], [d].[StartTime]
FROM [DoctorDateSchedules] AS [d]
2026-07-04 05:21:28.606 +03:00 [INF] HTTP GET /api/doctor/date-schedules responded 200 in 50ms
2026-07-04 05:22:02.798 +03:00 [INF] HTTP OPTIONS /api/auth/login responded 204 in 0ms
2026-07-04 05:22:02.805 +03:00 [INF] Executed DbCommand (0ms) [Parameters=[], CommandType='"Text"', CommandTimeout='30']
SELECT [u].[Id], [u].[CreatedAt], [u].[Email], [u].[IsActive], [u].[PasswordHash], [u].[Role]
FROM [Users] AS [u]
2026-07-04 05:22:02.977 +03:00 [INF] HTTP POST /api/auth/login responded 200 in 176ms
2026-07-04 05:22:02.997 +03:00 [INF] HTTP OPTIONS /api/patients responded 204 in 0ms
2026-07-04 05:22:03.033 +03:00 [INF] Executed DbCommand (1ms) [Parameters=[], CommandType='"Text"', CommandTimeout='30']
SELECT [p].[Id], [p].[Address], [p].[BloodType], [p].[CreatedAt], [p].[DateOfBirth], [p].[Email], [p].[FullName], [p].[Gender], [p].[NationalId], [p].[Phone], [p].[UserId]
FROM [Patients] AS [p]
2026-07-04 05:22:03.058 +03:00 [INF] HTTP GET /api/patients responded 200 in 51ms
2026-07-04 05:22:05.481 +03:00 [INF] HTTP OPTIONS /api/departments responded 204 in 0ms
2026-07-04 05:22:05.481 +03:00 [INF] HTTP OPTIONS /api/patients responded 204 in 0ms
2026-07-04 05:22:05.508 +03:00 [INF] Executed DbCommand (1ms) [Parameters=[], CommandType='"Text"', CommandTimeout='30']
SELECT [p].[Id], [p].[Address], [p].[BloodType], [p].[CreatedAt], [p].[DateOfBirth], [p].[Email], [p].[FullName], [p].[Gender], [p].[NationalId], [p].[Phone], [p].[UserId]
FROM [Patients] AS [p]
2026-07-04 05:22:05.521 +03:00 [INF] HTTP GET /api/patients responded 200 in 18ms
2026-07-04 05:22:05.526 +03:00 [INF] Executed DbCommand (1ms) [Parameters=[], CommandType='"Text"', CommandTimeout='30']
SELECT [d].[Id], [d].[Description], [d].[IsActive], [d].[Name]
FROM [Departments] AS [d]
2026-07-04 05:22:05.543 +03:00 [INF] HTTP GET /api/departments responded 200 in 57ms
2026-07-04 05:22:08.968 +03:00 [INF] HTTP OPTIONS /api/doctors/department/1d1b4bb6-66f3-4808-baf4-a7dd7f082562 responded 204 in 0ms
2026-07-04 05:22:09.029 +03:00 [INF] Executed DbCommand (4ms) [Parameters=[@departmentId='?' (DbType = Guid)], CommandType='"Text"', CommandTimeout='30']
SELECT [d].[Id], [d].[DepartmentId], [d].[FullName], [d].[IsActive], [d].[Phone], [d].[Specialization], [d].[UserId], [d0].[Id], [d0].[Description], [d0].[IsActive], [d0].[Name]
FROM [Doctors] AS [d]
INNER JOIN [Departments] AS [d0] ON [d].[DepartmentId] = [d0].[Id]
WHERE [d].[DepartmentId] = @departmentId AND [d].[IsActive] = CAST(1 AS bit)
2026-07-04 05:22:09.037 +03:00 [INF] HTTP GET /api/doctors/department/1d1b4bb6-66f3-4808-baf4-a7dd7f082562 responded 200 in 63ms
2026-07-04 05:22:17.054 +03:00 [INF] HTTP OPTIONS /api/appointments/available-slots responded 204 in 0ms
2026-07-04 05:22:17.071 +03:00 [INF] Executed DbCommand (0ms) [Parameters=[], CommandType='"Text"', CommandTimeout='30']
SELECT [d].[Id], [d].[AppointmentDurationMinutes], [d].[DoctorId], [d].[EndTime], [d].[IsActive], [d].[ScheduleDate], [d].[StartTime]
FROM [DoctorDateSchedules] AS [d]
2026-07-04 05:22:17.080 +03:00 [INF] Executed DbCommand (2ms) [Parameters=[@doctorId='?' (DbType = Guid), @date='?' (DbType = Date)], CommandType='"Text"', CommandTimeout='30']
SELECT [a].[Id], [a].[AppointmentDate], [a].[CreatedAt], [a].[CreatedByReceptionistId], [a].[DoctorId], [a].[EndTime], [a].[Notes], [a].[PatientId], [a].[StartTime], [a].[Status], [a].[UpdatedAt]
FROM [Appointments] AS [a]
WHERE [a].[DoctorId] = @doctorId AND [a].[AppointmentDate] = @date
ORDER BY [a].[StartTime]
2026-07-04 05:22:17.099 +03:00 [INF] Executed DbCommand (1ms) [Parameters=[@patientId='?' (DbType = Guid)], CommandType='"Text"', CommandTimeout='30']
SELECT [a].[Id], [a].[AppointmentDate], [a].[CreatedAt], [a].[CreatedByReceptionistId], [a].[DoctorId], [a].[EndTime], [a].[Notes], [a].[PatientId], [a].[StartTime], [a].[Status], [a].[UpdatedAt]
FROM [Appointments] AS [a]
WHERE [a].[PatientId] = @patientId
ORDER BY [a].[AppointmentDate] DESC, [a].[StartTime] DESC
2026-07-04 05:22:17.143 +03:00 [INF] HTTP GET /api/appointments/available-slots responded 200 in 84ms
2026-07-04 05:22:20.618 +03:00 [INF] HTTP OPTIONS /api/appointments responded 204 in 0ms
2026-07-04 05:22:20.681 +03:00 [INF] Executed DbCommand (1ms) [Parameters=[@p='?' (DbType = Guid)], CommandType='"Text"', CommandTimeout='30']
SELECT TOP(1) [d].[Id], [d].[DepartmentId], [d].[FullName], [d].[IsActive], [d].[Phone], [d].[Specialization], [d].[UserId]
FROM [Doctors] AS [d]
WHERE [d].[Id] = @p
2026-07-04 05:22:20.691 +03:00 [INF] Executed DbCommand (1ms) [Parameters=[@p='?' (DbType = Guid)], CommandType='"Text"', CommandTimeout='30']
SELECT TOP(1) [p].[Id], [p].[Address], [p].[BloodType], [p].[CreatedAt], [p].[DateOfBirth], [p].[Email], [p].[FullName], [p].[Gender], [p].[NationalId], [p].[Phone], [p].[UserId]
FROM [Patients] AS [p]
WHERE [p].[Id] = @p
2026-07-04 05:22:20.695 +03:00 [INF] Executed DbCommand (0ms) [Parameters=[], CommandType='"Text"', CommandTimeout='30']
SELECT [d].[Id], [d].[AppointmentDurationMinutes], [d].[DoctorId], [d].[EndTime], [d].[IsActive], [d].[ScheduleDate], [d].[StartTime]
FROM [DoctorDateSchedules] AS [d]
2026-07-04 05:22:20.710 +03:00 [INF] Executed DbCommand (4ms) [Parameters=[@doctorId='?' (DbType = Guid), @date='?' (DbType = Date), @endTime='?' (DbType = Time), @startTime='?' (DbType = Time)], CommandType='"Text"', CommandTimeout='30']
SELECT CASE
    WHEN EXISTS (
        SELECT 1
        FROM [Appointments] AS [a]
        WHERE [a].[DoctorId] = @doctorId AND [a].[AppointmentDate] = @date AND [a].[Status] <> N'Cancelled' AND [a].[StartTime] < @endTime AND [a].[EndTime] > @startTime) THEN CAST(1 AS bit)
    ELSE CAST(0 AS bit)
END
2026-07-04 05:22:20.726 +03:00 [INF] Executed DbCommand (4ms) [Parameters=[@patientId='?' (DbType = Guid), @date='?' (DbType = Date), @endTime='?' (DbType = Time), @startTime='?' (DbType = Time)], CommandType='"Text"', CommandTimeout='30']
SELECT CASE
    WHEN EXISTS (
        SELECT 1
        FROM [Appointments] AS [a]
        WHERE [a].[PatientId] = @patientId AND [a].[AppointmentDate] = @date AND [a].[Status] <> N'Cancelled' AND [a].[StartTime] < @endTime AND [a].[EndTime] > @startTime) THEN CAST(1 AS bit)
    ELSE CAST(0 AS bit)
END
2026-07-04 05:22:21.012 +03:00 [INF] Executed DbCommand (102ms) [Parameters=[@p0='?' (DbType = Guid), @p1='?' (DbType = Date), @p2='?' (DbType = DateTime2), @p3='?' (DbType = Guid), @p4='?' (DbType = Guid), @p5='?' (DbType = Time), @p6='?' (Size = 2000), @p7='?' (DbType = Guid), @p8='?' (DbType = Time), @p9='?' (Size = 50), @p10='?' (DbType = DateTime2)], CommandType='"Text"', CommandTimeout='30']
SET IMPLICIT_TRANSACTIONS OFF;
SET NOCOUNT ON;
INSERT INTO [Appointments] ([Id], [AppointmentDate], [CreatedAt], [CreatedByReceptionistId], [DoctorId], [EndTime], [Notes], [PatientId], [StartTime], [Status], [UpdatedAt])
VALUES (@p0, @p1, @p2, @p3, @p4, @p5, @p6, @p7, @p8, @p9, @p10);
2026-07-04 05:22:21.032 +03:00 [INF] Appointment booked "1eebcd3a-fb9a-4e74-976e-32c5189c51fc" for patient "88ff54f6-b7c0-440f-b28a-4fdbeb8371d1" with doctor "3b601f6a-1230-4223-9df7-30235e210b4e" on "2026-07-04" at "09:30:00" by receptionist "b4587591-d708-46f5-b95a-1a860eb4b9f5"
2026-07-04 05:22:21.044 +03:00 [INF] HTTP POST /api/appointments responded 200 in 422ms
2026-07-04 05:22:22.009 +03:00 [INF] HTTP OPTIONS /api/doctors responded 204 in 0ms
2026-07-04 05:22:22.009 +03:00 [INF] HTTP OPTIONS /api/doctors responded 204 in 0ms
2026-07-04 05:22:22.031 +03:00 [INF] Executed DbCommand (0ms) [Parameters=[], CommandType='"Text"', CommandTimeout='30']
SELECT [d].[Id], [d].[DepartmentId], [d].[FullName], [d].[IsActive], [d].[Phone], [d].[Specialization], [d].[UserId]
FROM [Doctors] AS [d]
2026-07-04 05:22:22.040 +03:00 [INF] Executed DbCommand (2ms) [Parameters=[@p='?' (DbType = Guid)], CommandType='"Text"', CommandTimeout='30']
SELECT TOP(1) [d].[Id], [d].[Description], [d].[IsActive], [d].[Name]
FROM [Departments] AS [d]
WHERE [d].[Id] = @p
2026-07-04 05:22:22.050 +03:00 [INF] HTTP GET /api/doctors responded 200 in 35ms
2026-07-04 05:22:22.057 +03:00 [INF] Executed DbCommand (0ms) [Parameters=[], CommandType='"Text"', CommandTimeout='30']
SELECT [d].[Id], [d].[DepartmentId], [d].[FullName], [d].[IsActive], [d].[Phone], [d].[Specialization], [d].[UserId]
FROM [Doctors] AS [d]
2026-07-04 05:22:22.063 +03:00 [INF] Executed DbCommand (1ms) [Parameters=[@p='?' (DbType = Guid)], CommandType='"Text"', CommandTimeout='30']
SELECT TOP(1) [d].[Id], [d].[Description], [d].[IsActive], [d].[Name]
FROM [Departments] AS [d]
WHERE [d].[Id] = @p
2026-07-04 05:22:22.065 +03:00 [INF] HTTP OPTIONS /api/appointments responded 204 in 0ms
2026-07-04 05:22:22.073 +03:00 [INF] HTTP GET /api/doctors responded 200 in 13ms
2026-07-04 05:22:22.082 +03:00 [INF] HTTP OPTIONS /api/doctors/57d47779-2e9c-42f6-a24d-2de7de3a34e7/date-schedules responded 204 in 0ms
2026-07-04 05:22:22.082 +03:00 [INF] HTTP OPTIONS /api/doctors/3b601f6a-1230-4223-9df7-30235e210b4e/date-schedules responded 204 in 0ms
2026-07-04 05:22:22.096 +03:00 [INF] Executed DbCommand (1ms) [Parameters=[@doctorId='?' (DbType = Guid), @date='?' (DbType = Date)], CommandType='"Text"', CommandTimeout='30']
SELECT [a].[Id], [a].[AppointmentDate], [a].[CreatedAt], [a].[CreatedByReceptionistId], [a].[DoctorId], [a].[EndTime], [a].[Notes], [a].[PatientId], [a].[StartTime], [a].[Status], [a].[UpdatedAt]
FROM [Appointments] AS [a]
WHERE [a].[DoctorId] = @doctorId AND [a].[AppointmentDate] = @date
ORDER BY [a].[StartTime]
2026-07-04 05:22:22.110 +03:00 [INF] HTTP GET /api/appointments responded 200 in 32ms
2026-07-04 05:22:22.131 +03:00 [INF] Executed DbCommand (9ms) [Parameters=[@p='?' (DbType = Guid)], CommandType='"Text"', CommandTimeout='30']
SELECT TOP(1) [d].[Id], [d].[DepartmentId], [d].[FullName], [d].[IsActive], [d].[Phone], [d].[Specialization], [d].[UserId]
FROM [Doctors] AS [d]
WHERE [d].[Id] = @p
2026-07-04 05:22:22.131 +03:00 [INF] Executed DbCommand (5ms) [Parameters=[@p='?' (DbType = Guid)], CommandType='"Text"', CommandTimeout='30']
SELECT TOP(1) [d].[Id], [d].[DepartmentId], [d].[FullName], [d].[IsActive], [d].[Phone], [d].[Specialization], [d].[UserId]
FROM [Doctors] AS [d]
WHERE [d].[Id] = @p
2026-07-04 05:22:22.133 +03:00 [INF] HTTP OPTIONS /api/appointments responded 204 in 0ms
2026-07-04 05:22:22.144 +03:00 [INF] Executed DbCommand (1ms) [Parameters=[], CommandType='"Text"', CommandTimeout='30']
SELECT [d].[Id], [d].[AppointmentDurationMinutes], [d].[DoctorId], [d].[EndTime], [d].[IsActive], [d].[ScheduleDate], [d].[StartTime]
FROM [DoctorDateSchedules] AS [d]
2026-07-04 05:22:22.146 +03:00 [INF] Executed DbCommand (0ms) [Parameters=[], CommandType='"Text"', CommandTimeout='30']
SELECT [d].[Id], [d].[AppointmentDurationMinutes], [d].[DoctorId], [d].[EndTime], [d].[IsActive], [d].[ScheduleDate], [d].[StartTime]
FROM [DoctorDateSchedules] AS [d]
2026-07-04 05:22:22.157 +03:00 [INF] HTTP GET /api/doctors/3b601f6a-1230-4223-9df7-30235e210b4e/date-schedules responded 200 in 53ms
2026-07-04 05:22:22.161 +03:00 [INF] Executed DbCommand (0ms) [Parameters=[@doctorId='?' (DbType = Guid), @date='?' (DbType = Date)], CommandType='"Text"', CommandTimeout='30']
SELECT [a].[Id], [a].[AppointmentDate], [a].[CreatedAt], [a].[CreatedByReceptionistId], [a].[DoctorId], [a].[EndTime], [a].[Notes], [a].[PatientId], [a].[StartTime], [a].[Status], [a].[UpdatedAt]
FROM [Appointments] AS [a]
WHERE [a].[DoctorId] = @doctorId AND [a].[AppointmentDate] = @date
ORDER BY [a].[StartTime]
2026-07-04 05:22:22.162 +03:00 [INF] HTTP GET /api/doctors/57d47779-2e9c-42f6-a24d-2de7de3a34e7/date-schedules responded 200 in 55ms
2026-07-04 05:22:22.179 +03:00 [INF] Executed DbCommand (0ms) [Parameters=[@p='?' (DbType = Guid)], CommandType='"Text"', CommandTimeout='30']
SELECT TOP(1) [p].[Id], [p].[Address], [p].[BloodType], [p].[CreatedAt], [p].[DateOfBirth], [p].[Email], [p].[FullName], [p].[Gender], [p].[NationalId], [p].[Phone], [p].[UserId]
FROM [Patients] AS [p]
WHERE [p].[Id] = @p
2026-07-04 05:22:22.191 +03:00 [INF] Executed DbCommand (0ms) [Parameters=[@p='?' (DbType = Guid)], CommandType='"Text"', CommandTimeout='30']
SELECT TOP(1) [d].[Id], [d].[DepartmentId], [d].[FullName], [d].[IsActive], [d].[Phone], [d].[Specialization], [d].[UserId]
FROM [Doctors] AS [d]
WHERE [d].[Id] = @p
2026-07-04 05:22:22.198 +03:00 [INF] HTTP GET /api/appointments responded 200 in 49ms
2026-07-04 05:22:38.440 +03:00 [INF] HTTP OPTIONS /api/auth/login responded 204 in 0ms
2026-07-04 05:22:38.447 +03:00 [INF] Executed DbCommand (0ms) [Parameters=[], CommandType='"Text"', CommandTimeout='30']
SELECT [u].[Id], [u].[CreatedAt], [u].[Email], [u].[IsActive], [u].[PasswordHash], [u].[Role]
FROM [Users] AS [u]
2026-07-04 05:22:38.586 +03:00 [INF] HTTP POST /api/auth/login responded 200 in 140ms
2026-07-04 05:22:38.604 +03:00 [INF] HTTP OPTIONS /api/doctor/working-hours responded 204 in 0ms
2026-07-04 05:22:38.605 +03:00 [INF] HTTP OPTIONS /api/doctor/schedule responded 204 in 0ms
2026-07-04 05:22:38.615 +03:00 [INF] Executed DbCommand (1ms) [Parameters=[], CommandType='"Text"', CommandTimeout='30']
SELECT [d].[Id], [d].[DepartmentId], [d].[FullName], [d].[IsActive], [d].[Phone], [d].[Specialization], [d].[UserId]
FROM [Doctors] AS [d]
2026-07-04 05:22:38.615 +03:00 [INF] Executed DbCommand (0ms) [Parameters=[], CommandType='"Text"', CommandTimeout='30']
SELECT [d].[Id], [d].[DepartmentId], [d].[FullName], [d].[IsActive], [d].[Phone], [d].[Specialization], [d].[UserId]
FROM [Doctors] AS [d]
2026-07-04 05:22:38.622 +03:00 [INF] Executed DbCommand (1ms) [Parameters=[@p='?' (DbType = Guid)], CommandType='"Text"', CommandTimeout='30']
SELECT TOP(1) [d].[Id], [d].[Description], [d].[IsActive], [d].[Name]
FROM [Departments] AS [d]
WHERE [d].[Id] = @p
2026-07-04 05:22:38.630 +03:00 [INF] Executed DbCommand (0ms) [Parameters=[@p='?' (DbType = Guid)], CommandType='"Text"', CommandTimeout='30']
SELECT TOP(1) [d].[Id], [d].[Description], [d].[IsActive], [d].[Name]
FROM [Departments] AS [d]
WHERE [d].[Id] = @p
2026-07-04 05:22:38.633 +03:00 [INF] Executed DbCommand (0ms) [Parameters=[], CommandType='"Text"', CommandTimeout='30']
SELECT [d].[Id], [d].[AppointmentDurationMinutes], [d].[DoctorId], [d].[EndTime], [d].[IsActive], [d].[ScheduleDate], [d].[StartTime]
FROM [DoctorDateSchedules] AS [d]
2026-07-04 05:22:38.636 +03:00 [INF] Executed DbCommand (0ms) [Parameters=[@doctorId='?' (DbType = Guid), @date='?' (DbType = Date)], CommandType='"Text"', CommandTimeout='30']
SELECT [a].[Id], [a].[AppointmentDate], [a].[CreatedAt], [a].[CreatedByReceptionistId], [a].[DoctorId], [a].[EndTime], [a].[Notes], [a].[PatientId], [a].[StartTime], [a].[Status], [a].[UpdatedAt]
FROM [Appointments] AS [a]
WHERE [a].[DoctorId] = @doctorId AND [a].[AppointmentDate] = @date
ORDER BY [a].[StartTime]
2026-07-04 05:22:38.638 +03:00 [INF] HTTP GET /api/doctor/working-hours responded 200 in 27ms
2026-07-04 05:22:38.643 +03:00 [INF] Executed DbCommand (1ms) [Parameters=[@p='?' (DbType = Guid)], CommandType='"Text"', CommandTimeout='30']
SELECT TOP(1) [p].[Id], [p].[Address], [p].[BloodType], [p].[CreatedAt], [p].[DateOfBirth], [p].[Email], [p].[FullName], [p].[Gender], [p].[NationalId], [p].[Phone], [p].[UserId]
FROM [Patients] AS [p]
WHERE [p].[Id] = @p
2026-07-04 05:22:38.652 +03:00 [INF] HTTP GET /api/doctor/schedule responded 200 in 38ms
2026-07-04 05:22:42.285 +03:00 [INF] HTTP OPTIONS /api/doctor/appointments/1eebcd3a-fb9a-4e74-976e-32c5189c51fc responded 204 in 0ms
2026-07-04 05:22:42.304 +03:00 [INF] Executed DbCommand (0ms) [Parameters=[], CommandType='"Text"', CommandTimeout='30']
SELECT [d].[Id], [d].[DepartmentId], [d].[FullName], [d].[IsActive], [d].[Phone], [d].[Specialization], [d].[UserId]
FROM [Doctors] AS [d]
2026-07-04 05:22:42.313 +03:00 [INF] Executed DbCommand (1ms) [Parameters=[@p='?' (DbType = Guid)], CommandType='"Text"', CommandTimeout='30']
SELECT TOP(1) [d].[Id], [d].[Description], [d].[IsActive], [d].[Name]
FROM [Departments] AS [d]
WHERE [d].[Id] = @p
2026-07-04 05:22:42.358 +03:00 [INF] Executed DbCommand (3ms) [Parameters=[@p='?' (DbType = Guid)], CommandType='"Text"', CommandTimeout='30']
SELECT TOP(1) [a].[Id], [a].[AppointmentDate], [a].[CreatedAt], [a].[CreatedByReceptionistId], [a].[DoctorId], [a].[EndTime], [a].[Notes], [a].[PatientId], [a].[StartTime], [a].[Status], [a].[UpdatedAt]
FROM [Appointments] AS [a]
WHERE [a].[Id] = @p
2026-07-04 05:22:42.365 +03:00 [INF] Executed DbCommand (0ms) [Parameters=[@p='?' (DbType = Guid)], CommandType='"Text"', CommandTimeout='30']
SELECT TOP(1) [p].[Id], [p].[Address], [p].[BloodType], [p].[CreatedAt], [p].[DateOfBirth], [p].[Email], [p].[FullName], [p].[Gender], [p].[NationalId], [p].[Phone], [p].[UserId]
FROM [Patients] AS [p]
WHERE [p].[Id] = @p
2026-07-04 05:22:42.383 +03:00 [INF] Executed DbCommand (1ms) [Parameters=[], CommandType='"Text"', CommandTimeout='30']
SELECT [c].[Id], [c].[AppointmentId], [c].[CompletedAt], [c].[Diagnosis], [c].[DoctorId], [c].[Notes], [c].[PatientId], [c].[StartedAt]
FROM [Consultations] AS [c]
2026-07-04 05:22:42.398 +03:00 [INF] HTTP GET /api/doctor/appointments/1eebcd3a-fb9a-4e74-976e-32c5189c51fc responded 200 in 107ms
2026-07-04 05:22:42.954 +03:00 [INF] HTTP OPTIONS /api/doctor/patients/88ff54f6-b7c0-440f-b28a-4fdbeb8371d1/medical-history responded 204 in 0ms
2026-07-04 05:22:42.986 +03:00 [INF] Executed DbCommand (0ms) [Parameters=[], CommandType='"Text"', CommandTimeout='30']
SELECT [d].[Id], [d].[DepartmentId], [d].[FullName], [d].[IsActive], [d].[Phone], [d].[Specialization], [d].[UserId]
FROM [Doctors] AS [d]
2026-07-04 05:22:42.996 +03:00 [INF] Executed DbCommand (1ms) [Parameters=[@p='?' (DbType = Guid)], CommandType='"Text"', CommandTimeout='30']
SELECT TOP(1) [d].[Id], [d].[Description], [d].[IsActive], [d].[Name]
FROM [Departments] AS [d]
WHERE [d].[Id] = @p
2026-07-04 05:22:43.003 +03:00 [INF] Executed DbCommand (0ms) [Parameters=[@p='?' (DbType = Guid)], CommandType='"Text"', CommandTimeout='30']
SELECT TOP(1) [p].[Id], [p].[Address], [p].[BloodType], [p].[CreatedAt], [p].[DateOfBirth], [p].[Email], [p].[FullName], [p].[Gender], [p].[NationalId], [p].[Phone], [p].[UserId]
FROM [Patients] AS [p]
WHERE [p].[Id] = @p
2026-07-04 05:22:43.014 +03:00 [INF] Executed DbCommand (1ms) [Parameters=[@patientId='?' (DbType = Guid)], CommandType='"Text"', CommandTimeout='30']
SELECT [a].[Id], [a].[AppointmentDate], [a].[CreatedAt], [a].[CreatedByReceptionistId], [a].[DoctorId], [a].[EndTime], [a].[Notes], [a].[PatientId], [a].[StartTime], [a].[Status], [a].[UpdatedAt]
FROM [Appointments] AS [a]
WHERE [a].[PatientId] = @patientId
ORDER BY [a].[AppointmentDate] DESC, [a].[StartTime] DESC
2026-07-04 05:22:43.024 +03:00 [INF] Executed DbCommand (3ms) [Parameters=[@patientId='?' (DbType = Guid)], CommandType='"Text"', CommandTimeout='30']
SELECT [a].[Id], [a].[AppointmentDate], [a].[CreatedAt], [a].[CreatedByReceptionistId], [a].[DoctorId], [a].[EndTime], [a].[Notes], [a].[PatientId], [a].[StartTime], [a].[Status], [a].[UpdatedAt]
FROM [Appointments] AS [a]
WHERE [a].[PatientId] = @patientId
ORDER BY [a].[AppointmentDate] DESC, [a].[StartTime] DESC
2026-07-04 05:22:43.031 +03:00 [INF] Executed DbCommand (0ms) [Parameters=[], CommandType='"Text"', CommandTimeout='30']
SELECT [c].[Id], [c].[AppointmentId], [c].[CompletedAt], [c].[Diagnosis], [c].[DoctorId], [c].[Notes], [c].[PatientId], [c].[StartedAt]
FROM [Consultations] AS [c]
2026-07-04 05:22:43.044 +03:00 [INF] Executed DbCommand (1ms) [Parameters=[], CommandType='"Text"', CommandTimeout='30']
SELECT [p].[Id], [p].[ConsultationId], [p].[Dosage], [p].[Duration], [p].[Frequency], [p].[MedicationName], [p].[Notes]
FROM [Prescriptions] AS [p]
2026-07-04 05:22:43.048 +03:00 [INF] Executed DbCommand (0ms) [Parameters=[], CommandType='"Text"', CommandTimeout='30']
SELECT [d].[Id], [d].[DepartmentId], [d].[FullName], [d].[IsActive], [d].[Phone], [d].[Specialization], [d].[UserId]
FROM [Doctors] AS [d]
2026-07-04 05:22:43.054 +03:00 [INF] HTTP GET /api/doctor/patients/88ff54f6-b7c0-440f-b28a-4fdbeb8371d1/medical-history responded 200 in 77ms
