2026-06-30 10:29:35.114 +03:00 [INF] Executed DbCommand (86ms) [Parameters=[], CommandType='"Text"', CommandTimeout='30']
SELECT 1
2026-06-30 10:29:35.298 +03:00 [INF] Acquiring an exclusive lock for migration application. See https://aka.ms/efcore-docs-migrations-lock for more information if this takes too long.
2026-06-30 10:29:35.390 +03:00 [INF] Executed DbCommand (79ms) [Parameters=[], CommandType='"Text"', CommandTimeout='30']
DECLARE @result int;
EXEC @result = sp_getapplock @Resource = '__EFMigrationsLock', @LockOwner = 'Session', @LockMode = 'Exclusive';
SELECT @result
2026-06-30 10:29:35.651 +03:00 [INF] Executed DbCommand (3ms) [Parameters=[], CommandType='"Text"', CommandTimeout='30']
IF OBJECT_ID(N'[__EFMigrationsHistory]') IS NULL
BEGIN
    CREATE TABLE [__EFMigrationsHistory] (
        [MigrationId] nvarchar(150) NOT NULL,
        [ProductVersion] nvarchar(32) NOT NULL,
        CONSTRAINT [PK___EFMigrationsHistory] PRIMARY KEY ([MigrationId])
    );
END;
2026-06-30 10:29:35.711 +03:00 [INF] Executed DbCommand (1ms) [Parameters=[], CommandType='"Text"', CommandTimeout='30']
SELECT 1
2026-06-30 10:29:35.717 +03:00 [INF] Executed DbCommand (2ms) [Parameters=[], CommandType='"Text"', CommandTimeout='30']
SELECT OBJECT_ID(N'[__EFMigrationsHistory]');
2026-06-30 10:29:35.735 +03:00 [INF] Executed DbCommand (5ms) [Parameters=[], CommandType='"Text"', CommandTimeout='30']
SELECT [MigrationId], [ProductVersion]
FROM [__EFMigrationsHistory]
ORDER BY [MigrationId];
2026-06-30 10:29:35.772 +03:00 [INF] No migrations were applied. The database is already up to date.
2026-06-30 10:29:35.781 +03:00 [INF] Executed DbCommand (5ms) [Parameters=[], CommandType='"Text"', CommandTimeout='30']
DECLARE @result int;
EXEC @result = sp_releaseapplock @Resource = '__EFMigrationsLock', @LockOwner = 'Session';
SELECT @result
2026-06-30 10:29:36.702 +03:00 [INF] Executed DbCommand (1ms) [Parameters=[], CommandType='"Text"', CommandTimeout='30']
SELECT CASE
    WHEN EXISTS (
        SELECT 1
        FROM [Users] AS [u]) THEN CAST(1 AS bit)
    ELSE CAST(0 AS bit)
END
2026-06-30 10:29:36.714 +03:00 [INF] Database already seeded. Ensuring demo accounts exist.
2026-06-30 10:29:36.871 +03:00 [INF] Executed DbCommand (2ms) [Parameters=[], CommandType='"Text"', CommandTimeout='30']
SELECT TOP(1) [u].[Id], [u].[CreatedAt], [u].[Email], [u].[IsActive], [u].[PasswordHash], [u].[Role]
FROM [Users] AS [u]
WHERE [u].[Email] = N'patient@hospital.com'
2026-06-30 10:29:37.081 +03:00 [INF] Executed DbCommand (35ms) [Parameters=[@patientUser_Id='?' (DbType = Guid)], CommandType='"Text"', CommandTimeout='30']
SELECT TOP(1) [p].[Id], [p].[Address], [p].[BloodType], [p].[CreatedAt], [p].[DateOfBirth], [p].[Email], [p].[FullName], [p].[Gender], [p].[NationalId], [p].[Phone], [p].[UserId]
FROM [Patients] AS [p]
WHERE [p].[UserId] = @patientUser_Id
2026-06-30 10:29:37.205 +03:00 [INF] Executed DbCommand (1ms) [Parameters=[], CommandType='"Text"', CommandTimeout='30']
SELECT CASE
    WHEN EXISTS (
        SELECT 1
        FROM [DefaultDoctorSchedules] AS [d]) THEN CAST(1 AS bit)
    ELSE CAST(0 AS bit)
END
2026-06-30 10:29:37.616 +03:00 [ERR] Hosting failed to start
System.IO.IOException: Failed to bind to address http://127.0.0.1:5000: address already in use.
 ---> Microsoft.AspNetCore.Connections.AddressInUseException: Only one usage of each socket address (protocol/network address/port) is normally permitted.
 ---> System.Net.Sockets.SocketException (10048): Only one usage of each socket address (protocol/network address/port) is normally permitted.
   at System.Net.Sockets.Socket.UpdateStatusAfterSocketErrorAndThrowException(SocketError error, Boolean disconnectOnFailure, String callerName)
   at System.Net.Sockets.Socket.DoBind(EndPoint endPointSnapshot, SocketAddress socketAddress)
   at System.Net.Sockets.Socket.Bind(EndPoint localEP)
   at Microsoft.AspNetCore.Server.Kestrel.Transport.Sockets.SocketTransportOptions.CreateDefaultBoundListenSocket(EndPoint endpoint)
   at Microsoft.AspNetCore.Server.Kestrel.Transport.Sockets.SocketConnectionListener.Bind()
   --- End of inner exception stack trace ---
   at Microsoft.AspNetCore.Server.Kestrel.Transport.Sockets.SocketConnectionListener.Bind()
   at Microsoft.AspNetCore.Server.Kestrel.Transport.Sockets.SocketTransportFactory.BindAsync(EndPoint endpoint, CancellationToken cancellationToken)
   at Microsoft.AspNetCore.Server.Kestrel.Core.Internal.Infrastructure.TransportManager.BindAsync(EndPoint endPoint, ConnectionDelegate connectionDelegate, EndpointConfig endpointConfig, CancellationToken cancellationToken)
   at Microsoft.AspNetCore.Server.Kestrel.Core.KestrelServerImpl.<>c__DisplayClass28_0`1.<<StartAsync>g__OnBind|0>d.MoveNext()
--- End of stack trace from previous location ---
   at Microsoft.AspNetCore.Server.Kestrel.Core.Internal.AddressBinder.BindEndpointAsync(ListenOptions endpoint, AddressBindContext context, CancellationToken cancellationToken)
   --- End of inner exception stack trace ---
   at Microsoft.AspNetCore.Server.Kestrel.Core.Internal.AddressBinder.BindEndpointAsync(ListenOptions endpoint, AddressBindContext context, CancellationToken cancellationToken)
   at Microsoft.AspNetCore.Server.Kestrel.Core.LocalhostListenOptions.BindAsync(AddressBindContext context, CancellationToken cancellationToken)
   at Microsoft.AspNetCore.Server.Kestrel.Core.Internal.AddressBinder.AddressesStrategy.BindAsync(AddressBindContext context, CancellationToken cancellationToken)
   at Microsoft.AspNetCore.Server.Kestrel.Core.KestrelServerImpl.BindAsync(CancellationToken cancellationToken)
   at Microsoft.AspNetCore.Server.Kestrel.Core.KestrelServerImpl.StartAsync[TContext](IHttpApplication`1 application, CancellationToken cancellationToken)
   at Microsoft.AspNetCore.Hosting.GenericWebHostService.StartAsync(CancellationToken cancellationToken)
   at Microsoft.Extensions.Hosting.Internal.Host.<StartAsync>b__14_1(IHostedService service, CancellationToken token)
   at Microsoft.Extensions.Hosting.Internal.Host.ForeachService[T](IEnumerable`1 services, CancellationToken token, Boolean concurrent, Boolean abortOnFirstException, List`1 exceptions, Func`3 operation)
2026-06-30 10:38:10.052 +03:00 [INF] Executed DbCommand (90ms) [Parameters=[], CommandType='"Text"', CommandTimeout='30']
SELECT 1
2026-06-30 10:38:10.195 +03:00 [INF] Acquiring an exclusive lock for migration application. See https://aka.ms/efcore-docs-migrations-lock for more information if this takes too long.
2026-06-30 10:38:10.283 +03:00 [INF] Executed DbCommand (69ms) [Parameters=[], CommandType='"Text"', CommandTimeout='30']
DECLARE @result int;
EXEC @result = sp_getapplock @Resource = '__EFMigrationsLock', @LockOwner = 'Session', @LockMode = 'Exclusive';
SELECT @result
2026-06-30 10:38:10.500 +03:00 [INF] Executed DbCommand (4ms) [Parameters=[], CommandType='"Text"', CommandTimeout='30']
IF OBJECT_ID(N'[__EFMigrationsHistory]') IS NULL
BEGIN
    CREATE TABLE [__EFMigrationsHistory] (
        [MigrationId] nvarchar(150) NOT NULL,
        [ProductVersion] nvarchar(32) NOT NULL,
        CONSTRAINT [PK___EFMigrationsHistory] PRIMARY KEY ([MigrationId])
    );
END;
2026-06-30 10:38:10.544 +03:00 [INF] Executed DbCommand (1ms) [Parameters=[], CommandType='"Text"', CommandTimeout='30']
SELECT 1
2026-06-30 10:38:10.548 +03:00 [INF] Executed DbCommand (2ms) [Parameters=[], CommandType='"Text"', CommandTimeout='30']
SELECT OBJECT_ID(N'[__EFMigrationsHistory]');
2026-06-30 10:38:10.566 +03:00 [INF] Executed DbCommand (12ms) [Parameters=[], CommandType='"Text"', CommandTimeout='30']
SELECT [MigrationId], [ProductVersion]
FROM [__EFMigrationsHistory]
ORDER BY [MigrationId];
2026-06-30 10:38:10.590 +03:00 [INF] No migrations were applied. The database is already up to date.
2026-06-30 10:38:10.597 +03:00 [INF] Executed DbCommand (4ms) [Parameters=[], CommandType='"Text"', CommandTimeout='30']
DECLARE @result int;
EXEC @result = sp_releaseapplock @Resource = '__EFMigrationsLock', @LockOwner = 'Session';
SELECT @result
2026-06-30 10:38:11.190 +03:00 [INF] Executed DbCommand (12ms) [Parameters=[], CommandType='"Text"', CommandTimeout='30']
SELECT CASE
    WHEN EXISTS (
        SELECT 1
        FROM [Users] AS [u]) THEN CAST(1 AS bit)
    ELSE CAST(0 AS bit)
END
2026-06-30 10:38:11.204 +03:00 [INF] Database already seeded. Ensuring demo accounts exist.
2026-06-30 10:38:11.391 +03:00 [INF] Executed DbCommand (7ms) [Parameters=[], CommandType='"Text"', CommandTimeout='30']
SELECT TOP(1) [u].[Id], [u].[CreatedAt], [u].[Email], [u].[IsActive], [u].[PasswordHash], [u].[Role]
FROM [Users] AS [u]
WHERE [u].[Email] = N'patient@hospital.com'
2026-06-30 10:38:11.701 +03:00 [INF] Executed DbCommand (43ms) [Parameters=[@patientUser_Id='?' (DbType = Guid)], CommandType='"Text"', CommandTimeout='30']
SELECT TOP(1) [p].[Id], [p].[Address], [p].[BloodType], [p].[CreatedAt], [p].[DateOfBirth], [p].[Email], [p].[FullName], [p].[Gender], [p].[NationalId], [p].[Phone], [p].[UserId]
FROM [Patients] AS [p]
WHERE [p].[UserId] = @patientUser_Id
2026-06-30 10:38:11.872 +03:00 [INF] Executed DbCommand (9ms) [Parameters=[], CommandType='"Text"', CommandTimeout='30']
SELECT CASE
    WHEN EXISTS (
        SELECT 1
        FROM [DefaultDoctorSchedules] AS [d]) THEN CAST(1 AS bit)
    ELSE CAST(0 AS bit)
END
2026-06-30 10:38:12.311 +03:00 [INF] Now listening on: http://localhost:5000
2026-06-30 10:38:12.311 +03:00 [INF] Application started. Press Ctrl+C to shut down.
2026-06-30 10:38:12.312 +03:00 [INF] Hosting environment: Development
2026-06-30 10:38:12.312 +03:00 [INF] Content root path: G:\DEPI\HospitalSystem.API
2026-06-30 10:38:12.641 +03:00 [WRN] Failed to determine the https port for redirect.
2026-06-30 10:38:12.649 +03:00 [INF] HTTP OPTIONS /api/doctors responded 204 in 64ms
2026-06-30 10:38:12.649 +03:00 [INF] HTTP OPTIONS /api/departments responded 204 in 64ms
2026-06-30 10:38:12.649 +03:00 [INF] HTTP OPTIONS /api/departments responded 204 in 64ms
2026-06-30 10:38:13.080 +03:00 [INF] Executed DbCommand (11ms) [Parameters=[], CommandType='"Text"', CommandTimeout='30']
SELECT [d].[Id], [d].[DepartmentId], [d].[FullName], [d].[IsActive], [d].[Phone], [d].[Specialization], [d].[UserId]
FROM [Doctors] AS [d]
2026-06-30 10:38:13.105 +03:00 [INF] Executed DbCommand (10ms) [Parameters=[], CommandType='"Text"', CommandTimeout='30']
SELECT [d].[Id], [d].[Description], [d].[IsActive], [d].[Name]
FROM [Departments] AS [d]
2026-06-30 10:38:13.120 +03:00 [INF] Executed DbCommand (3ms) [Parameters=[], CommandType='"Text"', CommandTimeout='30']
SELECT [d].[Id], [d].[Description], [d].[IsActive], [d].[Name]
FROM [Departments] AS [d]
2026-06-30 10:38:13.231 +03:00 [INF] HTTP OPTIONS /api/doctors/default-date-schedules responded 204 in 0ms
2026-06-30 10:38:13.342 +03:00 [INF] Executed DbCommand (7ms) [Parameters=[], CommandType='"Text"', CommandTimeout='30']
SELECT [d].[Id], [d].[AppointmentDurationMinutes], [d].[EndTime], [d].[IsActive], [d].[ScheduleDate], [d].[StartTime]
FROM [DefaultDoctorDateSchedules] AS [d]
2026-06-30 10:38:13.415 +03:00 [INF] HTTP GET /api/departments responded 200 in 743ms
2026-06-30 10:38:13.415 +03:00 [INF] HTTP GET /api/departments responded 200 in 743ms
2026-06-30 10:38:13.457 +03:00 [INF] Executed DbCommand (6ms) [Parameters=[@p='?' (DbType = Guid)], CommandType='"Text"', CommandTimeout='30']
SELECT TOP(1) [d].[Id], [d].[Description], [d].[IsActive], [d].[Name]
FROM [Departments] AS [d]
WHERE [d].[Id] = @p
2026-06-30 10:38:13.461 +03:00 [INF] HTTP GET /api/doctors/default-date-schedules responded 200 in 209ms
2026-06-30 10:38:13.507 +03:00 [INF] HTTP GET /api/doctors responded 200 in 835ms
2026-06-30 10:38:14.865 +03:00 [INF] Executed DbCommand (2ms) [Parameters=[], CommandType='"Text"', CommandTimeout='30']
SELECT [d].[Id], [d].[AppointmentDurationMinutes], [d].[EndTime], [d].[IsActive], [d].[ScheduleDate], [d].[StartTime]
FROM [DefaultDoctorDateSchedules] AS [d]
2026-06-30 10:38:14.870 +03:00 [INF] HTTP GET /api/doctors/default-date-schedules responded 200 in 73ms
2026-06-30 10:38:16.505 +03:00 [INF] Executed DbCommand (1ms) [Parameters=[], CommandType='"Text"', CommandTimeout='30']
SELECT [d].[Id], [d].[Description], [d].[IsActive], [d].[Name]
FROM [Departments] AS [d]
2026-06-30 10:38:16.508 +03:00 [INF] HTTP GET /api/departments responded 200 in 15ms
2026-06-30 10:38:17.471 +03:00 [INF] Executed DbCommand (1ms) [Parameters=[], CommandType='"Text"', CommandTimeout='30']
SELECT [d].[Id], [d].[Description], [d].[IsActive], [d].[Name]
FROM [Departments] AS [d]
2026-06-30 10:38:17.471 +03:00 [INF] Executed DbCommand (1ms) [Parameters=[], CommandType='"Text"', CommandTimeout='30']
SELECT [d].[Id], [d].[DepartmentId], [d].[FullName], [d].[IsActive], [d].[Phone], [d].[Specialization], [d].[UserId]
FROM [Doctors] AS [d]
2026-06-30 10:38:17.475 +03:00 [INF] HTTP GET /api/departments responded 200 in 6ms
2026-06-30 10:38:17.482 +03:00 [INF] Executed DbCommand (1ms) [Parameters=[@p='?' (DbType = Guid)], CommandType='"Text"', CommandTimeout='30']
SELECT TOP(1) [d].[Id], [d].[Description], [d].[IsActive], [d].[Name]
FROM [Departments] AS [d]
WHERE [d].[Id] = @p
2026-06-30 10:38:17.484 +03:00 [INF] HTTP GET /api/doctors responded 200 in 16ms
2026-06-30 10:38:25.090 +03:00 [INF] HTTP OPTIONS /api/doctors responded 204 in 0ms
2026-06-30 10:38:25.091 +03:00 [INF] HTTP OPTIONS /api/doctors/41885cdc-0175-4dcb-9824-944a922f6950/date-schedules responded 204 in 0ms
2026-06-30 10:38:25.111 +03:00 [INF] Executed DbCommand (2ms) [Parameters=[], CommandType='"Text"', CommandTimeout='30']
SELECT [d].[Id], [d].[DepartmentId], [d].[FullName], [d].[IsActive], [d].[Phone], [d].[Specialization], [d].[UserId]
FROM [Doctors] AS [d]
2026-06-30 10:38:25.118 +03:00 [INF] Executed DbCommand (2ms) [Parameters=[@p='?' (DbType = Guid)], CommandType='"Text"', CommandTimeout='30']
SELECT TOP(1) [d].[Id], [d].[Description], [d].[IsActive], [d].[Name]
FROM [Departments] AS [d]
WHERE [d].[Id] = @p
2026-06-30 10:38:25.121 +03:00 [INF] HTTP GET /api/doctors responded 200 in 19ms
2026-06-30 10:38:25.190 +03:00 [INF] Executed DbCommand (4ms) [Parameters=[@p='?' (DbType = Guid)], CommandType='"Text"', CommandTimeout='30']
SELECT TOP(1) [d].[Id], [d].[DepartmentId], [d].[FullName], [d].[IsActive], [d].[Phone], [d].[Specialization], [d].[UserId]
FROM [Doctors] AS [d]
WHERE [d].[Id] = @p
2026-06-30 10:38:25.216 +03:00 [INF] Executed DbCommand (7ms) [Parameters=[], CommandType='"Text"', CommandTimeout='30']
SELECT [d].[Id], [d].[AppointmentDurationMinutes], [d].[DoctorId], [d].[EndTime], [d].[IsActive], [d].[ScheduleDate], [d].[StartTime]
FROM [DoctorDateSchedules] AS [d]
2026-06-30 10:38:25.260 +03:00 [INF] HTTP GET /api/doctors/41885cdc-0175-4dcb-9824-944a922f6950/date-schedules responded 200 in 154ms
2026-06-30 10:38:34.026 +03:00 [INF] HTTP OPTIONS /api/doctors/default-date-schedules/apply-all responded 204 in 0ms
2026-06-30 10:38:34.085 +03:00 [INF] Executed DbCommand (2ms) [Parameters=[], CommandType='"Text"', CommandTimeout='30']
SELECT [d].[Id], [d].[AppointmentDurationMinutes], [d].[EndTime], [d].[IsActive], [d].[ScheduleDate], [d].[StartTime]
FROM [DefaultDoctorDateSchedules] AS [d]
2026-06-30 10:38:34.101 +03:00 [WRN] Request failed with "BadRequest"
HospitalSystem.Application.Exceptions.ValidationException: No default date schedules found in this range.
   at HospitalSystem.Application.Services.DoctorService.ApplyDefaultDateSchedulesToAllDoctorsAsync(DateOnly from, DateOnly to, CancellationToken cancellationToken) in G:\DEPI\HospitalSystem.Application\Services\DoctorService.cs:line 285
   at HospitalSystem.API.Controllers.DoctorsController.ApplyDefaultDateSchedulesToAll(DateOnly from, DateOnly to, CancellationToken cancellationToken) in G:\DEPI\HospitalSystem.API\Controllers\DoctorsController.cs:line 125
   at lambda_method444(Closure, Object)
   at Microsoft.AspNetCore.Mvc.Infrastructure.ActionMethodExecutor.AwaitableObjectResultExecutor.Execute(ActionContext actionContext, IActionResultTypeMapper mapper, ObjectMethodExecutor executor, Object controller, Object[] arguments)
   at Microsoft.AspNetCore.Mvc.Infrastructure.ControllerActionInvoker.<InvokeActionMethodAsync>g__Awaited|12_0(ControllerActionInvoker invoker, ValueTask`1 actionResultValueTask)
   at Microsoft.AspNetCore.Mvc.Infrastructure.ControllerActionInvoker.<InvokeNextActionFilterAsync>g__Awaited|10_0(ControllerActionInvoker invoker, Task lastTask, State next, Scope scope, Object state, Boolean isCompleted)
   at Microsoft.AspNetCore.Mvc.Infrastructure.ControllerActionInvoker.Rethrow(ActionExecutedContextSealed context)
   at Microsoft.AspNetCore.Mvc.Infrastructure.ControllerActionInvoker.Next(State& next, Scope& scope, Object& state, Boolean& isCompleted)
   at Microsoft.AspNetCore.Mvc.Infrastructure.ControllerActionInvoker.<InvokeInnerFilterAsync>g__Awaited|13_0(ControllerActionInvoker invoker, Task lastTask, State next, Scope scope, Object state, Boolean isCompleted)
   at Microsoft.AspNetCore.Mvc.Infrastructure.ResourceInvoker.<InvokeFilterPipelineAsync>g__Awaited|20_0(ResourceInvoker invoker, Task lastTask, State next, Scope scope, Object state, Boolean isCompleted)
   at Microsoft.AspNetCore.Mvc.Infrastructure.ResourceInvoker.<InvokeAsync>g__Awaited|17_0(ResourceInvoker invoker, Task task, IDisposable scope)
   at Microsoft.AspNetCore.Mvc.Infrastructure.ResourceInvoker.<InvokeAsync>g__Awaited|17_0(ResourceInvoker invoker, Task task, IDisposable scope)
   at Microsoft.AspNetCore.Authorization.AuthorizationMiddleware.Invoke(HttpContext context)
   at Microsoft.AspNetCore.Authentication.AuthenticationMiddleware.Invoke(HttpContext context)
   at Swashbuckle.AspNetCore.SwaggerUI.SwaggerUIMiddleware.Invoke(HttpContext httpContext)
   at Swashbuckle.AspNetCore.Swagger.SwaggerMiddleware.Invoke(HttpContext httpContext, ISwaggerProvider swaggerProvider)
   at HospitalSystem.API.Middleware.RequestLoggingMiddleware.InvokeAsync(HttpContext context) in G:\DEPI\HospitalSystem.API\Middleware\RequestLoggingMiddleware.cs:line 19
   at HospitalSystem.API.Middleware.ExceptionHandlingMiddleware.InvokeAsync(HttpContext context) in G:\DEPI\HospitalSystem.API\Middleware\ExceptionHandlingMiddleware.cs:line 24
2026-06-30 10:38:39.400 +03:00 [INF] HTTP OPTIONS /api/doctors/default-date-schedules/2026-07-01 responded 204 in 0ms
2026-06-30 10:38:39.453 +03:00 [INF] Executed DbCommand (2ms) [Parameters=[], CommandType='"Text"', CommandTimeout='30']
SELECT [d].[Id], [d].[AppointmentDurationMinutes], [d].[EndTime], [d].[IsActive], [d].[ScheduleDate], [d].[StartTime]
FROM [DefaultDoctorDateSchedules] AS [d]
2026-06-30 10:38:39.720 +03:00 [INF] Executed DbCommand (14ms) [Parameters=[@p5='?' (DbType = Guid), @p0='?' (DbType = Int32), @p1='?' (DbType = Time), @p2='?' (DbType = Boolean), @p3='?' (DbType = Date), @p4='?' (DbType = Time)], CommandType='"Text"', CommandTimeout='30']
SET IMPLICIT_TRANSACTIONS OFF;
SET NOCOUNT ON;
UPDATE [DefaultDoctorDateSchedules] SET [AppointmentDurationMinutes] = @p0, [EndTime] = @p1, [IsActive] = @p2, [ScheduleDate] = @p3, [StartTime] = @p4
OUTPUT 1
WHERE [Id] = @p5;
2026-06-30 10:38:39.770 +03:00 [INF] HTTP DELETE /api/doctors/default-date-schedules/2026-07-01 responded 200 in 358ms
2026-06-30 10:38:39.780 +03:00 [INF] HTTP OPTIONS /api/doctors/default-date-schedules responded 204 in 0ms
2026-06-30 10:38:39.792 +03:00 [INF] Executed DbCommand (1ms) [Parameters=[], CommandType='"Text"', CommandTimeout='30']
SELECT [d].[Id], [d].[AppointmentDurationMinutes], [d].[EndTime], [d].[IsActive], [d].[ScheduleDate], [d].[StartTime]
FROM [DefaultDoctorDateSchedules] AS [d]
2026-06-30 10:38:39.794 +03:00 [INF] HTTP GET /api/doctors/default-date-schedules responded 200 in 8ms
2026-06-30 10:38:52.844 +03:00 [INF] HTTP OPTIONS /api/doctors/41885cdc-0175-4dcb-9824-944a922f6950/date-schedules responded 204 in 0ms
2026-06-30 10:38:53.069 +03:00 [INF] Executed DbCommand (1ms) [Parameters=[@p='?' (DbType = Guid)], CommandType='"Text"', CommandTimeout='30']
SELECT TOP(1) [d].[Id], [d].[DepartmentId], [d].[FullName], [d].[IsActive], [d].[Phone], [d].[Specialization], [d].[UserId]
FROM [Doctors] AS [d]
WHERE [d].[Id] = @p
2026-06-30 10:38:53.073 +03:00 [INF] Executed DbCommand (1ms) [Parameters=[], CommandType='"Text"', CommandTimeout='30']
SELECT [d].[Id], [d].[AppointmentDurationMinutes], [d].[DoctorId], [d].[EndTime], [d].[IsActive], [d].[ScheduleDate], [d].[StartTime]
FROM [DoctorDateSchedules] AS [d]
2026-06-30 10:38:53.160 +03:00 [INF] Executed DbCommand (13ms) [Parameters=[@p6='?' (DbType = Guid), @p0='?' (DbType = Int32), @p1='?' (DbType = Guid), @p2='?' (DbType = Time), @p3='?' (DbType = Boolean), @p4='?' (DbType = Date), @p5='?' (DbType = Time)], CommandType='"Text"', CommandTimeout='30']
SET IMPLICIT_TRANSACTIONS OFF;
SET NOCOUNT ON;
UPDATE [DoctorDateSchedules] SET [AppointmentDurationMinutes] = @p0, [DoctorId] = @p1, [EndTime] = @p2, [IsActive] = @p3, [ScheduleDate] = @p4, [StartTime] = @p5
OUTPUT 1
WHERE [Id] = @p6;
2026-06-30 10:38:53.164 +03:00 [INF] HTTP PUT /api/doctors/41885cdc-0175-4dcb-9824-944a922f6950/date-schedules responded 200 in 311ms
2026-06-30 10:38:53.175 +03:00 [INF] Executed DbCommand (1ms) [Parameters=[@p='?' (DbType = Guid)], CommandType='"Text"', CommandTimeout='30']
SELECT TOP(1) [d].[Id], [d].[DepartmentId], [d].[FullName], [d].[IsActive], [d].[Phone], [d].[Specialization], [d].[UserId]
FROM [Doctors] AS [d]
WHERE [d].[Id] = @p
2026-06-30 10:38:53.176 +03:00 [INF] Executed DbCommand (1ms) [Parameters=[], CommandType='"Text"', CommandTimeout='30']
SELECT [d].[Id], [d].[AppointmentDurationMinutes], [d].[DoctorId], [d].[EndTime], [d].[IsActive], [d].[ScheduleDate], [d].[StartTime]
FROM [DoctorDateSchedules] AS [d]
2026-06-30 10:38:53.179 +03:00 [INF] HTTP GET /api/doctors/41885cdc-0175-4dcb-9824-944a922f6950/date-schedules responded 200 in 7ms
2026-06-30 10:39:04.744 +03:00 [INF] HTTP OPTIONS /api/doctors/41885cdc-0175-4dcb-9824-944a922f6950/date-schedules responded 204 in 0ms
2026-06-30 10:39:04.770 +03:00 [INF] Executed DbCommand (2ms) [Parameters=[@p='?' (DbType = Guid)], CommandType='"Text"', CommandTimeout='30']
SELECT TOP(1) [d].[Id], [d].[DepartmentId], [d].[FullName], [d].[IsActive], [d].[Phone], [d].[Specialization], [d].[UserId]
FROM [Doctors] AS [d]
WHERE [d].[Id] = @p
2026-06-30 10:39:04.773 +03:00 [INF] Executed DbCommand (1ms) [Parameters=[], CommandType='"Text"', CommandTimeout='30']
SELECT [d].[Id], [d].[AppointmentDurationMinutes], [d].[DoctorId], [d].[EndTime], [d].[IsActive], [d].[ScheduleDate], [d].[StartTime]
FROM [DoctorDateSchedules] AS [d]
2026-06-30 10:39:04.904 +03:00 [INF] Executed DbCommand (9ms) [Parameters=[@p0='?' (DbType = Guid), @p1='?' (DbType = Int32), @p2='?' (DbType = Guid), @p3='?' (DbType = Time), @p4='?' (DbType = Boolean), @p5='?' (DbType = Date), @p6='?' (DbType = Time)], CommandType='"Text"', CommandTimeout='30']
SET IMPLICIT_TRANSACTIONS OFF;
SET NOCOUNT ON;
INSERT INTO [DoctorDateSchedules] ([Id], [AppointmentDurationMinutes], [DoctorId], [EndTime], [IsActive], [ScheduleDate], [StartTime])
VALUES (@p0, @p1, @p2, @p3, @p4, @p5, @p6);
2026-06-30 10:39:04.906 +03:00 [INF] HTTP PUT /api/doctors/41885cdc-0175-4dcb-9824-944a922f6950/date-schedules responded 200 in 155ms
2026-06-30 10:39:04.921 +03:00 [INF] Executed DbCommand (1ms) [Parameters=[@p='?' (DbType = Guid)], CommandType='"Text"', CommandTimeout='30']
SELECT TOP(1) [d].[Id], [d].[DepartmentId], [d].[FullName], [d].[IsActive], [d].[Phone], [d].[Specialization], [d].[UserId]
FROM [Doctors] AS [d]
WHERE [d].[Id] = @p
2026-06-30 10:39:04.923 +03:00 [INF] Executed DbCommand (1ms) [Parameters=[], CommandType='"Text"', CommandTimeout='30']
SELECT [d].[Id], [d].[AppointmentDurationMinutes], [d].[DoctorId], [d].[EndTime], [d].[IsActive], [d].[ScheduleDate], [d].[StartTime]
FROM [DoctorDateSchedules] AS [d]
2026-06-30 10:39:04.925 +03:00 [INF] HTTP GET /api/doctors/41885cdc-0175-4dcb-9824-944a922f6950/date-schedules responded 200 in 9ms
2026-06-30 10:39:10.009 +03:00 [INF] HTTP OPTIONS /api/doctors/41885cdc-0175-4dcb-9824-944a922f6950/date-schedules responded 204 in 0ms
2026-06-30 10:39:10.033 +03:00 [INF] Executed DbCommand (2ms) [Parameters=[@p='?' (DbType = Guid)], CommandType='"Text"', CommandTimeout='30']
SELECT TOP(1) [d].[Id], [d].[DepartmentId], [d].[FullName], [d].[IsActive], [d].[Phone], [d].[Specialization], [d].[UserId]
FROM [Doctors] AS [d]
WHERE [d].[Id] = @p
2026-06-30 10:39:10.037 +03:00 [INF] Executed DbCommand (2ms) [Parameters=[], CommandType='"Text"', CommandTimeout='30']
SELECT [d].[Id], [d].[AppointmentDurationMinutes], [d].[DoctorId], [d].[EndTime], [d].[IsActive], [d].[ScheduleDate], [d].[StartTime]
FROM [DoctorDateSchedules] AS [d]
2026-06-30 10:39:10.049 +03:00 [INF] Executed DbCommand (4ms) [Parameters=[@p0='?' (DbType = Guid), @p1='?' (DbType = Int32), @p2='?' (DbType = Guid), @p3='?' (DbType = Time), @p4='?' (DbType = Boolean), @p5='?' (DbType = Date), @p6='?' (DbType = Time)], CommandType='"Text"', CommandTimeout='30']
SET IMPLICIT_TRANSACTIONS OFF;
SET NOCOUNT ON;
INSERT INTO [DoctorDateSchedules] ([Id], [AppointmentDurationMinutes], [DoctorId], [EndTime], [IsActive], [ScheduleDate], [StartTime])
VALUES (@p0, @p1, @p2, @p3, @p4, @p5, @p6);
2026-06-30 10:39:10.051 +03:00 [INF] HTTP PUT /api/doctors/41885cdc-0175-4dcb-9824-944a922f6950/date-schedules responded 200 in 30ms
2026-06-30 10:39:10.069 +03:00 [INF] Executed DbCommand (2ms) [Parameters=[@p='?' (DbType = Guid)], CommandType='"Text"', CommandTimeout='30']
SELECT TOP(1) [d].[Id], [d].[DepartmentId], [d].[FullName], [d].[IsActive], [d].[Phone], [d].[Specialization], [d].[UserId]
FROM [Doctors] AS [d]
WHERE [d].[Id] = @p
2026-06-30 10:39:10.072 +03:00 [INF] Executed DbCommand (1ms) [Parameters=[], CommandType='"Text"', CommandTimeout='30']
SELECT [d].[Id], [d].[AppointmentDurationMinutes], [d].[DoctorId], [d].[EndTime], [d].[IsActive], [d].[ScheduleDate], [d].[StartTime]
FROM [DoctorDateSchedules] AS [d]
2026-06-30 10:39:10.074 +03:00 [INF] HTTP GET /api/doctors/41885cdc-0175-4dcb-9824-944a922f6950/date-schedules responded 200 in 12ms
2026-06-30 10:39:17.397 +03:00 [INF] HTTP OPTIONS /api/doctors/41885cdc-0175-4dcb-9824-944a922f6950/date-schedules/2026-07-24 responded 204 in 0ms
2026-06-30 10:39:17.451 +03:00 [INF] Executed DbCommand (2ms) [Parameters=[@p='?' (DbType = Guid)], CommandType='"Text"', CommandTimeout='30']
SELECT TOP(1) [d].[Id], [d].[DepartmentId], [d].[FullName], [d].[IsActive], [d].[Phone], [d].[Specialization], [d].[UserId]
FROM [Doctors] AS [d]
WHERE [d].[Id] = @p
2026-06-30 10:39:17.455 +03:00 [INF] Executed DbCommand (1ms) [Parameters=[], CommandType='"Text"', CommandTimeout='30']
SELECT [d].[Id], [d].[AppointmentDurationMinutes], [d].[DoctorId], [d].[EndTime], [d].[IsActive], [d].[ScheduleDate], [d].[StartTime]
FROM [DoctorDateSchedules] AS [d]
2026-06-30 10:39:17.464 +03:00 [INF] Executed DbCommand (4ms) [Parameters=[@p6='?' (DbType = Guid), @p0='?' (DbType = Int32), @p1='?' (DbType = Guid), @p2='?' (DbType = Time), @p3='?' (DbType = Boolean), @p4='?' (DbType = Date), @p5='?' (DbType = Time)], CommandType='"Text"', CommandTimeout='30']
SET IMPLICIT_TRANSACTIONS OFF;
SET NOCOUNT ON;
UPDATE [DoctorDateSchedules] SET [AppointmentDurationMinutes] = @p0, [DoctorId] = @p1, [EndTime] = @p2, [IsActive] = @p3, [ScheduleDate] = @p4, [StartTime] = @p5
OUTPUT 1
WHERE [Id] = @p6;
2026-06-30 10:39:17.466 +03:00 [INF] HTTP DELETE /api/doctors/41885cdc-0175-4dcb-9824-944a922f6950/date-schedules/2026-07-24 responded 200 in 61ms
2026-06-30 10:39:17.475 +03:00 [INF] HTTP OPTIONS /api/doctors/41885cdc-0175-4dcb-9824-944a922f6950/date-schedules responded 204 in 0ms
2026-06-30 10:39:17.487 +03:00 [INF] Executed DbCommand (1ms) [Parameters=[@p='?' (DbType = Guid)], CommandType='"Text"', CommandTimeout='30']
SELECT TOP(1) [d].[Id], [d].[DepartmentId], [d].[FullName], [d].[IsActive], [d].[Phone], [d].[Specialization], [d].[UserId]
FROM [Doctors] AS [d]
WHERE [d].[Id] = @p
2026-06-30 10:39:17.489 +03:00 [INF] Executed DbCommand (1ms) [Parameters=[], CommandType='"Text"', CommandTimeout='30']
SELECT [d].[Id], [d].[AppointmentDurationMinutes], [d].[DoctorId], [d].[EndTime], [d].[IsActive], [d].[ScheduleDate], [d].[StartTime]
FROM [DoctorDateSchedules] AS [d]
2026-06-30 10:39:17.491 +03:00 [INF] HTTP GET /api/doctors/41885cdc-0175-4dcb-9824-944a922f6950/date-schedules responded 200 in 9ms
2026-06-30 10:39:19.002 +03:00 [INF] HTTP OPTIONS /api/doctors/41885cdc-0175-4dcb-9824-944a922f6950/date-schedules/2026-07-09 responded 204 in 0ms
2026-06-30 10:39:19.017 +03:00 [INF] Executed DbCommand (2ms) [Parameters=[@p='?' (DbType = Guid)], CommandType='"Text"', CommandTimeout='30']
SELECT TOP(1) [d].[Id], [d].[DepartmentId], [d].[FullName], [d].[IsActive], [d].[Phone], [d].[Specialization], [d].[UserId]
FROM [Doctors] AS [d]
WHERE [d].[Id] = @p
2026-06-30 10:39:19.020 +03:00 [INF] Executed DbCommand (1ms) [Parameters=[], CommandType='"Text"', CommandTimeout='30']
SELECT [d].[Id], [d].[AppointmentDurationMinutes], [d].[DoctorId], [d].[EndTime], [d].[IsActive], [d].[ScheduleDate], [d].[StartTime]
FROM [DoctorDateSchedules] AS [d]
2026-06-30 10:39:19.030 +03:00 [INF] Executed DbCommand (5ms) [Parameters=[@p6='?' (DbType = Guid), @p0='?' (DbType = Int32), @p1='?' (DbType = Guid), @p2='?' (DbType = Time), @p3='?' (DbType = Boolean), @p4='?' (DbType = Date), @p5='?' (DbType = Time)], CommandType='"Text"', CommandTimeout='30']
SET IMPLICIT_TRANSACTIONS OFF;
SET NOCOUNT ON;
UPDATE [DoctorDateSchedules] SET [AppointmentDurationMinutes] = @p0, [DoctorId] = @p1, [EndTime] = @p2, [IsActive] = @p3, [ScheduleDate] = @p4, [StartTime] = @p5
OUTPUT 1
WHERE [Id] = @p6;
2026-06-30 10:39:19.032 +03:00 [INF] HTTP DELETE /api/doctors/41885cdc-0175-4dcb-9824-944a922f6950/date-schedules/2026-07-09 responded 200 in 23ms
2026-06-30 10:39:19.054 +03:00 [INF] Executed DbCommand (1ms) [Parameters=[@p='?' (DbType = Guid)], CommandType='"Text"', CommandTimeout='30']
SELECT TOP(1) [d].[Id], [d].[DepartmentId], [d].[FullName], [d].[IsActive], [d].[Phone], [d].[Specialization], [d].[UserId]
FROM [Doctors] AS [d]
WHERE [d].[Id] = @p
2026-06-30 10:39:19.056 +03:00 [INF] Executed DbCommand (1ms) [Parameters=[], CommandType='"Text"', CommandTimeout='30']
SELECT [d].[Id], [d].[AppointmentDurationMinutes], [d].[DoctorId], [d].[EndTime], [d].[IsActive], [d].[ScheduleDate], [d].[StartTime]
FROM [DoctorDateSchedules] AS [d]
2026-06-30 10:39:19.058 +03:00 [INF] HTTP GET /api/doctors/41885cdc-0175-4dcb-9824-944a922f6950/date-schedules responded 200 in 13ms
2026-06-30 10:39:20.037 +03:00 [INF] HTTP OPTIONS /api/doctors/41885cdc-0175-4dcb-9824-944a922f6950/date-schedules/2026-07-01 responded 204 in 0ms
2026-06-30 10:39:20.051 +03:00 [INF] Executed DbCommand (2ms) [Parameters=[@p='?' (DbType = Guid)], CommandType='"Text"', CommandTimeout='30']
SELECT TOP(1) [d].[Id], [d].[DepartmentId], [d].[FullName], [d].[IsActive], [d].[Phone], [d].[Specialization], [d].[UserId]
FROM [Doctors] AS [d]
WHERE [d].[Id] = @p
2026-06-30 10:39:20.053 +03:00 [INF] Executed DbCommand (1ms) [Parameters=[], CommandType='"Text"', CommandTimeout='30']
SELECT [d].[Id], [d].[AppointmentDurationMinutes], [d].[DoctorId], [d].[EndTime], [d].[IsActive], [d].[ScheduleDate], [d].[StartTime]
FROM [DoctorDateSchedules] AS [d]
2026-06-30 10:39:20.061 +03:00 [INF] Executed DbCommand (4ms) [Parameters=[@p6='?' (DbType = Guid), @p0='?' (DbType = Int32), @p1='?' (DbType = Guid), @p2='?' (DbType = Time), @p3='?' (DbType = Boolean), @p4='?' (DbType = Date), @p5='?' (DbType = Time)], CommandType='"Text"', CommandTimeout='30']
SET IMPLICIT_TRANSACTIONS OFF;
SET NOCOUNT ON;
UPDATE [DoctorDateSchedules] SET [AppointmentDurationMinutes] = @p0, [DoctorId] = @p1, [EndTime] = @p2, [IsActive] = @p3, [ScheduleDate] = @p4, [StartTime] = @p5
OUTPUT 1
WHERE [Id] = @p6;
2026-06-30 10:39:20.062 +03:00 [INF] HTTP DELETE /api/doctors/41885cdc-0175-4dcb-9824-944a922f6950/date-schedules/2026-07-01 responded 200 in 18ms
2026-06-30 10:39:20.080 +03:00 [INF] Executed DbCommand (2ms) [Parameters=[@p='?' (DbType = Guid)], CommandType='"Text"', CommandTimeout='30']
SELECT TOP(1) [d].[Id], [d].[DepartmentId], [d].[FullName], [d].[IsActive], [d].[Phone], [d].[Specialization], [d].[UserId]
FROM [Doctors] AS [d]
WHERE [d].[Id] = @p
2026-06-30 10:39:20.083 +03:00 [INF] Executed DbCommand (1ms) [Parameters=[], CommandType='"Text"', CommandTimeout='30']
SELECT [d].[Id], [d].[AppointmentDurationMinutes], [d].[DoctorId], [d].[EndTime], [d].[IsActive], [d].[ScheduleDate], [d].[StartTime]
FROM [DoctorDateSchedules] AS [d]
2026-06-30 10:39:20.085 +03:00 [INF] HTTP GET /api/doctors/41885cdc-0175-4dcb-9824-944a922f6950/date-schedules responded 200 in 11ms
2026-06-30 10:39:21.556 +03:00 [INF] HTTP OPTIONS /api/doctors/41885cdc-0175-4dcb-9824-944a922f6950/date-schedules/2026-06-30 responded 204 in 0ms
2026-06-30 10:39:21.574 +03:00 [INF] Executed DbCommand (2ms) [Parameters=[@p='?' (DbType = Guid)], CommandType='"Text"', CommandTimeout='30']
SELECT TOP(1) [d].[Id], [d].[DepartmentId], [d].[FullName], [d].[IsActive], [d].[Phone], [d].[Specialization], [d].[UserId]
FROM [Doctors] AS [d]
WHERE [d].[Id] = @p
2026-06-30 10:39:21.577 +03:00 [INF] Executed DbCommand (1ms) [Parameters=[], CommandType='"Text"', CommandTimeout='30']
SELECT [d].[Id], [d].[AppointmentDurationMinutes], [d].[DoctorId], [d].[EndTime], [d].[IsActive], [d].[ScheduleDate], [d].[StartTime]
FROM [DoctorDateSchedules] AS [d]
2026-06-30 10:39:21.586 +03:00 [INF] Executed DbCommand (4ms) [Parameters=[@p6='?' (DbType = Guid), @p0='?' (DbType = Int32), @p1='?' (DbType = Guid), @p2='?' (DbType = Time), @p3='?' (DbType = Boolean), @p4='?' (DbType = Date), @p5='?' (DbType = Time)], CommandType='"Text"', CommandTimeout='30']
SET IMPLICIT_TRANSACTIONS OFF;
SET NOCOUNT ON;
UPDATE [DoctorDateSchedules] SET [AppointmentDurationMinutes] = @p0, [DoctorId] = @p1, [EndTime] = @p2, [IsActive] = @p3, [ScheduleDate] = @p4, [StartTime] = @p5
OUTPUT 1
WHERE [Id] = @p6;
2026-06-30 10:39:21.588 +03:00 [INF] HTTP DELETE /api/doctors/41885cdc-0175-4dcb-9824-944a922f6950/date-schedules/2026-06-30 responded 200 in 21ms
2026-06-30 10:39:21.622 +03:00 [INF] Executed DbCommand (1ms) [Parameters=[@p='?' (DbType = Guid)], CommandType='"Text"', CommandTimeout='30']
SELECT TOP(1) [d].[Id], [d].[DepartmentId], [d].[FullName], [d].[IsActive], [d].[Phone], [d].[Specialization], [d].[UserId]
FROM [Doctors] AS [d]
WHERE [d].[Id] = @p
2026-06-30 10:39:21.625 +03:00 [INF] Executed DbCommand (2ms) [Parameters=[], CommandType='"Text"', CommandTimeout='30']
SELECT [d].[Id], [d].[AppointmentDurationMinutes], [d].[DoctorId], [d].[EndTime], [d].[IsActive], [d].[ScheduleDate], [d].[StartTime]
FROM [DoctorDateSchedules] AS [d]
2026-06-30 10:39:21.627 +03:00 [INF] HTTP GET /api/doctors/41885cdc-0175-4dcb-9824-944a922f6950/date-schedules responded 200 in 12ms
2026-06-30 10:39:23.769 +03:00 [INF] HTTP OPTIONS /api/doctors/default-date-schedules responded 204 in 0ms
2026-06-30 10:39:23.784 +03:00 [INF] Executed DbCommand (2ms) [Parameters=[], CommandType='"Text"', CommandTimeout='30']
SELECT [d].[Id], [d].[AppointmentDurationMinutes], [d].[EndTime], [d].[IsActive], [d].[ScheduleDate], [d].[StartTime]
FROM [DefaultDoctorDateSchedules] AS [d]
2026-06-30 10:39:23.785 +03:00 [INF] HTTP GET /api/doctors/default-date-schedules responded 200 in 7ms
2026-06-30 10:39:39.388 +03:00 [INF] HTTP OPTIONS /api/doctors/default-date-schedules responded 204 in 0ms
2026-06-30 10:39:39.439 +03:00 [INF] Executed DbCommand (1ms) [Parameters=[], CommandType='"Text"', CommandTimeout='30']
SELECT [d].[Id], [d].[AppointmentDurationMinutes], [d].[EndTime], [d].[IsActive], [d].[ScheduleDate], [d].[StartTime]
FROM [DefaultDoctorDateSchedules] AS [d]
2026-06-30 10:39:39.447 +03:00 [INF] Executed DbCommand (3ms) [Parameters=[@p5='?' (DbType = Guid), @p0='?' (DbType = Int32), @p1='?' (DbType = Time), @p2='?' (DbType = Boolean), @p3='?' (DbType = Date), @p4='?' (DbType = Time)], CommandType='"Text"', CommandTimeout='30']
SET IMPLICIT_TRANSACTIONS OFF;
SET NOCOUNT ON;
UPDATE [DefaultDoctorDateSchedules] SET [AppointmentDurationMinutes] = @p0, [EndTime] = @p1, [IsActive] = @p2, [ScheduleDate] = @p3, [StartTime] = @p4
OUTPUT 1
WHERE [Id] = @p5;
2026-06-30 10:39:39.448 +03:00 [INF] HTTP PUT /api/doctors/default-date-schedules responded 200 in 54ms
2026-06-30 10:39:39.463 +03:00 [INF] Executed DbCommand (1ms) [Parameters=[], CommandType='"Text"', CommandTimeout='30']
SELECT [d].[Id], [d].[AppointmentDurationMinutes], [d].[EndTime], [d].[IsActive], [d].[ScheduleDate], [d].[StartTime]
FROM [DefaultDoctorDateSchedules] AS [d]
2026-06-30 10:39:39.465 +03:00 [INF] HTTP GET /api/doctors/default-date-schedules responded 200 in 6ms
2026-06-30 10:39:51.091 +03:00 [INF] HTTP OPTIONS /api/doctors responded 204 in 0ms
2026-06-30 10:39:51.093 +03:00 [INF] HTTP OPTIONS /api/departments responded 204 in 0ms
2026-06-30 10:39:51.109 +03:00 [INF] Executed DbCommand (1ms) [Parameters=[], CommandType='"Text"', CommandTimeout='30']
SELECT [d].[Id], [d].[Description], [d].[IsActive], [d].[Name]
FROM [Departments] AS [d]
2026-06-30 10:39:51.109 +03:00 [INF] Executed DbCommand (1ms) [Parameters=[], CommandType='"Text"', CommandTimeout='30']
SELECT [d].[Id], [d].[DepartmentId], [d].[FullName], [d].[IsActive], [d].[Phone], [d].[Specialization], [d].[UserId]
FROM [Doctors] AS [d]
2026-06-30 10:39:51.111 +03:00 [INF] HTTP GET /api/departments responded 200 in 7ms
2026-06-30 10:39:51.114 +03:00 [INF] Executed DbCommand (2ms) [Parameters=[@p='?' (DbType = Guid)], CommandType='"Text"', CommandTimeout='30']
SELECT TOP(1) [d].[Id], [d].[Description], [d].[IsActive], [d].[Name]
FROM [Departments] AS [d]
WHERE [d].[Id] = @p
2026-06-30 10:39:51.116 +03:00 [INF] HTTP GET /api/doctors responded 200 in 14ms
2026-06-30 10:39:55.762 +03:00 [INF] HTTP OPTIONS /api/doctors/default-date-schedules/2026-06-30 responded 204 in 0ms
2026-06-30 10:39:55.774 +03:00 [INF] Executed DbCommand (1ms) [Parameters=[], CommandType='"Text"', CommandTimeout='30']
SELECT [d].[Id], [d].[AppointmentDurationMinutes], [d].[EndTime], [d].[IsActive], [d].[ScheduleDate], [d].[StartTime]
FROM [DefaultDoctorDateSchedules] AS [d]
2026-06-30 10:39:55.781 +03:00 [INF] Executed DbCommand (3ms) [Parameters=[@p5='?' (DbType = Guid), @p0='?' (DbType = Int32), @p1='?' (DbType = Time), @p2='?' (DbType = Boolean), @p3='?' (DbType = Date), @p4='?' (DbType = Time)], CommandType='"Text"', CommandTimeout='30']
SET IMPLICIT_TRANSACTIONS OFF;
SET NOCOUNT ON;
UPDATE [DefaultDoctorDateSchedules] SET [AppointmentDurationMinutes] = @p0, [EndTime] = @p1, [IsActive] = @p2, [ScheduleDate] = @p3, [StartTime] = @p4
OUTPUT 1
WHERE [Id] = @p5;
2026-06-30 10:39:55.783 +03:00 [INF] HTTP DELETE /api/doctors/default-date-schedules/2026-06-30 responded 200 in 14ms
2026-06-30 10:39:55.793 +03:00 [INF] HTTP OPTIONS /api/doctors/default-date-schedules responded 204 in 0ms
2026-06-30 10:39:55.805 +03:00 [INF] Executed DbCommand (2ms) [Parameters=[], CommandType='"Text"', CommandTimeout='30']
SELECT [d].[Id], [d].[AppointmentDurationMinutes], [d].[EndTime], [d].[IsActive], [d].[ScheduleDate], [d].[StartTime]
FROM [DefaultDoctorDateSchedules] AS [d]
2026-06-30 10:39:55.807 +03:00 [INF] HTTP GET /api/doctors/default-date-schedules responded 200 in 7ms
2026-06-30 10:40:01.689 +03:00 [INF] HTTP OPTIONS /api/doctors/default-date-schedules responded 204 in 0ms
2026-06-30 10:40:01.716 +03:00 [INF] Executed DbCommand (2ms) [Parameters=[], CommandType='"Text"', CommandTimeout='30']
SELECT [d].[Id], [d].[AppointmentDurationMinutes], [d].[EndTime], [d].[IsActive], [d].[ScheduleDate], [d].[StartTime]
FROM [DefaultDoctorDateSchedules] AS [d]
2026-06-30 10:40:01.743 +03:00 [INF] Executed DbCommand (18ms) [Parameters=[@p0='?' (DbType = Guid), @p1='?' (DbType = Int32), @p2='?' (DbType = Time), @p3='?' (DbType = Boolean), @p4='?' (DbType = Date), @p5='?' (DbType = Time)], CommandType='"Text"', CommandTimeout='30']
SET IMPLICIT_TRANSACTIONS OFF;
SET NOCOUNT ON;
INSERT INTO [DefaultDoctorDateSchedules] ([Id], [AppointmentDurationMinutes], [EndTime], [IsActive], [ScheduleDate], [StartTime])
VALUES (@p0, @p1, @p2, @p3, @p4, @p5);
2026-06-30 10:40:01.744 +03:00 [INF] HTTP PUT /api/doctors/default-date-schedules responded 200 in 39ms
2026-06-30 10:40:01.761 +03:00 [INF] Executed DbCommand (1ms) [Parameters=[], CommandType='"Text"', CommandTimeout='30']
SELECT [d].[Id], [d].[AppointmentDurationMinutes], [d].[EndTime], [d].[IsActive], [d].[ScheduleDate], [d].[StartTime]
FROM [DefaultDoctorDateSchedules] AS [d]
2026-06-30 10:40:01.763 +03:00 [INF] HTTP GET /api/doctors/default-date-schedules responded 200 in 7ms
2026-06-30 10:40:06.234 +03:00 [INF] HTTP OPTIONS /api/doctors responded 204 in 0ms
2026-06-30 10:40:06.236 +03:00 [INF] HTTP OPTIONS /api/doctors/41885cdc-0175-4dcb-9824-944a922f6950/date-schedules responded 204 in 0ms
2026-06-30 10:40:06.249 +03:00 [INF] Executed DbCommand (2ms) [Parameters=[@p='?' (DbType = Guid)], CommandType='"Text"', CommandTimeout='30']
SELECT TOP(1) [d].[Id], [d].[DepartmentId], [d].[FullName], [d].[IsActive], [d].[Phone], [d].[Specialization], [d].[UserId]
FROM [Doctors] AS [d]
WHERE [d].[Id] = @p
2026-06-30 10:40:06.249 +03:00 [INF] Executed DbCommand (1ms) [Parameters=[], CommandType='"Text"', CommandTimeout='30']
SELECT [d].[Id], [d].[DepartmentId], [d].[FullName], [d].[IsActive], [d].[Phone], [d].[Specialization], [d].[UserId]
FROM [Doctors] AS [d]
2026-06-30 10:40:06.253 +03:00 [INF] Executed DbCommand (1ms) [Parameters=[], CommandType='"Text"', CommandTimeout='30']
SELECT [d].[Id], [d].[AppointmentDurationMinutes], [d].[DoctorId], [d].[EndTime], [d].[IsActive], [d].[ScheduleDate], [d].[StartTime]
FROM [DoctorDateSchedules] AS [d]
2026-06-30 10:40:06.253 +03:00 [INF] Executed DbCommand (1ms) [Parameters=[@p='?' (DbType = Guid)], CommandType='"Text"', CommandTimeout='30']
SELECT TOP(1) [d].[Id], [d].[Description], [d].[IsActive], [d].[Name]
FROM [Departments] AS [d]
WHERE [d].[Id] = @p
2026-06-30 10:40:06.255 +03:00 [INF] HTTP GET /api/doctors/41885cdc-0175-4dcb-9824-944a922f6950/date-schedules responded 200 in 11ms
2026-06-30 10:40:06.255 +03:00 [INF] HTTP GET /api/doctors responded 200 in 12ms
2026-06-30 10:40:21.272 +03:00 [INF] HTTP OPTIONS /api/doctors/41885cdc-0175-4dcb-9824-944a922f6950/date-schedules responded 204 in 0ms
2026-06-30 10:40:21.287 +03:00 [INF] Executed DbCommand (1ms) [Parameters=[@p='?' (DbType = Guid)], CommandType='"Text"', CommandTimeout='30']
SELECT TOP(1) [d].[Id], [d].[DepartmentId], [d].[FullName], [d].[IsActive], [d].[Phone], [d].[Specialization], [d].[UserId]
FROM [Doctors] AS [d]
WHERE [d].[Id] = @p
2026-06-30 10:40:21.290 +03:00 [INF] Executed DbCommand (1ms) [Parameters=[], CommandType='"Text"', CommandTimeout='30']
SELECT [d].[Id], [d].[AppointmentDurationMinutes], [d].[DoctorId], [d].[EndTime], [d].[IsActive], [d].[ScheduleDate], [d].[StartTime]
FROM [DoctorDateSchedules] AS [d]
2026-06-30 10:40:21.304 +03:00 [INF] Executed DbCommand (12ms) [Parameters=[@p6='?' (DbType = Guid), @p0='?' (DbType = Int32), @p1='?' (DbType = Guid), @p2='?' (DbType = Time), @p3='?' (DbType = Boolean), @p4='?' (DbType = Date), @p5='?' (DbType = Time)], CommandType='"Text"', CommandTimeout='30']
SET IMPLICIT_TRANSACTIONS OFF;
SET NOCOUNT ON;
UPDATE [DoctorDateSchedules] SET [AppointmentDurationMinutes] = @p0, [DoctorId] = @p1, [EndTime] = @p2, [IsActive] = @p3, [ScheduleDate] = @p4, [StartTime] = @p5
OUTPUT 1
WHERE [Id] = @p6;
2026-06-30 10:40:21.305 +03:00 [INF] HTTP PUT /api/doctors/41885cdc-0175-4dcb-9824-944a922f6950/date-schedules responded 200 in 25ms
2026-06-30 10:40:21.320 +03:00 [INF] Executed DbCommand (1ms) [Parameters=[@p='?' (DbType = Guid)], CommandType='"Text"', CommandTimeout='30']
SELECT TOP(1) [d].[Id], [d].[DepartmentId], [d].[FullName], [d].[IsActive], [d].[Phone], [d].[Specialization], [d].[UserId]
FROM [Doctors] AS [d]
WHERE [d].[Id] = @p
2026-06-30 10:40:21.323 +03:00 [INF] Executed DbCommand (1ms) [Parameters=[], CommandType='"Text"', CommandTimeout='30']
SELECT [d].[Id], [d].[AppointmentDurationMinutes], [d].[DoctorId], [d].[EndTime], [d].[IsActive], [d].[ScheduleDate], [d].[StartTime]
FROM [DoctorDateSchedules] AS [d]
2026-06-30 10:40:21.324 +03:00 [INF] HTTP GET /api/doctors/41885cdc-0175-4dcb-9824-944a922f6950/date-schedules responded 200 in 8ms
2026-06-30 10:40:26.637 +03:00 [INF] HTTP OPTIONS /api/doctors/41885cdc-0175-4dcb-9824-944a922f6950/date-schedules responded 204 in 0ms
2026-06-30 10:40:26.651 +03:00 [INF] Executed DbCommand (1ms) [Parameters=[@p='?' (DbType = Guid)], CommandType='"Text"', CommandTimeout='30']
SELECT TOP(1) [d].[Id], [d].[DepartmentId], [d].[FullName], [d].[IsActive], [d].[Phone], [d].[Specialization], [d].[UserId]
FROM [Doctors] AS [d]
WHERE [d].[Id] = @p
2026-06-30 10:40:26.654 +03:00 [INF] Executed DbCommand (1ms) [Parameters=[], CommandType='"Text"', CommandTimeout='30']
SELECT [d].[Id], [d].[AppointmentDurationMinutes], [d].[DoctorId], [d].[EndTime], [d].[IsActive], [d].[ScheduleDate], [d].[StartTime]
FROM [DoctorDateSchedules] AS [d]
2026-06-30 10:40:26.669 +03:00 [INF] Executed DbCommand (12ms) [Parameters=[@p6='?' (DbType = Guid), @p0='?' (DbType = Int32), @p1='?' (DbType = Guid), @p2='?' (DbType = Time), @p3='?' (DbType = Boolean), @p4='?' (DbType = Date), @p5='?' (DbType = Time)], CommandType='"Text"', CommandTimeout='30']
SET IMPLICIT_TRANSACTIONS OFF;
SET NOCOUNT ON;
UPDATE [DoctorDateSchedules] SET [AppointmentDurationMinutes] = @p0, [DoctorId] = @p1, [EndTime] = @p2, [IsActive] = @p3, [ScheduleDate] = @p4, [StartTime] = @p5
OUTPUT 1
WHERE [Id] = @p6;
2026-06-30 10:40:26.671 +03:00 [INF] HTTP PUT /api/doctors/41885cdc-0175-4dcb-9824-944a922f6950/date-schedules responded 200 in 26ms
2026-06-30 10:40:26.690 +03:00 [INF] Executed DbCommand (1ms) [Parameters=[@p='?' (DbType = Guid)], CommandType='"Text"', CommandTimeout='30']
SELECT TOP(1) [d].[Id], [d].[DepartmentId], [d].[FullName], [d].[IsActive], [d].[Phone], [d].[Specialization], [d].[UserId]
FROM [Doctors] AS [d]
WHERE [d].[Id] = @p
2026-06-30 10:40:26.692 +03:00 [INF] Executed DbCommand (1ms) [Parameters=[], CommandType='"Text"', CommandTimeout='30']
SELECT [d].[Id], [d].[AppointmentDurationMinutes], [d].[DoctorId], [d].[EndTime], [d].[IsActive], [d].[ScheduleDate], [d].[StartTime]
FROM [DoctorDateSchedules] AS [d]
2026-06-30 10:40:26.694 +03:00 [INF] HTTP GET /api/doctors/41885cdc-0175-4dcb-9824-944a922f6950/date-schedules responded 200 in 10ms
2026-06-30 10:40:30.027 +03:00 [INF] HTTP OPTIONS /api/doctors responded 204 in 0ms
2026-06-30 10:40:30.028 +03:00 [INF] HTTP OPTIONS /api/departments responded 204 in 0ms
2026-06-30 10:40:30.042 +03:00 [INF] Executed DbCommand (1ms) [Parameters=[], CommandType='"Text"', CommandTimeout='30']
SELECT [d].[Id], [d].[DepartmentId], [d].[FullName], [d].[IsActive], [d].[Phone], [d].[Specialization], [d].[UserId]
FROM [Doctors] AS [d]
2026-06-30 10:40:30.043 +03:00 [INF] Executed DbCommand (1ms) [Parameters=[], CommandType='"Text"', CommandTimeout='30']
SELECT [d].[Id], [d].[Description], [d].[IsActive], [d].[Name]
FROM [Departments] AS [d]
2026-06-30 10:40:30.044 +03:00 [INF] HTTP GET /api/departments responded 200 in 6ms
2026-06-30 10:40:30.046 +03:00 [INF] Executed DbCommand (2ms) [Parameters=[@p='?' (DbType = Guid)], CommandType='"Text"', CommandTimeout='30']
SELECT TOP(1) [d].[Id], [d].[Description], [d].[IsActive], [d].[Name]
FROM [Departments] AS [d]
WHERE [d].[Id] = @p
2026-06-30 10:40:30.047 +03:00 [INF] HTTP GET /api/doctors responded 200 in 11ms
2026-06-30 10:40:38.534 +03:00 [INF] HTTP OPTIONS /api/doctors/default-date-schedules responded 204 in 0ms
2026-06-30 10:40:38.545 +03:00 [INF] Executed DbCommand (1ms) [Parameters=[], CommandType='"Text"', CommandTimeout='30']
SELECT [d].[Id], [d].[AppointmentDurationMinutes], [d].[EndTime], [d].[IsActive], [d].[ScheduleDate], [d].[StartTime]
FROM [DefaultDoctorDateSchedules] AS [d]
2026-06-30 10:40:38.546 +03:00 [INF] HTTP GET /api/doctors/default-date-schedules responded 200 in 6ms
2026-06-30 10:40:41.497 +03:00 [INF] HTTP OPTIONS /api/doctors/default-date-schedules/2026-07-11 responded 204 in 0ms
2026-06-30 10:40:41.509 +03:00 [INF] Executed DbCommand (2ms) [Parameters=[], CommandType='"Text"', CommandTimeout='30']
SELECT [d].[Id], [d].[AppointmentDurationMinutes], [d].[EndTime], [d].[IsActive], [d].[ScheduleDate], [d].[StartTime]
FROM [DefaultDoctorDateSchedules] AS [d]
2026-06-30 10:40:41.522 +03:00 [INF] Executed DbCommand (11ms) [Parameters=[@p5='?' (DbType = Guid), @p0='?' (DbType = Int32), @p1='?' (DbType = Time), @p2='?' (DbType = Boolean), @p3='?' (DbType = Date), @p4='?' (DbType = Time)], CommandType='"Text"', CommandTimeout='30']
SET IMPLICIT_TRANSACTIONS OFF;
SET NOCOUNT ON;
UPDATE [DefaultDoctorDateSchedules] SET [AppointmentDurationMinutes] = @p0, [EndTime] = @p1, [IsActive] = @p2, [ScheduleDate] = @p3, [StartTime] = @p4
OUTPUT 1
WHERE [Id] = @p5;
2026-06-30 10:40:41.523 +03:00 [INF] HTTP DELETE /api/doctors/default-date-schedules/2026-07-11 responded 200 in 20ms
2026-06-30 10:40:41.537 +03:00 [INF] Executed DbCommand (1ms) [Parameters=[], CommandType='"Text"', CommandTimeout='30']
SELECT [d].[Id], [d].[AppointmentDurationMinutes], [d].[EndTime], [d].[IsActive], [d].[ScheduleDate], [d].[StartTime]
FROM [DefaultDoctorDateSchedules] AS [d]
2026-06-30 10:40:41.538 +03:00 [INF] HTTP GET /api/doctors/default-date-schedules responded 200 in 4ms
2026-06-30 10:40:45.979 +03:00 [INF] HTTP OPTIONS /api/doctors/default-date-schedules responded 204 in 0ms
2026-06-30 10:40:45.991 +03:00 [INF] Executed DbCommand (1ms) [Parameters=[], CommandType='"Text"', CommandTimeout='30']
SELECT [d].[Id], [d].[AppointmentDurationMinutes], [d].[EndTime], [d].[IsActive], [d].[ScheduleDate], [d].[StartTime]
FROM [DefaultDoctorDateSchedules] AS [d]
2026-06-30 10:40:46.005 +03:00 [INF] Executed DbCommand (12ms) [Parameters=[@p5='?' (DbType = Guid), @p0='?' (DbType = Int32), @p1='?' (DbType = Time), @p2='?' (DbType = Boolean), @p3='?' (DbType = Date), @p4='?' (DbType = Time)], CommandType='"Text"', CommandTimeout='30']
SET IMPLICIT_TRANSACTIONS OFF;
SET NOCOUNT ON;
UPDATE [DefaultDoctorDateSchedules] SET [AppointmentDurationMinutes] = @p0, [EndTime] = @p1, [IsActive] = @p2, [ScheduleDate] = @p3, [StartTime] = @p4
OUTPUT 1
WHERE [Id] = @p5;
2026-06-30 10:40:46.006 +03:00 [INF] HTTP PUT /api/doctors/default-date-schedules responded 200 in 21ms
2026-06-30 10:40:46.022 +03:00 [INF] Executed DbCommand (1ms) [Parameters=[], CommandType='"Text"', CommandTimeout='30']
SELECT [d].[Id], [d].[AppointmentDurationMinutes], [d].[EndTime], [d].[IsActive], [d].[ScheduleDate], [d].[StartTime]
FROM [DefaultDoctorDateSchedules] AS [d]
2026-06-30 10:40:46.023 +03:00 [INF] HTTP GET /api/doctors/default-date-schedules responded 200 in 5ms
2026-06-30 10:40:49.382 +03:00 [INF] HTTP OPTIONS /api/doctors responded 204 in 0ms
2026-06-30 10:40:49.389 +03:00 [INF] Executed DbCommand (1ms) [Parameters=[], CommandType='"Text"', CommandTimeout='30']
SELECT [d].[Id], [d].[DepartmentId], [d].[FullName], [d].[IsActive], [d].[Phone], [d].[Specialization], [d].[UserId]
FROM [Doctors] AS [d]
2026-06-30 10:40:49.391 +03:00 [INF] Executed DbCommand (1ms) [Parameters=[@p='?' (DbType = Guid)], CommandType='"Text"', CommandTimeout='30']
SELECT TOP(1) [d].[Id], [d].[Description], [d].[IsActive], [d].[Name]
FROM [Departments] AS [d]
WHERE [d].[Id] = @p
2026-06-30 10:40:49.392 +03:00 [INF] HTTP GET /api/doctors responded 200 in 6ms
2026-06-30 10:40:52.748 +03:00 [INF] HTTP OPTIONS /api/departments responded 204 in 0ms
2026-06-30 10:40:52.762 +03:00 [INF] Executed DbCommand (2ms) [Parameters=[], CommandType='"Text"', CommandTimeout='30']
SELECT [d].[Id], [d].[Description], [d].[IsActive], [d].[Name]
FROM [Departments] AS [d]
2026-06-30 10:40:52.763 +03:00 [INF] HTTP GET /api/departments responded 200 in 7ms
2026-06-30 10:41:36.211 +03:00 [INF] HTTP OPTIONS /api/doctors responded 204 in 0ms
2026-06-30 10:41:36.338 +03:00 [INF] Executed DbCommand (2ms) [Parameters=[@p='?' (DbType = Guid)], CommandType='"Text"', CommandTimeout='30']
SELECT TOP(1) [d].[Id], [d].[Description], [d].[IsActive], [d].[Name]
FROM [Departments] AS [d]
WHERE [d].[Id] = @p
2026-06-30 10:41:36.364 +03:00 [INF] Executed DbCommand (4ms) [Parameters=[], CommandType='"Text"', CommandTimeout='30']
SELECT [u].[Id], [u].[CreatedAt], [u].[Email], [u].[IsActive], [u].[PasswordHash], [u].[Role]
FROM [Users] AS [u]
2026-06-30 10:41:37.266 +03:00 [INF] Executed DbCommand (16ms) [Parameters=[@p0='?' (DbType = Guid), @p1='?' (DbType = DateTime2), @p2='?' (Size = 256), @p3='?' (DbType = Boolean), @p4='?' (Size = 512), @p5='?' (Size = 50), @p6='?' (DbType = Guid), @p7='?' (DbType = Guid), @p8='?' (Size = 200), @p9='?' (DbType = Boolean), @p10='?' (Size = 50), @p11='?' (Size = 200), @p12='?' (DbType = Guid)], CommandType='"Text"', CommandTimeout='30']
SET NOCOUNT ON;
INSERT INTO [Users] ([Id], [CreatedAt], [Email], [IsActive], [PasswordHash], [Role])
VALUES (@p0, @p1, @p2, @p3, @p4, @p5);
INSERT INTO [Doctors] ([Id], [DepartmentId], [FullName], [IsActive], [Phone], [Specialization], [UserId])
VALUES (@p6, @p7, @p8, @p9, @p10, @p11, @p12);
2026-06-30 10:41:37.273 +03:00 [INF] Executed DbCommand (1ms) [Parameters=[], CommandType='"Text"', CommandTimeout='30']
SELECT [d].[Id], [d].[AppointmentDurationMinutes], [d].[EndTime], [d].[IsActive], [d].[ScheduleDate], [d].[StartTime]
FROM [DefaultDoctorDateSchedules] AS [d]
2026-06-30 10:41:37.275 +03:00 [INF] Executed DbCommand (1ms) [Parameters=[], CommandType='"Text"', CommandTimeout='30']
SELECT [d].[Id], [d].[AppointmentDurationMinutes], [d].[DoctorId], [d].[EndTime], [d].[IsActive], [d].[ScheduleDate], [d].[StartTime]
FROM [DoctorDateSchedules] AS [d]
2026-06-30 10:41:37.279 +03:00 [INF] Executed DbCommand (2ms) [Parameters=[@p0='?' (DbType = Guid), @p1='?' (DbType = Int32), @p2='?' (DbType = Guid), @p3='?' (DbType = Time), @p4='?' (DbType = Boolean), @p5='?' (DbType = Date), @p6='?' (DbType = Time)], CommandType='"Text"', CommandTimeout='30']
SET IMPLICIT_TRANSACTIONS OFF;
SET NOCOUNT ON;
INSERT INTO [DoctorDateSchedules] ([Id], [AppointmentDurationMinutes], [DoctorId], [EndTime], [IsActive], [ScheduleDate], [StartTime])
VALUES (@p0, @p1, @p2, @p3, @p4, @p5, @p6);
2026-06-30 10:41:37.282 +03:00 [INF] HTTP POST /api/doctors responded 200 in 1065ms
2026-06-30 10:41:37.295 +03:00 [INF] HTTP OPTIONS /api/doctors responded 204 in 0ms
2026-06-30 10:41:37.303 +03:00 [INF] Executed DbCommand (1ms) [Parameters=[], CommandType='"Text"', CommandTimeout='30']
SELECT [d].[Id], [d].[DepartmentId], [d].[FullName], [d].[IsActive], [d].[Phone], [d].[Specialization], [d].[UserId]
FROM [Doctors] AS [d]
2026-06-30 10:41:37.305 +03:00 [INF] Executed DbCommand (1ms) [Parameters=[@p='?' (DbType = Guid)], CommandType='"Text"', CommandTimeout='30']
SELECT TOP(1) [d].[Id], [d].[Description], [d].[IsActive], [d].[Name]
FROM [Departments] AS [d]
WHERE [d].[Id] = @p
2026-06-30 10:41:37.307 +03:00 [INF] Executed DbCommand (1ms) [Parameters=[@p='?' (DbType = Guid)], CommandType='"Text"', CommandTimeout='30']
SELECT TOP(1) [d].[Id], [d].[Description], [d].[IsActive], [d].[Name]
FROM [Departments] AS [d]
WHERE [d].[Id] = @p
2026-06-30 10:41:37.308 +03:00 [INF] HTTP GET /api/doctors responded 200 in 8ms
2026-06-30 10:41:44.882 +03:00 [INF] HTTP OPTIONS /api/doctors responded 204 in 0ms
2026-06-30 10:41:44.885 +03:00 [INF] HTTP OPTIONS /api/doctors/38807a7c-e4ef-4cad-bdf2-08fa24f03cbe/date-schedules responded 204 in 0ms
2026-06-30 10:41:44.902 +03:00 [INF] Executed DbCommand (2ms) [Parameters=[], CommandType='"Text"', CommandTimeout='30']
SELECT [d].[Id], [d].[DepartmentId], [d].[FullName], [d].[IsActive], [d].[Phone], [d].[Specialization], [d].[UserId]
FROM [Doctors] AS [d]
2026-06-30 10:41:44.905 +03:00 [INF] Executed DbCommand (1ms) [Parameters=[@p='?' (DbType = Guid)], CommandType='"Text"', CommandTimeout='30']
SELECT TOP(1) [d].[Id], [d].[DepartmentId], [d].[FullName], [d].[IsActive], [d].[Phone], [d].[Specialization], [d].[UserId]
FROM [Doctors] AS [d]
WHERE [d].[Id] = @p
2026-06-30 10:41:44.905 +03:00 [INF] Executed DbCommand (2ms) [Parameters=[@p='?' (DbType = Guid)], CommandType='"Text"', CommandTimeout='30']
SELECT TOP(1) [d].[Id], [d].[Description], [d].[IsActive], [d].[Name]
FROM [Departments] AS [d]
WHERE [d].[Id] = @p
2026-06-30 10:41:44.908 +03:00 [INF] Executed DbCommand (2ms) [Parameters=[], CommandType='"Text"', CommandTimeout='30']
SELECT [d].[Id], [d].[AppointmentDurationMinutes], [d].[DoctorId], [d].[EndTime], [d].[IsActive], [d].[ScheduleDate], [d].[StartTime]
FROM [DoctorDateSchedules] AS [d]
2026-06-30 10:41:44.909 +03:00 [INF] Executed DbCommand (1ms) [Parameters=[@p='?' (DbType = Guid)], CommandType='"Text"', CommandTimeout='30']
SELECT TOP(1) [d].[Id], [d].[Description], [d].[IsActive], [d].[Name]
FROM [Departments] AS [d]
WHERE [d].[Id] = @p
2026-06-30 10:41:44.911 +03:00 [INF] HTTP GET /api/doctors responded 200 in 15ms
2026-06-30 10:41:44.911 +03:00 [INF] HTTP GET /api/doctors/38807a7c-e4ef-4cad-bdf2-08fa24f03cbe/date-schedules responded 200 in 13ms
2026-06-30 10:41:53.482 +03:00 [INF] HTTP OPTIONS /api/doctors/default-date-schedules responded 204 in 0ms
2026-06-30 10:41:53.495 +03:00 [INF] Executed DbCommand (2ms) [Parameters=[], CommandType='"Text"', CommandTimeout='30']
SELECT [d].[Id], [d].[AppointmentDurationMinutes], [d].[EndTime], [d].[IsActive], [d].[ScheduleDate], [d].[StartTime]
FROM [DefaultDoctorDateSchedules] AS [d]
2026-06-30 10:41:53.496 +03:00 [INF] HTTP GET /api/doctors/default-date-schedules responded 200 in 7ms
2026-06-30 10:42:10.133 +03:00 [INF] HTTP OPTIONS /api/doctors/default-date-schedules/apply-all responded 204 in 0ms
2026-06-30 10:42:10.144 +03:00 [INF] Executed DbCommand (1ms) [Parameters=[], CommandType='"Text"', CommandTimeout='30']
SELECT [d].[Id], [d].[AppointmentDurationMinutes], [d].[EndTime], [d].[IsActive], [d].[ScheduleDate], [d].[StartTime]
FROM [DefaultDoctorDateSchedules] AS [d]
2026-06-30 10:42:10.147 +03:00 [WRN] Request failed with "BadRequest"
HospitalSystem.Application.Exceptions.ValidationException: No default date schedules found in this range.
   at HospitalSystem.Application.Services.DoctorService.ApplyDefaultDateSchedulesToAllDoctorsAsync(DateOnly from, DateOnly to, CancellationToken cancellationToken) in G:\DEPI\HospitalSystem.Application\Services\DoctorService.cs:line 285
   at HospitalSystem.API.Controllers.DoctorsController.ApplyDefaultDateSchedulesToAll(DateOnly from, DateOnly to, CancellationToken cancellationToken) in G:\DEPI\HospitalSystem.API\Controllers\DoctorsController.cs:line 125
   at lambda_method444(Closure, Object)
   at Microsoft.AspNetCore.Mvc.Infrastructure.ActionMethodExecutor.AwaitableObjectResultExecutor.Execute(ActionContext actionContext, IActionResultTypeMapper mapper, ObjectMethodExecutor executor, Object controller, Object[] arguments)
   at Microsoft.AspNetCore.Mvc.Infrastructure.ControllerActionInvoker.<InvokeActionMethodAsync>g__Awaited|12_0(ControllerActionInvoker invoker, ValueTask`1 actionResultValueTask)
   at Microsoft.AspNetCore.Mvc.Infrastructure.ControllerActionInvoker.<InvokeNextActionFilterAsync>g__Awaited|10_0(ControllerActionInvoker invoker, Task lastTask, State next, Scope scope, Object state, Boolean isCompleted)
   at Microsoft.AspNetCore.Mvc.Infrastructure.ControllerActionInvoker.Rethrow(ActionExecutedContextSealed context)
   at Microsoft.AspNetCore.Mvc.Infrastructure.ControllerActionInvoker.Next(State& next, Scope& scope, Object& state, Boolean& isCompleted)
   at Microsoft.AspNetCore.Mvc.Infrastructure.ControllerActionInvoker.<InvokeInnerFilterAsync>g__Awaited|13_0(ControllerActionInvoker invoker, Task lastTask, State next, Scope scope, Object state, Boolean isCompleted)
   at Microsoft.AspNetCore.Mvc.Infrastructure.ResourceInvoker.<InvokeFilterPipelineAsync>g__Awaited|20_0(ResourceInvoker invoker, Task lastTask, State next, Scope scope, Object state, Boolean isCompleted)
   at Microsoft.AspNetCore.Mvc.Infrastructure.ResourceInvoker.<InvokeAsync>g__Awaited|17_0(ResourceInvoker invoker, Task task, IDisposable scope)
   at Microsoft.AspNetCore.Mvc.Infrastructure.ResourceInvoker.<InvokeAsync>g__Awaited|17_0(ResourceInvoker invoker, Task task, IDisposable scope)
   at Microsoft.AspNetCore.Authorization.AuthorizationMiddleware.Invoke(HttpContext context)
   at Microsoft.AspNetCore.Authentication.AuthenticationMiddleware.Invoke(HttpContext context)
   at Swashbuckle.AspNetCore.SwaggerUI.SwaggerUIMiddleware.Invoke(HttpContext httpContext)
   at Swashbuckle.AspNetCore.Swagger.SwaggerMiddleware.Invoke(HttpContext httpContext, ISwaggerProvider swaggerProvider)
   at HospitalSystem.API.Middleware.RequestLoggingMiddleware.InvokeAsync(HttpContext context) in G:\DEPI\HospitalSystem.API\Middleware\RequestLoggingMiddleware.cs:line 19
   at HospitalSystem.API.Middleware.ExceptionHandlingMiddleware.InvokeAsync(HttpContext context) in G:\DEPI\HospitalSystem.API\Middleware\ExceptionHandlingMiddleware.cs:line 24
2026-06-30 10:42:13.820 +03:00 [INF] Executed DbCommand (1ms) [Parameters=[], CommandType='"Text"', CommandTimeout='30']
SELECT [d].[Id], [d].[AppointmentDurationMinutes], [d].[EndTime], [d].[IsActive], [d].[ScheduleDate], [d].[StartTime]
FROM [DefaultDoctorDateSchedules] AS [d]
2026-06-30 10:42:13.823 +03:00 [WRN] Request failed with "BadRequest"
HospitalSystem.Application.Exceptions.ValidationException: No default date schedules found in this range.
   at HospitalSystem.Application.Services.DoctorService.ApplyDefaultDateSchedulesToAllDoctorsAsync(DateOnly from, DateOnly to, CancellationToken cancellationToken) in G:\DEPI\HospitalSystem.Application\Services\DoctorService.cs:line 285
   at HospitalSystem.API.Controllers.DoctorsController.ApplyDefaultDateSchedulesToAll(DateOnly from, DateOnly to, CancellationToken cancellationToken) in G:\DEPI\HospitalSystem.API\Controllers\DoctorsController.cs:line 125
   at lambda_method444(Closure, Object)
   at Microsoft.AspNetCore.Mvc.Infrastructure.ActionMethodExecutor.AwaitableObjectResultExecutor.Execute(ActionContext actionContext, IActionResultTypeMapper mapper, ObjectMethodExecutor executor, Object controller, Object[] arguments)
   at Microsoft.AspNetCore.Mvc.Infrastructure.ControllerActionInvoker.<InvokeActionMethodAsync>g__Awaited|12_0(ControllerActionInvoker invoker, ValueTask`1 actionResultValueTask)
   at Microsoft.AspNetCore.Mvc.Infrastructure.ControllerActionInvoker.<InvokeNextActionFilterAsync>g__Awaited|10_0(ControllerActionInvoker invoker, Task lastTask, State next, Scope scope, Object state, Boolean isCompleted)
   at Microsoft.AspNetCore.Mvc.Infrastructure.ControllerActionInvoker.Rethrow(ActionExecutedContextSealed context)
   at Microsoft.AspNetCore.Mvc.Infrastructure.ControllerActionInvoker.Next(State& next, Scope& scope, Object& state, Boolean& isCompleted)
   at Microsoft.AspNetCore.Mvc.Infrastructure.ControllerActionInvoker.<InvokeInnerFilterAsync>g__Awaited|13_0(ControllerActionInvoker invoker, Task lastTask, State next, Scope scope, Object state, Boolean isCompleted)
   at Microsoft.AspNetCore.Mvc.Infrastructure.ResourceInvoker.<InvokeFilterPipelineAsync>g__Awaited|20_0(ResourceInvoker invoker, Task lastTask, State next, Scope scope, Object state, Boolean isCompleted)
   at Microsoft.AspNetCore.Mvc.Infrastructure.ResourceInvoker.<InvokeAsync>g__Awaited|17_0(ResourceInvoker invoker, Task task, IDisposable scope)
   at Microsoft.AspNetCore.Mvc.Infrastructure.ResourceInvoker.<InvokeAsync>g__Awaited|17_0(ResourceInvoker invoker, Task task, IDisposable scope)
   at Microsoft.AspNetCore.Authorization.AuthorizationMiddleware.Invoke(HttpContext context)
   at Microsoft.AspNetCore.Authentication.AuthenticationMiddleware.Invoke(HttpContext context)
   at Swashbuckle.AspNetCore.SwaggerUI.SwaggerUIMiddleware.Invoke(HttpContext httpContext)
   at Swashbuckle.AspNetCore.Swagger.SwaggerMiddleware.Invoke(HttpContext httpContext, ISwaggerProvider swaggerProvider)
   at HospitalSystem.API.Middleware.RequestLoggingMiddleware.InvokeAsync(HttpContext context) in G:\DEPI\HospitalSystem.API\Middleware\RequestLoggingMiddleware.cs:line 19
   at HospitalSystem.API.Middleware.ExceptionHandlingMiddleware.InvokeAsync(HttpContext context) in G:\DEPI\HospitalSystem.API\Middleware\ExceptionHandlingMiddleware.cs:line 24
2026-06-30 10:42:19.407 +03:00 [INF] HTTP OPTIONS /api/doctors/default-date-schedules/apply-all responded 204 in 0ms
2026-06-30 10:42:19.427 +03:00 [INF] Executed DbCommand (2ms) [Parameters=[], CommandType='"Text"', CommandTimeout='30']
SELECT [d].[Id], [d].[AppointmentDurationMinutes], [d].[EndTime], [d].[IsActive], [d].[ScheduleDate], [d].[StartTime]
FROM [DefaultDoctorDateSchedules] AS [d]
2026-06-30 10:42:19.493 +03:00 [WRN] Request failed with "BadRequest"
HospitalSystem.Application.Exceptions.ValidationException: No default date schedules found in this range.
   at HospitalSystem.Application.Services.DoctorService.ApplyDefaultDateSchedulesToAllDoctorsAsync(DateOnly from, DateOnly to, CancellationToken cancellationToken) in G:\DEPI\HospitalSystem.Application\Services\DoctorService.cs:line 285
   at HospitalSystem.API.Controllers.DoctorsController.ApplyDefaultDateSchedulesToAll(DateOnly from, DateOnly to, CancellationToken cancellationToken) in G:\DEPI\HospitalSystem.API\Controllers\DoctorsController.cs:line 125
   at lambda_method444(Closure, Object)
   at Microsoft.AspNetCore.Mvc.Infrastructure.ActionMethodExecutor.AwaitableObjectResultExecutor.Execute(ActionContext actionContext, IActionResultTypeMapper mapper, ObjectMethodExecutor executor, Object controller, Object[] arguments)
   at Microsoft.AspNetCore.Mvc.Infrastructure.ControllerActionInvoker.<InvokeActionMethodAsync>g__Awaited|12_0(ControllerActionInvoker invoker, ValueTask`1 actionResultValueTask)
   at Microsoft.AspNetCore.Mvc.Infrastructure.ControllerActionInvoker.<InvokeNextActionFilterAsync>g__Awaited|10_0(ControllerActionInvoker invoker, Task lastTask, State next, Scope scope, Object state, Boolean isCompleted)
   at Microsoft.AspNetCore.Mvc.Infrastructure.ControllerActionInvoker.Rethrow(ActionExecutedContextSealed context)
   at Microsoft.AspNetCore.Mvc.Infrastructure.ControllerActionInvoker.Next(State& next, Scope& scope, Object& state, Boolean& isCompleted)
   at Microsoft.AspNetCore.Mvc.Infrastructure.ControllerActionInvoker.<InvokeInnerFilterAsync>g__Awaited|13_0(ControllerActionInvoker invoker, Task lastTask, State next, Scope scope, Object state, Boolean isCompleted)
   at Microsoft.AspNetCore.Mvc.Infrastructure.ResourceInvoker.<InvokeFilterPipelineAsync>g__Awaited|20_0(ResourceInvoker invoker, Task lastTask, State next, Scope scope, Object state, Boolean isCompleted)
   at Microsoft.AspNetCore.Mvc.Infrastructure.ResourceInvoker.<InvokeAsync>g__Awaited|17_0(ResourceInvoker invoker, Task task, IDisposable scope)
   at Microsoft.AspNetCore.Mvc.Infrastructure.ResourceInvoker.<InvokeAsync>g__Awaited|17_0(ResourceInvoker invoker, Task task, IDisposable scope)
   at Microsoft.AspNetCore.Authorization.AuthorizationMiddleware.Invoke(HttpContext context)
   at Microsoft.AspNetCore.Authentication.AuthenticationMiddleware.Invoke(HttpContext context)
   at Swashbuckle.AspNetCore.SwaggerUI.SwaggerUIMiddleware.Invoke(HttpContext httpContext)
   at Swashbuckle.AspNetCore.Swagger.SwaggerMiddleware.Invoke(HttpContext httpContext, ISwaggerProvider swaggerProvider)
   at HospitalSystem.API.Middleware.RequestLoggingMiddleware.InvokeAsync(HttpContext context) in G:\DEPI\HospitalSystem.API\Middleware\RequestLoggingMiddleware.cs:line 19
   at HospitalSystem.API.Middleware.ExceptionHandlingMiddleware.InvokeAsync(HttpContext context) in G:\DEPI\HospitalSystem.API\Middleware\ExceptionHandlingMiddleware.cs:line 24
2026-06-30 10:42:23.027 +03:00 [INF] Executed DbCommand (1ms) [Parameters=[], CommandType='"Text"', CommandTimeout='30']
SELECT [d].[Id], [d].[AppointmentDurationMinutes], [d].[EndTime], [d].[IsActive], [d].[ScheduleDate], [d].[StartTime]
FROM [DefaultDoctorDateSchedules] AS [d]
2026-06-30 10:42:23.028 +03:00 [WRN] Request failed with "BadRequest"
HospitalSystem.Application.Exceptions.ValidationException: No default date schedules found in this range.
   at HospitalSystem.Application.Services.DoctorService.ApplyDefaultDateSchedulesToAllDoctorsAsync(DateOnly from, DateOnly to, CancellationToken cancellationToken) in G:\DEPI\HospitalSystem.Application\Services\DoctorService.cs:line 285
   at HospitalSystem.API.Controllers.DoctorsController.ApplyDefaultDateSchedulesToAll(DateOnly from, DateOnly to, CancellationToken cancellationToken) in G:\DEPI\HospitalSystem.API\Controllers\DoctorsController.cs:line 125
   at lambda_method444(Closure, Object)
   at Microsoft.AspNetCore.Mvc.Infrastructure.ActionMethodExecutor.AwaitableObjectResultExecutor.Execute(ActionContext actionContext, IActionResultTypeMapper mapper, ObjectMethodExecutor executor, Object controller, Object[] arguments)
   at Microsoft.AspNetCore.Mvc.Infrastructure.ControllerActionInvoker.<InvokeActionMethodAsync>g__Awaited|12_0(ControllerActionInvoker invoker, ValueTask`1 actionResultValueTask)
   at Microsoft.AspNetCore.Mvc.Infrastructure.ControllerActionInvoker.<InvokeNextActionFilterAsync>g__Awaited|10_0(ControllerActionInvoker invoker, Task lastTask, State next, Scope scope, Object state, Boolean isCompleted)
   at Microsoft.AspNetCore.Mvc.Infrastructure.ControllerActionInvoker.Rethrow(ActionExecutedContextSealed context)
   at Microsoft.AspNetCore.Mvc.Infrastructure.ControllerActionInvoker.Next(State& next, Scope& scope, Object& state, Boolean& isCompleted)
   at Microsoft.AspNetCore.Mvc.Infrastructure.ControllerActionInvoker.<InvokeInnerFilterAsync>g__Awaited|13_0(ControllerActionInvoker invoker, Task lastTask, State next, Scope scope, Object state, Boolean isCompleted)
   at Microsoft.AspNetCore.Mvc.Infrastructure.ResourceInvoker.<InvokeFilterPipelineAsync>g__Awaited|20_0(ResourceInvoker invoker, Task lastTask, State next, Scope scope, Object state, Boolean isCompleted)
   at Microsoft.AspNetCore.Mvc.Infrastructure.ResourceInvoker.<InvokeAsync>g__Awaited|17_0(ResourceInvoker invoker, Task task, IDisposable scope)
   at Microsoft.AspNetCore.Mvc.Infrastructure.ResourceInvoker.<InvokeAsync>g__Awaited|17_0(ResourceInvoker invoker, Task task, IDisposable scope)
   at Microsoft.AspNetCore.Authorization.AuthorizationMiddleware.Invoke(HttpContext context)
   at Microsoft.AspNetCore.Authentication.AuthenticationMiddleware.Invoke(HttpContext context)
   at Swashbuckle.AspNetCore.SwaggerUI.SwaggerUIMiddleware.Invoke(HttpContext httpContext)
   at Swashbuckle.AspNetCore.Swagger.SwaggerMiddleware.Invoke(HttpContext httpContext, ISwaggerProvider swaggerProvider)
   at HospitalSystem.API.Middleware.RequestLoggingMiddleware.InvokeAsync(HttpContext context) in G:\DEPI\HospitalSystem.API\Middleware\RequestLoggingMiddleware.cs:line 19
   at HospitalSystem.API.Middleware.ExceptionHandlingMiddleware.InvokeAsync(HttpContext context) in G:\DEPI\HospitalSystem.API\Middleware\ExceptionHandlingMiddleware.cs:line 24
2026-06-30 10:42:28.345 +03:00 [INF] HTTP OPTIONS /api/doctors/default-date-schedules/apply-all responded 204 in 0ms
2026-06-30 10:42:28.361 +03:00 [INF] Executed DbCommand (1ms) [Parameters=[], CommandType='"Text"', CommandTimeout='30']
SELECT [d].[Id], [d].[AppointmentDurationMinutes], [d].[EndTime], [d].[IsActive], [d].[ScheduleDate], [d].[StartTime]
FROM [DefaultDoctorDateSchedules] AS [d]
2026-06-30 10:42:28.368 +03:00 [WRN] Request failed with "BadRequest"
HospitalSystem.Application.Exceptions.ValidationException: No default date schedules found in this range.
   at HospitalSystem.Application.Services.DoctorService.ApplyDefaultDateSchedulesToAllDoctorsAsync(DateOnly from, DateOnly to, CancellationToken cancellationToken) in G:\DEPI\HospitalSystem.Application\Services\DoctorService.cs:line 285
   at HospitalSystem.API.Controllers.DoctorsController.ApplyDefaultDateSchedulesToAll(DateOnly from, DateOnly to, CancellationToken cancellationToken) in G:\DEPI\HospitalSystem.API\Controllers\DoctorsController.cs:line 125
   at lambda_method444(Closure, Object)
   at Microsoft.AspNetCore.Mvc.Infrastructure.ActionMethodExecutor.AwaitableObjectResultExecutor.Execute(ActionContext actionContext, IActionResultTypeMapper mapper, ObjectMethodExecutor executor, Object controller, Object[] arguments)
   at Microsoft.AspNetCore.Mvc.Infrastructure.ControllerActionInvoker.<InvokeActionMethodAsync>g__Awaited|12_0(ControllerActionInvoker invoker, ValueTask`1 actionResultValueTask)
   at Microsoft.AspNetCore.Mvc.Infrastructure.ControllerActionInvoker.<InvokeNextActionFilterAsync>g__Awaited|10_0(ControllerActionInvoker invoker, Task lastTask, State next, Scope scope, Object state, Boolean isCompleted)
   at Microsoft.AspNetCore.Mvc.Infrastructure.ControllerActionInvoker.Rethrow(ActionExecutedContextSealed context)
   at Microsoft.AspNetCore.Mvc.Infrastructure.ControllerActionInvoker.Next(State& next, Scope& scope, Object& state, Boolean& isCompleted)
   at Microsoft.AspNetCore.Mvc.Infrastructure.ControllerActionInvoker.<InvokeInnerFilterAsync>g__Awaited|13_0(ControllerActionInvoker invoker, Task lastTask, State next, Scope scope, Object state, Boolean isCompleted)
   at Microsoft.AspNetCore.Mvc.Infrastructure.ResourceInvoker.<InvokeFilterPipelineAsync>g__Awaited|20_0(ResourceInvoker invoker, Task lastTask, State next, Scope scope, Object state, Boolean isCompleted)
   at Microsoft.AspNetCore.Mvc.Infrastructure.ResourceInvoker.<InvokeAsync>g__Awaited|17_0(ResourceInvoker invoker, Task task, IDisposable scope)
   at Microsoft.AspNetCore.Mvc.Infrastructure.ResourceInvoker.<InvokeAsync>g__Awaited|17_0(ResourceInvoker invoker, Task task, IDisposable scope)
   at Microsoft.AspNetCore.Authorization.AuthorizationMiddleware.Invoke(HttpContext context)
   at Microsoft.AspNetCore.Authentication.AuthenticationMiddleware.Invoke(HttpContext context)
   at Swashbuckle.AspNetCore.SwaggerUI.SwaggerUIMiddleware.Invoke(HttpContext httpContext)
   at Swashbuckle.AspNetCore.Swagger.SwaggerMiddleware.Invoke(HttpContext httpContext, ISwaggerProvider swaggerProvider)
   at HospitalSystem.API.Middleware.RequestLoggingMiddleware.InvokeAsync(HttpContext context) in G:\DEPI\HospitalSystem.API\Middleware\RequestLoggingMiddleware.cs:line 19
   at HospitalSystem.API.Middleware.ExceptionHandlingMiddleware.InvokeAsync(HttpContext context) in G:\DEPI\HospitalSystem.API\Middleware\ExceptionHandlingMiddleware.cs:line 24
2026-06-30 10:42:36.157 +03:00 [INF] HTTP OPTIONS /api/doctors/default-date-schedules/apply-all responded 204 in 0ms
2026-06-30 10:42:36.169 +03:00 [INF] Executed DbCommand (2ms) [Parameters=[], CommandType='"Text"', CommandTimeout='30']
SELECT [d].[Id], [d].[AppointmentDurationMinutes], [d].[EndTime], [d].[IsActive], [d].[ScheduleDate], [d].[StartTime]
FROM [DefaultDoctorDateSchedules] AS [d]
2026-06-30 10:42:36.172 +03:00 [WRN] Request failed with "BadRequest"
HospitalSystem.Application.Exceptions.ValidationException: No default date schedules found in this range.
   at HospitalSystem.Application.Services.DoctorService.ApplyDefaultDateSchedulesToAllDoctorsAsync(DateOnly from, DateOnly to, CancellationToken cancellationToken) in G:\DEPI\HospitalSystem.Application\Services\DoctorService.cs:line 285
   at HospitalSystem.API.Controllers.DoctorsController.ApplyDefaultDateSchedulesToAll(DateOnly from, DateOnly to, CancellationToken cancellationToken) in G:\DEPI\HospitalSystem.API\Controllers\DoctorsController.cs:line 125
   at lambda_method444(Closure, Object)
   at Microsoft.AspNetCore.Mvc.Infrastructure.ActionMethodExecutor.AwaitableObjectResultExecutor.Execute(ActionContext actionContext, IActionResultTypeMapper mapper, ObjectMethodExecutor executor, Object controller, Object[] arguments)
   at Microsoft.AspNetCore.Mvc.Infrastructure.ControllerActionInvoker.<InvokeActionMethodAsync>g__Awaited|12_0(ControllerActionInvoker invoker, ValueTask`1 actionResultValueTask)
   at Microsoft.AspNetCore.Mvc.Infrastructure.ControllerActionInvoker.<InvokeNextActionFilterAsync>g__Awaited|10_0(ControllerActionInvoker invoker, Task lastTask, State next, Scope scope, Object state, Boolean isCompleted)
   at Microsoft.AspNetCore.Mvc.Infrastructure.ControllerActionInvoker.Rethrow(ActionExecutedContextSealed context)
   at Microsoft.AspNetCore.Mvc.Infrastructure.ControllerActionInvoker.Next(State& next, Scope& scope, Object& state, Boolean& isCompleted)
   at Microsoft.AspNetCore.Mvc.Infrastructure.ControllerActionInvoker.<InvokeInnerFilterAsync>g__Awaited|13_0(ControllerActionInvoker invoker, Task lastTask, State next, Scope scope, Object state, Boolean isCompleted)
   at Microsoft.AspNetCore.Mvc.Infrastructure.ResourceInvoker.<InvokeFilterPipelineAsync>g__Awaited|20_0(ResourceInvoker invoker, Task lastTask, State next, Scope scope, Object state, Boolean isCompleted)
   at Microsoft.AspNetCore.Mvc.Infrastructure.ResourceInvoker.<InvokeAsync>g__Awaited|17_0(ResourceInvoker invoker, Task task, IDisposable scope)
   at Microsoft.AspNetCore.Mvc.Infrastructure.ResourceInvoker.<InvokeAsync>g__Awaited|17_0(ResourceInvoker invoker, Task task, IDisposable scope)
   at Microsoft.AspNetCore.Authorization.AuthorizationMiddleware.Invoke(HttpContext context)
   at Microsoft.AspNetCore.Authentication.AuthenticationMiddleware.Invoke(HttpContext context)
   at Swashbuckle.AspNetCore.SwaggerUI.SwaggerUIMiddleware.Invoke(HttpContext httpContext)
   at Swashbuckle.AspNetCore.Swagger.SwaggerMiddleware.Invoke(HttpContext httpContext, ISwaggerProvider swaggerProvider)
   at HospitalSystem.API.Middleware.RequestLoggingMiddleware.InvokeAsync(HttpContext context) in G:\DEPI\HospitalSystem.API\Middleware\RequestLoggingMiddleware.cs:line 19
   at HospitalSystem.API.Middleware.ExceptionHandlingMiddleware.InvokeAsync(HttpContext context) in G:\DEPI\HospitalSystem.API\Middleware\ExceptionHandlingMiddleware.cs:line 24
2026-06-30 10:42:37.071 +03:00 [INF] Executed DbCommand (2ms) [Parameters=[], CommandType='"Text"', CommandTimeout='30']
SELECT [d].[Id], [d].[AppointmentDurationMinutes], [d].[EndTime], [d].[IsActive], [d].[ScheduleDate], [d].[StartTime]
FROM [DefaultDoctorDateSchedules] AS [d]
2026-06-30 10:42:37.072 +03:00 [WRN] Request failed with "BadRequest"
HospitalSystem.Application.Exceptions.ValidationException: No default date schedules found in this range.
   at HospitalSystem.Application.Services.DoctorService.ApplyDefaultDateSchedulesToAllDoctorsAsync(DateOnly from, DateOnly to, CancellationToken cancellationToken) in G:\DEPI\HospitalSystem.Application\Services\DoctorService.cs:line 285
   at HospitalSystem.API.Controllers.DoctorsController.ApplyDefaultDateSchedulesToAll(DateOnly from, DateOnly to, CancellationToken cancellationToken) in G:\DEPI\HospitalSystem.API\Controllers\DoctorsController.cs:line 125
   at lambda_method444(Closure, Object)
   at Microsoft.AspNetCore.Mvc.Infrastructure.ActionMethodExecutor.AwaitableObjectResultExecutor.Execute(ActionContext actionContext, IActionResultTypeMapper mapper, ObjectMethodExecutor executor, Object controller, Object[] arguments)
   at Microsoft.AspNetCore.Mvc.Infrastructure.ControllerActionInvoker.<InvokeActionMethodAsync>g__Awaited|12_0(ControllerActionInvoker invoker, ValueTask`1 actionResultValueTask)
   at Microsoft.AspNetCore.Mvc.Infrastructure.ControllerActionInvoker.<InvokeNextActionFilterAsync>g__Awaited|10_0(ControllerActionInvoker invoker, Task lastTask, State next, Scope scope, Object state, Boolean isCompleted)
   at Microsoft.AspNetCore.Mvc.Infrastructure.ControllerActionInvoker.Rethrow(ActionExecutedContextSealed context)
   at Microsoft.AspNetCore.Mvc.Infrastructure.ControllerActionInvoker.Next(State& next, Scope& scope, Object& state, Boolean& isCompleted)
   at Microsoft.AspNetCore.Mvc.Infrastructure.ControllerActionInvoker.<InvokeInnerFilterAsync>g__Awaited|13_0(ControllerActionInvoker invoker, Task lastTask, State next, Scope scope, Object state, Boolean isCompleted)
   at Microsoft.AspNetCore.Mvc.Infrastructure.ResourceInvoker.<InvokeFilterPipelineAsync>g__Awaited|20_0(ResourceInvoker invoker, Task lastTask, State next, Scope scope, Object state, Boolean isCompleted)
   at Microsoft.AspNetCore.Mvc.Infrastructure.ResourceInvoker.<InvokeAsync>g__Awaited|17_0(ResourceInvoker invoker, Task task, IDisposable scope)
   at Microsoft.AspNetCore.Mvc.Infrastructure.ResourceInvoker.<InvokeAsync>g__Awaited|17_0(ResourceInvoker invoker, Task task, IDisposable scope)
   at Microsoft.AspNetCore.Authorization.AuthorizationMiddleware.Invoke(HttpContext context)
   at Microsoft.AspNetCore.Authentication.AuthenticationMiddleware.Invoke(HttpContext context)
   at Swashbuckle.AspNetCore.SwaggerUI.SwaggerUIMiddleware.Invoke(HttpContext httpContext)
   at Swashbuckle.AspNetCore.Swagger.SwaggerMiddleware.Invoke(HttpContext httpContext, ISwaggerProvider swaggerProvider)
   at HospitalSystem.API.Middleware.RequestLoggingMiddleware.InvokeAsync(HttpContext context) in G:\DEPI\HospitalSystem.API\Middleware\RequestLoggingMiddleware.cs:line 19
   at HospitalSystem.API.Middleware.ExceptionHandlingMiddleware.InvokeAsync(HttpContext context) in G:\DEPI\HospitalSystem.API\Middleware\ExceptionHandlingMiddleware.cs:line 24
2026-06-30 10:42:46.160 +03:00 [INF] HTTP OPTIONS /api/doctors/default-date-schedules/apply-all responded 204 in 0ms
2026-06-30 10:42:46.167 +03:00 [INF] Executed DbCommand (1ms) [Parameters=[], CommandType='"Text"', CommandTimeout='30']
SELECT [d].[Id], [d].[AppointmentDurationMinutes], [d].[EndTime], [d].[IsActive], [d].[ScheduleDate], [d].[StartTime]
FROM [DefaultDoctorDateSchedules] AS [d]
2026-06-30 10:42:46.168 +03:00 [WRN] Request failed with "BadRequest"
HospitalSystem.Application.Exceptions.ValidationException: No default date schedules found in this range.
   at HospitalSystem.Application.Services.DoctorService.ApplyDefaultDateSchedulesToAllDoctorsAsync(DateOnly from, DateOnly to, CancellationToken cancellationToken) in G:\DEPI\HospitalSystem.Application\Services\DoctorService.cs:line 285
   at HospitalSystem.API.Controllers.DoctorsController.ApplyDefaultDateSchedulesToAll(DateOnly from, DateOnly to, CancellationToken cancellationToken) in G:\DEPI\HospitalSystem.API\Controllers\DoctorsController.cs:line 125
   at lambda_method444(Closure, Object)
   at Microsoft.AspNetCore.Mvc.Infrastructure.ActionMethodExecutor.AwaitableObjectResultExecutor.Execute(ActionContext actionContext, IActionResultTypeMapper mapper, ObjectMethodExecutor executor, Object controller, Object[] arguments)
   at Microsoft.AspNetCore.Mvc.Infrastructure.ControllerActionInvoker.<InvokeActionMethodAsync>g__Awaited|12_0(ControllerActionInvoker invoker, ValueTask`1 actionResultValueTask)
   at Microsoft.AspNetCore.Mvc.Infrastructure.ControllerActionInvoker.<InvokeNextActionFilterAsync>g__Awaited|10_0(ControllerActionInvoker invoker, Task lastTask, State next, Scope scope, Object state, Boolean isCompleted)
   at Microsoft.AspNetCore.Mvc.Infrastructure.ControllerActionInvoker.Rethrow(ActionExecutedContextSealed context)
   at Microsoft.AspNetCore.Mvc.Infrastructure.ControllerActionInvoker.Next(State& next, Scope& scope, Object& state, Boolean& isCompleted)
   at Microsoft.AspNetCore.Mvc.Infrastructure.ControllerActionInvoker.<InvokeInnerFilterAsync>g__Awaited|13_0(ControllerActionInvoker invoker, Task lastTask, State next, Scope scope, Object state, Boolean isCompleted)
   at Microsoft.AspNetCore.Mvc.Infrastructure.ResourceInvoker.<InvokeFilterPipelineAsync>g__Awaited|20_0(ResourceInvoker invoker, Task lastTask, State next, Scope scope, Object state, Boolean isCompleted)
   at Microsoft.AspNetCore.Mvc.Infrastructure.ResourceInvoker.<InvokeAsync>g__Awaited|17_0(ResourceInvoker invoker, Task task, IDisposable scope)
   at Microsoft.AspNetCore.Mvc.Infrastructure.ResourceInvoker.<InvokeAsync>g__Awaited|17_0(ResourceInvoker invoker, Task task, IDisposable scope)
   at Microsoft.AspNetCore.Authorization.AuthorizationMiddleware.Invoke(HttpContext context)
   at Microsoft.AspNetCore.Authentication.AuthenticationMiddleware.Invoke(HttpContext context)
   at Swashbuckle.AspNetCore.SwaggerUI.SwaggerUIMiddleware.Invoke(HttpContext httpContext)
   at Swashbuckle.AspNetCore.Swagger.SwaggerMiddleware.Invoke(HttpContext httpContext, ISwaggerProvider swaggerProvider)
   at HospitalSystem.API.Middleware.RequestLoggingMiddleware.InvokeAsync(HttpContext context) in G:\DEPI\HospitalSystem.API\Middleware\RequestLoggingMiddleware.cs:line 19
   at HospitalSystem.API.Middleware.ExceptionHandlingMiddleware.InvokeAsync(HttpContext context) in G:\DEPI\HospitalSystem.API\Middleware\ExceptionHandlingMiddleware.cs:line 24
2026-06-30 10:43:19.196 +03:00 [INF] HTTP OPTIONS /api/doctors/default-date-schedules/apply-all responded 204 in 0ms
2026-06-30 10:43:19.209 +03:00 [INF] Executed DbCommand (1ms) [Parameters=[], CommandType='"Text"', CommandTimeout='30']
SELECT [d].[Id], [d].[AppointmentDurationMinutes], [d].[EndTime], [d].[IsActive], [d].[ScheduleDate], [d].[StartTime]
FROM [DefaultDoctorDateSchedules] AS [d]
2026-06-30 10:43:19.211 +03:00 [INF] Executed DbCommand (1ms) [Parameters=[], CommandType='"Text"', CommandTimeout='30']
SELECT [d].[Id], [d].[DepartmentId], [d].[FullName], [d].[IsActive], [d].[Phone], [d].[Specialization], [d].[UserId]
FROM [Doctors] AS [d]
2026-06-30 10:43:19.214 +03:00 [INF] Executed DbCommand (1ms) [Parameters=[], CommandType='"Text"', CommandTimeout='30']
SELECT [d].[Id], [d].[AppointmentDurationMinutes], [d].[DoctorId], [d].[EndTime], [d].[IsActive], [d].[ScheduleDate], [d].[StartTime]
FROM [DoctorDateSchedules] AS [d]
2026-06-30 10:43:19.230 +03:00 [INF] Executed DbCommand (11ms) [Parameters=[@p6='?' (DbType = Guid), @p0='?' (DbType = Int32), @p1='?' (DbType = Guid), @p2='?' (DbType = Time), @p3='?' (DbType = Boolean), @p4='?' (DbType = Date), @p5='?' (DbType = Time)], CommandType='"Text"', CommandTimeout='30']
SET IMPLICIT_TRANSACTIONS OFF;
SET NOCOUNT ON;
UPDATE [DoctorDateSchedules] SET [AppointmentDurationMinutes] = @p0, [DoctorId] = @p1, [EndTime] = @p2, [IsActive] = @p3, [ScheduleDate] = @p4, [StartTime] = @p5
OUTPUT 1
WHERE [Id] = @p6;
2026-06-30 10:43:19.232 +03:00 [INF] Executed DbCommand (1ms) [Parameters=[], CommandType='"Text"', CommandTimeout='30']
SELECT [d].[Id], [d].[AppointmentDurationMinutes], [d].[DoctorId], [d].[EndTime], [d].[IsActive], [d].[ScheduleDate], [d].[StartTime]
FROM [DoctorDateSchedules] AS [d]
2026-06-30 10:43:19.236 +03:00 [INF] Executed DbCommand (2ms) [Parameters=[@p0='?' (DbType = Guid), @p1='?' (DbType = Int32), @p2='?' (DbType = Guid), @p3='?' (DbType = Time), @p4='?' (DbType = Boolean), @p5='?' (DbType = Date), @p6='?' (DbType = Time)], CommandType='"Text"', CommandTimeout='30']
SET IMPLICIT_TRANSACTIONS OFF;
SET NOCOUNT ON;
INSERT INTO [DoctorDateSchedules] ([Id], [AppointmentDurationMinutes], [DoctorId], [EndTime], [IsActive], [ScheduleDate], [StartTime])
VALUES (@p0, @p1, @p2, @p3, @p4, @p5, @p6);
2026-06-30 10:43:19.238 +03:00 [INF] Executed DbCommand (1ms) [Parameters=[], CommandType='"Text"', CommandTimeout='30']
SELECT [d].[Id], [d].[AppointmentDurationMinutes], [d].[DoctorId], [d].[EndTime], [d].[IsActive], [d].[ScheduleDate], [d].[StartTime]
FROM [DoctorDateSchedules] AS [d]
2026-06-30 10:43:19.242 +03:00 [INF] Executed DbCommand (3ms) [Parameters=[@p0='?' (DbType = Guid), @p1='?' (DbType = Int32), @p2='?' (DbType = Guid), @p3='?' (DbType = Time), @p4='?' (DbType = Boolean), @p5='?' (DbType = Date), @p6='?' (DbType = Time)], CommandType='"Text"', CommandTimeout='30']
SET IMPLICIT_TRANSACTIONS OFF;
SET NOCOUNT ON;
INSERT INTO [DoctorDateSchedules] ([Id], [AppointmentDurationMinutes], [DoctorId], [EndTime], [IsActive], [ScheduleDate], [StartTime])
VALUES (@p0, @p1, @p2, @p3, @p4, @p5, @p6);
2026-06-30 10:43:19.243 +03:00 [INF] HTTP POST /api/doctors/default-date-schedules/apply-all responded 200 in 40ms
2026-06-30 10:43:21.717 +03:00 [INF] HTTP OPTIONS /api/doctors responded 204 in 0ms
2026-06-30 10:43:21.718 +03:00 [INF] HTTP OPTIONS /api/departments responded 204 in 0ms
2026-06-30 10:43:21.737 +03:00 [INF] Executed DbCommand (1ms) [Parameters=[], CommandType='"Text"', CommandTimeout='30']
SELECT [d].[Id], [d].[DepartmentId], [d].[FullName], [d].[IsActive], [d].[Phone], [d].[Specialization], [d].[UserId]
FROM [Doctors] AS [d]
2026-06-30 10:43:21.738 +03:00 [INF] Executed DbCommand (1ms) [Parameters=[], CommandType='"Text"', CommandTimeout='30']
SELECT [d].[Id], [d].[Description], [d].[IsActive], [d].[Name]
FROM [Departments] AS [d]
2026-06-30 10:43:21.739 +03:00 [INF] HTTP GET /api/departments responded 200 in 4ms
2026-06-30 10:43:21.743 +03:00 [INF] Executed DbCommand (1ms) [Parameters=[@p='?' (DbType = Guid)], CommandType='"Text"', CommandTimeout='30']
SELECT TOP(1) [d].[Id], [d].[Description], [d].[IsActive], [d].[Name]
FROM [Departments] AS [d]
WHERE [d].[Id] = @p
2026-06-30 10:43:21.746 +03:00 [INF] Executed DbCommand (2ms) [Parameters=[@p='?' (DbType = Guid)], CommandType='"Text"', CommandTimeout='30']
SELECT TOP(1) [d].[Id], [d].[Description], [d].[IsActive], [d].[Name]
FROM [Departments] AS [d]
WHERE [d].[Id] = @p
2026-06-30 10:43:21.748 +03:00 [INF] HTTP GET /api/doctors responded 200 in 15ms
2026-06-30 10:43:27.357 +03:00 [INF] HTTP OPTIONS /api/doctors responded 204 in 0ms
2026-06-30 10:43:27.358 +03:00 [INF] HTTP OPTIONS /api/doctors/38807a7c-e4ef-4cad-bdf2-08fa24f03cbe/date-schedules responded 204 in 0ms
2026-06-30 10:43:27.369 +03:00 [INF] Executed DbCommand (1ms) [Parameters=[], CommandType='"Text"', CommandTimeout='30']
SELECT [d].[Id], [d].[DepartmentId], [d].[FullName], [d].[IsActive], [d].[Phone], [d].[Specialization], [d].[UserId]
FROM [Doctors] AS [d]
2026-06-30 10:43:27.370 +03:00 [INF] Executed DbCommand (1ms) [Parameters=[@p='?' (DbType = Guid)], CommandType='"Text"', CommandTimeout='30']
SELECT TOP(1) [d].[Id], [d].[DepartmentId], [d].[FullName], [d].[IsActive], [d].[Phone], [d].[Specialization], [d].[UserId]
FROM [Doctors] AS [d]
WHERE [d].[Id] = @p
2026-06-30 10:43:27.372 +03:00 [INF] Executed DbCommand (1ms) [Parameters=[], CommandType='"Text"', CommandTimeout='30']
SELECT [d].[Id], [d].[AppointmentDurationMinutes], [d].[DoctorId], [d].[EndTime], [d].[IsActive], [d].[ScheduleDate], [d].[StartTime]
FROM [DoctorDateSchedules] AS [d]
2026-06-30 10:43:27.372 +03:00 [INF] Executed DbCommand (1ms) [Parameters=[@p='?' (DbType = Guid)], CommandType='"Text"', CommandTimeout='30']
SELECT TOP(1) [d].[Id], [d].[Description], [d].[IsActive], [d].[Name]
FROM [Departments] AS [d]
WHERE [d].[Id] = @p
2026-06-30 10:43:27.373 +03:00 [INF] HTTP GET /api/doctors/38807a7c-e4ef-4cad-bdf2-08fa24f03cbe/date-schedules responded 200 in 7ms
2026-06-30 10:43:27.374 +03:00 [INF] Executed DbCommand (1ms) [Parameters=[@p='?' (DbType = Guid)], CommandType='"Text"', CommandTimeout='30']
SELECT TOP(1) [d].[Id], [d].[Description], [d].[IsActive], [d].[Name]
FROM [Departments] AS [d]
WHERE [d].[Id] = @p
2026-06-30 10:43:27.375 +03:00 [INF] HTTP GET /api/doctors responded 200 in 9ms
2026-06-30 10:43:30.028 +03:00 [INF] HTTP OPTIONS /api/doctors/default-date-schedules responded 204 in 0ms
2026-06-30 10:43:30.037 +03:00 [INF] Executed DbCommand (1ms) [Parameters=[], CommandType='"Text"', CommandTimeout='30']
SELECT [d].[Id], [d].[AppointmentDurationMinutes], [d].[EndTime], [d].[IsActive], [d].[ScheduleDate], [d].[StartTime]
FROM [DefaultDoctorDateSchedules] AS [d]
2026-06-30 10:43:30.038 +03:00 [INF] HTTP GET /api/doctors/default-date-schedules responded 200 in 4ms
2026-06-30 10:43:34.739 +03:00 [INF] HTTP OPTIONS /api/doctors responded 204 in 0ms
2026-06-30 10:43:34.741 +03:00 [INF] HTTP OPTIONS /api/doctors/41885cdc-0175-4dcb-9824-944a922f6950/date-schedules responded 204 in 0ms
2026-06-30 10:43:34.753 +03:00 [INF] Executed DbCommand (2ms) [Parameters=[], CommandType='"Text"', CommandTimeout='30']
SELECT [d].[Id], [d].[DepartmentId], [d].[FullName], [d].[IsActive], [d].[Phone], [d].[Specialization], [d].[UserId]
FROM [Doctors] AS [d]
2026-06-30 10:43:34.753 +03:00 [INF] Executed DbCommand (1ms) [Parameters=[@p='?' (DbType = Guid)], CommandType='"Text"', CommandTimeout='30']
SELECT TOP(1) [d].[Id], [d].[DepartmentId], [d].[FullName], [d].[IsActive], [d].[Phone], [d].[Specialization], [d].[UserId]
FROM [Doctors] AS [d]
WHERE [d].[Id] = @p
2026-06-30 10:43:34.756 +03:00 [INF] Executed DbCommand (2ms) [Parameters=[], CommandType='"Text"', CommandTimeout='30']
SELECT [d].[Id], [d].[AppointmentDurationMinutes], [d].[DoctorId], [d].[EndTime], [d].[IsActive], [d].[ScheduleDate], [d].[StartTime]
FROM [DoctorDateSchedules] AS [d]
2026-06-30 10:43:34.757 +03:00 [INF] Executed DbCommand (2ms) [Parameters=[@p='?' (DbType = Guid)], CommandType='"Text"', CommandTimeout='30']
SELECT TOP(1) [d].[Id], [d].[Description], [d].[IsActive], [d].[Name]
FROM [Departments] AS [d]
WHERE [d].[Id] = @p
2026-06-30 10:43:34.757 +03:00 [INF] HTTP GET /api/doctors/41885cdc-0175-4dcb-9824-944a922f6950/date-schedules responded 200 in 9ms
2026-06-30 10:43:34.760 +03:00 [INF] Executed DbCommand (1ms) [Parameters=[@p='?' (DbType = Guid)], CommandType='"Text"', CommandTimeout='30']
SELECT TOP(1) [d].[Id], [d].[Description], [d].[IsActive], [d].[Name]
FROM [Departments] AS [d]
WHERE [d].[Id] = @p
2026-06-30 10:43:34.761 +03:00 [INF] HTTP GET /api/doctors responded 200 in 12ms
2026-06-30 10:43:54.541 +03:00 [INF] HTTP OPTIONS /api/doctors/default-date-schedules/apply-all responded 204 in 0ms
2026-06-30 10:43:54.553 +03:00 [INF] Executed DbCommand (3ms) [Parameters=[], CommandType='"Text"', CommandTimeout='30']
SELECT [d].[Id], [d].[AppointmentDurationMinutes], [d].[EndTime], [d].[IsActive], [d].[ScheduleDate], [d].[StartTime]
FROM [DefaultDoctorDateSchedules] AS [d]
2026-06-30 10:43:54.555 +03:00 [INF] Executed DbCommand (1ms) [Parameters=[], CommandType='"Text"', CommandTimeout='30']
SELECT [d].[Id], [d].[DepartmentId], [d].[FullName], [d].[IsActive], [d].[Phone], [d].[Specialization], [d].[UserId]
FROM [Doctors] AS [d]
2026-06-30 10:43:54.558 +03:00 [INF] Executed DbCommand (1ms) [Parameters=[], CommandType='"Text"', CommandTimeout='30']
SELECT [d].[Id], [d].[AppointmentDurationMinutes], [d].[DoctorId], [d].[EndTime], [d].[IsActive], [d].[ScheduleDate], [d].[StartTime]
FROM [DoctorDateSchedules] AS [d]
2026-06-30 10:43:54.562 +03:00 [INF] Executed DbCommand (2ms) [Parameters=[@p6='?' (DbType = Guid), @p0='?' (DbType = Int32), @p1='?' (DbType = Guid), @p2='?' (DbType = Time), @p3='?' (DbType = Boolean), @p4='?' (DbType = Date), @p5='?' (DbType = Time)], CommandType='"Text"', CommandTimeout='30']
SET IMPLICIT_TRANSACTIONS OFF;
SET NOCOUNT ON;
UPDATE [DoctorDateSchedules] SET [AppointmentDurationMinutes] = @p0, [DoctorId] = @p1, [EndTime] = @p2, [IsActive] = @p3, [ScheduleDate] = @p4, [StartTime] = @p5
OUTPUT 1
WHERE [Id] = @p6;
2026-06-30 10:43:54.565 +03:00 [INF] Executed DbCommand (1ms) [Parameters=[], CommandType='"Text"', CommandTimeout='30']
SELECT [d].[Id], [d].[AppointmentDurationMinutes], [d].[DoctorId], [d].[EndTime], [d].[IsActive], [d].[ScheduleDate], [d].[StartTime]
FROM [DoctorDateSchedules] AS [d]
2026-06-30 10:43:54.569 +03:00 [INF] Executed DbCommand (2ms) [Parameters=[@p6='?' (DbType = Guid), @p0='?' (DbType = Int32), @p1='?' (DbType = Guid), @p2='?' (DbType = Time), @p3='?' (DbType = Boolean), @p4='?' (DbType = Date), @p5='?' (DbType = Time)], CommandType='"Text"', CommandTimeout='30']
SET IMPLICIT_TRANSACTIONS OFF;
SET NOCOUNT ON;
UPDATE [DoctorDateSchedules] SET [AppointmentDurationMinutes] = @p0, [DoctorId] = @p1, [EndTime] = @p2, [IsActive] = @p3, [ScheduleDate] = @p4, [StartTime] = @p5
OUTPUT 1
WHERE [Id] = @p6;
2026-06-30 10:43:54.571 +03:00 [INF] Executed DbCommand (1ms) [Parameters=[], CommandType='"Text"', CommandTimeout='30']
SELECT [d].[Id], [d].[AppointmentDurationMinutes], [d].[DoctorId], [d].[EndTime], [d].[IsActive], [d].[ScheduleDate], [d].[StartTime]
FROM [DoctorDateSchedules] AS [d]
2026-06-30 10:43:54.576 +03:00 [INF] Executed DbCommand (3ms) [Parameters=[@p6='?' (DbType = Guid), @p0='?' (DbType = Int32), @p1='?' (DbType = Guid), @p2='?' (DbType = Time), @p3='?' (DbType = Boolean), @p4='?' (DbType = Date), @p5='?' (DbType = Time)], CommandType='"Text"', CommandTimeout='30']
SET IMPLICIT_TRANSACTIONS OFF;
SET NOCOUNT ON;
UPDATE [DoctorDateSchedules] SET [AppointmentDurationMinutes] = @p0, [DoctorId] = @p1, [EndTime] = @p2, [IsActive] = @p3, [ScheduleDate] = @p4, [StartTime] = @p5
OUTPUT 1
WHERE [Id] = @p6;
2026-06-30 10:43:54.577 +03:00 [INF] HTTP POST /api/doctors/default-date-schedules/apply-all responded 200 in 29ms
2026-06-30 10:43:55.955 +03:00 [INF] Executed DbCommand (1ms) [Parameters=[], CommandType='"Text"', CommandTimeout='30']
SELECT [d].[Id], [d].[AppointmentDurationMinutes], [d].[EndTime], [d].[IsActive], [d].[ScheduleDate], [d].[StartTime]
FROM [DefaultDoctorDateSchedules] AS [d]
2026-06-30 10:43:55.958 +03:00 [INF] Executed DbCommand (2ms) [Parameters=[], CommandType='"Text"', CommandTimeout='30']
SELECT [d].[Id], [d].[DepartmentId], [d].[FullName], [d].[IsActive], [d].[Phone], [d].[Specialization], [d].[UserId]
FROM [Doctors] AS [d]
2026-06-30 10:43:55.960 +03:00 [INF] Executed DbCommand (1ms) [Parameters=[], CommandType='"Text"', CommandTimeout='30']
SELECT [d].[Id], [d].[AppointmentDurationMinutes], [d].[DoctorId], [d].[EndTime], [d].[IsActive], [d].[ScheduleDate], [d].[StartTime]
FROM [DoctorDateSchedules] AS [d]
2026-06-30 10:43:55.966 +03:00 [INF] Executed DbCommand (3ms) [Parameters=[@p6='?' (DbType = Guid), @p0='?' (DbType = Int32), @p1='?' (DbType = Guid), @p2='?' (DbType = Time), @p3='?' (DbType = Boolean), @p4='?' (DbType = Date), @p5='?' (DbType = Time)], CommandType='"Text"', CommandTimeout='30']
SET IMPLICIT_TRANSACTIONS OFF;
SET NOCOUNT ON;
UPDATE [DoctorDateSchedules] SET [AppointmentDurationMinutes] = @p0, [DoctorId] = @p1, [EndTime] = @p2, [IsActive] = @p3, [ScheduleDate] = @p4, [StartTime] = @p5
OUTPUT 1
WHERE [Id] = @p6;
2026-06-30 10:43:55.969 +03:00 [INF] Executed DbCommand (1ms) [Parameters=[], CommandType='"Text"', CommandTimeout='30']
SELECT [d].[Id], [d].[AppointmentDurationMinutes], [d].[DoctorId], [d].[EndTime], [d].[IsActive], [d].[ScheduleDate], [d].[StartTime]
FROM [DoctorDateSchedules] AS [d]
2026-06-30 10:43:55.974 +03:00 [INF] Executed DbCommand (2ms) [Parameters=[@p6='?' (DbType = Guid), @p0='?' (DbType = Int32), @p1='?' (DbType = Guid), @p2='?' (DbType = Time), @p3='?' (DbType = Boolean), @p4='?' (DbType = Date), @p5='?' (DbType = Time)], CommandType='"Text"', CommandTimeout='30']
SET IMPLICIT_TRANSACTIONS OFF;
SET NOCOUNT ON;
UPDATE [DoctorDateSchedules] SET [AppointmentDurationMinutes] = @p0, [DoctorId] = @p1, [EndTime] = @p2, [IsActive] = @p3, [ScheduleDate] = @p4, [StartTime] = @p5
OUTPUT 1
WHERE [Id] = @p6;
2026-06-30 10:43:55.976 +03:00 [INF] Executed DbCommand (1ms) [Parameters=[], CommandType='"Text"', CommandTimeout='30']
SELECT [d].[Id], [d].[AppointmentDurationMinutes], [d].[DoctorId], [d].[EndTime], [d].[IsActive], [d].[ScheduleDate], [d].[StartTime]
FROM [DoctorDateSchedules] AS [d]
2026-06-30 10:43:55.980 +03:00 [INF] Executed DbCommand (2ms) [Parameters=[@p6='?' (DbType = Guid), @p0='?' (DbType = Int32), @p1='?' (DbType = Guid), @p2='?' (DbType = Time), @p3='?' (DbType = Boolean), @p4='?' (DbType = Date), @p5='?' (DbType = Time)], CommandType='"Text"', CommandTimeout='30']
SET IMPLICIT_TRANSACTIONS OFF;
SET NOCOUNT ON;
UPDATE [DoctorDateSchedules] SET [AppointmentDurationMinutes] = @p0, [DoctorId] = @p1, [EndTime] = @p2, [IsActive] = @p3, [ScheduleDate] = @p4, [StartTime] = @p5
OUTPUT 1
WHERE [Id] = @p6;
2026-06-30 10:43:55.981 +03:00 [INF] HTTP POST /api/doctors/default-date-schedules/apply-all responded 200 in 29ms
2026-06-30 10:43:58.439 +03:00 [INF] HTTP OPTIONS /api/doctors responded 204 in 0ms
2026-06-30 10:43:58.440 +03:00 [INF] HTTP OPTIONS /api/departments responded 204 in 0ms
2026-06-30 10:43:58.452 +03:00 [INF] Executed DbCommand (1ms) [Parameters=[], CommandType='"Text"', CommandTimeout='30']
SELECT [d].[Id], [d].[DepartmentId], [d].[FullName], [d].[IsActive], [d].[Phone], [d].[Specialization], [d].[UserId]
FROM [Doctors] AS [d]
2026-06-30 10:43:58.453 +03:00 [INF] Executed DbCommand (1ms) [Parameters=[], CommandType='"Text"', CommandTimeout='30']
SELECT [d].[Id], [d].[Description], [d].[IsActive], [d].[Name]
FROM [Departments] AS [d]
2026-06-30 10:43:58.454 +03:00 [INF] HTTP GET /api/departments responded 200 in 4ms
2026-06-30 10:43:58.457 +03:00 [INF] Executed DbCommand (2ms) [Parameters=[@p='?' (DbType = Guid)], CommandType='"Text"', CommandTimeout='30']
SELECT TOP(1) [d].[Id], [d].[Description], [d].[IsActive], [d].[Name]
FROM [Departments] AS [d]
WHERE [d].[Id] = @p
2026-06-30 10:43:58.460 +03:00 [INF] Executed DbCommand (2ms) [Parameters=[@p='?' (DbType = Guid)], CommandType='"Text"', CommandTimeout='30']
SELECT TOP(1) [d].[Id], [d].[Description], [d].[IsActive], [d].[Name]
FROM [Departments] AS [d]
WHERE [d].[Id] = @p
2026-06-30 10:43:58.461 +03:00 [INF] HTTP GET /api/doctors responded 200 in 12ms
2026-06-30 10:44:04.005 +03:00 [INF] HTTP OPTIONS /api/departments responded 204 in 0ms
2026-06-30 10:44:04.016 +03:00 [INF] Executed DbCommand (1ms) [Parameters=[], CommandType='"Text"', CommandTimeout='30']
SELECT [d].[Id], [d].[Description], [d].[IsActive], [d].[Name]
FROM [Departments] AS [d]
2026-06-30 10:44:04.017 +03:00 [INF] HTTP GET /api/departments responded 200 in 5ms
2026-06-30 10:44:06.790 +03:00 [INF] HTTP OPTIONS /api/doctors/default-date-schedules responded 204 in 0ms
2026-06-30 10:44:06.800 +03:00 [INF] Executed DbCommand (1ms) [Parameters=[], CommandType='"Text"', CommandTimeout='30']
SELECT [d].[Id], [d].[AppointmentDurationMinutes], [d].[EndTime], [d].[IsActive], [d].[ScheduleDate], [d].[StartTime]
FROM [DefaultDoctorDateSchedules] AS [d]
2026-06-30 10:44:06.801 +03:00 [INF] HTTP GET /api/doctors/default-date-schedules responded 200 in 4ms
2026-06-30 10:47:39.385 +03:00 [INF] HTTP OPTIONS /api/doctors/default-date-schedules responded 204 in 0ms
2026-06-30 10:47:39.393 +03:00 [INF] Executed DbCommand (1ms) [Parameters=[], CommandType='"Text"', CommandTimeout='30']
SELECT [d].[Id], [d].[AppointmentDurationMinutes], [d].[EndTime], [d].[IsActive], [d].[ScheduleDate], [d].[StartTime]
FROM [DefaultDoctorDateSchedules] AS [d]
2026-06-30 10:47:39.394 +03:00 [INF] HTTP GET /api/doctors/default-date-schedules responded 200 in 2ms
2026-06-30 10:48:27.565 +03:00 [INF] HTTP OPTIONS /api/doctors/default-date-schedules responded 204 in 0ms
2026-06-30 10:48:27.576 +03:00 [INF] Executed DbCommand (1ms) [Parameters=[], CommandType='"Text"', CommandTimeout='30']
SELECT [d].[Id], [d].[AppointmentDurationMinutes], [d].[EndTime], [d].[IsActive], [d].[ScheduleDate], [d].[StartTime]
FROM [DefaultDoctorDateSchedules] AS [d]
2026-06-30 10:48:27.578 +03:00 [INF] HTTP GET /api/doctors/default-date-schedules responded 200 in 5ms
2026-06-30 10:49:10.554 +03:00 [INF] HTTP OPTIONS /api/doctors/default-date-schedules responded 204 in 0ms
2026-06-30 10:49:10.561 +03:00 [INF] Executed DbCommand (1ms) [Parameters=[], CommandType='"Text"', CommandTimeout='30']
SELECT [d].[Id], [d].[AppointmentDurationMinutes], [d].[EndTime], [d].[IsActive], [d].[ScheduleDate], [d].[StartTime]
FROM [DefaultDoctorDateSchedules] AS [d]
2026-06-30 10:49:10.561 +03:00 [INF] HTTP GET /api/doctors/default-date-schedules responded 200 in 3ms
2026-06-30 10:49:14.276 +03:00 [INF] Executed DbCommand (1ms) [Parameters=[], CommandType='"Text"', CommandTimeout='30']
SELECT [d].[Id], [d].[AppointmentDurationMinutes], [d].[EndTime], [d].[IsActive], [d].[ScheduleDate], [d].[StartTime]
FROM [DefaultDoctorDateSchedules] AS [d]
2026-06-30 10:49:14.276 +03:00 [INF] HTTP GET /api/doctors/default-date-schedules responded 200 in 2ms
2026-06-30 10:50:33.025 +03:00 [INF] HTTP OPTIONS /api/doctors/default-date-schedules responded 204 in 0ms
2026-06-30 10:50:33.042 +03:00 [INF] Executed DbCommand (1ms) [Parameters=[], CommandType='"Text"', CommandTimeout='30']
SELECT [d].[Id], [d].[AppointmentDurationMinutes], [d].[EndTime], [d].[IsActive], [d].[ScheduleDate], [d].[StartTime]
FROM [DefaultDoctorDateSchedules] AS [d]
2026-06-30 10:50:33.043 +03:00 [INF] HTTP GET /api/doctors/default-date-schedules responded 200 in 5ms
2026-06-30 10:50:51.344 +03:00 [INF] HTTP OPTIONS /api/doctors/default-date-schedules/apply-selected responded 204 in 0ms
2026-06-30 10:50:51.351 +03:00 [INF] HTTP POST /api/doctors/default-date-schedules/apply-selected responded 405 in 1ms
2026-06-30 10:51:20.710 +03:00 [INF] HTTP OPTIONS /api/doctors/default-date-schedules responded 204 in 0ms
2026-06-30 10:51:20.722 +03:00 [INF] Executed DbCommand (1ms) [Parameters=[], CommandType='"Text"', CommandTimeout='30']
SELECT [d].[Id], [d].[AppointmentDurationMinutes], [d].[EndTime], [d].[IsActive], [d].[ScheduleDate], [d].[StartTime]
FROM [DefaultDoctorDateSchedules] AS [d]
2026-06-30 10:51:20.739 +03:00 [INF] Executed DbCommand (14ms) [Parameters=[@p5='?' (DbType = Guid), @p0='?' (DbType = Int32), @p1='?' (DbType = Time), @p2='?' (DbType = Boolean), @p3='?' (DbType = Date), @p4='?' (DbType = Time)], CommandType='"Text"', CommandTimeout='30']
SET IMPLICIT_TRANSACTIONS OFF;
SET NOCOUNT ON;
UPDATE [DefaultDoctorDateSchedules] SET [AppointmentDurationMinutes] = @p0, [EndTime] = @p1, [IsActive] = @p2, [ScheduleDate] = @p3, [StartTime] = @p4
OUTPUT 1
WHERE [Id] = @p5;
2026-06-30 10:51:20.740 +03:00 [INF] HTTP PUT /api/doctors/default-date-schedules responded 200 in 23ms
2026-06-30 10:51:20.757 +03:00 [INF] Executed DbCommand (1ms) [Parameters=[], CommandType='"Text"', CommandTimeout='30']
SELECT [d].[Id], [d].[AppointmentDurationMinutes], [d].[EndTime], [d].[IsActive], [d].[ScheduleDate], [d].[StartTime]
FROM [DefaultDoctorDateSchedules] AS [d]
2026-06-30 10:51:20.757 +03:00 [INF] HTTP GET /api/doctors/default-date-schedules responded 200 in 5ms
2026-06-30 10:52:27.981 +03:00 [INF] HTTP OPTIONS /api/doctors/default-date-schedules responded 204 in 0ms
2026-06-30 10:52:27.999 +03:00 [INF] Executed DbCommand (2ms) [Parameters=[], CommandType='"Text"', CommandTimeout='30']
SELECT [d].[Id], [d].[AppointmentDurationMinutes], [d].[EndTime], [d].[IsActive], [d].[ScheduleDate], [d].[StartTime]
FROM [DefaultDoctorDateSchedules] AS [d]
2026-06-30 10:52:28.000 +03:00 [INF] HTTP GET /api/doctors/default-date-schedules responded 200 in 6ms
2026-06-30 10:53:11.730 +03:00 [INF] HTTP OPTIONS /api/doctors/default-date-schedules responded 204 in 0ms
2026-06-30 10:53:11.821 +03:00 [INF] Executed DbCommand (1ms) [Parameters=[], CommandType='"Text"', CommandTimeout='30']
SELECT [d].[Id], [d].[AppointmentDurationMinutes], [d].[EndTime], [d].[IsActive], [d].[ScheduleDate], [d].[StartTime]
FROM [DefaultDoctorDateSchedules] AS [d]
2026-06-30 10:53:11.822 +03:00 [INF] HTTP GET /api/doctors/default-date-schedules responded 200 in 5ms
2026-06-30 10:53:57.066 +03:00 [INF] HTTP OPTIONS /api/doctors/default-date-schedules responded 204 in 0ms
2026-06-30 10:53:57.075 +03:00 [INF] Executed DbCommand (1ms) [Parameters=[], CommandType='"Text"', CommandTimeout='30']
SELECT [d].[Id], [d].[AppointmentDurationMinutes], [d].[EndTime], [d].[IsActive], [d].[ScheduleDate], [d].[StartTime]
FROM [DefaultDoctorDateSchedules] AS [d]
2026-06-30 10:53:57.076 +03:00 [INF] HTTP GET /api/doctors/default-date-schedules responded 200 in 3ms
2026-06-30 10:54:45.002 +03:00 [INF] HTTP OPTIONS /api/doctors/default-date-schedules responded 204 in 0ms
2026-06-30 10:54:45.015 +03:00 [INF] Executed DbCommand (1ms) [Parameters=[], CommandType='"Text"', CommandTimeout='30']
SELECT [d].[Id], [d].[AppointmentDurationMinutes], [d].[EndTime], [d].[IsActive], [d].[ScheduleDate], [d].[StartTime]
FROM [DefaultDoctorDateSchedules] AS [d]
2026-06-30 10:54:45.021 +03:00 [INF] Executed DbCommand (4ms) [Parameters=[@p0='?' (DbType = Guid), @p1='?' (DbType = Int32), @p2='?' (DbType = Time), @p3='?' (DbType = Boolean), @p4='?' (DbType = Date), @p5='?' (DbType = Time)], CommandType='"Text"', CommandTimeout='30']
SET IMPLICIT_TRANSACTIONS OFF;
SET NOCOUNT ON;
INSERT INTO [DefaultDoctorDateSchedules] ([Id], [AppointmentDurationMinutes], [EndTime], [IsActive], [ScheduleDate], [StartTime])
VALUES (@p0, @p1, @p2, @p3, @p4, @p5);
2026-06-30 10:54:45.022 +03:00 [INF] HTTP PUT /api/doctors/default-date-schedules responded 200 in 12ms
2026-06-30 10:54:45.041 +03:00 [INF] Executed DbCommand (1ms) [Parameters=[], CommandType='"Text"', CommandTimeout='30']
SELECT [d].[Id], [d].[AppointmentDurationMinutes], [d].[EndTime], [d].[IsActive], [d].[ScheduleDate], [d].[StartTime]
FROM [DefaultDoctorDateSchedules] AS [d]
2026-06-30 10:54:45.042 +03:00 [INF] HTTP GET /api/doctors/default-date-schedules responded 200 in 4ms
2026-06-30 10:56:14.420 +03:00 [INF] HTTP OPTIONS /api/doctors/default-date-schedules responded 204 in 0ms
2026-06-30 10:56:14.444 +03:00 [INF] Executed DbCommand (2ms) [Parameters=[], CommandType='"Text"', CommandTimeout='30']
SELECT [d].[Id], [d].[AppointmentDurationMinutes], [d].[EndTime], [d].[IsActive], [d].[ScheduleDate], [d].[StartTime]
FROM [DefaultDoctorDateSchedules] AS [d]
2026-06-30 10:56:14.446 +03:00 [INF] HTTP GET /api/doctors/default-date-schedules responded 200 in 8ms
2026-06-30 10:57:24.779 +03:00 [INF] HTTP OPTIONS /api/doctors/default-date-schedules responded 204 in 0ms
2026-06-30 10:57:24.783 +03:00 [INF] Executed DbCommand (1ms) [Parameters=[], CommandType='"Text"', CommandTimeout='30']
SELECT [d].[Id], [d].[AppointmentDurationMinutes], [d].[EndTime], [d].[IsActive], [d].[ScheduleDate], [d].[StartTime]
FROM [DefaultDoctorDateSchedules] AS [d]
2026-06-30 10:57:24.783 +03:00 [INF] HTTP GET /api/doctors/default-date-schedules responded 200 in 1ms
2026-06-30 10:57:26.772 +03:00 [INF] Executed DbCommand (0ms) [Parameters=[], CommandType='"Text"', CommandTimeout='30']
SELECT [d].[Id], [d].[AppointmentDurationMinutes], [d].[EndTime], [d].[IsActive], [d].[ScheduleDate], [d].[StartTime]
FROM [DefaultDoctorDateSchedules] AS [d]
2026-06-30 10:57:26.773 +03:00 [INF] HTTP GET /api/doctors/default-date-schedules responded 200 in 1ms
2026-06-30 10:57:29.763 +03:00 [INF] HTTP OPTIONS /api/doctors/applied-date-schedules responded 204 in 0ms
2026-06-30 10:57:29.766 +03:00 [INF] HTTP GET /api/doctors/applied-date-schedules responded 404 in 0ms
2026-06-30 10:57:32.783 +03:00 [INF] HTTP GET /api/doctors/applied-date-schedules responded 404 in 0ms
2026-06-30 10:57:34.770 +03:00 [INF] HTTP OPTIONS /api/doctors/applied-date-schedules responded 204 in 0ms
2026-06-30 10:57:34.772 +03:00 [INF] HTTP GET /api/doctors/applied-date-schedules responded 404 in 0ms
2026-06-30 10:59:24.403 +03:00 [INF] HTTP OPTIONS /api/doctors/default-date-schedules responded 204 in 0ms
2026-06-30 10:59:24.410 +03:00 [INF] HTTP OPTIONS /api/doctors/applied-date-schedules responded 204 in 0ms
2026-06-30 10:59:24.417 +03:00 [INF] HTTP GET /api/doctors/applied-date-schedules responded 404 in 0ms
2026-06-30 10:59:24.421 +03:00 [INF] Executed DbCommand (2ms) [Parameters=[], CommandType='"Text"', CommandTimeout='30']
SELECT [d].[Id], [d].[AppointmentDurationMinutes], [d].[EndTime], [d].[IsActive], [d].[ScheduleDate], [d].[StartTime]
FROM [DefaultDoctorDateSchedules] AS [d]
2026-06-30 10:59:24.423 +03:00 [INF] HTTP GET /api/doctors/default-date-schedules responded 200 in 7ms
2026-06-30 10:59:34.147 +03:00 [INF] HTTP OPTIONS /api/doctors/default-date-schedules/2026-06-30 responded 204 in 0ms
2026-06-30 10:59:34.154 +03:00 [INF] Executed DbCommand (1ms) [Parameters=[], CommandType='"Text"', CommandTimeout='30']
SELECT [d].[Id], [d].[AppointmentDurationMinutes], [d].[EndTime], [d].[IsActive], [d].[ScheduleDate], [d].[StartTime]
FROM [DefaultDoctorDateSchedules] AS [d]
2026-06-30 10:59:34.159 +03:00 [INF] Executed DbCommand (3ms) [Parameters=[@p5='?' (DbType = Guid), @p0='?' (DbType = Int32), @p1='?' (DbType = Time), @p2='?' (DbType = Boolean), @p3='?' (DbType = Date), @p4='?' (DbType = Time)], CommandType='"Text"', CommandTimeout='30']
SET IMPLICIT_TRANSACTIONS OFF;
SET NOCOUNT ON;
UPDATE [DefaultDoctorDateSchedules] SET [AppointmentDurationMinutes] = @p0, [EndTime] = @p1, [IsActive] = @p2, [ScheduleDate] = @p3, [StartTime] = @p4
OUTPUT 1
WHERE [Id] = @p5;
2026-06-30 10:59:34.160 +03:00 [INF] HTTP DELETE /api/doctors/default-date-schedules/2026-06-30 responded 200 in 8ms
2026-06-30 10:59:34.164 +03:00 [INF] HTTP OPTIONS /api/doctors/default-date-schedules responded 204 in 0ms
2026-06-30 10:59:34.168 +03:00 [INF] Executed DbCommand (0ms) [Parameters=[], CommandType='"Text"', CommandTimeout='30']
SELECT [d].[Id], [d].[AppointmentDurationMinutes], [d].[EndTime], [d].[IsActive], [d].[ScheduleDate], [d].[StartTime]
FROM [DefaultDoctorDateSchedules] AS [d]
2026-06-30 10:59:34.168 +03:00 [INF] HTTP GET /api/doctors/default-date-schedules responded 200 in 1ms
2026-06-30 10:59:34.856 +03:00 [INF] HTTP OPTIONS /api/doctors/default-date-schedules/2026-07-02 responded 204 in 0ms
2026-06-30 10:59:34.862 +03:00 [INF] Executed DbCommand (1ms) [Parameters=[], CommandType='"Text"', CommandTimeout='30']
SELECT [d].[Id], [d].[AppointmentDurationMinutes], [d].[EndTime], [d].[IsActive], [d].[ScheduleDate], [d].[StartTime]
FROM [DefaultDoctorDateSchedules] AS [d]
2026-06-30 10:59:34.866 +03:00 [INF] Executed DbCommand (2ms) [Parameters=[@p5='?' (DbType = Guid), @p0='?' (DbType = Int32), @p1='?' (DbType = Time), @p2='?' (DbType = Boolean), @p3='?' (DbType = Date), @p4='?' (DbType = Time)], CommandType='"Text"', CommandTimeout='30']
SET IMPLICIT_TRANSACTIONS OFF;
SET NOCOUNT ON;
UPDATE [DefaultDoctorDateSchedules] SET [AppointmentDurationMinutes] = @p0, [EndTime] = @p1, [IsActive] = @p2, [ScheduleDate] = @p3, [StartTime] = @p4
OUTPUT 1
WHERE [Id] = @p5;
2026-06-30 10:59:34.866 +03:00 [INF] HTTP DELETE /api/doctors/default-date-schedules/2026-07-02 responded 200 in 6ms
2026-06-30 10:59:34.887 +03:00 [INF] Executed DbCommand (1ms) [Parameters=[], CommandType='"Text"', CommandTimeout='30']
SELECT [d].[Id], [d].[AppointmentDurationMinutes], [d].[EndTime], [d].[IsActive], [d].[ScheduleDate], [d].[StartTime]
FROM [DefaultDoctorDateSchedules] AS [d]
2026-06-30 10:59:34.888 +03:00 [INF] HTTP GET /api/doctors/default-date-schedules responded 200 in 3ms
2026-06-30 10:59:35.576 +03:00 [INF] HTTP OPTIONS /api/doctors/default-date-schedules/2026-07-11 responded 204 in 0ms
2026-06-30 10:59:35.585 +03:00 [INF] Executed DbCommand (1ms) [Parameters=[], CommandType='"Text"', CommandTimeout='30']
SELECT [d].[Id], [d].[AppointmentDurationMinutes], [d].[EndTime], [d].[IsActive], [d].[ScheduleDate], [d].[StartTime]
FROM [DefaultDoctorDateSchedules] AS [d]
2026-06-30 10:59:35.592 +03:00 [INF] Executed DbCommand (4ms) [Parameters=[@p5='?' (DbType = Guid), @p0='?' (DbType = Int32), @p1='?' (DbType = Time), @p2='?' (DbType = Boolean), @p3='?' (DbType = Date), @p4='?' (DbType = Time)], CommandType='"Text"', CommandTimeout='30']
SET IMPLICIT_TRANSACTIONS OFF;
SET NOCOUNT ON;
UPDATE [DefaultDoctorDateSchedules] SET [AppointmentDurationMinutes] = @p0, [EndTime] = @p1, [IsActive] = @p2, [ScheduleDate] = @p3, [StartTime] = @p4
OUTPUT 1
WHERE [Id] = @p5;
2026-06-30 10:59:35.593 +03:00 [INF] HTTP DELETE /api/doctors/default-date-schedules/2026-07-11 responded 200 in 11ms
2026-06-30 10:59:35.612 +03:00 [INF] Executed DbCommand (2ms) [Parameters=[], CommandType='"Text"', CommandTimeout='30']
SELECT [d].[Id], [d].[AppointmentDurationMinutes], [d].[EndTime], [d].[IsActive], [d].[ScheduleDate], [d].[StartTime]
FROM [DefaultDoctorDateSchedules] AS [d]
2026-06-30 10:59:35.614 +03:00 [INF] HTTP GET /api/doctors/default-date-schedules responded 200 in 6ms
2026-06-30 10:59:47.746 +03:00 [INF] HTTP OPTIONS /api/doctors/applied-date-schedules responded 204 in 0ms
2026-06-30 10:59:47.753 +03:00 [INF] HTTP PUT /api/doctors/applied-date-schedules responded 404 in 0ms
2026-06-30 10:59:49.646 +03:00 [INF] HTTP PUT /api/doctors/applied-date-schedules responded 404 in 0ms
2026-06-30 10:59:52.647 +03:00 [INF] HTTP PUT /api/doctors/applied-date-schedules responded 404 in 0ms
2026-06-30 11:00:47.047 +03:00 [INF] HTTP OPTIONS /api/doctors/default-date-schedules responded 204 in 0ms
2026-06-30 11:00:47.064 +03:00 [INF] HTTP OPTIONS /api/doctors/applied-date-schedules responded 204 in 0ms
2026-06-30 11:00:47.079 +03:00 [INF] HTTP GET /api/doctors/applied-date-schedules responded 404 in 0ms
2026-06-30 11:00:47.085 +03:00 [INF] Executed DbCommand (4ms) [Parameters=[], CommandType='"Text"', CommandTimeout='30']
SELECT [d].[Id], [d].[AppointmentDurationMinutes], [d].[EndTime], [d].[IsActive], [d].[ScheduleDate], [d].[StartTime]
FROM [DefaultDoctorDateSchedules] AS [d]
2026-06-30 11:00:47.086 +03:00 [INF] HTTP GET /api/doctors/default-date-schedules responded 200 in 10ms
2026-06-30 11:00:48.165 +03:00 [INF] HTTP GET /api/doctors/applied-date-schedules responded 404 in 1ms
2026-06-30 11:01:06.610 +03:00 [INF] HTTP GET /api/doctors/applied-date-schedules responded 404 in 0ms
2026-06-30 11:02:44.216 +03:00 [INF] Executed DbCommand (82ms) [Parameters=[], CommandType='"Text"', CommandTimeout='30']
SELECT 1
2026-06-30 11:02:44.342 +03:00 [INF] Acquiring an exclusive lock for migration application. See https://aka.ms/efcore-docs-migrations-lock for more information if this takes too long.
2026-06-30 11:02:44.420 +03:00 [INF] Executed DbCommand (67ms) [Parameters=[], CommandType='"Text"', CommandTimeout='30']
DECLARE @result int;
EXEC @result = sp_getapplock @Resource = '__EFMigrationsLock', @LockOwner = 'Session', @LockMode = 'Exclusive';
SELECT @result
2026-06-30 11:02:44.589 +03:00 [INF] Executed DbCommand (6ms) [Parameters=[], CommandType='"Text"', CommandTimeout='30']
IF OBJECT_ID(N'[__EFMigrationsHistory]') IS NULL
BEGIN
    CREATE TABLE [__EFMigrationsHistory] (
        [MigrationId] nvarchar(150) NOT NULL,
        [ProductVersion] nvarchar(32) NOT NULL,
        CONSTRAINT [PK___EFMigrationsHistory] PRIMARY KEY ([MigrationId])
    );
END;
2026-06-30 11:02:44.625 +03:00 [INF] Executed DbCommand (1ms) [Parameters=[], CommandType='"Text"', CommandTimeout='30']
SELECT 1
2026-06-30 11:02:44.628 +03:00 [INF] Executed DbCommand (1ms) [Parameters=[], CommandType='"Text"', CommandTimeout='30']
SELECT OBJECT_ID(N'[__EFMigrationsHistory]');
2026-06-30 11:02:44.650 +03:00 [INF] Executed DbCommand (14ms) [Parameters=[], CommandType='"Text"', CommandTimeout='30']
SELECT [MigrationId], [ProductVersion]
FROM [__EFMigrationsHistory]
ORDER BY [MigrationId];
2026-06-30 11:02:44.675 +03:00 [INF] No migrations were applied. The database is already up to date.
2026-06-30 11:02:44.683 +03:00 [INF] Executed DbCommand (5ms) [Parameters=[], CommandType='"Text"', CommandTimeout='30']
DECLARE @result int;
EXEC @result = sp_releaseapplock @Resource = '__EFMigrationsLock', @LockOwner = 'Session';
SELECT @result
2026-06-30 11:02:45.162 +03:00 [INF] Executed DbCommand (14ms) [Parameters=[], CommandType='"Text"', CommandTimeout='30']
SELECT CASE
    WHEN EXISTS (
        SELECT 1
        FROM [Users] AS [u]) THEN CAST(1 AS bit)
    ELSE CAST(0 AS bit)
END
2026-06-30 11:02:45.171 +03:00 [INF] Database already seeded. Ensuring demo accounts exist.
2026-06-30 11:02:45.343 +03:00 [INF] Executed DbCommand (14ms) [Parameters=[], CommandType='"Text"', CommandTimeout='30']
SELECT TOP(1) [u].[Id], [u].[CreatedAt], [u].[Email], [u].[IsActive], [u].[PasswordHash], [u].[Role]
FROM [Users] AS [u]
WHERE [u].[Email] = N'patient@hospital.com'
2026-06-30 11:02:45.597 +03:00 [INF] Executed DbCommand (35ms) [Parameters=[@patientUser_Id='?' (DbType = Guid)], CommandType='"Text"', CommandTimeout='30']
SELECT TOP(1) [p].[Id], [p].[Address], [p].[BloodType], [p].[CreatedAt], [p].[DateOfBirth], [p].[Email], [p].[FullName], [p].[Gender], [p].[NationalId], [p].[Phone], [p].[UserId]
FROM [Patients] AS [p]
WHERE [p].[UserId] = @patientUser_Id
2026-06-30 11:02:45.749 +03:00 [INF] Executed DbCommand (6ms) [Parameters=[], CommandType='"Text"', CommandTimeout='30']
SELECT CASE
    WHEN EXISTS (
        SELECT 1
        FROM [DefaultDoctorSchedules] AS [d]) THEN CAST(1 AS bit)
    ELSE CAST(0 AS bit)
END
2026-06-30 11:02:46.150 +03:00 [INF] Now listening on: http://localhost:5000
2026-06-30 11:02:46.151 +03:00 [INF] Application started. Press Ctrl+C to shut down.
2026-06-30 11:02:46.151 +03:00 [INF] Hosting environment: Development
2026-06-30 11:02:46.152 +03:00 [INF] Content root path: G:\DEPI\HospitalSystem.API
2026-06-30 11:03:07.631 +03:00 [WRN] Failed to determine the https port for redirect.
2026-06-30 11:03:07.697 +03:00 [INF] HTTP GET /api/doctors/applied-date-schedules responded 401 in 107ms
2026-06-30 11:03:07.776 +03:00 [INF] HTTP GET /api/doctors/default-date-schedules responded 401 in 12ms
2026-06-30 11:03:39.943 +03:00 [INF] HTTP OPTIONS /api/doctors/applied-date-schedules responded 204 in 5ms
2026-06-30 11:03:39.943 +03:00 [INF] HTTP OPTIONS /api/doctors/default-date-schedules responded 204 in 5ms
2026-06-30 11:03:41.096 +03:00 [INF] Executed DbCommand (9ms) [Parameters=[], CommandType='"Text"', CommandTimeout='30']
SELECT [d].[Id], [d].[DepartmentId], [d].[FullName], [d].[IsActive], [d].[Phone], [d].[Specialization], [d].[UserId]
FROM [Doctors] AS [d]
2026-06-30 11:03:41.111 +03:00 [INF] Executed DbCommand (7ms) [Parameters=[], CommandType='"Text"', CommandTimeout='30']
SELECT [d].[Id], [d].[AppointmentDurationMinutes], [d].[EndTime], [d].[IsActive], [d].[ScheduleDate], [d].[StartTime]
FROM [DefaultDoctorDateSchedules] AS [d]
2026-06-30 11:03:41.195 +03:00 [INF] Executed DbCommand (4ms) [Parameters=[], CommandType='"Text"', CommandTimeout='30']
SELECT [d].[Id], [d].[AppointmentDurationMinutes], [d].[DoctorId], [d].[EndTime], [d].[IsActive], [d].[ScheduleDate], [d].[StartTime]
FROM [DoctorDateSchedules] AS [d]
2026-06-30 11:03:41.294 +03:00 [INF] HTTP GET /api/doctors/default-date-schedules responded 200 in 1343ms
2026-06-30 11:03:41.297 +03:00 [INF] HTTP GET /api/doctors/applied-date-schedules responded 200 in 1346ms
2026-06-30 11:03:42.270 +03:00 [INF] HTTP GET /api/doctors/applied-date-schedules responded 401 in 0ms
2026-06-30 11:04:25.866 +03:00 [INF] HTTP OPTIONS /api/doctors/applied-date-schedules responded 204 in 0ms
2026-06-30 11:04:26.205 +03:00 [INF] Executed DbCommand (1ms) [Parameters=[], CommandType='"Text"', CommandTimeout='30']
SELECT [d].[Id], [d].[DepartmentId], [d].[FullName], [d].[IsActive], [d].[Phone], [d].[Specialization], [d].[UserId]
FROM [Doctors] AS [d]
2026-06-30 11:04:26.224 +03:00 [INF] Executed DbCommand (1ms) [Parameters=[], CommandType='"Text"', CommandTimeout='30']
SELECT [d].[Id], [d].[AppointmentDurationMinutes], [d].[DoctorId], [d].[EndTime], [d].[IsActive], [d].[ScheduleDate], [d].[StartTime]
FROM [DoctorDateSchedules] AS [d]
2026-06-30 11:04:26.552 +03:00 [INF] Executed DbCommand (11ms) [Parameters=[@p0='?' (DbType = Guid), @p1='?' (DbType = Int32), @p2='?' (DbType = Guid), @p3='?' (DbType = Time), @p4='?' (DbType = Boolean), @p5='?' (DbType = Date), @p6='?' (DbType = Time)], CommandType='"Text"', CommandTimeout='30']
SET IMPLICIT_TRANSACTIONS OFF;
SET NOCOUNT ON;
INSERT INTO [DoctorDateSchedules] ([Id], [AppointmentDurationMinutes], [DoctorId], [EndTime], [IsActive], [ScheduleDate], [StartTime])
VALUES (@p0, @p1, @p2, @p3, @p4, @p5, @p6);
2026-06-30 11:04:26.580 +03:00 [INF] Executed DbCommand (1ms) [Parameters=[], CommandType='"Text"', CommandTimeout='30']
SELECT [d].[Id], [d].[AppointmentDurationMinutes], [d].[DoctorId], [d].[EndTime], [d].[IsActive], [d].[ScheduleDate], [d].[StartTime]
FROM [DoctorDateSchedules] AS [d]
2026-06-30 11:04:26.619 +03:00 [INF] Executed DbCommand (10ms) [Parameters=[@p6='?' (DbType = Guid), @p0='?' (DbType = Int32), @p1='?' (DbType = Guid), @p2='?' (DbType = Time), @p3='?' (DbType = Boolean), @p4='?' (DbType = Date), @p5='?' (DbType = Time)], CommandType='"Text"', CommandTimeout='30']
SET IMPLICIT_TRANSACTIONS OFF;
SET NOCOUNT ON;
UPDATE [DoctorDateSchedules] SET [AppointmentDurationMinutes] = @p0, [DoctorId] = @p1, [EndTime] = @p2, [IsActive] = @p3, [ScheduleDate] = @p4, [StartTime] = @p5
OUTPUT 1
WHERE [Id] = @p6;
2026-06-30 11:04:26.630 +03:00 [INF] Executed DbCommand (1ms) [Parameters=[], CommandType='"Text"', CommandTimeout='30']
SELECT [d].[Id], [d].[AppointmentDurationMinutes], [d].[DoctorId], [d].[EndTime], [d].[IsActive], [d].[ScheduleDate], [d].[StartTime]
FROM [DoctorDateSchedules] AS [d]
2026-06-30 11:04:26.637 +03:00 [INF] Executed DbCommand (2ms) [Parameters=[@p6='?' (DbType = Guid), @p0='?' (DbType = Int32), @p1='?' (DbType = Guid), @p2='?' (DbType = Time), @p3='?' (DbType = Boolean), @p4='?' (DbType = Date), @p5='?' (DbType = Time)], CommandType='"Text"', CommandTimeout='30']
SET IMPLICIT_TRANSACTIONS OFF;
SET NOCOUNT ON;
UPDATE [DoctorDateSchedules] SET [AppointmentDurationMinutes] = @p0, [DoctorId] = @p1, [EndTime] = @p2, [IsActive] = @p3, [ScheduleDate] = @p4, [StartTime] = @p5
OUTPUT 1
WHERE [Id] = @p6;
2026-06-30 11:04:26.644 +03:00 [INF] HTTP PUT /api/doctors/applied-date-schedules responded 200 in 766ms
2026-06-30 11:04:26.660 +03:00 [INF] Executed DbCommand (2ms) [Parameters=[], CommandType='"Text"', CommandTimeout='30']
SELECT [d].[Id], [d].[DepartmentId], [d].[FullName], [d].[IsActive], [d].[Phone], [d].[Specialization], [d].[UserId]
FROM [Doctors] AS [d]
2026-06-30 11:04:26.666 +03:00 [INF] Executed DbCommand (1ms) [Parameters=[], CommandType='"Text"', CommandTimeout='30']
SELECT [d].[Id], [d].[AppointmentDurationMinutes], [d].[DoctorId], [d].[EndTime], [d].[IsActive], [d].[ScheduleDate], [d].[StartTime]
FROM [DoctorDateSchedules] AS [d]
2026-06-30 11:04:26.674 +03:00 [INF] HTTP GET /api/doctors/applied-date-schedules responded 200 in 21ms
2026-06-30 11:04:34.753 +03:00 [INF] HTTP OPTIONS /api/doctors/applied-date-schedules/2026-07-11 responded 204 in 0ms
2026-06-30 11:04:34.804 +03:00 [INF] Executed DbCommand (2ms) [Parameters=[], CommandType='"Text"', CommandTimeout='30']
SELECT [d].[Id], [d].[DepartmentId], [d].[FullName], [d].[IsActive], [d].[Phone], [d].[Specialization], [d].[UserId]
FROM [Doctors] AS [d]
2026-06-30 11:04:34.809 +03:00 [INF] Executed DbCommand (1ms) [Parameters=[], CommandType='"Text"', CommandTimeout='30']
SELECT [d].[Id], [d].[AppointmentDurationMinutes], [d].[DoctorId], [d].[EndTime], [d].[IsActive], [d].[ScheduleDate], [d].[StartTime]
FROM [DoctorDateSchedules] AS [d]
2026-06-30 11:04:34.867 +03:00 [INF] Executed DbCommand (39ms) [Parameters=[@p6='?' (DbType = Guid), @p0='?' (DbType = Int32), @p1='?' (DbType = Guid), @p2='?' (DbType = Time), @p3='?' (DbType = Boolean), @p4='?' (DbType = Date), @p5='?' (DbType = Time), @p13='?' (DbType = Guid), @p7='?' (DbType = Int32), @p8='?' (DbType = Guid), @p9='?' (DbType = Time), @p10='?' (DbType = Boolean), @p11='?' (DbType = Date), @p12='?' (DbType = Time), @p20='?' (DbType = Guid), @p14='?' (DbType = Int32), @p15='?' (DbType = Guid), @p16='?' (DbType = Time), @p17='?' (DbType = Boolean), @p18='?' (DbType = Date), @p19='?' (DbType = Time)], CommandType='"Text"', CommandTimeout='30']
SET NOCOUNT ON;
UPDATE [DoctorDateSchedules] SET [AppointmentDurationMinutes] = @p0, [DoctorId] = @p1, [EndTime] = @p2, [IsActive] = @p3, [ScheduleDate] = @p4, [StartTime] = @p5
OUTPUT 1
WHERE [Id] = @p6;
UPDATE [DoctorDateSchedules] SET [AppointmentDurationMinutes] = @p7, [DoctorId] = @p8, [EndTime] = @p9, [IsActive] = @p10, [ScheduleDate] = @p11, [StartTime] = @p12
OUTPUT 1
WHERE [Id] = @p13;
UPDATE [DoctorDateSchedules] SET [AppointmentDurationMinutes] = @p14, [DoctorId] = @p15, [EndTime] = @p16, [IsActive] = @p17, [ScheduleDate] = @p18, [StartTime] = @p19
OUTPUT 1
WHERE [Id] = @p20;
2026-06-30 11:04:34.888 +03:00 [INF] HTTP DELETE /api/doctors/applied-date-schedules/2026-07-11 responded 200 in 128ms
2026-06-30 11:04:34.898 +03:00 [INF] HTTP OPTIONS /api/doctors/applied-date-schedules responded 204 in 0ms
2026-06-30 11:04:34.910 +03:00 [INF] Executed DbCommand (1ms) [Parameters=[], CommandType='"Text"', CommandTimeout='30']
SELECT [d].[Id], [d].[DepartmentId], [d].[FullName], [d].[IsActive], [d].[Phone], [d].[Specialization], [d].[UserId]
FROM [Doctors] AS [d]
2026-06-30 11:04:34.914 +03:00 [INF] Executed DbCommand (1ms) [Parameters=[], CommandType='"Text"', CommandTimeout='30']
SELECT [d].[Id], [d].[AppointmentDurationMinutes], [d].[DoctorId], [d].[EndTime], [d].[IsActive], [d].[ScheduleDate], [d].[StartTime]
FROM [DoctorDateSchedules] AS [d]
2026-06-30 11:04:34.919 +03:00 [INF] HTTP GET /api/doctors/applied-date-schedules responded 200 in 14ms
2026-06-30 11:04:42.497 +03:00 [INF] HTTP OPTIONS /api/departments responded 204 in 0ms
2026-06-30 11:04:42.497 +03:00 [INF] HTTP OPTIONS /api/doctors responded 204 in 1ms
2026-06-30 11:04:42.602 +03:00 [INF] Executed DbCommand (2ms) [Parameters=[], CommandType='"Text"', CommandTimeout='30']
SELECT [d].[Id], [d].[DepartmentId], [d].[FullName], [d].[IsActive], [d].[Phone], [d].[Specialization], [d].[UserId]
FROM [Doctors] AS [d]
2026-06-30 11:04:42.670 +03:00 [INF] Executed DbCommand (15ms) [Parameters=[], CommandType='"Text"', CommandTimeout='30']
SELECT [d].[Id], [d].[Description], [d].[IsActive], [d].[Name]
FROM [Departments] AS [d]
2026-06-30 11:04:42.769 +03:00 [INF] HTTP GET /api/departments responded 200 in 261ms
2026-06-30 11:04:42.833 +03:00 [INF] Executed DbCommand (4ms) [Parameters=[@p='?' (DbType = Guid)], CommandType='"Text"', CommandTimeout='30']
SELECT TOP(1) [d].[Id], [d].[Description], [d].[IsActive], [d].[Name]
FROM [Departments] AS [d]
WHERE [d].[Id] = @p
2026-06-30 11:04:42.868 +03:00 [INF] Executed DbCommand (1ms) [Parameters=[@p='?' (DbType = Guid)], CommandType='"Text"', CommandTimeout='30']
SELECT TOP(1) [d].[Id], [d].[Description], [d].[IsActive], [d].[Name]
FROM [Departments] AS [d]
WHERE [d].[Id] = @p
2026-06-30 11:04:42.883 +03:00 [INF] HTTP GET /api/doctors responded 200 in 375ms
2026-06-30 11:04:46.137 +03:00 [INF] HTTP OPTIONS /api/doctors responded 204 in 0ms
2026-06-30 11:04:46.137 +03:00 [INF] HTTP OPTIONS /api/doctors/38807a7c-e4ef-4cad-bdf2-08fa24f03cbe/date-schedules responded 204 in 0ms
2026-06-30 11:04:46.168 +03:00 [INF] Executed DbCommand (2ms) [Parameters=[], CommandType='"Text"', CommandTimeout='30']
SELECT [d].[Id], [d].[DepartmentId], [d].[FullName], [d].[IsActive], [d].[Phone], [d].[Specialization], [d].[UserId]
FROM [Doctors] AS [d]
2026-06-30 11:04:46.177 +03:00 [INF] Executed DbCommand (3ms) [Parameters=[@p='?' (DbType = Guid)], CommandType='"Text"', CommandTimeout='30']
SELECT TOP(1) [d].[Id], [d].[Description], [d].[IsActive], [d].[Name]
FROM [Departments] AS [d]
WHERE [d].[Id] = @p
2026-06-30 11:04:46.184 +03:00 [INF] Executed DbCommand (2ms) [Parameters=[@p='?' (DbType = Guid)], CommandType='"Text"', CommandTimeout='30']
SELECT TOP(1) [d].[Id], [d].[Description], [d].[IsActive], [d].[Name]
FROM [Departments] AS [d]
WHERE [d].[Id] = @p
2026-06-30 11:04:46.186 +03:00 [INF] HTTP GET /api/doctors responded 200 in 31ms
2026-06-30 11:04:46.269 +03:00 [INF] Executed DbCommand (9ms) [Parameters=[@p='?' (DbType = Guid)], CommandType='"Text"', CommandTimeout='30']
SELECT TOP(1) [d].[Id], [d].[DepartmentId], [d].[FullName], [d].[IsActive], [d].[Phone], [d].[Specialization], [d].[UserId]
FROM [Doctors] AS [d]
WHERE [d].[Id] = @p
2026-06-30 11:04:46.277 +03:00 [INF] Executed DbCommand (2ms) [Parameters=[], CommandType='"Text"', CommandTimeout='30']
SELECT [d].[Id], [d].[AppointmentDurationMinutes], [d].[DoctorId], [d].[EndTime], [d].[IsActive], [d].[ScheduleDate], [d].[StartTime]
FROM [DoctorDateSchedules] AS [d]
2026-06-30 11:04:46.284 +03:00 [INF] HTTP GET /api/doctors/38807a7c-e4ef-4cad-bdf2-08fa24f03cbe/date-schedules responded 200 in 121ms
2026-06-30 11:05:02.263 +03:00 [INF] HTTP OPTIONS /api/doctors/38807a7c-e4ef-4cad-bdf2-08fa24f03cbe/date-schedules/2026-06-30 responded 204 in 0ms
2026-06-30 11:05:02.298 +03:00 [INF] Executed DbCommand (1ms) [Parameters=[@p='?' (DbType = Guid)], CommandType='"Text"', CommandTimeout='30']
SELECT TOP(1) [d].[Id], [d].[DepartmentId], [d].[FullName], [d].[IsActive], [d].[Phone], [d].[Specialization], [d].[UserId]
FROM [Doctors] AS [d]
WHERE [d].[Id] = @p
2026-06-30 11:05:02.302 +03:00 [INF] Executed DbCommand (1ms) [Parameters=[], CommandType='"Text"', CommandTimeout='30']
SELECT [d].[Id], [d].[AppointmentDurationMinutes], [d].[DoctorId], [d].[EndTime], [d].[IsActive], [d].[ScheduleDate], [d].[StartTime]
FROM [DoctorDateSchedules] AS [d]
2026-06-30 11:05:02.318 +03:00 [INF] Executed DbCommand (11ms) [Parameters=[@p6='?' (DbType = Guid), @p0='?' (DbType = Int32), @p1='?' (DbType = Guid), @p2='?' (DbType = Time), @p3='?' (DbType = Boolean), @p4='?' (DbType = Date), @p5='?' (DbType = Time)], CommandType='"Text"', CommandTimeout='30']
SET IMPLICIT_TRANSACTIONS OFF;
SET NOCOUNT ON;
UPDATE [DoctorDateSchedules] SET [AppointmentDurationMinutes] = @p0, [DoctorId] = @p1, [EndTime] = @p2, [IsActive] = @p3, [ScheduleDate] = @p4, [StartTime] = @p5
OUTPUT 1
WHERE [Id] = @p6;
2026-06-30 11:05:02.320 +03:00 [INF] HTTP DELETE /api/doctors/38807a7c-e4ef-4cad-bdf2-08fa24f03cbe/date-schedules/2026-06-30 responded 200 in 52ms
2026-06-30 11:05:02.327 +03:00 [INF] HTTP OPTIONS /api/doctors/38807a7c-e4ef-4cad-bdf2-08fa24f03cbe/date-schedules responded 204 in 0ms
2026-06-30 11:05:02.335 +03:00 [INF] Executed DbCommand (1ms) [Parameters=[@p='?' (DbType = Guid)], CommandType='"Text"', CommandTimeout='30']
SELECT TOP(1) [d].[Id], [d].[DepartmentId], [d].[FullName], [d].[IsActive], [d].[Phone], [d].[Specialization], [d].[UserId]
FROM [Doctors] AS [d]
WHERE [d].[Id] = @p
2026-06-30 11:05:02.338 +03:00 [INF] Executed DbCommand (1ms) [Parameters=[], CommandType='"Text"', CommandTimeout='30']
SELECT [d].[Id], [d].[AppointmentDurationMinutes], [d].[DoctorId], [d].[EndTime], [d].[IsActive], [d].[ScheduleDate], [d].[StartTime]
FROM [DoctorDateSchedules] AS [d]
2026-06-30 11:05:02.340 +03:00 [INF] HTTP GET /api/doctors/38807a7c-e4ef-4cad-bdf2-08fa24f03cbe/date-schedules responded 200 in 9ms
2026-06-30 11:05:04.715 +03:00 [INF] HTTP OPTIONS /api/departments responded 204 in 0ms
2026-06-30 11:05:04.733 +03:00 [INF] Executed DbCommand (2ms) [Parameters=[], CommandType='"Text"', CommandTimeout='30']
SELECT [d].[Id], [d].[Description], [d].[IsActive], [d].[Name]
FROM [Departments] AS [d]
2026-06-30 11:05:04.737 +03:00 [INF] HTTP GET /api/departments responded 200 in 12ms
2026-06-30 11:05:14.931 +03:00 [INF] HTTP OPTIONS /api/doctors responded 204 in 0ms
2026-06-30 11:05:14.934 +03:00 [INF] HTTP OPTIONS /api/departments responded 204 in 0ms
2026-06-30 11:05:14.950 +03:00 [INF] Executed DbCommand (2ms) [Parameters=[], CommandType='"Text"', CommandTimeout='30']
SELECT [d].[Id], [d].[DepartmentId], [d].[FullName], [d].[IsActive], [d].[Phone], [d].[Specialization], [d].[UserId]
FROM [Doctors] AS [d]
2026-06-30 11:05:14.953 +03:00 [INF] Executed DbCommand (1ms) [Parameters=[], CommandType='"Text"', CommandTimeout='30']
SELECT [d].[Id], [d].[Description], [d].[IsActive], [d].[Name]
FROM [Departments] AS [d]
2026-06-30 11:05:14.955 +03:00 [INF] Executed DbCommand (1ms) [Parameters=[@p='?' (DbType = Guid)], CommandType='"Text"', CommandTimeout='30']
SELECT TOP(1) [d].[Id], [d].[Description], [d].[IsActive], [d].[Name]
FROM [Departments] AS [d]
WHERE [d].[Id] = @p
2026-06-30 11:05:14.955 +03:00 [INF] HTTP GET /api/departments responded 200 in 11ms
2026-06-30 11:05:14.962 +03:00 [INF] Executed DbCommand (2ms) [Parameters=[@p='?' (DbType = Guid)], CommandType='"Text"', CommandTimeout='30']
SELECT TOP(1) [d].[Id], [d].[Description], [d].[IsActive], [d].[Name]
FROM [Departments] AS [d]
WHERE [d].[Id] = @p
2026-06-30 11:05:14.964 +03:00 [INF] HTTP GET /api/doctors responded 200 in 23ms
2026-06-30 11:05:17.400 +03:00 [INF] HTTP OPTIONS /api/doctors responded 204 in 0ms
2026-06-30 11:05:17.426 +03:00 [INF] Executed DbCommand (2ms) [Parameters=[], CommandType='"Text"', CommandTimeout='30']
SELECT [d].[Id], [d].[DepartmentId], [d].[FullName], [d].[IsActive], [d].[Phone], [d].[Specialization], [d].[UserId]
FROM [Doctors] AS [d]
2026-06-30 11:05:17.432 +03:00 [INF] Executed DbCommand (2ms) [Parameters=[@p='?' (DbType = Guid)], CommandType='"Text"', CommandTimeout='30']
SELECT TOP(1) [d].[Id], [d].[Description], [d].[IsActive], [d].[Name]
FROM [Departments] AS [d]
WHERE [d].[Id] = @p
2026-06-30 11:05:17.436 +03:00 [INF] Executed DbCommand (1ms) [Parameters=[@p='?' (DbType = Guid)], CommandType='"Text"', CommandTimeout='30']
SELECT TOP(1) [d].[Id], [d].[Description], [d].[IsActive], [d].[Name]
FROM [Departments] AS [d]
WHERE [d].[Id] = @p
2026-06-30 11:05:17.438 +03:00 [INF] HTTP GET /api/doctors responded 200 in 23ms
2026-06-30 11:05:23.126 +03:00 [INF] HTTP OPTIONS /api/doctors/38807a7c-e4ef-4cad-bdf2-08fa24f03cbe/date-schedules responded 204 in 0ms
2026-06-30 11:05:23.196 +03:00 [INF] Executed DbCommand (2ms) [Parameters=[@p='?' (DbType = Guid)], CommandType='"Text"', CommandTimeout='30']
SELECT TOP(1) [d].[Id], [d].[DepartmentId], [d].[FullName], [d].[IsActive], [d].[Phone], [d].[Specialization], [d].[UserId]
FROM [Doctors] AS [d]
WHERE [d].[Id] = @p
2026-06-30 11:05:23.202 +03:00 [INF] Executed DbCommand (2ms) [Parameters=[], CommandType='"Text"', CommandTimeout='30']
SELECT [d].[Id], [d].[AppointmentDurationMinutes], [d].[DoctorId], [d].[EndTime], [d].[IsActive], [d].[ScheduleDate], [d].[StartTime]
FROM [DoctorDateSchedules] AS [d]
2026-06-30 11:05:23.216 +03:00 [INF] Executed DbCommand (4ms) [Parameters=[@p0='?' (DbType = Guid), @p1='?' (DbType = Int32), @p2='?' (DbType = Guid), @p3='?' (DbType = Time), @p4='?' (DbType = Boolean), @p5='?' (DbType = Date), @p6='?' (DbType = Time)], CommandType='"Text"', CommandTimeout='30']
SET IMPLICIT_TRANSACTIONS OFF;
SET NOCOUNT ON;
INSERT INTO [DoctorDateSchedules] ([Id], [AppointmentDurationMinutes], [DoctorId], [EndTime], [IsActive], [ScheduleDate], [StartTime])
VALUES (@p0, @p1, @p2, @p3, @p4, @p5, @p6);
2026-06-30 11:05:23.220 +03:00 [INF] HTTP PUT /api/doctors/38807a7c-e4ef-4cad-bdf2-08fa24f03cbe/date-schedules responded 200 in 86ms
2026-06-30 11:05:23.232 +03:00 [INF] Executed DbCommand (1ms) [Parameters=[@p='?' (DbType = Guid)], CommandType='"Text"', CommandTimeout='30']
SELECT TOP(1) [d].[Id], [d].[DepartmentId], [d].[FullName], [d].[IsActive], [d].[Phone], [d].[Specialization], [d].[UserId]
FROM [Doctors] AS [d]
WHERE [d].[Id] = @p
2026-06-30 11:05:23.235 +03:00 [INF] Executed DbCommand (1ms) [Parameters=[], CommandType='"Text"', CommandTimeout='30']
SELECT [d].[Id], [d].[AppointmentDurationMinutes], [d].[DoctorId], [d].[EndTime], [d].[IsActive], [d].[ScheduleDate], [d].[StartTime]
FROM [DoctorDateSchedules] AS [d]
2026-06-30 11:05:23.238 +03:00 [INF] HTTP GET /api/doctors/38807a7c-e4ef-4cad-bdf2-08fa24f03cbe/date-schedules responded 200 in 10ms
2026-06-30 11:05:32.429 +03:00 [INF] HTTP OPTIONS /api/doctors/41885cdc-0175-4dcb-9824-944a922f6950/date-schedules responded 204 in 0ms
2026-06-30 11:05:32.429 +03:00 [INF] HTTP OPTIONS /api/doctors responded 204 in 0ms
2026-06-30 11:05:32.447 +03:00 [INF] Executed DbCommand (1ms) [Parameters=[], CommandType='"Text"', CommandTimeout='30']
SELECT [d].[Id], [d].[DepartmentId], [d].[FullName], [d].[IsActive], [d].[Phone], [d].[Specialization], [d].[UserId]
FROM [Doctors] AS [d]
2026-06-30 11:05:32.448 +03:00 [INF] Executed DbCommand (2ms) [Parameters=[@p='?' (DbType = Guid)], CommandType='"Text"', CommandTimeout='30']
SELECT TOP(1) [d].[Id], [d].[DepartmentId], [d].[FullName], [d].[IsActive], [d].[Phone], [d].[Specialization], [d].[UserId]
FROM [Doctors] AS [d]
WHERE [d].[Id] = @p
2026-06-30 11:05:32.453 +03:00 [INF] Executed DbCommand (2ms) [Parameters=[], CommandType='"Text"', CommandTimeout='30']
SELECT [d].[Id], [d].[AppointmentDurationMinutes], [d].[DoctorId], [d].[EndTime], [d].[IsActive], [d].[ScheduleDate], [d].[StartTime]
FROM [DoctorDateSchedules] AS [d]
2026-06-30 11:05:32.453 +03:00 [INF] Executed DbCommand (2ms) [Parameters=[@p='?' (DbType = Guid)], CommandType='"Text"', CommandTimeout='30']
SELECT TOP(1) [d].[Id], [d].[Description], [d].[IsActive], [d].[Name]
FROM [Departments] AS [d]
WHERE [d].[Id] = @p
2026-06-30 11:05:32.455 +03:00 [INF] HTTP GET /api/doctors/41885cdc-0175-4dcb-9824-944a922f6950/date-schedules responded 200 in 15ms
2026-06-30 11:05:32.459 +03:00 [INF] Executed DbCommand (1ms) [Parameters=[@p='?' (DbType = Guid)], CommandType='"Text"', CommandTimeout='30']
SELECT TOP(1) [d].[Id], [d].[Description], [d].[IsActive], [d].[Name]
FROM [Departments] AS [d]
WHERE [d].[Id] = @p
2026-06-30 11:05:32.461 +03:00 [INF] HTTP GET /api/doctors responded 200 in 21ms
2026-06-30 11:05:41.430 +03:00 [INF] HTTP OPTIONS /api/departments responded 204 in 0ms
2026-06-30 11:05:41.442 +03:00 [INF] Executed DbCommand (1ms) [Parameters=[], CommandType='"Text"', CommandTimeout='30']
SELECT [d].[Id], [d].[Description], [d].[IsActive], [d].[Name]
FROM [Departments] AS [d]
2026-06-30 11:05:41.444 +03:00 [INF] HTTP GET /api/departments responded 200 in 7ms
2026-06-30 11:05:48.282 +03:00 [INF] HTTP OPTIONS /api/doctors responded 204 in 0ms
2026-06-30 11:05:48.290 +03:00 [INF] Executed DbCommand (2ms) [Parameters=[], CommandType='"Text"', CommandTimeout='30']
SELECT [d].[Id], [d].[DepartmentId], [d].[FullName], [d].[IsActive], [d].[Phone], [d].[Specialization], [d].[UserId]
FROM [Doctors] AS [d]
2026-06-30 11:05:48.292 +03:00 [INF] Executed DbCommand (1ms) [Parameters=[@p='?' (DbType = Guid)], CommandType='"Text"', CommandTimeout='30']
SELECT TOP(1) [d].[Id], [d].[Description], [d].[IsActive], [d].[Name]
FROM [Departments] AS [d]
WHERE [d].[Id] = @p
2026-06-30 11:05:48.294 +03:00 [INF] Executed DbCommand (1ms) [Parameters=[@p='?' (DbType = Guid)], CommandType='"Text"', CommandTimeout='30']
SELECT TOP(1) [d].[Id], [d].[Description], [d].[IsActive], [d].[Name]
FROM [Departments] AS [d]
WHERE [d].[Id] = @p
2026-06-30 11:05:48.295 +03:00 [INF] HTTP GET /api/doctors responded 200 in 9ms
2026-06-30 11:05:56.752 +03:00 [INF] HTTP OPTIONS /api/auth/login responded 204 in 0ms
2026-06-30 11:05:56.833 +03:00 [INF] Executed DbCommand (4ms) [Parameters=[], CommandType='"Text"', CommandTimeout='30']
SELECT [u].[Id], [u].[CreatedAt], [u].[Email], [u].[IsActive], [u].[PasswordHash], [u].[Role]
FROM [Users] AS [u]
2026-06-30 11:05:57.728 +03:00 [INF] HTTP POST /api/auth/login responded 200 in 968ms
2026-06-30 11:05:57.774 +03:00 [INF] HTTP OPTIONS /api/doctor/working-hours responded 204 in 0ms
2026-06-30 11:05:57.774 +03:00 [INF] HTTP OPTIONS /api/doctor/schedule responded 204 in 0ms
2026-06-30 11:05:57.798 +03:00 [INF] Executed DbCommand (1ms) [Parameters=[], CommandType='"Text"', CommandTimeout='30']
SELECT [d].[Id], [d].[DepartmentId], [d].[FullName], [d].[IsActive], [d].[Phone], [d].[Specialization], [d].[UserId]
FROM [Doctors] AS [d]
2026-06-30 11:05:57.798 +03:00 [INF] Executed DbCommand (1ms) [Parameters=[], CommandType='"Text"', CommandTimeout='30']
SELECT [d].[Id], [d].[DepartmentId], [d].[FullName], [d].[IsActive], [d].[Phone], [d].[Specialization], [d].[UserId]
FROM [Doctors] AS [d]
2026-06-30 11:05:57.800 +03:00 [INF] Executed DbCommand (1ms) [Parameters=[@p='?' (DbType = Guid)], CommandType='"Text"', CommandTimeout='30']
SELECT TOP(1) [d].[Id], [d].[Description], [d].[IsActive], [d].[Name]
FROM [Departments] AS [d]
WHERE [d].[Id] = @p
2026-06-30 11:05:57.800 +03:00 [INF] Executed DbCommand (1ms) [Parameters=[@p='?' (DbType = Guid)], CommandType='"Text"', CommandTimeout='30']
SELECT TOP(1) [d].[Id], [d].[Description], [d].[IsActive], [d].[Name]
FROM [Departments] AS [d]
WHERE [d].[Id] = @p
2026-06-30 11:05:57.805 +03:00 [INF] Executed DbCommand (1ms) [Parameters=[], CommandType='"Text"', CommandTimeout='30']
SELECT [d].[Id], [d].[AppointmentDurationMinutes], [d].[DoctorId], [d].[EndTime], [d].[IsActive], [d].[ScheduleDate], [d].[StartTime]
FROM [DoctorDateSchedules] AS [d]
2026-06-30 11:05:57.807 +03:00 [INF] HTTP GET /api/doctor/working-hours responded 200 in 28ms
2026-06-30 11:05:57.832 +03:00 [INF] Executed DbCommand (7ms) [Parameters=[@doctorId='?' (DbType = Guid), @date='?' (DbType = Date)], CommandType='"Text"', CommandTimeout='30']
SELECT [a].[Id], [a].[AppointmentDate], [a].[CreatedAt], [a].[CreatedByReceptionistId], [a].[DoctorId], [a].[EndTime], [a].[Notes], [a].[PatientId], [a].[StartTime], [a].[Status], [a].[UpdatedAt]
FROM [Appointments] AS [a]
WHERE [a].[DoctorId] = @doctorId AND [a].[AppointmentDate] = @date
ORDER BY [a].[StartTime]
2026-06-30 11:05:57.862 +03:00 [INF] HTTP GET /api/doctor/schedule responded 200 in 84ms
2026-06-30 11:07:09.171 +03:00 [INF] HTTP OPTIONS /api/doctor/working-hours responded 204 in 0ms
2026-06-30 11:07:09.173 +03:00 [INF] HTTP OPTIONS /api/doctor/schedule responded 204 in 0ms
2026-06-30 11:07:09.215 +03:00 [INF] Executed DbCommand (2ms) [Parameters=[], CommandType='"Text"', CommandTimeout='30']
SELECT [d].[Id], [d].[DepartmentId], [d].[FullName], [d].[IsActive], [d].[Phone], [d].[Specialization], [d].[UserId]
FROM [Doctors] AS [d]
2026-06-30 11:07:09.215 +03:00 [INF] Executed DbCommand (2ms) [Parameters=[], CommandType='"Text"', CommandTimeout='30']
SELECT [d].[Id], [d].[DepartmentId], [d].[FullName], [d].[IsActive], [d].[Phone], [d].[Specialization], [d].[UserId]
FROM [Doctors] AS [d]
2026-06-30 11:07:09.221 +03:00 [INF] Executed DbCommand (2ms) [Parameters=[@p='?' (DbType = Guid)], CommandType='"Text"', CommandTimeout='30']
SELECT TOP(1) [d].[Id], [d].[Description], [d].[IsActive], [d].[Name]
FROM [Departments] AS [d]
WHERE [d].[Id] = @p
2026-06-30 11:07:09.222 +03:00 [INF] Executed DbCommand (2ms) [Parameters=[@p='?' (DbType = Guid)], CommandType='"Text"', CommandTimeout='30']
SELECT TOP(1) [d].[Id], [d].[Description], [d].[IsActive], [d].[Name]
FROM [Departments] AS [d]
WHERE [d].[Id] = @p
2026-06-30 11:07:09.226 +03:00 [INF] Executed DbCommand (2ms) [Parameters=[], CommandType='"Text"', CommandTimeout='30']
SELECT [d].[Id], [d].[AppointmentDurationMinutes], [d].[DoctorId], [d].[EndTime], [d].[IsActive], [d].[ScheduleDate], [d].[StartTime]
FROM [DoctorDateSchedules] AS [d]
2026-06-30 11:07:09.230 +03:00 [INF] HTTP GET /api/doctor/working-hours responded 200 in 40ms
2026-06-30 11:07:09.230 +03:00 [INF] Executed DbCommand (2ms) [Parameters=[@doctorId='?' (DbType = Guid), @date='?' (DbType = Date)], CommandType='"Text"', CommandTimeout='30']
SELECT [a].[Id], [a].[AppointmentDate], [a].[CreatedAt], [a].[CreatedByReceptionistId], [a].[DoctorId], [a].[EndTime], [a].[Notes], [a].[PatientId], [a].[StartTime], [a].[Status], [a].[UpdatedAt]
FROM [Appointments] AS [a]
WHERE [a].[DoctorId] = @doctorId AND [a].[AppointmentDate] = @date
ORDER BY [a].[StartTime]
2026-06-30 11:07:09.234 +03:00 [INF] HTTP GET /api/doctor/schedule responded 200 in 41ms
2026-06-30 11:07:13.435 +03:00 [INF] HTTP OPTIONS /api/doctor/working-hours responded 204 in 0ms
2026-06-30 11:07:13.444 +03:00 [INF] HTTP OPTIONS /api/doctor/schedule responded 204 in 0ms
2026-06-30 11:07:13.460 +03:00 [INF] Executed DbCommand (2ms) [Parameters=[], CommandType='"Text"', CommandTimeout='30']
SELECT [d].[Id], [d].[DepartmentId], [d].[FullName], [d].[IsActive], [d].[Phone], [d].[Specialization], [d].[UserId]
FROM [Doctors] AS [d]
2026-06-30 11:07:13.460 +03:00 [INF] Executed DbCommand (2ms) [Parameters=[], CommandType='"Text"', CommandTimeout='30']
SELECT [d].[Id], [d].[DepartmentId], [d].[FullName], [d].[IsActive], [d].[Phone], [d].[Specialization], [d].[UserId]
FROM [Doctors] AS [d]
2026-06-30 11:07:13.463 +03:00 [INF] Executed DbCommand (1ms) [Parameters=[@p='?' (DbType = Guid)], CommandType='"Text"', CommandTimeout='30']
SELECT TOP(1) [d].[Id], [d].[Description], [d].[IsActive], [d].[Name]
FROM [Departments] AS [d]
WHERE [d].[Id] = @p
2026-06-30 11:07:13.463 +03:00 [INF] Executed DbCommand (1ms) [Parameters=[@p='?' (DbType = Guid)], CommandType='"Text"', CommandTimeout='30']
SELECT TOP(1) [d].[Id], [d].[Description], [d].[IsActive], [d].[Name]
FROM [Departments] AS [d]
WHERE [d].[Id] = @p
2026-06-30 11:07:13.465 +03:00 [INF] Executed DbCommand (1ms) [Parameters=[], CommandType='"Text"', CommandTimeout='30']
SELECT [d].[Id], [d].[AppointmentDurationMinutes], [d].[DoctorId], [d].[EndTime], [d].[IsActive], [d].[ScheduleDate], [d].[StartTime]
FROM [DoctorDateSchedules] AS [d]
2026-06-30 11:07:13.469 +03:00 [INF] Executed DbCommand (1ms) [Parameters=[@doctorId='?' (DbType = Guid), @date='?' (DbType = Date)], CommandType='"Text"', CommandTimeout='30']
SELECT [a].[Id], [a].[AppointmentDate], [a].[CreatedAt], [a].[CreatedByReceptionistId], [a].[DoctorId], [a].[EndTime], [a].[Notes], [a].[PatientId], [a].[StartTime], [a].[Status], [a].[UpdatedAt]
FROM [Appointments] AS [a]
WHERE [a].[DoctorId] = @doctorId AND [a].[AppointmentDate] = @date
ORDER BY [a].[StartTime]
2026-06-30 11:07:13.472 +03:00 [INF] HTTP GET /api/doctor/schedule responded 200 in 19ms
2026-06-30 11:07:13.482 +03:00 [WRN] Request failed with "NotFound"
HospitalSystem.Application.Exceptions.NotFoundException: No working hours configured for this date.
   at HospitalSystem.API.Controllers.DoctorController.GetWorkingHours(DateOnly date, CancellationToken cancellationToken) in G:\DEPI\HospitalSystem.API\Controllers\DoctorController.cs:line 52
   at lambda_method570(Closure, Object)
   at Microsoft.AspNetCore.Mvc.Infrastructure.ActionMethodExecutor.AwaitableObjectResultExecutor.Execute(ActionContext actionContext, IActionResultTypeMapper mapper, ObjectMethodExecutor executor, Object controller, Object[] arguments)
   at Microsoft.AspNetCore.Mvc.Infrastructure.ControllerActionInvoker.<InvokeActionMethodAsync>g__Awaited|12_0(ControllerActionInvoker invoker, ValueTask`1 actionResultValueTask)
   at Microsoft.AspNetCore.Mvc.Infrastructure.ControllerActionInvoker.<InvokeNextActionFilterAsync>g__Awaited|10_0(ControllerActionInvoker invoker, Task lastTask, State next, Scope scope, Object state, Boolean isCompleted)
   at Microsoft.AspNetCore.Mvc.Infrastructure.ControllerActionInvoker.Rethrow(ActionExecutedContextSealed context)
   at Microsoft.AspNetCore.Mvc.Infrastructure.ControllerActionInvoker.Next(State& next, Scope& scope, Object& state, Boolean& isCompleted)
   at Microsoft.AspNetCore.Mvc.Infrastructure.ControllerActionInvoker.<InvokeInnerFilterAsync>g__Awaited|13_0(ControllerActionInvoker invoker, Task lastTask, State next, Scope scope, Object state, Boolean isCompleted)
   at Microsoft.AspNetCore.Mvc.Infrastructure.ResourceInvoker.<InvokeFilterPipelineAsync>g__Awaited|20_0(ResourceInvoker invoker, Task lastTask, State next, Scope scope, Object state, Boolean isCompleted)
   at Microsoft.AspNetCore.Mvc.Infrastructure.ResourceInvoker.<InvokeAsync>g__Awaited|17_0(ResourceInvoker invoker, Task task, IDisposable scope)
   at Microsoft.AspNetCore.Mvc.Infrastructure.ResourceInvoker.<InvokeAsync>g__Awaited|17_0(ResourceInvoker invoker, Task task, IDisposable scope)
   at Microsoft.AspNetCore.Authorization.AuthorizationMiddleware.Invoke(HttpContext context)
   at Microsoft.AspNetCore.Authentication.AuthenticationMiddleware.Invoke(HttpContext context)
   at Swashbuckle.AspNetCore.SwaggerUI.SwaggerUIMiddleware.Invoke(HttpContext httpContext)
   at Swashbuckle.AspNetCore.Swagger.SwaggerMiddleware.Invoke(HttpContext httpContext, ISwaggerProvider swaggerProvider)
   at HospitalSystem.API.Middleware.RequestLoggingMiddleware.InvokeAsync(HttpContext context) in G:\DEPI\HospitalSystem.API\Middleware\RequestLoggingMiddleware.cs:line 19
   at HospitalSystem.API.Middleware.ExceptionHandlingMiddleware.InvokeAsync(HttpContext context) in G:\DEPI\HospitalSystem.API\Middleware\ExceptionHandlingMiddleware.cs:line 24
2026-06-30 11:07:20.949 +03:00 [INF] HTTP OPTIONS /api/auth/login responded 204 in 0ms
2026-06-30 11:07:20.970 +03:00 [INF] Executed DbCommand (1ms) [Parameters=[], CommandType='"Text"', CommandTimeout='30']
SELECT [u].[Id], [u].[CreatedAt], [u].[Email], [u].[IsActive], [u].[PasswordHash], [u].[Role]
FROM [Users] AS [u]
2026-06-30 11:07:21.420 +03:00 [INF] HTTP POST /api/auth/login responded 200 in 461ms
2026-06-30 11:07:21.454 +03:00 [INF] HTTP OPTIONS /api/doctor/working-hours responded 204 in 0ms
2026-06-30 11:07:21.454 +03:00 [INF] HTTP OPTIONS /api/doctor/schedule responded 204 in 0ms
2026-06-30 11:07:21.463 +03:00 [INF] Executed DbCommand (1ms) [Parameters=[], CommandType='"Text"', CommandTimeout='30']
SELECT [d].[Id], [d].[DepartmentId], [d].[FullName], [d].[IsActive], [d].[Phone], [d].[Specialization], [d].[UserId]
FROM [Doctors] AS [d]
2026-06-30 11:07:21.463 +03:00 [INF] Executed DbCommand (1ms) [Parameters=[], CommandType='"Text"', CommandTimeout='30']
SELECT [d].[Id], [d].[DepartmentId], [d].[FullName], [d].[IsActive], [d].[Phone], [d].[Specialization], [d].[UserId]
FROM [Doctors] AS [d]
2026-06-30 11:07:21.465 +03:00 [INF] Executed DbCommand (1ms) [Parameters=[@p='?' (DbType = Guid)], CommandType='"Text"', CommandTimeout='30']
SELECT TOP(1) [d].[Id], [d].[Description], [d].[IsActive], [d].[Name]
FROM [Departments] AS [d]
WHERE [d].[Id] = @p
2026-06-30 11:07:21.465 +03:00 [INF] Executed DbCommand (1ms) [Parameters=[@p='?' (DbType = Guid)], CommandType='"Text"', CommandTimeout='30']
SELECT TOP(1) [d].[Id], [d].[Description], [d].[IsActive], [d].[Name]
FROM [Departments] AS [d]
WHERE [d].[Id] = @p
2026-06-30 11:07:21.468 +03:00 [INF] Executed DbCommand (1ms) [Parameters=[], CommandType='"Text"', CommandTimeout='30']
SELECT [d].[Id], [d].[AppointmentDurationMinutes], [d].[DoctorId], [d].[EndTime], [d].[IsActive], [d].[ScheduleDate], [d].[StartTime]
FROM [DoctorDateSchedules] AS [d]
2026-06-30 11:07:21.468 +03:00 [INF] Executed DbCommand (1ms) [Parameters=[@doctorId='?' (DbType = Guid), @date='?' (DbType = Date)], CommandType='"Text"', CommandTimeout='30']
SELECT [a].[Id], [a].[AppointmentDate], [a].[CreatedAt], [a].[CreatedByReceptionistId], [a].[DoctorId], [a].[EndTime], [a].[Notes], [a].[PatientId], [a].[StartTime], [a].[Status], [a].[UpdatedAt]
FROM [Appointments] AS [a]
WHERE [a].[DoctorId] = @doctorId AND [a].[AppointmentDate] = @date
ORDER BY [a].[StartTime]
2026-06-30 11:07:21.470 +03:00 [INF] HTTP GET /api/doctor/working-hours responded 200 in 10ms
2026-06-30 11:07:21.470 +03:00 [INF] HTTP GET /api/doctor/schedule responded 200 in 10ms
2026-06-30 11:07:52.283 +03:00 [INF] HTTP OPTIONS /api/doctor/working-hours responded 204 in 0ms
2026-06-30 11:07:52.284 +03:00 [INF] HTTP OPTIONS /api/doctor/schedule responded 204 in 0ms
2026-06-30 11:07:52.305 +03:00 [INF] Executed DbCommand (1ms) [Parameters=[], CommandType='"Text"', CommandTimeout='30']
SELECT [d].[Id], [d].[DepartmentId], [d].[FullName], [d].[IsActive], [d].[Phone], [d].[Specialization], [d].[UserId]
FROM [Doctors] AS [d]
2026-06-30 11:07:52.306 +03:00 [INF] Executed DbCommand (2ms) [Parameters=[], CommandType='"Text"', CommandTimeout='30']
SELECT [d].[Id], [d].[DepartmentId], [d].[FullName], [d].[IsActive], [d].[Phone], [d].[Specialization], [d].[UserId]
FROM [Doctors] AS [d]
2026-06-30 11:07:52.313 +03:00 [INF] Executed DbCommand (1ms) [Parameters=[@p='?' (DbType = Guid)], CommandType='"Text"', CommandTimeout='30']
SELECT TOP(1) [d].[Id], [d].[Description], [d].[IsActive], [d].[Name]
FROM [Departments] AS [d]
WHERE [d].[Id] = @p
2026-06-30 11:07:52.314 +03:00 [INF] Executed DbCommand (2ms) [Parameters=[@p='?' (DbType = Guid)], CommandType='"Text"', CommandTimeout='30']
SELECT TOP(1) [d].[Id], [d].[Description], [d].[IsActive], [d].[Name]
FROM [Departments] AS [d]
WHERE [d].[Id] = @p
2026-06-30 11:07:52.319 +03:00 [INF] Executed DbCommand (2ms) [Parameters=[@doctorId='?' (DbType = Guid), @date='?' (DbType = Date)], CommandType='"Text"', CommandTimeout='30']
SELECT [a].[Id], [a].[AppointmentDate], [a].[CreatedAt], [a].[CreatedByReceptionistId], [a].[DoctorId], [a].[EndTime], [a].[Notes], [a].[PatientId], [a].[StartTime], [a].[Status], [a].[UpdatedAt]
FROM [Appointments] AS [a]
WHERE [a].[DoctorId] = @doctorId AND [a].[AppointmentDate] = @date
ORDER BY [a].[StartTime]
2026-06-30 11:07:52.321 +03:00 [INF] Executed DbCommand (1ms) [Parameters=[], CommandType='"Text"', CommandTimeout='30']
SELECT [d].[Id], [d].[AppointmentDurationMinutes], [d].[DoctorId], [d].[EndTime], [d].[IsActive], [d].[ScheduleDate], [d].[StartTime]
FROM [DoctorDateSchedules] AS [d]
2026-06-30 11:07:52.324 +03:00 [INF] HTTP GET /api/doctor/schedule responded 200 in 25ms
2026-06-30 11:07:52.326 +03:00 [INF] HTTP GET /api/doctor/working-hours responded 200 in 28ms
2026-06-30 11:09:14.282 +03:00 [INF] HTTP OPTIONS /api/doctor/working-hours responded 204 in 0ms
2026-06-30 11:09:14.288 +03:00 [INF] HTTP OPTIONS /api/doctor/schedule responded 204 in 0ms
2026-06-30 11:09:14.316 +03:00 [INF] Executed DbCommand (2ms) [Parameters=[], CommandType='"Text"', CommandTimeout='30']
SELECT [d].[Id], [d].[DepartmentId], [d].[FullName], [d].[IsActive], [d].[Phone], [d].[Specialization], [d].[UserId]
FROM [Doctors] AS [d]
2026-06-30 11:09:14.317 +03:00 [INF] Executed DbCommand (3ms) [Parameters=[], CommandType='"Text"', CommandTimeout='30']
SELECT [d].[Id], [d].[DepartmentId], [d].[FullName], [d].[IsActive], [d].[Phone], [d].[Specialization], [d].[UserId]
FROM [Doctors] AS [d]
2026-06-30 11:09:14.321 +03:00 [INF] Executed DbCommand (1ms) [Parameters=[@p='?' (DbType = Guid)], CommandType='"Text"', CommandTimeout='30']
SELECT TOP(1) [d].[Id], [d].[Description], [d].[IsActive], [d].[Name]
FROM [Departments] AS [d]
WHERE [d].[Id] = @p
2026-06-30 11:09:14.321 +03:00 [INF] Executed DbCommand (1ms) [Parameters=[@p='?' (DbType = Guid)], CommandType='"Text"', CommandTimeout='30']
SELECT TOP(1) [d].[Id], [d].[Description], [d].[IsActive], [d].[Name]
FROM [Departments] AS [d]
WHERE [d].[Id] = @p
2026-06-30 11:09:14.324 +03:00 [INF] Executed DbCommand (1ms) [Parameters=[], CommandType='"Text"', CommandTimeout='30']
SELECT [d].[Id], [d].[AppointmentDurationMinutes], [d].[DoctorId], [d].[EndTime], [d].[IsActive], [d].[ScheduleDate], [d].[StartTime]
FROM [DoctorDateSchedules] AS [d]
2026-06-30 11:09:14.327 +03:00 [INF] Executed DbCommand (2ms) [Parameters=[@doctorId='?' (DbType = Guid), @date='?' (DbType = Date)], CommandType='"Text"', CommandTimeout='30']
SELECT [a].[Id], [a].[AppointmentDate], [a].[CreatedAt], [a].[CreatedByReceptionistId], [a].[DoctorId], [a].[EndTime], [a].[Notes], [a].[PatientId], [a].[StartTime], [a].[Status], [a].[UpdatedAt]
FROM [Appointments] AS [a]
WHERE [a].[DoctorId] = @doctorId AND [a].[AppointmentDate] = @date
ORDER BY [a].[StartTime]
2026-06-30 11:09:14.329 +03:00 [INF] HTTP GET /api/doctor/working-hours responded 200 in 21ms
2026-06-30 11:09:14.330 +03:00 [INF] HTTP GET /api/doctor/schedule responded 200 in 21ms
2026-06-30 11:09:44.773 +03:00 [INF] HTTP OPTIONS /api/doctor/working-hours responded 204 in 0ms
2026-06-30 11:09:44.774 +03:00 [INF] HTTP OPTIONS /api/doctor/schedule responded 204 in 0ms
2026-06-30 11:09:44.780 +03:00 [INF] Executed DbCommand (1ms) [Parameters=[], CommandType='"Text"', CommandTimeout='30']
SELECT [d].[Id], [d].[DepartmentId], [d].[FullName], [d].[IsActive], [d].[Phone], [d].[Specialization], [d].[UserId]
FROM [Doctors] AS [d]
2026-06-30 11:09:44.780 +03:00 [INF] Executed DbCommand (1ms) [Parameters=[], CommandType='"Text"', CommandTimeout='30']
SELECT [d].[Id], [d].[DepartmentId], [d].[FullName], [d].[IsActive], [d].[Phone], [d].[Specialization], [d].[UserId]
FROM [Doctors] AS [d]
2026-06-30 11:09:44.782 +03:00 [INF] Executed DbCommand (1ms) [Parameters=[@p='?' (DbType = Guid)], CommandType='"Text"', CommandTimeout='30']
SELECT TOP(1) [d].[Id], [d].[Description], [d].[IsActive], [d].[Name]
FROM [Departments] AS [d]
WHERE [d].[Id] = @p
2026-06-30 11:09:44.782 +03:00 [INF] Executed DbCommand (1ms) [Parameters=[@p='?' (DbType = Guid)], CommandType='"Text"', CommandTimeout='30']
SELECT TOP(1) [d].[Id], [d].[Description], [d].[IsActive], [d].[Name]
FROM [Departments] AS [d]
WHERE [d].[Id] = @p
2026-06-30 11:09:44.783 +03:00 [INF] Executed DbCommand (0ms) [Parameters=[], CommandType='"Text"', CommandTimeout='30']
SELECT [d].[Id], [d].[AppointmentDurationMinutes], [d].[DoctorId], [d].[EndTime], [d].[IsActive], [d].[ScheduleDate], [d].[StartTime]
FROM [DoctorDateSchedules] AS [d]
2026-06-30 11:09:44.784 +03:00 [INF] Executed DbCommand (1ms) [Parameters=[@doctorId='?' (DbType = Guid), @date='?' (DbType = Date)], CommandType='"Text"', CommandTimeout='30']
SELECT [a].[Id], [a].[AppointmentDate], [a].[CreatedAt], [a].[CreatedByReceptionistId], [a].[DoctorId], [a].[EndTime], [a].[Notes], [a].[PatientId], [a].[StartTime], [a].[Status], [a].[UpdatedAt]
FROM [Appointments] AS [a]
WHERE [a].[DoctorId] = @doctorId AND [a].[AppointmentDate] = @date
ORDER BY [a].[StartTime]
2026-06-30 11:09:44.784 +03:00 [INF] HTTP GET /api/doctor/working-hours responded 200 in 5ms
2026-06-30 11:09:44.785 +03:00 [INF] HTTP GET /api/doctor/schedule responded 200 in 7ms
2026-06-30 11:09:49.778 +03:00 [INF] HTTP OPTIONS /api/doctor/schedule responded 204 in 0ms
2026-06-30 11:09:49.781 +03:00 [INF] Executed DbCommand (1ms) [Parameters=[], CommandType='"Text"', CommandTimeout='30']
SELECT [d].[Id], [d].[DepartmentId], [d].[FullName], [d].[IsActive], [d].[Phone], [d].[Specialization], [d].[UserId]
FROM [Doctors] AS [d]
2026-06-30 11:09:49.784 +03:00 [INF] Executed DbCommand (1ms) [Parameters=[@p='?' (DbType = Guid)], CommandType='"Text"', CommandTimeout='30']
SELECT TOP(1) [d].[Id], [d].[Description], [d].[IsActive], [d].[Name]
FROM [Departments] AS [d]
WHERE [d].[Id] = @p
2026-06-30 11:09:49.785 +03:00 [INF] Executed DbCommand (1ms) [Parameters=[], CommandType='"Text"', CommandTimeout='30']
SELECT [d].[Id], [d].[AppointmentDurationMinutes], [d].[DoctorId], [d].[EndTime], [d].[IsActive], [d].[ScheduleDate], [d].[StartTime]
FROM [DoctorDateSchedules] AS [d]
2026-06-30 11:09:49.785 +03:00 [INF] Executed DbCommand (1ms) [Parameters=[], CommandType='"Text"', CommandTimeout='30']
SELECT [d].[Id], [d].[DepartmentId], [d].[FullName], [d].[IsActive], [d].[Phone], [d].[Specialization], [d].[UserId]
FROM [Doctors] AS [d]
2026-06-30 11:09:49.787 +03:00 [INF] HTTP GET /api/doctor/working-hours responded 200 in 8ms
2026-06-30 11:09:49.789 +03:00 [INF] Executed DbCommand (1ms) [Parameters=[@p='?' (DbType = Guid)], CommandType='"Text"', CommandTimeout='30']
SELECT TOP(1) [d].[Id], [d].[Description], [d].[IsActive], [d].[Name]
FROM [Departments] AS [d]
WHERE [d].[Id] = @p
2026-06-30 11:09:49.791 +03:00 [INF] Executed DbCommand (1ms) [Parameters=[@doctorId='?' (DbType = Guid), @date='?' (DbType = Date)], CommandType='"Text"', CommandTimeout='30']
SELECT [a].[Id], [a].[AppointmentDate], [a].[CreatedAt], [a].[CreatedByReceptionistId], [a].[DoctorId], [a].[EndTime], [a].[Notes], [a].[PatientId], [a].[StartTime], [a].[Status], [a].[UpdatedAt]
FROM [Appointments] AS [a]
WHERE [a].[DoctorId] = @doctorId AND [a].[AppointmentDate] = @date
ORDER BY [a].[StartTime]
2026-06-30 11:09:49.793 +03:00 [INF] HTTP GET /api/doctor/schedule responded 200 in 11ms
2026-06-30 11:11:15.546 +03:00 [INF] HTTP OPTIONS /api/doctor/date-schedules responded 204 in 0ms
2026-06-30 11:11:15.558 +03:00 [INF] HTTP GET /api/doctor/date-schedules responded 404 in 1ms
2026-06-30 11:11:16.575 +03:00 [INF] HTTP GET /api/doctor/date-schedules responded 404 in 0ms
2026-06-30 11:11:24.503 +03:00 [INF] HTTP OPTIONS /api/doctor/date-schedules responded 204 in 0ms
2026-06-30 11:11:24.507 +03:00 [INF] HTTP GET /api/doctor/date-schedules responded 404 in 0ms
2026-06-30 11:11:25.520 +03:00 [INF] HTTP GET /api/doctor/date-schedules responded 404 in 0ms
2026-06-30 11:11:27.593 +03:00 [INF] HTTP OPTIONS /api/doctor/working-hours responded 204 in 0ms
2026-06-30 11:11:27.596 +03:00 [INF] HTTP OPTIONS /api/doctor/schedule responded 204 in 0ms
2026-06-30 11:11:27.610 +03:00 [INF] Executed DbCommand (2ms) [Parameters=[], CommandType='"Text"', CommandTimeout='30']
SELECT [d].[Id], [d].[DepartmentId], [d].[FullName], [d].[IsActive], [d].[Phone], [d].[Specialization], [d].[UserId]
FROM [Doctors] AS [d]
2026-06-30 11:11:27.610 +03:00 [INF] Executed DbCommand (2ms) [Parameters=[], CommandType='"Text"', CommandTimeout='30']
SELECT [d].[Id], [d].[DepartmentId], [d].[FullName], [d].[IsActive], [d].[Phone], [d].[Specialization], [d].[UserId]
FROM [Doctors] AS [d]
2026-06-30 11:11:27.615 +03:00 [INF] Executed DbCommand (2ms) [Parameters=[@p='?' (DbType = Guid)], CommandType='"Text"', CommandTimeout='30']
SELECT TOP(1) [d].[Id], [d].[Description], [d].[IsActive], [d].[Name]
FROM [Departments] AS [d]
WHERE [d].[Id] = @p
2026-06-30 11:11:27.616 +03:00 [INF] Executed DbCommand (2ms) [Parameters=[@p='?' (DbType = Guid)], CommandType='"Text"', CommandTimeout='30']
SELECT TOP(1) [d].[Id], [d].[Description], [d].[IsActive], [d].[Name]
FROM [Departments] AS [d]
WHERE [d].[Id] = @p
2026-06-30 11:11:27.620 +03:00 [INF] Executed DbCommand (2ms) [Parameters=[@doctorId='?' (DbType = Guid), @date='?' (DbType = Date)], CommandType='"Text"', CommandTimeout='30']
SELECT [a].[Id], [a].[AppointmentDate], [a].[CreatedAt], [a].[CreatedByReceptionistId], [a].[DoctorId], [a].[EndTime], [a].[Notes], [a].[PatientId], [a].[StartTime], [a].[Status], [a].[UpdatedAt]
FROM [Appointments] AS [a]
WHERE [a].[DoctorId] = @doctorId AND [a].[AppointmentDate] = @date
ORDER BY [a].[StartTime]
2026-06-30 11:11:27.621 +03:00 [INF] Executed DbCommand (1ms) [Parameters=[], CommandType='"Text"', CommandTimeout='30']
SELECT [d].[Id], [d].[AppointmentDurationMinutes], [d].[DoctorId], [d].[EndTime], [d].[IsActive], [d].[ScheduleDate], [d].[StartTime]
FROM [DoctorDateSchedules] AS [d]
2026-06-30 11:11:27.623 +03:00 [INF] HTTP GET /api/doctor/schedule responded 200 in 19ms
2026-06-30 11:11:27.626 +03:00 [INF] HTTP GET /api/doctor/working-hours responded 200 in 22ms
2026-06-30 11:11:29.379 +03:00 [INF] HTTP GET /api/doctor/date-schedules responded 404 in 0ms
2026-06-30 11:11:30.400 +03:00 [INF] HTTP OPTIONS /api/doctor/date-schedules responded 204 in 0ms
2026-06-30 11:11:30.408 +03:00 [INF] HTTP GET /api/doctor/date-schedules responded 404 in 0ms
2026-06-30 11:11:41.941 +03:00 [INF] HTTP OPTIONS /api/doctor/date-schedules responded 204 in 0ms
2026-06-30 11:11:41.958 +03:00 [INF] HTTP GET /api/doctor/date-schedules responded 404 in 0ms
2026-06-30 11:11:42.976 +03:00 [INF] HTTP GET /api/doctor/date-schedules responded 404 in 0ms
2026-06-30 11:11:45.976 +03:00 [INF] HTTP GET /api/doctor/date-schedules responded 404 in 0ms
2026-06-30 11:11:46.999 +03:00 [INF] HTTP OPTIONS /api/doctor/date-schedules responded 204 in 0ms
2026-06-30 11:11:47.004 +03:00 [INF] HTTP GET /api/doctor/date-schedules responded 404 in 0ms
2026-06-30 11:12:23.539 +03:00 [INF] HTTP OPTIONS /api/doctor/date-schedules responded 204 in 0ms
2026-06-30 11:12:23.554 +03:00 [INF] HTTP GET /api/doctor/date-schedules responded 404 in 0ms
2026-06-30 11:12:24.575 +03:00 [INF] HTTP GET /api/doctor/date-schedules responded 404 in 1ms
2026-06-30 11:12:57.862 +03:00 [INF] HTTP GET /api/doctor/date-schedules responded 404 in 0ms
2026-06-30 11:14:03.443 +03:00 [INF] Executed DbCommand (78ms) [Parameters=[], CommandType='"Text"', CommandTimeout='30']
SELECT 1
2026-06-30 11:14:03.567 +03:00 [INF] Acquiring an exclusive lock for migration application. See https://aka.ms/efcore-docs-migrations-lock for more information if this takes too long.
2026-06-30 11:14:03.651 +03:00 [INF] Executed DbCommand (73ms) [Parameters=[], CommandType='"Text"', CommandTimeout='30']
DECLARE @result int;
EXEC @result = sp_getapplock @Resource = '__EFMigrationsLock', @LockOwner = 'Session', @LockMode = 'Exclusive';
SELECT @result
2026-06-30 11:14:03.813 +03:00 [INF] Executed DbCommand (2ms) [Parameters=[], CommandType='"Text"', CommandTimeout='30']
IF OBJECT_ID(N'[__EFMigrationsHistory]') IS NULL
BEGIN
    CREATE TABLE [__EFMigrationsHistory] (
        [MigrationId] nvarchar(150) NOT NULL,
        [ProductVersion] nvarchar(32) NOT NULL,
        CONSTRAINT [PK___EFMigrationsHistory] PRIMARY KEY ([MigrationId])
    );
END;
2026-06-30 11:14:03.841 +03:00 [INF] Executed DbCommand (0ms) [Parameters=[], CommandType='"Text"', CommandTimeout='30']
SELECT 1
2026-06-30 11:14:03.843 +03:00 [INF] Executed DbCommand (1ms) [Parameters=[], CommandType='"Text"', CommandTimeout='30']
SELECT OBJECT_ID(N'[__EFMigrationsHistory]');
2026-06-30 11:14:03.858 +03:00 [INF] Executed DbCommand (10ms) [Parameters=[], CommandType='"Text"', CommandTimeout='30']
SELECT [MigrationId], [ProductVersion]
FROM [__EFMigrationsHistory]
ORDER BY [MigrationId];
2026-06-30 11:14:03.877 +03:00 [INF] No migrations were applied. The database is already up to date.
2026-06-30 11:14:03.884 +03:00 [INF] Executed DbCommand (4ms) [Parameters=[], CommandType='"Text"', CommandTimeout='30']
DECLARE @result int;
EXEC @result = sp_releaseapplock @Resource = '__EFMigrationsLock', @LockOwner = 'Session';
SELECT @result
2026-06-30 11:14:04.336 +03:00 [INF] Executed DbCommand (13ms) [Parameters=[], CommandType='"Text"', CommandTimeout='30']
SELECT CASE
    WHEN EXISTS (
        SELECT 1
        FROM [Users] AS [u]) THEN CAST(1 AS bit)
    ELSE CAST(0 AS bit)
END
2026-06-30 11:14:04.344 +03:00 [INF] Database already seeded. Ensuring demo accounts exist.
2026-06-30 11:14:04.503 +03:00 [INF] Executed DbCommand (4ms) [Parameters=[], CommandType='"Text"', CommandTimeout='30']
SELECT TOP(1) [u].[Id], [u].[CreatedAt], [u].[Email], [u].[IsActive], [u].[PasswordHash], [u].[Role]
FROM [Users] AS [u]
WHERE [u].[Email] = N'patient@hospital.com'
2026-06-30 11:14:04.731 +03:00 [INF] Executed DbCommand (34ms) [Parameters=[@patientUser_Id='?' (DbType = Guid)], CommandType='"Text"', CommandTimeout='30']
SELECT TOP(1) [p].[Id], [p].[Address], [p].[BloodType], [p].[CreatedAt], [p].[DateOfBirth], [p].[Email], [p].[FullName], [p].[Gender], [p].[NationalId], [p].[Phone], [p].[UserId]
FROM [Patients] AS [p]
WHERE [p].[UserId] = @patientUser_Id
2026-06-30 11:14:04.883 +03:00 [INF] Executed DbCommand (14ms) [Parameters=[], CommandType='"Text"', CommandTimeout='30']
SELECT CASE
    WHEN EXISTS (
        SELECT 1
        FROM [DefaultDoctorSchedules] AS [d]) THEN CAST(1 AS bit)
    ELSE CAST(0 AS bit)
END
2026-06-30 11:14:05.250 +03:00 [INF] Now listening on: http://localhost:5000
2026-06-30 11:14:05.250 +03:00 [INF] Application started. Press Ctrl+C to shut down.
2026-06-30 11:14:05.250 +03:00 [INF] Hosting environment: Development
2026-06-30 11:14:05.251 +03:00 [INF] Content root path: G:\DEPI\HospitalSystem.API
2026-06-30 11:14:13.288 +03:00 [WRN] Failed to determine the https port for redirect.
2026-06-30 11:14:13.561 +03:00 [INF] Executed DbCommand (1ms) [Parameters=[], CommandType='"Text"', CommandTimeout='30']
SELECT [u].[Id], [u].[CreatedAt], [u].[Email], [u].[IsActive], [u].[PasswordHash], [u].[Role]
FROM [Users] AS [u]
2026-06-30 11:14:14.174 +03:00 [INF] HTTP POST /api/auth/login responded 200 in 928ms
2026-06-30 11:14:14.417 +03:00 [INF] Executed DbCommand (13ms) [Parameters=[], CommandType='"Text"', CommandTimeout='30']
SELECT [d].[Id], [d].[DepartmentId], [d].[FullName], [d].[IsActive], [d].[Phone], [d].[Specialization], [d].[UserId]
FROM [Doctors] AS [d]
2026-06-30 11:14:14.575 +03:00 [INF] Executed DbCommand (11ms) [Parameters=[@p='?' (DbType = Guid)], CommandType='"Text"', CommandTimeout='30']
SELECT TOP(1) [d].[Id], [d].[Description], [d].[IsActive], [d].[Name]
FROM [Departments] AS [d]
WHERE [d].[Id] = @p
2026-06-30 11:14:14.633 +03:00 [INF] Executed DbCommand (5ms) [Parameters=[], CommandType='"Text"', CommandTimeout='30']
SELECT [d].[Id], [d].[AppointmentDurationMinutes], [d].[DoctorId], [d].[EndTime], [d].[IsActive], [d].[ScheduleDate], [d].[StartTime]
FROM [DoctorDateSchedules] AS [d]
2026-06-30 11:14:14.734 +03:00 [INF] HTTP GET /api/doctor/date-schedules responded 200 in 462ms
2026-06-30 11:14:52.438 +03:00 [INF] Executed DbCommand (1ms) [Parameters=[], CommandType='"Text"', CommandTimeout='30']
SELECT [u].[Id], [u].[CreatedAt], [u].[Email], [u].[IsActive], [u].[PasswordHash], [u].[Role]
FROM [Users] AS [u]
2026-06-30 11:14:52.883 +03:00 [INF] HTTP POST /api/auth/login responded 200 in 504ms
2026-06-30 11:14:53.021 +03:00 [INF] Executed DbCommand (1ms) [Parameters=[], CommandType='"Text"', CommandTimeout='30']
SELECT [d].[Id], [d].[DepartmentId], [d].[FullName], [d].[IsActive], [d].[Phone], [d].[Specialization], [d].[UserId]
FROM [Doctors] AS [d]
2026-06-30 11:14:53.031 +03:00 [INF] Executed DbCommand (1ms) [Parameters=[@p='?' (DbType = Guid)], CommandType='"Text"', CommandTimeout='30']
SELECT TOP(1) [d].[Id], [d].[Description], [d].[IsActive], [d].[Name]
FROM [Departments] AS [d]
WHERE [d].[Id] = @p
2026-06-30 11:14:53.033 +03:00 [INF] Executed DbCommand (1ms) [Parameters=[@p='?' (DbType = Guid)], CommandType='"Text"', CommandTimeout='30']
SELECT TOP(1) [d].[Id], [d].[Description], [d].[IsActive], [d].[Name]
FROM [Departments] AS [d]
WHERE [d].[Id] = @p
2026-06-30 11:14:53.045 +03:00 [INF] HTTP GET /api/doctors responded 200 in 70ms
2026-06-30 11:14:53.097 +03:00 [INF] Executed DbCommand (4ms) [Parameters=[@p='?' (DbType = Guid)], CommandType='"Text"', CommandTimeout='30']
SELECT TOP(1) [d].[Id], [d].[DepartmentId], [d].[FullName], [d].[IsActive], [d].[Phone], [d].[Specialization], [d].[UserId]
FROM [Doctors] AS [d]
WHERE [d].[Id] = @p
2026-06-30 11:14:53.099 +03:00 [INF] Executed DbCommand (1ms) [Parameters=[], CommandType='"Text"', CommandTimeout='30']
SELECT [d].[Id], [d].[AppointmentDurationMinutes], [d].[DoctorId], [d].[EndTime], [d].[IsActive], [d].[ScheduleDate], [d].[StartTime]
FROM [DoctorDateSchedules] AS [d]
2026-06-30 11:14:53.102 +03:00 [INF] HTTP GET /api/doctors/38807a7c-e4ef-4cad-bdf2-08fa24f03cbe/date-schedules responded 200 in 46ms
2026-06-30 11:14:53.127 +03:00 [INF] Executed DbCommand (1ms) [Parameters=[@p='?' (DbType = Guid)], CommandType='"Text"', CommandTimeout='30']
SELECT TOP(1) [d].[Id], [d].[DepartmentId], [d].[FullName], [d].[IsActive], [d].[Phone], [d].[Specialization], [d].[UserId]
FROM [Doctors] AS [d]
WHERE [d].[Id] = @p
2026-06-30 11:14:53.129 +03:00 [INF] Executed DbCommand (1ms) [Parameters=[], CommandType='"Text"', CommandTimeout='30']
SELECT [d].[Id], [d].[AppointmentDurationMinutes], [d].[DoctorId], [d].[EndTime], [d].[IsActive], [d].[ScheduleDate], [d].[StartTime]
FROM [DoctorDateSchedules] AS [d]
2026-06-30 11:14:53.132 +03:00 [INF] HTTP GET /api/doctors/41885cdc-0175-4dcb-9824-944a922f6950/date-schedules responded 200 in 9ms
2026-06-30 11:14:53.139 +03:00 [INF] Executed DbCommand (1ms) [Parameters=[@p='?' (DbType = Guid)], CommandType='"Text"', CommandTimeout='30']
SELECT TOP(1) [d].[Id], [d].[DepartmentId], [d].[FullName], [d].[IsActive], [d].[Phone], [d].[Specialization], [d].[UserId]
FROM [Doctors] AS [d]
WHERE [d].[Id] = @p
2026-06-30 11:14:53.141 +03:00 [INF] Executed DbCommand (1ms) [Parameters=[], CommandType='"Text"', CommandTimeout='30']
SELECT [d].[Id], [d].[AppointmentDurationMinutes], [d].[DoctorId], [d].[EndTime], [d].[IsActive], [d].[ScheduleDate], [d].[StartTime]
FROM [DoctorDateSchedules] AS [d]
2026-06-30 11:14:53.143 +03:00 [INF] HTTP GET /api/doctors/44450f15-4382-4c72-9e45-ffb270692955/date-schedules responded 200 in 7ms
2026-06-30 11:15:11.764 +03:00 [INF] HTTP OPTIONS /api/doctor/date-schedules responded 204 in 1ms
2026-06-30 11:15:11.771 +03:00 [INF] Executed DbCommand (1ms) [Parameters=[], CommandType='"Text"', CommandTimeout='30']
SELECT [d].[Id], [d].[DepartmentId], [d].[FullName], [d].[IsActive], [d].[Phone], [d].[Specialization], [d].[UserId]
FROM [Doctors] AS [d]
2026-06-30 11:15:11.773 +03:00 [INF] Executed DbCommand (1ms) [Parameters=[@p='?' (DbType = Guid)], CommandType='"Text"', CommandTimeout='30']
SELECT TOP(1) [d].[Id], [d].[Description], [d].[IsActive], [d].[Name]
FROM [Departments] AS [d]
WHERE [d].[Id] = @p
2026-06-30 11:15:11.774 +03:00 [INF] Executed DbCommand (1ms) [Parameters=[], CommandType='"Text"', CommandTimeout='30']
SELECT [d].[Id], [d].[AppointmentDurationMinutes], [d].[DoctorId], [d].[EndTime], [d].[IsActive], [d].[ScheduleDate], [d].[StartTime]
FROM [DoctorDateSchedules] AS [d]
2026-06-30 11:15:11.778 +03:00 [INF] HTTP GET /api/doctor/date-schedules responded 200 in 11ms
2026-06-30 11:15:50.339 +03:00 [INF] HTTP OPTIONS /api/doctor/date-schedules responded 204 in 0ms
2026-06-30 11:15:50.350 +03:00 [INF] Executed DbCommand (1ms) [Parameters=[], CommandType='"Text"', CommandTimeout='30']
SELECT [d].[Id], [d].[DepartmentId], [d].[FullName], [d].[IsActive], [d].[Phone], [d].[Specialization], [d].[UserId]
FROM [Doctors] AS [d]
2026-06-30 11:15:50.352 +03:00 [INF] Executed DbCommand (1ms) [Parameters=[@p='?' (DbType = Guid)], CommandType='"Text"', CommandTimeout='30']
SELECT TOP(1) [d].[Id], [d].[Description], [d].[IsActive], [d].[Name]
FROM [Departments] AS [d]
WHERE [d].[Id] = @p
2026-06-30 11:15:50.354 +03:00 [INF] Executed DbCommand (1ms) [Parameters=[], CommandType='"Text"', CommandTimeout='30']
SELECT [d].[Id], [d].[AppointmentDurationMinutes], [d].[DoctorId], [d].[EndTime], [d].[IsActive], [d].[ScheduleDate], [d].[StartTime]
FROM [DoctorDateSchedules] AS [d]
2026-06-30 11:15:50.355 +03:00 [INF] HTTP GET /api/doctor/date-schedules responded 200 in 12ms
2026-06-30 11:15:55.666 +03:00 [INF] HTTP OPTIONS /api/doctor/working-hours responded 204 in 0ms
2026-06-30 11:15:55.670 +03:00 [INF] HTTP OPTIONS /api/doctor/schedule responded 204 in 0ms
2026-06-30 11:15:55.710 +03:00 [INF] Executed DbCommand (1ms) [Parameters=[], CommandType='"Text"', CommandTimeout='30']
SELECT [d].[Id], [d].[DepartmentId], [d].[FullName], [d].[IsActive], [d].[Phone], [d].[Specialization], [d].[UserId]
FROM [Doctors] AS [d]
2026-06-30 11:15:55.713 +03:00 [INF] Executed DbCommand (1ms) [Parameters=[@p='?' (DbType = Guid)], CommandType='"Text"', CommandTimeout='30']
SELECT TOP(1) [d].[Id], [d].[Description], [d].[IsActive], [d].[Name]
FROM [Departments] AS [d]
WHERE [d].[Id] = @p
2026-06-30 11:15:55.724 +03:00 [INF] Executed DbCommand (1ms) [Parameters=[], CommandType='"Text"', CommandTimeout='30']
SELECT [d].[Id], [d].[DepartmentId], [d].[FullName], [d].[IsActive], [d].[Phone], [d].[Specialization], [d].[UserId]
FROM [Doctors] AS [d]
2026-06-30 11:15:55.727 +03:00 [INF] Executed DbCommand (1ms) [Parameters=[@p='?' (DbType = Guid)], CommandType='"Text"', CommandTimeout='30']
SELECT TOP(1) [d].[Id], [d].[Description], [d].[IsActive], [d].[Name]
FROM [Departments] AS [d]
WHERE [d].[Id] = @p
2026-06-30 11:15:55.734 +03:00 [INF] Executed DbCommand (1ms) [Parameters=[], CommandType='"Text"', CommandTimeout='30']
SELECT [d].[Id], [d].[AppointmentDurationMinutes], [d].[DoctorId], [d].[EndTime], [d].[IsActive], [d].[ScheduleDate], [d].[StartTime]
FROM [DoctorDateSchedules] AS [d]
2026-06-30 11:15:55.740 +03:00 [INF] HTTP GET /api/doctor/working-hours responded 200 in 65ms
2026-06-30 11:15:55.777 +03:00 [INF] Executed DbCommand (15ms) [Parameters=[@doctorId='?' (DbType = Guid), @date='?' (DbType = Date)], CommandType='"Text"', CommandTimeout='30']
SELECT [a].[Id], [a].[AppointmentDate], [a].[CreatedAt], [a].[CreatedByReceptionistId], [a].[DoctorId], [a].[EndTime], [a].[Notes], [a].[PatientId], [a].[StartTime], [a].[Status], [a].[UpdatedAt]
FROM [Appointments] AS [a]
WHERE [a].[DoctorId] = @doctorId AND [a].[AppointmentDate] = @date
ORDER BY [a].[StartTime]
2026-06-30 11:15:55.818 +03:00 [INF] HTTP GET /api/doctor/schedule responded 200 in 141ms
2026-06-30 11:16:11.054 +03:00 [INF] HTTP OPTIONS /api/auth/login responded 204 in 0ms
2026-06-30 11:16:11.081 +03:00 [INF] Executed DbCommand (2ms) [Parameters=[], CommandType='"Text"', CommandTimeout='30']
SELECT [u].[Id], [u].[CreatedAt], [u].[Email], [u].[IsActive], [u].[PasswordHash], [u].[Role]
FROM [Users] AS [u]
2026-06-30 11:16:11.557 +03:00 [INF] HTTP POST /api/auth/login responded 200 in 496ms
2026-06-30 11:16:20.082 +03:00 [INF] HTTP OPTIONS /api/auth/login responded 204 in 0ms
2026-06-30 11:16:20.095 +03:00 [INF] Executed DbCommand (1ms) [Parameters=[], CommandType='"Text"', CommandTimeout='30']
SELECT [u].[Id], [u].[CreatedAt], [u].[Email], [u].[IsActive], [u].[PasswordHash], [u].[Role]
FROM [Users] AS [u]
2026-06-30 11:16:20.553 +03:00 [INF] HTTP POST /api/auth/login responded 200 in 464ms
2026-06-30 11:16:20.578 +03:00 [INF] HTTP OPTIONS /api/patients responded 204 in 0ms
2026-06-30 11:16:20.607 +03:00 [INF] Executed DbCommand (3ms) [Parameters=[], CommandType='"Text"', CommandTimeout='30']
SELECT [p].[Id], [p].[Address], [p].[BloodType], [p].[CreatedAt], [p].[DateOfBirth], [p].[Email], [p].[FullName], [p].[Gender], [p].[NationalId], [p].[Phone], [p].[UserId]
FROM [Patients] AS [p]
2026-06-30 11:16:20.654 +03:00 [INF] HTTP GET /api/patients responded 200 in 73ms
2026-06-30 11:16:23.747 +03:00 [INF] HTTP OPTIONS /api/departments responded 204 in 0ms
2026-06-30 11:16:23.747 +03:00 [INF] HTTP OPTIONS /api/patients responded 204 in 0ms
2026-06-30 11:16:23.768 +03:00 [INF] Executed DbCommand (3ms) [Parameters=[], CommandType='"Text"', CommandTimeout='30']
SELECT [p].[Id], [p].[Address], [p].[BloodType], [p].[CreatedAt], [p].[DateOfBirth], [p].[Email], [p].[FullName], [p].[Gender], [p].[NationalId], [p].[Phone], [p].[UserId]
FROM [Patients] AS [p]
2026-06-30 11:16:23.770 +03:00 [INF] HTTP GET /api/patients responded 200 in 11ms
2026-06-30 11:16:23.847 +03:00 [INF] Executed DbCommand (4ms) [Parameters=[], CommandType='"Text"', CommandTimeout='30']
SELECT [d].[Id], [d].[Description], [d].[IsActive], [d].[Name]
FROM [Departments] AS [d]
2026-06-30 11:16:23.870 +03:00 [INF] HTTP GET /api/departments responded 200 in 110ms
2026-06-30 11:16:24.836 +03:00 [INF] HTTP OPTIONS /api/doctors responded 204 in 0ms
2026-06-30 11:16:24.837 +03:00 [INF] HTTP OPTIONS /api/doctors responded 204 in 0ms
2026-06-30 11:16:24.851 +03:00 [INF] Executed DbCommand (2ms) [Parameters=[], CommandType='"Text"', CommandTimeout='30']
SELECT [d].[Id], [d].[DepartmentId], [d].[FullName], [d].[IsActive], [d].[Phone], [d].[Specialization], [d].[UserId]
FROM [Doctors] AS [d]
2026-06-30 11:16:24.855 +03:00 [INF] Executed DbCommand (1ms) [Parameters=[@p='?' (DbType = Guid)], CommandType='"Text"', CommandTimeout='30']
SELECT TOP(1) [d].[Id], [d].[Description], [d].[IsActive], [d].[Name]
FROM [Departments] AS [d]
WHERE [d].[Id] = @p
2026-06-30 11:16:24.859 +03:00 [INF] Executed DbCommand (1ms) [Parameters=[@p='?' (DbType = Guid)], CommandType='"Text"', CommandTimeout='30']
SELECT TOP(1) [d].[Id], [d].[Description], [d].[IsActive], [d].[Name]
FROM [Departments] AS [d]
WHERE [d].[Id] = @p
2026-06-30 11:16:24.860 +03:00 [INF] HTTP GET /api/doctors responded 200 in 15ms
2026-06-30 11:16:24.869 +03:00 [INF] Executed DbCommand (1ms) [Parameters=[], CommandType='"Text"', CommandTimeout='30']
SELECT [d].[Id], [d].[DepartmentId], [d].[FullName], [d].[IsActive], [d].[Phone], [d].[Specialization], [d].[UserId]
FROM [Doctors] AS [d]
2026-06-30 11:16:24.873 +03:00 [INF] Executed DbCommand (1ms) [Parameters=[@p='?' (DbType = Guid)], CommandType='"Text"', CommandTimeout='30']
SELECT TOP(1) [d].[Id], [d].[Description], [d].[IsActive], [d].[Name]
FROM [Departments] AS [d]
WHERE [d].[Id] = @p
2026-06-30 11:16:24.876 +03:00 [INF] Executed DbCommand (1ms) [Parameters=[@p='?' (DbType = Guid)], CommandType='"Text"', CommandTimeout='30']
SELECT TOP(1) [d].[Id], [d].[Description], [d].[IsActive], [d].[Name]
FROM [Departments] AS [d]
WHERE [d].[Id] = @p
2026-06-30 11:16:24.878 +03:00 [INF] HTTP GET /api/doctors responded 200 in 14ms
2026-06-30 11:16:24.880 +03:00 [INF] HTTP OPTIONS /api/appointments responded 204 in 0ms
2026-06-30 11:16:24.896 +03:00 [INF] HTTP OPTIONS /api/doctors/38807a7c-e4ef-4cad-bdf2-08fa24f03cbe/date-schedules responded 204 in 0ms
2026-06-30 11:16:24.901 +03:00 [INF] HTTP OPTIONS /api/doctors/41885cdc-0175-4dcb-9824-944a922f6950/date-schedules responded 204 in 0ms
2026-06-30 11:16:24.904 +03:00 [INF] HTTP OPTIONS /api/doctors/44450f15-4382-4c72-9e45-ffb270692955/date-schedules responded 204 in 0ms
2026-06-30 11:16:24.922 +03:00 [INF] Executed DbCommand (1ms) [Parameters=[@p='?' (DbType = Guid)], CommandType='"Text"', CommandTimeout='30']
SELECT TOP(1) [d].[Id], [d].[DepartmentId], [d].[FullName], [d].[IsActive], [d].[Phone], [d].[Specialization], [d].[UserId]
FROM [Doctors] AS [d]
WHERE [d].[Id] = @p
2026-06-30 11:16:24.922 +03:00 [INF] Executed DbCommand (2ms) [Parameters=[@p='?' (DbType = Guid)], CommandType='"Text"', CommandTimeout='30']
SELECT TOP(1) [d].[Id], [d].[DepartmentId], [d].[FullName], [d].[IsActive], [d].[Phone], [d].[Specialization], [d].[UserId]
FROM [Doctors] AS [d]
WHERE [d].[Id] = @p
2026-06-30 11:16:24.925 +03:00 [INF] Executed DbCommand (2ms) [Parameters=[], CommandType='"Text"', CommandTimeout='30']
SELECT [d].[Id], [d].[AppointmentDurationMinutes], [d].[DoctorId], [d].[EndTime], [d].[IsActive], [d].[ScheduleDate], [d].[StartTime]
FROM [DoctorDateSchedules] AS [d]
2026-06-30 11:16:24.926 +03:00 [INF] Executed DbCommand (2ms) [Parameters=[], CommandType='"Text"', CommandTimeout='30']
SELECT [d].[Id], [d].[AppointmentDurationMinutes], [d].[DoctorId], [d].[EndTime], [d].[IsActive], [d].[ScheduleDate], [d].[StartTime]
FROM [DoctorDateSchedules] AS [d]
2026-06-30 11:16:24.927 +03:00 [INF] HTTP GET /api/doctors/41885cdc-0175-4dcb-9824-944a922f6950/date-schedules responded 200 in 13ms
2026-06-30 11:16:24.927 +03:00 [INF] HTTP GET /api/doctors/38807a7c-e4ef-4cad-bdf2-08fa24f03cbe/date-schedules responded 200 in 15ms
2026-06-30 11:16:24.941 +03:00 [INF] Executed DbCommand (2ms) [Parameters=[@doctorId='?' (DbType = Guid), @date='?' (DbType = Date)], CommandType='"Text"', CommandTimeout='30']
SELECT [a].[Id], [a].[AppointmentDate], [a].[CreatedAt], [a].[CreatedByReceptionistId], [a].[DoctorId], [a].[EndTime], [a].[Notes], [a].[PatientId], [a].[StartTime], [a].[Status], [a].[UpdatedAt]
FROM [Appointments] AS [a]
WHERE [a].[DoctorId] = @doctorId AND [a].[AppointmentDate] = @date
ORDER BY [a].[StartTime]
2026-06-30 11:16:24.942 +03:00 [INF] Executed DbCommand (1ms) [Parameters=[@p='?' (DbType = Guid)], CommandType='"Text"', CommandTimeout='30']
SELECT TOP(1) [d].[Id], [d].[DepartmentId], [d].[FullName], [d].[IsActive], [d].[Phone], [d].[Specialization], [d].[UserId]
FROM [Doctors] AS [d]
WHERE [d].[Id] = @p
2026-06-30 11:16:24.943 +03:00 [INF] HTTP GET /api/appointments responded 200 in 56ms
2026-06-30 11:16:24.944 +03:00 [INF] Executed DbCommand (1ms) [Parameters=[], CommandType='"Text"', CommandTimeout='30']
SELECT [d].[Id], [d].[AppointmentDurationMinutes], [d].[DoctorId], [d].[EndTime], [d].[IsActive], [d].[ScheduleDate], [d].[StartTime]
FROM [DoctorDateSchedules] AS [d]
2026-06-30 11:16:24.946 +03:00 [INF] HTTP GET /api/doctors/44450f15-4382-4c72-9e45-ffb270692955/date-schedules responded 200 in 29ms
2026-06-30 11:16:24.954 +03:00 [INF] HTTP OPTIONS /api/appointments responded 204 in 0ms
2026-06-30 11:16:24.966 +03:00 [INF] Executed DbCommand (2ms) [Parameters=[@doctorId='?' (DbType = Guid), @date='?' (DbType = Date)], CommandType='"Text"', CommandTimeout='30']
SELECT [a].[Id], [a].[AppointmentDate], [a].[CreatedAt], [a].[CreatedByReceptionistId], [a].[DoctorId], [a].[EndTime], [a].[Notes], [a].[PatientId], [a].[StartTime], [a].[Status], [a].[UpdatedAt]
FROM [Appointments] AS [a]
WHERE [a].[DoctorId] = @doctorId AND [a].[AppointmentDate] = @date
ORDER BY [a].[StartTime]
2026-06-30 11:16:24.968 +03:00 [INF] HTTP GET /api/appointments responded 200 in 8ms
2026-06-30 11:16:24.980 +03:00 [INF] HTTP OPTIONS /api/appointments responded 204 in 0ms
2026-06-30 11:16:24.993 +03:00 [INF] Executed DbCommand (2ms) [Parameters=[@doctorId='?' (DbType = Guid), @date='?' (DbType = Date)], CommandType='"Text"', CommandTimeout='30']
SELECT [a].[Id], [a].[AppointmentDate], [a].[CreatedAt], [a].[CreatedByReceptionistId], [a].[DoctorId], [a].[EndTime], [a].[Notes], [a].[PatientId], [a].[StartTime], [a].[Status], [a].[UpdatedAt]
FROM [Appointments] AS [a]
WHERE [a].[DoctorId] = @doctorId AND [a].[AppointmentDate] = @date
ORDER BY [a].[StartTime]
2026-06-30 11:16:24.994 +03:00 [INF] HTTP GET /api/appointments responded 200 in 6ms
2026-06-30 11:17:02.684 +03:00 [INF] HTTP OPTIONS /api/departments responded 204 in 0ms
2026-06-30 11:17:02.685 +03:00 [INF] HTTP OPTIONS /api/patients responded 204 in 0ms
2026-06-30 11:17:02.701 +03:00 [INF] Executed DbCommand (2ms) [Parameters=[], CommandType='"Text"', CommandTimeout='30']
SELECT [p].[Id], [p].[Address], [p].[BloodType], [p].[CreatedAt], [p].[DateOfBirth], [p].[Email], [p].[FullName], [p].[Gender], [p].[NationalId], [p].[Phone], [p].[UserId]
FROM [Patients] AS [p]
2026-06-30 11:17:02.701 +03:00 [INF] Executed DbCommand (2ms) [Parameters=[], CommandType='"Text"', CommandTimeout='30']
SELECT [d].[Id], [d].[Description], [d].[IsActive], [d].[Name]
FROM [Departments] AS [d]
2026-06-30 11:17:02.703 +03:00 [INF] HTTP GET /api/departments responded 200 in 10ms
2026-06-30 11:17:02.703 +03:00 [INF] HTTP GET /api/patients responded 200 in 10ms
2026-06-30 11:17:06.776 +03:00 [INF] HTTP OPTIONS /api/doctors/department/b7eb805e-1614-4a59-a61a-6084babacfc3 responded 204 in 0ms
2026-06-30 11:17:06.952 +03:00 [INF] Executed DbCommand (25ms) [Parameters=[@departmentId='?' (DbType = Guid)], CommandType='"Text"', CommandTimeout='30']
SELECT [d].[Id], [d].[DepartmentId], [d].[FullName], [d].[IsActive], [d].[Phone], [d].[Specialization], [d].[UserId], [d0].[Id], [d0].[Description], [d0].[IsActive], [d0].[Name]
FROM [Doctors] AS [d]
INNER JOIN [Departments] AS [d0] ON [d].[DepartmentId] = [d0].[Id]
WHERE [d].[DepartmentId] = @departmentId AND [d].[IsActive] = CAST(1 AS bit)
2026-06-30 11:17:06.956 +03:00 [INF] HTTP GET /api/doctors/department/b7eb805e-1614-4a59-a61a-6084babacfc3 responded 200 in 173ms
2026-06-30 11:17:21.548 +03:00 [INF] HTTP OPTIONS /api/appointments/available-slots responded 204 in 0ms
2026-06-30 11:17:21.619 +03:00 [INF] Executed DbCommand (1ms) [Parameters=[], CommandType='"Text"', CommandTimeout='30']
SELECT [d].[Id], [d].[AppointmentDurationMinutes], [d].[DoctorId], [d].[EndTime], [d].[IsActive], [d].[ScheduleDate], [d].[StartTime]
FROM [DoctorDateSchedules] AS [d]
2026-06-30 11:17:21.626 +03:00 [INF] Executed DbCommand (1ms) [Parameters=[@doctorId='?' (DbType = Guid), @date='?' (DbType = Date)], CommandType='"Text"', CommandTimeout='30']
SELECT [a].[Id], [a].[AppointmentDate], [a].[CreatedAt], [a].[CreatedByReceptionistId], [a].[DoctorId], [a].[EndTime], [a].[Notes], [a].[PatientId], [a].[StartTime], [a].[Status], [a].[UpdatedAt]
FROM [Appointments] AS [a]
WHERE [a].[DoctorId] = @doctorId AND [a].[AppointmentDate] = @date
ORDER BY [a].[StartTime]
2026-06-30 11:17:21.640 +03:00 [INF] HTTP GET /api/appointments/available-slots responded 200 in 83ms
2026-06-30 11:17:34.049 +03:00 [INF] HTTP OPTIONS /api/appointments responded 204 in 0ms
2026-06-30 11:17:34.204 +03:00 [INF] Executed DbCommand (1ms) [Parameters=[@p='?' (DbType = Guid)], CommandType='"Text"', CommandTimeout='30']
SELECT TOP(1) [d].[Id], [d].[DepartmentId], [d].[FullName], [d].[IsActive], [d].[Phone], [d].[Specialization], [d].[UserId]
FROM [Doctors] AS [d]
WHERE [d].[Id] = @p
2026-06-30 11:17:34.221 +03:00 [INF] Executed DbCommand (4ms) [Parameters=[@p='?' (DbType = Guid)], CommandType='"Text"', CommandTimeout='30']
SELECT TOP(1) [p].[Id], [p].[Address], [p].[BloodType], [p].[CreatedAt], [p].[DateOfBirth], [p].[Email], [p].[FullName], [p].[Gender], [p].[NationalId], [p].[Phone], [p].[UserId]
FROM [Patients] AS [p]
WHERE [p].[Id] = @p
2026-06-30 11:17:34.223 +03:00 [INF] Executed DbCommand (1ms) [Parameters=[], CommandType='"Text"', CommandTimeout='30']
SELECT [d].[Id], [d].[AppointmentDurationMinutes], [d].[DoctorId], [d].[EndTime], [d].[IsActive], [d].[ScheduleDate], [d].[StartTime]
FROM [DoctorDateSchedules] AS [d]
2026-06-30 11:17:34.260 +03:00 [INF] Executed DbCommand (17ms) [Parameters=[@doctorId='?' (DbType = Guid), @date='?' (DbType = Date), @endTime='?' (DbType = Time), @startTime='?' (DbType = Time)], CommandType='"Text"', CommandTimeout='30']
SELECT CASE
    WHEN EXISTS (
        SELECT 1
        FROM [Appointments] AS [a]
        WHERE [a].[DoctorId] = @doctorId AND [a].[AppointmentDate] = @date AND [a].[Status] <> N'Cancelled' AND [a].[StartTime] < @endTime AND [a].[EndTime] > @startTime) THEN CAST(1 AS bit)
    ELSE CAST(0 AS bit)
END
2026-06-30 11:17:34.736 +03:00 [INF] Executed DbCommand (16ms) [Parameters=[@p0='?' (DbType = Guid), @p1='?' (DbType = Date), @p2='?' (DbType = DateTime2), @p3='?' (DbType = Guid), @p4='?' (DbType = Guid), @p5='?' (DbType = Time), @p6='?' (Size = 2000), @p7='?' (DbType = Guid), @p8='?' (DbType = Time), @p9='?' (Size = 50), @p10='?' (DbType = DateTime2)], CommandType='"Text"', CommandTimeout='30']
SET IMPLICIT_TRANSACTIONS OFF;
SET NOCOUNT ON;
INSERT INTO [Appointments] ([Id], [AppointmentDate], [CreatedAt], [CreatedByReceptionistId], [DoctorId], [EndTime], [Notes], [PatientId], [StartTime], [Status], [UpdatedAt])
VALUES (@p0, @p1, @p2, @p3, @p4, @p5, @p6, @p7, @p8, @p9, @p10);
2026-06-30 11:17:34.759 +03:00 [INF] Appointment booked "c91e21ba-f657-4aa1-9ad3-cc2d2d14767d" for patient "36574f06-f0f8-4c16-83d7-073e1107da0b" with doctor "41885cdc-0175-4dcb-9824-944a922f6950" on "2026-06-30" at "12:00:00" by receptionist "77d8c535-fcd4-49b8-9e59-82f614cf7b03"
2026-06-30 11:17:34.772 +03:00 [INF] HTTP POST /api/appointments responded 200 in 716ms
2026-06-30 11:17:36.956 +03:00 [INF] HTTP OPTIONS /api/doctors responded 204 in 0ms
2026-06-30 11:17:36.957 +03:00 [INF] HTTP OPTIONS /api/doctors responded 204 in 0ms
2026-06-30 11:17:36.958 +03:00 [INF] HTTP OPTIONS /api/appointments responded 204 in 0ms
2026-06-30 11:17:36.973 +03:00 [INF] Executed DbCommand (2ms) [Parameters=[], CommandType='"Text"', CommandTimeout='30']
SELECT [d].[Id], [d].[DepartmentId], [d].[FullName], [d].[IsActive], [d].[Phone], [d].[Specialization], [d].[UserId]
FROM [Doctors] AS [d]
2026-06-30 11:17:36.976 +03:00 [INF] Executed DbCommand (2ms) [Parameters=[@doctorId='?' (DbType = Guid), @date='?' (DbType = Date)], CommandType='"Text"', CommandTimeout='30']
SELECT [a].[Id], [a].[AppointmentDate], [a].[CreatedAt], [a].[CreatedByReceptionistId], [a].[DoctorId], [a].[EndTime], [a].[Notes], [a].[PatientId], [a].[StartTime], [a].[Status], [a].[UpdatedAt]
FROM [Appointments] AS [a]
WHERE [a].[DoctorId] = @doctorId AND [a].[AppointmentDate] = @date
ORDER BY [a].[StartTime]
2026-06-30 11:17:36.978 +03:00 [INF] HTTP GET /api/appointments responded 200 in 9ms
2026-06-30 11:17:36.978 +03:00 [INF] Executed DbCommand (2ms) [Parameters=[@p='?' (DbType = Guid)], CommandType='"Text"', CommandTimeout='30']
SELECT TOP(1) [d].[Id], [d].[Description], [d].[IsActive], [d].[Name]
FROM [Departments] AS [d]
WHERE [d].[Id] = @p
2026-06-30 11:17:36.982 +03:00 [INF] Executed DbCommand (1ms) [Parameters=[@p='?' (DbType = Guid)], CommandType='"Text"', CommandTimeout='30']
SELECT TOP(1) [d].[Id], [d].[Description], [d].[IsActive], [d].[Name]
FROM [Departments] AS [d]
WHERE [d].[Id] = @p
2026-06-30 11:17:36.984 +03:00 [INF] HTTP GET /api/doctors responded 200 in 17ms
2026-06-30 11:17:36.995 +03:00 [INF] HTTP OPTIONS /api/appointments responded 204 in 0ms
2026-06-30 11:17:36.998 +03:00 [INF] Executed DbCommand (3ms) [Parameters=[], CommandType='"Text"', CommandTimeout='30']
SELECT [d].[Id], [d].[DepartmentId], [d].[FullName], [d].[IsActive], [d].[Phone], [d].[Specialization], [d].[UserId]
FROM [Doctors] AS [d]
2026-06-30 11:17:37.002 +03:00 [INF] Executed DbCommand (1ms) [Parameters=[@p='?' (DbType = Guid)], CommandType='"Text"', CommandTimeout='30']
SELECT TOP(1) [d].[Id], [d].[Description], [d].[IsActive], [d].[Name]
FROM [Departments] AS [d]
WHERE [d].[Id] = @p
2026-06-30 11:17:37.007 +03:00 [INF] Executed DbCommand (2ms) [Parameters=[@p='?' (DbType = Guid)], CommandType='"Text"', CommandTimeout='30']
SELECT TOP(1) [d].[Id], [d].[Description], [d].[IsActive], [d].[Name]
FROM [Departments] AS [d]
WHERE [d].[Id] = @p
2026-06-30 11:17:37.018 +03:00 [INF] HTTP GET /api/doctors responded 200 in 29ms
2026-06-30 11:17:37.022 +03:00 [INF] Executed DbCommand (3ms) [Parameters=[@doctorId='?' (DbType = Guid), @date='?' (DbType = Date)], CommandType='"Text"', CommandTimeout='30']
SELECT [a].[Id], [a].[AppointmentDate], [a].[CreatedAt], [a].[CreatedByReceptionistId], [a].[DoctorId], [a].[EndTime], [a].[Notes], [a].[PatientId], [a].[StartTime], [a].[Status], [a].[UpdatedAt]
FROM [Appointments] AS [a]
WHERE [a].[DoctorId] = @doctorId AND [a].[AppointmentDate] = @date
ORDER BY [a].[StartTime]
2026-06-30 11:17:37.034 +03:00 [INF] HTTP OPTIONS /api/doctors/38807a7c-e4ef-4cad-bdf2-08fa24f03cbe/date-schedules responded 204 in 0ms
2026-06-30 11:17:37.042 +03:00 [INF] HTTP OPTIONS /api/doctors/41885cdc-0175-4dcb-9824-944a922f6950/date-schedules responded 204 in 0ms
2026-06-30 11:17:37.043 +03:00 [INF] HTTP OPTIONS /api/doctors/44450f15-4382-4c72-9e45-ffb270692955/date-schedules responded 204 in 0ms
2026-06-30 11:17:37.056 +03:00 [INF] Executed DbCommand (3ms) [Parameters=[@p='?' (DbType = Guid)], CommandType='"Text"', CommandTimeout='30']
SELECT TOP(1) [p].[Id], [p].[Address], [p].[BloodType], [p].[CreatedAt], [p].[DateOfBirth], [p].[Email], [p].[FullName], [p].[Gender], [p].[NationalId], [p].[Phone], [p].[UserId]
FROM [Patients] AS [p]
WHERE [p].[Id] = @p
2026-06-30 11:17:37.060 +03:00 [INF] Executed DbCommand (2ms) [Parameters=[@p='?' (DbType = Guid)], CommandType='"Text"', CommandTimeout='30']
SELECT TOP(1) [d].[Id], [d].[DepartmentId], [d].[FullName], [d].[IsActive], [d].[Phone], [d].[Specialization], [d].[UserId]
FROM [Doctors] AS [d]
WHERE [d].[Id] = @p
2026-06-30 11:17:37.062 +03:00 [INF] Executed DbCommand (1ms) [Parameters=[@p='?' (DbType = Guid)], CommandType='"Text"', CommandTimeout='30']
SELECT TOP(1) [d].[Id], [d].[DepartmentId], [d].[FullName], [d].[IsActive], [d].[Phone], [d].[Specialization], [d].[UserId]
FROM [Doctors] AS [d]
WHERE [d].[Id] = @p
2026-06-30 11:17:37.065 +03:00 [INF] Executed DbCommand (2ms) [Parameters=[], CommandType='"Text"', CommandTimeout='30']
SELECT [d].[Id], [d].[AppointmentDurationMinutes], [d].[DoctorId], [d].[EndTime], [d].[IsActive], [d].[ScheduleDate], [d].[StartTime]
FROM [DoctorDateSchedules] AS [d]
2026-06-30 11:17:37.066 +03:00 [INF] Executed DbCommand (2ms) [Parameters=[], CommandType='"Text"', CommandTimeout='30']
SELECT [d].[Id], [d].[AppointmentDurationMinutes], [d].[DoctorId], [d].[EndTime], [d].[IsActive], [d].[ScheduleDate], [d].[StartTime]
FROM [DoctorDateSchedules] AS [d]
2026-06-30 11:17:37.067 +03:00 [INF] HTTP GET /api/doctors/38807a7c-e4ef-4cad-bdf2-08fa24f03cbe/date-schedules responded 200 in 17ms
2026-06-30 11:17:37.067 +03:00 [INF] HTTP GET /api/doctors/41885cdc-0175-4dcb-9824-944a922f6950/date-schedules responded 200 in 14ms
2026-06-30 11:17:37.071 +03:00 [INF] Executed DbCommand (2ms) [Parameters=[@p='?' (DbType = Guid)], CommandType='"Text"', CommandTimeout='30']
SELECT TOP(1) [d].[Id], [d].[DepartmentId], [d].[FullName], [d].[IsActive], [d].[Phone], [d].[Specialization], [d].[UserId]
FROM [Doctors] AS [d]
WHERE [d].[Id] = @p
2026-06-30 11:17:37.079 +03:00 [INF] HTTP GET /api/appointments responded 200 in 75ms
2026-06-30 11:17:37.091 +03:00 [INF] Executed DbCommand (2ms) [Parameters=[@p='?' (DbType = Guid)], CommandType='"Text"', CommandTimeout='30']
SELECT TOP(1) [d].[Id], [d].[DepartmentId], [d].[FullName], [d].[IsActive], [d].[Phone], [d].[Specialization], [d].[UserId]
FROM [Doctors] AS [d]
WHERE [d].[Id] = @p
2026-06-30 11:17:37.094 +03:00 [INF] HTTP OPTIONS /api/appointments responded 204 in 0ms
2026-06-30 11:17:37.094 +03:00 [INF] Executed DbCommand (2ms) [Parameters=[], CommandType='"Text"', CommandTimeout='30']
SELECT [d].[Id], [d].[AppointmentDurationMinutes], [d].[DoctorId], [d].[EndTime], [d].[IsActive], [d].[ScheduleDate], [d].[StartTime]
FROM [DoctorDateSchedules] AS [d]
2026-06-30 11:17:37.097 +03:00 [INF] HTTP GET /api/doctors/44450f15-4382-4c72-9e45-ffb270692955/date-schedules responded 200 in 41ms
2026-06-30 11:17:37.117 +03:00 [INF] Executed DbCommand (2ms) [Parameters=[@doctorId='?' (DbType = Guid), @date='?' (DbType = Date)], CommandType='"Text"', CommandTimeout='30']
SELECT [a].[Id], [a].[AppointmentDate], [a].[CreatedAt], [a].[CreatedByReceptionistId], [a].[DoctorId], [a].[EndTime], [a].[Notes], [a].[PatientId], [a].[StartTime], [a].[Status], [a].[UpdatedAt]
FROM [Appointments] AS [a]
WHERE [a].[DoctorId] = @doctorId AND [a].[AppointmentDate] = @date
ORDER BY [a].[StartTime]
2026-06-30 11:17:37.118 +03:00 [INF] HTTP GET /api/appointments responded 200 in 11ms
2026-06-30 11:17:47.286 +03:00 [INF] HTTP OPTIONS /api/departments responded 204 in 0ms
2026-06-30 11:17:47.289 +03:00 [INF] HTTP OPTIONS /api/patients responded 204 in 0ms
2026-06-30 11:17:47.327 +03:00 [INF] Executed DbCommand (3ms) [Parameters=[], CommandType='"Text"', CommandTimeout='30']
SELECT [d].[Id], [d].[Description], [d].[IsActive], [d].[Name]
FROM [Departments] AS [d]
2026-06-30 11:17:47.327 +03:00 [INF] Executed DbCommand (4ms) [Parameters=[], CommandType='"Text"', CommandTimeout='30']
SELECT [p].[Id], [p].[Address], [p].[BloodType], [p].[CreatedAt], [p].[DateOfBirth], [p].[Email], [p].[FullName], [p].[Gender], [p].[NationalId], [p].[Phone], [p].[UserId]
FROM [Patients] AS [p]
2026-06-30 11:17:47.329 +03:00 [INF] HTTP GET /api/patients responded 200 in 23ms
2026-06-30 11:17:47.330 +03:00 [INF] HTTP GET /api/departments responded 200 in 24ms
2026-06-30 11:17:53.646 +03:00 [INF] HTTP OPTIONS /api/doctors/department/b7eb805e-1614-4a59-a61a-6084babacfc3 responded 204 in 0ms
2026-06-30 11:17:53.658 +03:00 [INF] Executed DbCommand (2ms) [Parameters=[@departmentId='?' (DbType = Guid)], CommandType='"Text"', CommandTimeout='30']
SELECT [d].[Id], [d].[DepartmentId], [d].[FullName], [d].[IsActive], [d].[Phone], [d].[Specialization], [d].[UserId], [d0].[Id], [d0].[Description], [d0].[IsActive], [d0].[Name]
FROM [Doctors] AS [d]
INNER JOIN [Departments] AS [d0] ON [d].[DepartmentId] = [d0].[Id]
WHERE [d].[DepartmentId] = @departmentId AND [d].[IsActive] = CAST(1 AS bit)
2026-06-30 11:17:53.660 +03:00 [INF] HTTP GET /api/doctors/department/b7eb805e-1614-4a59-a61a-6084babacfc3 responded 200 in 7ms
2026-06-30 11:18:00.253 +03:00 [INF] HTTP OPTIONS /api/appointments/available-slots responded 204 in 0ms
2026-06-30 11:18:00.265 +03:00 [INF] Executed DbCommand (1ms) [Parameters=[], CommandType='"Text"', CommandTimeout='30']
SELECT [d].[Id], [d].[AppointmentDurationMinutes], [d].[DoctorId], [d].[EndTime], [d].[IsActive], [d].[ScheduleDate], [d].[StartTime]
FROM [DoctorDateSchedules] AS [d]
2026-06-30 11:18:00.269 +03:00 [INF] Executed DbCommand (1ms) [Parameters=[@doctorId='?' (DbType = Guid), @date='?' (DbType = Date)], CommandType='"Text"', CommandTimeout='30']
SELECT [a].[Id], [a].[AppointmentDate], [a].[CreatedAt], [a].[CreatedByReceptionistId], [a].[DoctorId], [a].[EndTime], [a].[Notes], [a].[PatientId], [a].[StartTime], [a].[Status], [a].[UpdatedAt]
FROM [Appointments] AS [a]
WHERE [a].[DoctorId] = @doctorId AND [a].[AppointmentDate] = @date
ORDER BY [a].[StartTime]
2026-06-30 11:18:00.270 +03:00 [INF] HTTP GET /api/appointments/available-slots responded 200 in 9ms
2026-06-30 11:18:04.007 +03:00 [INF] HTTP OPTIONS /api/appointments responded 204 in 0ms
2026-06-30 11:18:04.028 +03:00 [INF] Executed DbCommand (2ms) [Parameters=[@p='?' (DbType = Guid)], CommandType='"Text"', CommandTimeout='30']
SELECT TOP(1) [d].[Id], [d].[DepartmentId], [d].[FullName], [d].[IsActive], [d].[Phone], [d].[Specialization], [d].[UserId]
FROM [Doctors] AS [d]
WHERE [d].[Id] = @p
2026-06-30 11:18:04.031 +03:00 [INF] Executed DbCommand (1ms) [Parameters=[@p='?' (DbType = Guid)], CommandType='"Text"', CommandTimeout='30']
SELECT TOP(1) [p].[Id], [p].[Address], [p].[BloodType], [p].[CreatedAt], [p].[DateOfBirth], [p].[Email], [p].[FullName], [p].[Gender], [p].[NationalId], [p].[Phone], [p].[UserId]
FROM [Patients] AS [p]
WHERE [p].[Id] = @p
2026-06-30 11:18:04.033 +03:00 [INF] Executed DbCommand (1ms) [Parameters=[], CommandType='"Text"', CommandTimeout='30']
SELECT [d].[Id], [d].[AppointmentDurationMinutes], [d].[DoctorId], [d].[EndTime], [d].[IsActive], [d].[ScheduleDate], [d].[StartTime]
FROM [DoctorDateSchedules] AS [d]
2026-06-30 11:18:04.036 +03:00 [INF] Executed DbCommand (1ms) [Parameters=[@doctorId='?' (DbType = Guid), @date='?' (DbType = Date), @endTime='?' (DbType = Time), @startTime='?' (DbType = Time)], CommandType='"Text"', CommandTimeout='30']
SELECT CASE
    WHEN EXISTS (
        SELECT 1
        FROM [Appointments] AS [a]
        WHERE [a].[DoctorId] = @doctorId AND [a].[AppointmentDate] = @date AND [a].[Status] <> N'Cancelled' AND [a].[StartTime] < @endTime AND [a].[EndTime] > @startTime) THEN CAST(1 AS bit)
    ELSE CAST(0 AS bit)
END
2026-06-30 11:18:04.056 +03:00 [INF] Executed DbCommand (11ms) [Parameters=[@p0='?' (DbType = Guid), @p1='?' (DbType = Date), @p2='?' (DbType = DateTime2), @p3='?' (DbType = Guid), @p4='?' (DbType = Guid), @p5='?' (DbType = Time), @p6='?' (Size = 2000), @p7='?' (DbType = Guid), @p8='?' (DbType = Time), @p9='?' (Size = 50), @p10='?' (DbType = DateTime2)], CommandType='"Text"', CommandTimeout='30']
SET IMPLICIT_TRANSACTIONS OFF;
SET NOCOUNT ON;
INSERT INTO [Appointments] ([Id], [AppointmentDate], [CreatedAt], [CreatedByReceptionistId], [DoctorId], [EndTime], [Notes], [PatientId], [StartTime], [Status], [UpdatedAt])
VALUES (@p0, @p1, @p2, @p3, @p4, @p5, @p6, @p7, @p8, @p9, @p10);
2026-06-30 11:18:04.058 +03:00 [INF] Appointment booked "e267406e-dc46-4838-b243-9da2362c4afe" for patient "36574f06-f0f8-4c16-83d7-073e1107da0b" with doctor "44450f15-4382-4c72-9e45-ffb270692955" on "2026-06-30" at "12:00:00" by receptionist "77d8c535-fcd4-49b8-9e59-82f614cf7b03"
2026-06-30 11:18:04.059 +03:00 [INF] HTTP POST /api/appointments responded 200 in 45ms
2026-06-30 11:18:07.710 +03:00 [INF] HTTP OPTIONS /api/doctors responded 204 in 0ms
2026-06-30 11:18:07.710 +03:00 [INF] HTTP OPTIONS /api/doctors responded 204 in 0ms
2026-06-30 11:18:07.712 +03:00 [INF] HTTP OPTIONS /api/appointments responded 204 in 0ms
2026-06-30 11:18:07.725 +03:00 [INF] Executed DbCommand (1ms) [Parameters=[], CommandType='"Text"', CommandTimeout='30']
SELECT [d].[Id], [d].[DepartmentId], [d].[FullName], [d].[IsActive], [d].[Phone], [d].[Specialization], [d].[UserId]
FROM [Doctors] AS [d]
2026-06-30 11:18:07.725 +03:00 [INF] Executed DbCommand (1ms) [Parameters=[@doctorId='?' (DbType = Guid), @date='?' (DbType = Date)], CommandType='"Text"', CommandTimeout='30']
SELECT [a].[Id], [a].[AppointmentDate], [a].[CreatedAt], [a].[CreatedByReceptionistId], [a].[DoctorId], [a].[EndTime], [a].[Notes], [a].[PatientId], [a].[StartTime], [a].[Status], [a].[UpdatedAt]
FROM [Appointments] AS [a]
WHERE [a].[DoctorId] = @doctorId AND [a].[AppointmentDate] = @date
ORDER BY [a].[StartTime]
2026-06-30 11:18:07.726 +03:00 [INF] HTTP GET /api/appointments responded 200 in 6ms
2026-06-30 11:18:07.729 +03:00 [INF] Executed DbCommand (1ms) [Parameters=[@p='?' (DbType = Guid)], CommandType='"Text"', CommandTimeout='30']
SELECT TOP(1) [d].[Id], [d].[Description], [d].[IsActive], [d].[Name]
FROM [Departments] AS [d]
WHERE [d].[Id] = @p
2026-06-30 11:18:07.733 +03:00 [INF] Executed DbCommand (1ms) [Parameters=[@p='?' (DbType = Guid)], CommandType='"Text"', CommandTimeout='30']
SELECT TOP(1) [d].[Id], [d].[Description], [d].[IsActive], [d].[Name]
FROM [Departments] AS [d]
WHERE [d].[Id] = @p
2026-06-30 11:18:07.734 +03:00 [INF] HTTP GET /api/doctors responded 200 in 13ms
2026-06-30 11:18:07.740 +03:00 [INF] HTTP OPTIONS /api/appointments responded 204 in 0ms
2026-06-30 11:18:07.742 +03:00 [INF] Executed DbCommand (1ms) [Parameters=[], CommandType='"Text"', CommandTimeout='30']
SELECT [d].[Id], [d].[DepartmentId], [d].[FullName], [d].[IsActive], [d].[Phone], [d].[Specialization], [d].[UserId]
FROM [Doctors] AS [d]
2026-06-30 11:18:07.746 +03:00 [INF] Executed DbCommand (1ms) [Parameters=[@p='?' (DbType = Guid)], CommandType='"Text"', CommandTimeout='30']
SELECT TOP(1) [d].[Id], [d].[Description], [d].[IsActive], [d].[Name]
FROM [Departments] AS [d]
WHERE [d].[Id] = @p
2026-06-30 11:18:07.749 +03:00 [INF] Executed DbCommand (1ms) [Parameters=[@p='?' (DbType = Guid)], CommandType='"Text"', CommandTimeout='30']
SELECT TOP(1) [d].[Id], [d].[Description], [d].[IsActive], [d].[Name]
FROM [Departments] AS [d]
WHERE [d].[Id] = @p
2026-06-30 11:18:07.750 +03:00 [INF] HTTP GET /api/doctors responded 200 in 13ms
2026-06-30 11:18:07.754 +03:00 [INF] Executed DbCommand (1ms) [Parameters=[@doctorId='?' (DbType = Guid), @date='?' (DbType = Date)], CommandType='"Text"', CommandTimeout='30']
SELECT [a].[Id], [a].[AppointmentDate], [a].[CreatedAt], [a].[CreatedByReceptionistId], [a].[DoctorId], [a].[EndTime], [a].[Notes], [a].[PatientId], [a].[StartTime], [a].[Status], [a].[UpdatedAt]
FROM [Appointments] AS [a]
WHERE [a].[DoctorId] = @doctorId AND [a].[AppointmentDate] = @date
ORDER BY [a].[StartTime]
2026-06-30 11:18:07.757 +03:00 [INF] Executed DbCommand (1ms) [Parameters=[@p='?' (DbType = Guid)], CommandType='"Text"', CommandTimeout='30']
SELECT TOP(1) [p].[Id], [p].[Address], [p].[BloodType], [p].[CreatedAt], [p].[DateOfBirth], [p].[Email], [p].[FullName], [p].[Gender], [p].[NationalId], [p].[Phone], [p].[UserId]
FROM [Patients] AS [p]
WHERE [p].[Id] = @p
2026-06-30 11:18:07.761 +03:00 [INF] Executed DbCommand (1ms) [Parameters=[@p='?' (DbType = Guid)], CommandType='"Text"', CommandTimeout='30']
SELECT TOP(1) [d].[Id], [d].[DepartmentId], [d].[FullName], [d].[IsActive], [d].[Phone], [d].[Specialization], [d].[UserId]
FROM [Doctors] AS [d]
WHERE [d].[Id] = @p
2026-06-30 11:18:07.762 +03:00 [INF] HTTP GET /api/appointments responded 200 in 14ms
2026-06-30 11:18:07.763 +03:00 [INF] HTTP OPTIONS /api/doctors/38807a7c-e4ef-4cad-bdf2-08fa24f03cbe/date-schedules responded 204 in 0ms
2026-06-30 11:18:07.765 +03:00 [INF] HTTP OPTIONS /api/doctors/41885cdc-0175-4dcb-9824-944a922f6950/date-schedules responded 204 in 0ms
2026-06-30 11:18:07.771 +03:00 [INF] HTTP OPTIONS /api/doctors/44450f15-4382-4c72-9e45-ffb270692955/date-schedules responded 204 in 0ms
2026-06-30 11:18:07.780 +03:00 [INF] HTTP OPTIONS /api/appointments responded 204 in 0ms
2026-06-30 11:18:07.787 +03:00 [INF] Executed DbCommand (2ms) [Parameters=[@p='?' (DbType = Guid)], CommandType='"Text"', CommandTimeout='30']
SELECT TOP(1) [d].[Id], [d].[DepartmentId], [d].[FullName], [d].[IsActive], [d].[Phone], [d].[Specialization], [d].[UserId]
FROM [Doctors] AS [d]
WHERE [d].[Id] = @p
2026-06-30 11:18:07.787 +03:00 [INF] Executed DbCommand (2ms) [Parameters=[@p='?' (DbType = Guid)], CommandType='"Text"', CommandTimeout='30']
SELECT TOP(1) [d].[Id], [d].[DepartmentId], [d].[FullName], [d].[IsActive], [d].[Phone], [d].[Specialization], [d].[UserId]
FROM [Doctors] AS [d]
WHERE [d].[Id] = @p
2026-06-30 11:18:07.790 +03:00 [INF] Executed DbCommand (2ms) [Parameters=[@p='?' (DbType = Guid)], CommandType='"Text"', CommandTimeout='30']
SELECT TOP(1) [d].[Id], [d].[DepartmentId], [d].[FullName], [d].[IsActive], [d].[Phone], [d].[Specialization], [d].[UserId]
FROM [Doctors] AS [d]
WHERE [d].[Id] = @p
2026-06-30 11:18:07.790 +03:00 [INF] Executed DbCommand (2ms) [Parameters=[], CommandType='"Text"', CommandTimeout='30']
SELECT [d].[Id], [d].[AppointmentDurationMinutes], [d].[DoctorId], [d].[EndTime], [d].[IsActive], [d].[ScheduleDate], [d].[StartTime]
FROM [DoctorDateSchedules] AS [d]
2026-06-30 11:18:07.791 +03:00 [INF] Executed DbCommand (2ms) [Parameters=[], CommandType='"Text"', CommandTimeout='30']
SELECT [d].[Id], [d].[AppointmentDurationMinutes], [d].[DoctorId], [d].[EndTime], [d].[IsActive], [d].[ScheduleDate], [d].[StartTime]
FROM [DoctorDateSchedules] AS [d]
2026-06-30 11:18:07.792 +03:00 [INF] HTTP GET /api/doctors/41885cdc-0175-4dcb-9824-944a922f6950/date-schedules responded 200 in 11ms
2026-06-30 11:18:07.793 +03:00 [INF] HTTP GET /api/doctors/38807a7c-e4ef-4cad-bdf2-08fa24f03cbe/date-schedules responded 200 in 12ms
2026-06-30 11:18:07.792 +03:00 [INF] Executed DbCommand (2ms) [Parameters=[], CommandType='"Text"', CommandTimeout='30']
SELECT [d].[Id], [d].[AppointmentDurationMinutes], [d].[DoctorId], [d].[EndTime], [d].[IsActive], [d].[ScheduleDate], [d].[StartTime]
FROM [DoctorDateSchedules] AS [d]
2026-06-30 11:18:07.794 +03:00 [INF] HTTP GET /api/doctors/44450f15-4382-4c72-9e45-ffb270692955/date-schedules responded 200 in 11ms
2026-06-30 11:18:07.794 +03:00 [INF] Executed DbCommand (2ms) [Parameters=[@doctorId='?' (DbType = Guid), @date='?' (DbType = Date)], CommandType='"Text"', CommandTimeout='30']
SELECT [a].[Id], [a].[AppointmentDate], [a].[CreatedAt], [a].[CreatedByReceptionistId], [a].[DoctorId], [a].[EndTime], [a].[Notes], [a].[PatientId], [a].[StartTime], [a].[Status], [a].[UpdatedAt]
FROM [Appointments] AS [a]
WHERE [a].[DoctorId] = @doctorId AND [a].[AppointmentDate] = @date
ORDER BY [a].[StartTime]
2026-06-30 11:18:07.798 +03:00 [INF] Executed DbCommand (1ms) [Parameters=[@p='?' (DbType = Guid)], CommandType='"Text"', CommandTimeout='30']
SELECT TOP(1) [p].[Id], [p].[Address], [p].[BloodType], [p].[CreatedAt], [p].[DateOfBirth], [p].[Email], [p].[FullName], [p].[Gender], [p].[NationalId], [p].[Phone], [p].[UserId]
FROM [Patients] AS [p]
WHERE [p].[Id] = @p
2026-06-30 11:18:07.801 +03:00 [INF] Executed DbCommand (2ms) [Parameters=[@p='?' (DbType = Guid)], CommandType='"Text"', CommandTimeout='30']
SELECT TOP(1) [d].[Id], [d].[DepartmentId], [d].[FullName], [d].[IsActive], [d].[Phone], [d].[Specialization], [d].[UserId]
FROM [Doctors] AS [d]
WHERE [d].[Id] = @p
2026-06-30 11:18:07.803 +03:00 [INF] HTTP GET /api/appointments responded 200 in 16ms
2026-06-30 11:21:22.789 +03:00 [INF] HTTP OPTIONS /api/doctors responded 204 in 0ms
2026-06-30 11:21:22.790 +03:00 [INF] HTTP OPTIONS /api/doctors responded 204 in 0ms
2026-06-30 11:21:22.795 +03:00 [INF] Executed DbCommand (1ms) [Parameters=[], CommandType='"Text"', CommandTimeout='30']
SELECT [d].[Id], [d].[DepartmentId], [d].[FullName], [d].[IsActive], [d].[Phone], [d].[Specialization], [d].[UserId]
FROM [Doctors] AS [d]
2026-06-30 11:21:22.796 +03:00 [INF] Executed DbCommand (0ms) [Parameters=[@p='?' (DbType = Guid)], CommandType='"Text"', CommandTimeout='30']
SELECT TOP(1) [d].[Id], [d].[Description], [d].[IsActive], [d].[Name]
FROM [Departments] AS [d]
WHERE [d].[Id] = @p
2026-06-30 11:21:22.797 +03:00 [INF] Executed DbCommand (0ms) [Parameters=[@p='?' (DbType = Guid)], CommandType='"Text"', CommandTimeout='30']
SELECT TOP(1) [d].[Id], [d].[Description], [d].[IsActive], [d].[Name]
FROM [Departments] AS [d]
WHERE [d].[Id] = @p
2026-06-30 11:21:22.797 +03:00 [INF] HTTP GET /api/doctors responded 200 in 4ms
2026-06-30 11:21:22.800 +03:00 [INF] Executed DbCommand (0ms) [Parameters=[], CommandType='"Text"', CommandTimeout='30']
SELECT [d].[Id], [d].[DepartmentId], [d].[FullName], [d].[IsActive], [d].[Phone], [d].[Specialization], [d].[UserId]
FROM [Doctors] AS [d]
2026-06-30 11:21:22.801 +03:00 [INF] Executed DbCommand (0ms) [Parameters=[@p='?' (DbType = Guid)], CommandType='"Text"', CommandTimeout='30']
SELECT TOP(1) [d].[Id], [d].[Description], [d].[IsActive], [d].[Name]
FROM [Departments] AS [d]
WHERE [d].[Id] = @p
2026-06-30 11:21:22.802 +03:00 [INF] Executed DbCommand (0ms) [Parameters=[@p='?' (DbType = Guid)], CommandType='"Text"', CommandTimeout='30']
SELECT TOP(1) [d].[Id], [d].[Description], [d].[IsActive], [d].[Name]
FROM [Departments] AS [d]
WHERE [d].[Id] = @p
2026-06-30 11:21:22.802 +03:00 [INF] HTTP GET /api/doctors responded 200 in 3ms
2026-06-30 11:21:22.805 +03:00 [INF] HTTP OPTIONS /api/appointments responded 204 in 0ms
2026-06-30 11:21:22.808 +03:00 [INF] HTTP OPTIONS /api/doctors/38807a7c-e4ef-4cad-bdf2-08fa24f03cbe/date-schedules responded 204 in 0ms
2026-06-30 11:21:22.809 +03:00 [INF] HTTP OPTIONS /api/doctors/41885cdc-0175-4dcb-9824-944a922f6950/date-schedules responded 204 in 0ms
2026-06-30 11:21:22.810 +03:00 [INF] Executed DbCommand (1ms) [Parameters=[@doctorId='?' (DbType = Guid), @date='?' (DbType = Date)], CommandType='"Text"', CommandTimeout='30']
SELECT [a].[Id], [a].[AppointmentDate], [a].[CreatedAt], [a].[CreatedByReceptionistId], [a].[DoctorId], [a].[EndTime], [a].[Notes], [a].[PatientId], [a].[StartTime], [a].[Status], [a].[UpdatedAt]
FROM [Appointments] AS [a]
WHERE [a].[DoctorId] = @doctorId AND [a].[AppointmentDate] = @date
ORDER BY [a].[StartTime]
2026-06-30 11:21:22.810 +03:00 [INF] HTTP OPTIONS /api/doctors/44450f15-4382-4c72-9e45-ffb270692955/date-schedules responded 204 in 0ms
2026-06-30 11:21:22.810 +03:00 [INF] HTTP GET /api/appointments responded 200 in 2ms
2026-06-30 11:21:22.817 +03:00 [INF] Executed DbCommand (0ms) [Parameters=[@p='?' (DbType = Guid)], CommandType='"Text"', CommandTimeout='30']
SELECT TOP(1) [d].[Id], [d].[DepartmentId], [d].[FullName], [d].[IsActive], [d].[Phone], [d].[Specialization], [d].[UserId]
FROM [Doctors] AS [d]
WHERE [d].[Id] = @p
2026-06-30 11:21:22.817 +03:00 [INF] Executed DbCommand (1ms) [Parameters=[@p='?' (DbType = Guid)], CommandType='"Text"', CommandTimeout='30']
SELECT TOP(1) [d].[Id], [d].[DepartmentId], [d].[FullName], [d].[IsActive], [d].[Phone], [d].[Specialization], [d].[UserId]
FROM [Doctors] AS [d]
WHERE [d].[Id] = @p
2026-06-30 11:21:22.817 +03:00 [INF] HTTP OPTIONS /api/appointments responded 204 in 0ms
2026-06-30 11:21:22.817 +03:00 [INF] Executed DbCommand (0ms) [Parameters=[@p='?' (DbType = Guid)], CommandType='"Text"', CommandTimeout='30']
SELECT TOP(1) [d].[Id], [d].[DepartmentId], [d].[FullName], [d].[IsActive], [d].[Phone], [d].[Specialization], [d].[UserId]
FROM [Doctors] AS [d]
WHERE [d].[Id] = @p
2026-06-30 11:21:22.817 +03:00 [INF] Executed DbCommand (0ms) [Parameters=[], CommandType='"Text"', CommandTimeout='30']
SELECT [d].[Id], [d].[AppointmentDurationMinutes], [d].[DoctorId], [d].[EndTime], [d].[IsActive], [d].[ScheduleDate], [d].[StartTime]
FROM [DoctorDateSchedules] AS [d]
2026-06-30 11:21:22.818 +03:00 [INF] Executed DbCommand (0ms) [Parameters=[], CommandType='"Text"', CommandTimeout='30']
SELECT [d].[Id], [d].[AppointmentDurationMinutes], [d].[DoctorId], [d].[EndTime], [d].[IsActive], [d].[ScheduleDate], [d].[StartTime]
FROM [DoctorDateSchedules] AS [d]
2026-06-30 11:21:22.818 +03:00 [INF] HTTP GET /api/doctors/41885cdc-0175-4dcb-9824-944a922f6950/date-schedules responded 200 in 3ms
2026-06-30 11:21:22.818 +03:00 [INF] Executed DbCommand (0ms) [Parameters=[], CommandType='"Text"', CommandTimeout='30']
SELECT [d].[Id], [d].[AppointmentDurationMinutes], [d].[DoctorId], [d].[EndTime], [d].[IsActive], [d].[ScheduleDate], [d].[StartTime]
FROM [DoctorDateSchedules] AS [d]
2026-06-30 11:21:22.818 +03:00 [INF] HTTP GET /api/doctors/38807a7c-e4ef-4cad-bdf2-08fa24f03cbe/date-schedules responded 200 in 3ms
2026-06-30 11:21:22.818 +03:00 [INF] HTTP GET /api/doctors/44450f15-4382-4c72-9e45-ffb270692955/date-schedules responded 200 in 2ms
2026-06-30 11:21:22.823 +03:00 [INF] Executed DbCommand (1ms) [Parameters=[@doctorId='?' (DbType = Guid), @date='?' (DbType = Date)], CommandType='"Text"', CommandTimeout='30']
SELECT [a].[Id], [a].[AppointmentDate], [a].[CreatedAt], [a].[CreatedByReceptionistId], [a].[DoctorId], [a].[EndTime], [a].[Notes], [a].[PatientId], [a].[StartTime], [a].[Status], [a].[UpdatedAt]
FROM [Appointments] AS [a]
WHERE [a].[DoctorId] = @doctorId AND [a].[AppointmentDate] = @date
ORDER BY [a].[StartTime]
2026-06-30 11:21:22.824 +03:00 [INF] Executed DbCommand (0ms) [Parameters=[@p='?' (DbType = Guid)], CommandType='"Text"', CommandTimeout='30']
SELECT TOP(1) [p].[Id], [p].[Address], [p].[BloodType], [p].[CreatedAt], [p].[DateOfBirth], [p].[Email], [p].[FullName], [p].[Gender], [p].[NationalId], [p].[Phone], [p].[UserId]
FROM [Patients] AS [p]
WHERE [p].[Id] = @p
2026-06-30 11:21:22.825 +03:00 [INF] Executed DbCommand (0ms) [Parameters=[@p='?' (DbType = Guid)], CommandType='"Text"', CommandTimeout='30']
SELECT TOP(1) [d].[Id], [d].[DepartmentId], [d].[FullName], [d].[IsActive], [d].[Phone], [d].[Specialization], [d].[UserId]
FROM [Doctors] AS [d]
WHERE [d].[Id] = @p
2026-06-30 11:21:22.826 +03:00 [INF] HTTP GET /api/appointments responded 200 in 4ms
2026-06-30 11:21:22.831 +03:00 [INF] HTTP OPTIONS /api/appointments responded 204 in 0ms
2026-06-30 11:21:22.835 +03:00 [INF] Executed DbCommand (1ms) [Parameters=[@doctorId='?' (DbType = Guid), @date='?' (DbType = Date)], CommandType='"Text"', CommandTimeout='30']
SELECT [a].[Id], [a].[AppointmentDate], [a].[CreatedAt], [a].[CreatedByReceptionistId], [a].[DoctorId], [a].[EndTime], [a].[Notes], [a].[PatientId], [a].[StartTime], [a].[Status], [a].[UpdatedAt]
FROM [Appointments] AS [a]
WHERE [a].[DoctorId] = @doctorId AND [a].[AppointmentDate] = @date
ORDER BY [a].[StartTime]
2026-06-30 11:21:22.836 +03:00 [INF] Executed DbCommand (0ms) [Parameters=[@p='?' (DbType = Guid)], CommandType='"Text"', CommandTimeout='30']
SELECT TOP(1) [p].[Id], [p].[Address], [p].[BloodType], [p].[CreatedAt], [p].[DateOfBirth], [p].[Email], [p].[FullName], [p].[Gender], [p].[NationalId], [p].[Phone], [p].[UserId]
FROM [Patients] AS [p]
WHERE [p].[Id] = @p
2026-06-30 11:21:22.837 +03:00 [INF] Executed DbCommand (0ms) [Parameters=[@p='?' (DbType = Guid)], CommandType='"Text"', CommandTimeout='30']
SELECT TOP(1) [d].[Id], [d].[DepartmentId], [d].[FullName], [d].[IsActive], [d].[Phone], [d].[Specialization], [d].[UserId]
FROM [Doctors] AS [d]
WHERE [d].[Id] = @p
2026-06-30 11:21:22.837 +03:00 [INF] HTTP GET /api/appointments responded 200 in 3ms
2026-06-30 11:24:30.764 +03:00 [INF] Executed DbCommand (60ms) [Parameters=[], CommandType='"Text"', CommandTimeout='30']
SELECT 1
2026-06-30 11:24:30.848 +03:00 [INF] Acquiring an exclusive lock for migration application. See https://aka.ms/efcore-docs-migrations-lock for more information if this takes too long.
2026-06-30 11:24:30.908 +03:00 [INF] Executed DbCommand (51ms) [Parameters=[], CommandType='"Text"', CommandTimeout='30']
DECLARE @result int;
EXEC @result = sp_getapplock @Resource = '__EFMigrationsLock', @LockOwner = 'Session', @LockMode = 'Exclusive';
SELECT @result
2026-06-30 11:24:31.041 +03:00 [INF] Executed DbCommand (2ms) [Parameters=[], CommandType='"Text"', CommandTimeout='30']
IF OBJECT_ID(N'[__EFMigrationsHistory]') IS NULL
BEGIN
    CREATE TABLE [__EFMigrationsHistory] (
        [MigrationId] nvarchar(150) NOT NULL,
        [ProductVersion] nvarchar(32) NOT NULL,
        CONSTRAINT [PK___EFMigrationsHistory] PRIMARY KEY ([MigrationId])
    );
END;
2026-06-30 11:24:31.068 +03:00 [INF] Executed DbCommand (1ms) [Parameters=[], CommandType='"Text"', CommandTimeout='30']
SELECT 1
2026-06-30 11:24:31.070 +03:00 [INF] Executed DbCommand (1ms) [Parameters=[], CommandType='"Text"', CommandTimeout='30']
SELECT OBJECT_ID(N'[__EFMigrationsHistory]');
2026-06-30 11:24:31.089 +03:00 [INF] Executed DbCommand (12ms) [Parameters=[], CommandType='"Text"', CommandTimeout='30']
SELECT [MigrationId], [ProductVersion]
FROM [__EFMigrationsHistory]
ORDER BY [MigrationId];
2026-06-30 11:24:31.116 +03:00 [INF] No migrations were applied. The database is already up to date.
2026-06-30 11:24:31.124 +03:00 [INF] Executed DbCommand (5ms) [Parameters=[], CommandType='"Text"', CommandTimeout='30']
DECLARE @result int;
EXEC @result = sp_releaseapplock @Resource = '__EFMigrationsLock', @LockOwner = 'Session';
SELECT @result
2026-06-30 11:24:31.600 +03:00 [INF] Executed DbCommand (15ms) [Parameters=[], CommandType='"Text"', CommandTimeout='30']
SELECT CASE
    WHEN EXISTS (
        SELECT 1
        FROM [Users] AS [u]) THEN CAST(1 AS bit)
    ELSE CAST(0 AS bit)
END
2026-06-30 11:24:31.610 +03:00 [INF] Database already seeded. Ensuring demo accounts exist.
2026-06-30 11:24:31.785 +03:00 [INF] Executed DbCommand (13ms) [Parameters=[], CommandType='"Text"', CommandTimeout='30']
SELECT TOP(1) [u].[Id], [u].[CreatedAt], [u].[Email], [u].[IsActive], [u].[PasswordHash], [u].[Role]
FROM [Users] AS [u]
WHERE [u].[Email] = N'patient@hospital.com'
2026-06-30 11:24:32.058 +03:00 [INF] Executed DbCommand (45ms) [Parameters=[@patientUser_Id='?' (DbType = Guid)], CommandType='"Text"', CommandTimeout='30']
SELECT TOP(1) [p].[Id], [p].[Address], [p].[BloodType], [p].[CreatedAt], [p].[DateOfBirth], [p].[Email], [p].[FullName], [p].[Gender], [p].[NationalId], [p].[Phone], [p].[UserId]
FROM [Patients] AS [p]
WHERE [p].[UserId] = @patientUser_Id
2026-06-30 11:24:32.159 +03:00 [INF] Executed DbCommand (4ms) [Parameters=[], CommandType='"Text"', CommandTimeout='30']
SELECT CASE
    WHEN EXISTS (
        SELECT 1
        FROM [DefaultDoctorSchedules] AS [d]) THEN CAST(1 AS bit)
    ELSE CAST(0 AS bit)
END
2026-06-30 11:24:32.468 +03:00 [INF] Now listening on: http://localhost:5000
2026-06-30 11:24:32.469 +03:00 [INF] Application started. Press Ctrl+C to shut down.
2026-06-30 11:24:32.469 +03:00 [INF] Hosting environment: Development
2026-06-30 11:24:32.469 +03:00 [INF] Content root path: G:\DEPI\HospitalSystem.API
2026-06-30 11:25:27.843 +03:00 [INF] HTTP GET /swagger/index.html responded 200 in 107ms
2026-06-30 11:26:10.640 +03:00 [WRN] Failed to determine the https port for redirect.
2026-06-30 11:26:10.651 +03:00 [INF] HTTP OPTIONS /api/doctors responded 204 in 32ms
2026-06-30 11:26:10.651 +03:00 [INF] HTTP OPTIONS /api/appointments responded 204 in 33ms
2026-06-30 11:26:10.651 +03:00 [INF] HTTP OPTIONS /api/doctors responded 204 in 33ms
2026-06-30 11:26:11.514 +03:00 [INF] Executed DbCommand (7ms) [Parameters=[], CommandType='"Text"', CommandTimeout='30']
SELECT [d].[Id], [d].[DepartmentId], [d].[FullName], [d].[IsActive], [d].[Phone], [d].[Specialization], [d].[UserId]
FROM [Doctors] AS [d]
2026-06-30 11:26:11.551 +03:00 [INF] Executed DbCommand (9ms) [Parameters=[@doctorId='?' (DbType = Guid), @date='?' (DbType = Date)], CommandType='"Text"', CommandTimeout='30']
SELECT [a].[Id], [a].[AppointmentDate], [a].[CreatedAt], [a].[CreatedByReceptionistId], [a].[DoctorId], [a].[EndTime], [a].[Notes], [a].[PatientId], [a].[StartTime], [a].[Status], [a].[UpdatedAt]
FROM [Appointments] AS [a]
WHERE [a].[DoctorId] = @doctorId AND [a].[AppointmentDate] = @date
ORDER BY [a].[StartTime]
2026-06-30 11:26:11.890 +03:00 [INF] HTTP GET /api/appointments responded 200 in 1220ms
2026-06-30 11:26:11.930 +03:00 [INF] HTTP OPTIONS /api/appointments responded 204 in 0ms
2026-06-30 11:26:12.029 +03:00 [INF] Executed DbCommand (10ms) [Parameters=[@p='?' (DbType = Guid)], CommandType='"Text"', CommandTimeout='30']
SELECT TOP(1) [d].[Id], [d].[Description], [d].[IsActive], [d].[Name]
FROM [Departments] AS [d]
WHERE [d].[Id] = @p
2026-06-30 11:26:12.034 +03:00 [INF] Executed DbCommand (3ms) [Parameters=[@doctorId='?' (DbType = Guid), @date='?' (DbType = Date)], CommandType='"Text"', CommandTimeout='30']
SELECT [a].[Id], [a].[AppointmentDate], [a].[CreatedAt], [a].[CreatedByReceptionistId], [a].[DoctorId], [a].[EndTime], [a].[Notes], [a].[PatientId], [a].[StartTime], [a].[Status], [a].[UpdatedAt]
FROM [Appointments] AS [a]
WHERE [a].[DoctorId] = @doctorId AND [a].[AppointmentDate] = @date
ORDER BY [a].[StartTime]
2026-06-30 11:26:12.169 +03:00 [INF] Executed DbCommand (2ms) [Parameters=[@p='?' (DbType = Guid)], CommandType='"Text"', CommandTimeout='30']
SELECT TOP(1) [d].[Id], [d].[Description], [d].[IsActive], [d].[Name]
FROM [Departments] AS [d]
WHERE [d].[Id] = @p
2026-06-30 11:26:12.233 +03:00 [INF] HTTP GET /api/doctors responded 200 in 1562ms
2026-06-30 11:26:12.248 +03:00 [INF] Executed DbCommand (2ms) [Parameters=[], CommandType='"Text"', CommandTimeout='30']
SELECT [d].[Id], [d].[DepartmentId], [d].[FullName], [d].[IsActive], [d].[Phone], [d].[Specialization], [d].[UserId]
FROM [Doctors] AS [d]
2026-06-30 11:26:12.256 +03:00 [INF] Executed DbCommand (2ms) [Parameters=[@p='?' (DbType = Guid)], CommandType='"Text"', CommandTimeout='30']
SELECT TOP(1) [d].[Id], [d].[Description], [d].[IsActive], [d].[Name]
FROM [Departments] AS [d]
WHERE [d].[Id] = @p
2026-06-30 11:26:12.261 +03:00 [INF] Executed DbCommand (2ms) [Parameters=[@p='?' (DbType = Guid)], CommandType='"Text"', CommandTimeout='30']
SELECT TOP(1) [d].[Id], [d].[Description], [d].[IsActive], [d].[Name]
FROM [Departments] AS [d]
WHERE [d].[Id] = @p
2026-06-30 11:26:12.264 +03:00 [INF] HTTP GET /api/doctors responded 200 in 29ms
2026-06-30 11:26:12.275 +03:00 [INF] HTTP OPTIONS /api/doctors/38807a7c-e4ef-4cad-bdf2-08fa24f03cbe/date-schedules responded 204 in 0ms
2026-06-30 11:26:12.276 +03:00 [INF] HTTP OPTIONS /api/doctors/41885cdc-0175-4dcb-9824-944a922f6950/date-schedules responded 204 in 0ms
2026-06-30 11:26:12.287 +03:00 [INF] Executed DbCommand (9ms) [Parameters=[@p='?' (DbType = Guid)], CommandType='"Text"', CommandTimeout='30']
SELECT TOP(1) [p].[Id], [p].[Address], [p].[BloodType], [p].[CreatedAt], [p].[DateOfBirth], [p].[Email], [p].[FullName], [p].[Gender], [p].[NationalId], [p].[Phone], [p].[UserId]
FROM [Patients] AS [p]
WHERE [p].[Id] = @p
2026-06-30 11:26:12.289 +03:00 [INF] HTTP OPTIONS /api/doctors/44450f15-4382-4c72-9e45-ffb270692955/date-schedules responded 204 in 0ms
2026-06-30 11:26:12.365 +03:00 [INF] Executed DbCommand (6ms) [Parameters=[@p='?' (DbType = Guid)], CommandType='"Text"', CommandTimeout='30']
SELECT TOP(1) [d].[Id], [d].[DepartmentId], [d].[FullName], [d].[IsActive], [d].[Phone], [d].[Specialization], [d].[UserId]
FROM [Doctors] AS [d]
WHERE [d].[Id] = @p
2026-06-30 11:26:12.370 +03:00 [INF] Executed DbCommand (3ms) [Parameters=[@p='?' (DbType = Guid)], CommandType='"Text"', CommandTimeout='30']
SELECT TOP(1) [d].[Id], [d].[DepartmentId], [d].[FullName], [d].[IsActive], [d].[Phone], [d].[Specialization], [d].[UserId]
FROM [Doctors] AS [d]
WHERE [d].[Id] = @p
2026-06-30 11:26:12.394 +03:00 [INF] Executed DbCommand (2ms) [Parameters=[@p='?' (DbType = Guid)], CommandType='"Text"', CommandTimeout='30']
SELECT TOP(1) [d].[Id], [d].[DepartmentId], [d].[FullName], [d].[IsActive], [d].[Phone], [d].[Specialization], [d].[UserId]
FROM [Doctors] AS [d]
WHERE [d].[Id] = @p
2026-06-30 11:26:12.394 +03:00 [INF] Executed DbCommand (2ms) [Parameters=[@p='?' (DbType = Guid)], CommandType='"Text"', CommandTimeout='30']
SELECT TOP(1) [d].[Id], [d].[DepartmentId], [d].[FullName], [d].[IsActive], [d].[Phone], [d].[Specialization], [d].[UserId]
FROM [Doctors] AS [d]
WHERE [d].[Id] = @p
2026-06-30 11:26:12.423 +03:00 [INF] Executed DbCommand (6ms) [Parameters=[], CommandType='"Text"', CommandTimeout='30']
SELECT [d].[Id], [d].[AppointmentDurationMinutes], [d].[DoctorId], [d].[EndTime], [d].[IsActive], [d].[ScheduleDate], [d].[StartTime]
FROM [DoctorDateSchedules] AS [d]
2026-06-30 11:26:12.423 +03:00 [INF] Executed DbCommand (7ms) [Parameters=[], CommandType='"Text"', CommandTimeout='30']
SELECT [d].[Id], [d].[AppointmentDurationMinutes], [d].[DoctorId], [d].[EndTime], [d].[IsActive], [d].[ScheduleDate], [d].[StartTime]
FROM [DoctorDateSchedules] AS [d]
2026-06-30 11:26:12.423 +03:00 [INF] Executed DbCommand (7ms) [Parameters=[], CommandType='"Text"', CommandTimeout='30']
SELECT [d].[Id], [d].[AppointmentDurationMinutes], [d].[DoctorId], [d].[EndTime], [d].[IsActive], [d].[ScheduleDate], [d].[StartTime]
FROM [DoctorDateSchedules] AS [d]
2026-06-30 11:26:12.427 +03:00 [INF] HTTP GET /api/appointments responded 200 in 459ms
2026-06-30 11:26:12.436 +03:00 [INF] HTTP OPTIONS /api/appointments responded 204 in 0ms
2026-06-30 11:26:12.461 +03:00 [INF] Executed DbCommand (1ms) [Parameters=[@doctorId='?' (DbType = Guid), @date='?' (DbType = Date)], CommandType='"Text"', CommandTimeout='30']
SELECT [a].[Id], [a].[AppointmentDate], [a].[CreatedAt], [a].[CreatedByReceptionistId], [a].[DoctorId], [a].[EndTime], [a].[Notes], [a].[PatientId], [a].[StartTime], [a].[Status], [a].[UpdatedAt]
FROM [Appointments] AS [a]
WHERE [a].[DoctorId] = @doctorId AND [a].[AppointmentDate] = @date
ORDER BY [a].[StartTime]
2026-06-30 11:26:12.465 +03:00 [INF] Executed DbCommand (1ms) [Parameters=[@p='?' (DbType = Guid)], CommandType='"Text"', CommandTimeout='30']
SELECT TOP(1) [p].[Id], [p].[Address], [p].[BloodType], [p].[CreatedAt], [p].[DateOfBirth], [p].[Email], [p].[FullName], [p].[Gender], [p].[NationalId], [p].[Phone], [p].[UserId]
FROM [Patients] AS [p]
WHERE [p].[Id] = @p
2026-06-30 11:26:12.468 +03:00 [INF] Executed DbCommand (1ms) [Parameters=[@p='?' (DbType = Guid)], CommandType='"Text"', CommandTimeout='30']
SELECT TOP(1) [d].[Id], [d].[DepartmentId], [d].[FullName], [d].[IsActive], [d].[Phone], [d].[Specialization], [d].[UserId]
FROM [Doctors] AS [d]
WHERE [d].[Id] = @p
2026-06-30 11:26:12.470 +03:00 [INF] HTTP GET /api/appointments responded 200 in 30ms
2026-06-30 11:26:12.472 +03:00 [INF] HTTP GET /api/doctors/38807a7c-e4ef-4cad-bdf2-08fa24f03cbe/date-schedules responded 200 in 182ms
2026-06-30 11:26:12.475 +03:00 [INF] HTTP GET /api/doctors/41885cdc-0175-4dcb-9824-944a922f6950/date-schedules responded 200 in 185ms
2026-06-30 11:26:12.475 +03:00 [INF] HTTP GET /api/doctors/44450f15-4382-4c72-9e45-ffb270692955/date-schedules responded 200 in 179ms
2026-06-30 11:26:27.710 +03:00 [INF] HTTP OPTIONS /api/doctors responded 204 in 0ms
2026-06-30 11:26:27.710 +03:00 [INF] HTTP OPTIONS /api/doctors responded 204 in 0ms
2026-06-30 11:26:27.727 +03:00 [INF] Executed DbCommand (2ms) [Parameters=[], CommandType='"Text"', CommandTimeout='30']
SELECT [d].[Id], [d].[DepartmentId], [d].[FullName], [d].[IsActive], [d].[Phone], [d].[Specialization], [d].[UserId]
FROM [Doctors] AS [d]
2026-06-30 11:26:27.732 +03:00 [INF] Executed DbCommand (1ms) [Parameters=[@p='?' (DbType = Guid)], CommandType='"Text"', CommandTimeout='30']
SELECT TOP(1) [d].[Id], [d].[Description], [d].[IsActive], [d].[Name]
FROM [Departments] AS [d]
WHERE [d].[Id] = @p
2026-06-30 11:26:27.735 +03:00 [INF] Executed DbCommand (1ms) [Parameters=[@p='?' (DbType = Guid)], CommandType='"Text"', CommandTimeout='30']
SELECT TOP(1) [d].[Id], [d].[Description], [d].[IsActive], [d].[Name]
FROM [Departments] AS [d]
WHERE [d].[Id] = @p
2026-06-30 11:26:27.737 +03:00 [INF] HTTP GET /api/doctors responded 200 in 22ms
2026-06-30 11:26:27.743 +03:00 [INF] Executed DbCommand (1ms) [Parameters=[], CommandType='"Text"', CommandTimeout='30']
SELECT [d].[Id], [d].[DepartmentId], [d].[FullName], [d].[IsActive], [d].[Phone], [d].[Specialization], [d].[UserId]
FROM [Doctors] AS [d]
2026-06-30 11:26:27.745 +03:00 [INF] Executed DbCommand (1ms) [Parameters=[@p='?' (DbType = Guid)], CommandType='"Text"', CommandTimeout='30']
SELECT TOP(1) [d].[Id], [d].[Description], [d].[IsActive], [d].[Name]
FROM [Departments] AS [d]
WHERE [d].[Id] = @p
2026-06-30 11:26:27.748 +03:00 [INF] Executed DbCommand (1ms) [Parameters=[@p='?' (DbType = Guid)], CommandType='"Text"', CommandTimeout='30']
SELECT TOP(1) [d].[Id], [d].[Description], [d].[IsActive], [d].[Name]
FROM [Departments] AS [d]
WHERE [d].[Id] = @p
2026-06-30 11:26:27.749 +03:00 [INF] HTTP GET /api/doctors responded 200 in 11ms
2026-06-30 11:26:27.766 +03:00 [INF] HTTP OPTIONS /api/appointments responded 204 in 0ms
2026-06-30 11:26:27.770 +03:00 [INF] HTTP OPTIONS /api/doctors/38807a7c-e4ef-4cad-bdf2-08fa24f03cbe/date-schedules responded 204 in 0ms
2026-06-30 11:26:27.771 +03:00 [INF] HTTP OPTIONS /api/doctors/41885cdc-0175-4dcb-9824-944a922f6950/date-schedules responded 204 in 0ms
2026-06-30 11:26:27.772 +03:00 [INF] HTTP OPTIONS /api/doctors/44450f15-4382-4c72-9e45-ffb270692955/date-schedules responded 204 in 0ms
2026-06-30 11:26:27.775 +03:00 [INF] Executed DbCommand (1ms) [Parameters=[@doctorId='?' (DbType = Guid), @date='?' (DbType = Date)], CommandType='"Text"', CommandTimeout='30']
SELECT [a].[Id], [a].[AppointmentDate], [a].[CreatedAt], [a].[CreatedByReceptionistId], [a].[DoctorId], [a].[EndTime], [a].[Notes], [a].[PatientId], [a].[StartTime], [a].[Status], [a].[UpdatedAt]
FROM [Appointments] AS [a]
WHERE [a].[DoctorId] = @doctorId AND [a].[AppointmentDate] = @date
ORDER BY [a].[StartTime]
2026-06-30 11:26:27.776 +03:00 [INF] HTTP GET /api/appointments responded 200 in 7ms
2026-06-30 11:26:27.782 +03:00 [INF] HTTP OPTIONS /api/appointments responded 204 in 0ms
2026-06-30 11:26:27.782 +03:00 [INF] Executed DbCommand (1ms) [Parameters=[@p='?' (DbType = Guid)], CommandType='"Text"', CommandTimeout='30']
SELECT TOP(1) [d].[Id], [d].[DepartmentId], [d].[FullName], [d].[IsActive], [d].[Phone], [d].[Specialization], [d].[UserId]
FROM [Doctors] AS [d]
WHERE [d].[Id] = @p
2026-06-30 11:26:27.782 +03:00 [INF] Executed DbCommand (1ms) [Parameters=[@p='?' (DbType = Guid)], CommandType='"Text"', CommandTimeout='30']
SELECT TOP(1) [d].[Id], [d].[DepartmentId], [d].[FullName], [d].[IsActive], [d].[Phone], [d].[Specialization], [d].[UserId]
FROM [Doctors] AS [d]
WHERE [d].[Id] = @p
2026-06-30 11:26:27.782 +03:00 [INF] Executed DbCommand (1ms) [Parameters=[@p='?' (DbType = Guid)], CommandType='"Text"', CommandTimeout='30']
SELECT TOP(1) [d].[Id], [d].[DepartmentId], [d].[FullName], [d].[IsActive], [d].[Phone], [d].[Specialization], [d].[UserId]
FROM [Doctors] AS [d]
WHERE [d].[Id] = @p
2026-06-30 11:26:27.784 +03:00 [INF] Executed DbCommand (1ms) [Parameters=[], CommandType='"Text"', CommandTimeout='30']
SELECT [d].[Id], [d].[AppointmentDurationMinutes], [d].[DoctorId], [d].[EndTime], [d].[IsActive], [d].[ScheduleDate], [d].[StartTime]
FROM [DoctorDateSchedules] AS [d]
2026-06-30 11:26:27.784 +03:00 [INF] Executed DbCommand (1ms) [Parameters=[], CommandType='"Text"', CommandTimeout='30']
SELECT [d].[Id], [d].[AppointmentDurationMinutes], [d].[DoctorId], [d].[EndTime], [d].[IsActive], [d].[ScheduleDate], [d].[StartTime]
FROM [DoctorDateSchedules] AS [d]
2026-06-30 11:26:27.784 +03:00 [INF] Executed DbCommand (1ms) [Parameters=[], CommandType='"Text"', CommandTimeout='30']
SELECT [d].[Id], [d].[AppointmentDurationMinutes], [d].[DoctorId], [d].[EndTime], [d].[IsActive], [d].[ScheduleDate], [d].[StartTime]
FROM [DoctorDateSchedules] AS [d]
2026-06-30 11:26:27.786 +03:00 [INF] HTTP GET /api/doctors/38807a7c-e4ef-4cad-bdf2-08fa24f03cbe/date-schedules responded 200 in 10ms
2026-06-30 11:26:27.786 +03:00 [INF] HTTP GET /api/doctors/44450f15-4382-4c72-9e45-ffb270692955/date-schedules responded 200 in 8ms
2026-06-30 11:26:27.786 +03:00 [INF] HTTP GET /api/doctors/41885cdc-0175-4dcb-9824-944a922f6950/date-schedules responded 200 in 9ms
2026-06-30 11:26:27.791 +03:00 [INF] Executed DbCommand (1ms) [Parameters=[@doctorId='?' (DbType = Guid), @date='?' (DbType = Date)], CommandType='"Text"', CommandTimeout='30']
SELECT [a].[Id], [a].[AppointmentDate], [a].[CreatedAt], [a].[CreatedByReceptionistId], [a].[DoctorId], [a].[EndTime], [a].[Notes], [a].[PatientId], [a].[StartTime], [a].[Status], [a].[UpdatedAt]
FROM [Appointments] AS [a]
WHERE [a].[DoctorId] = @doctorId AND [a].[AppointmentDate] = @date
ORDER BY [a].[StartTime]
2026-06-30 11:26:27.794 +03:00 [INF] Executed DbCommand (1ms) [Parameters=[@p='?' (DbType = Guid)], CommandType='"Text"', CommandTimeout='30']
SELECT TOP(1) [p].[Id], [p].[Address], [p].[BloodType], [p].[CreatedAt], [p].[DateOfBirth], [p].[Email], [p].[FullName], [p].[Gender], [p].[NationalId], [p].[Phone], [p].[UserId]
FROM [Patients] AS [p]
WHERE [p].[Id] = @p
2026-06-30 11:26:27.796 +03:00 [INF] Executed DbCommand (1ms) [Parameters=[@p='?' (DbType = Guid)], CommandType='"Text"', CommandTimeout='30']
SELECT TOP(1) [d].[Id], [d].[DepartmentId], [d].[FullName], [d].[IsActive], [d].[Phone], [d].[Specialization], [d].[UserId]
FROM [Doctors] AS [d]
WHERE [d].[Id] = @p
2026-06-30 11:26:27.797 +03:00 [INF] HTTP GET /api/appointments responded 200 in 11ms
2026-06-30 11:26:27.801 +03:00 [INF] HTTP OPTIONS /api/appointments responded 204 in 0ms
2026-06-30 11:26:27.809 +03:00 [INF] Executed DbCommand (1ms) [Parameters=[@doctorId='?' (DbType = Guid), @date='?' (DbType = Date)], CommandType='"Text"', CommandTimeout='30']
SELECT [a].[Id], [a].[AppointmentDate], [a].[CreatedAt], [a].[CreatedByReceptionistId], [a].[DoctorId], [a].[EndTime], [a].[Notes], [a].[PatientId], [a].[StartTime], [a].[Status], [a].[UpdatedAt]
FROM [Appointments] AS [a]
WHERE [a].[DoctorId] = @doctorId AND [a].[AppointmentDate] = @date
ORDER BY [a].[StartTime]
2026-06-30 11:26:27.811 +03:00 [INF] Executed DbCommand (1ms) [Parameters=[@p='?' (DbType = Guid)], CommandType='"Text"', CommandTimeout='30']
SELECT TOP(1) [p].[Id], [p].[Address], [p].[BloodType], [p].[CreatedAt], [p].[DateOfBirth], [p].[Email], [p].[FullName], [p].[Gender], [p].[NationalId], [p].[Phone], [p].[UserId]
FROM [Patients] AS [p]
WHERE [p].[Id] = @p
2026-06-30 11:26:27.814 +03:00 [INF] Executed DbCommand (1ms) [Parameters=[@p='?' (DbType = Guid)], CommandType='"Text"', CommandTimeout='30']
SELECT TOP(1) [d].[Id], [d].[DepartmentId], [d].[FullName], [d].[IsActive], [d].[Phone], [d].[Specialization], [d].[UserId]
FROM [Doctors] AS [d]
WHERE [d].[Id] = @p
2026-06-30 11:26:27.815 +03:00 [INF] HTTP GET /api/appointments responded 200 in 10ms
2026-06-30 11:26:58.325 +03:00 [INF] HTTP OPTIONS /api/auth/login responded 204 in 0ms
2026-06-30 11:26:58.461 +03:00 [INF] Executed DbCommand (2ms) [Parameters=[], CommandType='"Text"', CommandTimeout='30']
SELECT [u].[Id], [u].[CreatedAt], [u].[Email], [u].[IsActive], [u].[PasswordHash], [u].[Role]
FROM [Users] AS [u]
2026-06-30 11:26:59.278 +03:00 [INF] HTTP POST /api/auth/login responded 200 in 941ms
2026-06-30 11:26:59.332 +03:00 [INF] HTTP OPTIONS /api/patients responded 204 in 0ms
2026-06-30 11:26:59.374 +03:00 [INF] Executed DbCommand (3ms) [Parameters=[], CommandType='"Text"', CommandTimeout='30']
SELECT [p].[Id], [p].[Address], [p].[BloodType], [p].[CreatedAt], [p].[DateOfBirth], [p].[Email], [p].[FullName], [p].[Gender], [p].[NationalId], [p].[Phone], [p].[UserId]
FROM [Patients] AS [p]
2026-06-30 11:26:59.424 +03:00 [INF] HTTP GET /api/patients responded 200 in 88ms
2026-06-30 11:27:02.655 +03:00 [INF] HTTP OPTIONS /api/departments responded 204 in 0ms
2026-06-30 11:27:02.656 +03:00 [INF] HTTP OPTIONS /api/patients responded 204 in 0ms
2026-06-30 11:27:02.671 +03:00 [INF] Executed DbCommand (1ms) [Parameters=[], CommandType='"Text"', CommandTimeout='30']
SELECT [p].[Id], [p].[Address], [p].[BloodType], [p].[CreatedAt], [p].[DateOfBirth], [p].[Email], [p].[FullName], [p].[Gender], [p].[NationalId], [p].[Phone], [p].[UserId]
FROM [Patients] AS [p]
2026-06-30 11:27:02.672 +03:00 [INF] HTTP GET /api/patients responded 200 in 8ms
2026-06-30 11:27:02.719 +03:00 [INF] Executed DbCommand (4ms) [Parameters=[], CommandType='"Text"', CommandTimeout='30']
SELECT [d].[Id], [d].[Description], [d].[IsActive], [d].[Name]
FROM [Departments] AS [d]
2026-06-30 11:27:02.740 +03:00 [INF] HTTP GET /api/departments responded 200 in 77ms
2026-06-30 11:27:04.179 +03:00 [INF] HTTP OPTIONS /api/doctors responded 204 in 0ms
2026-06-30 11:27:04.180 +03:00 [INF] HTTP OPTIONS /api/doctors responded 204 in 0ms
2026-06-30 11:27:04.193 +03:00 [INF] Executed DbCommand (1ms) [Parameters=[], CommandType='"Text"', CommandTimeout='30']
SELECT [d].[Id], [d].[DepartmentId], [d].[FullName], [d].[IsActive], [d].[Phone], [d].[Specialization], [d].[UserId]
FROM [Doctors] AS [d]
2026-06-30 11:27:04.195 +03:00 [INF] Executed DbCommand (1ms) [Parameters=[@p='?' (DbType = Guid)], CommandType='"Text"', CommandTimeout='30']
SELECT TOP(1) [d].[Id], [d].[Description], [d].[IsActive], [d].[Name]
FROM [Departments] AS [d]
WHERE [d].[Id] = @p
2026-06-30 11:27:04.198 +03:00 [INF] Executed DbCommand (1ms) [Parameters=[@p='?' (DbType = Guid)], CommandType='"Text"', CommandTimeout='30']
SELECT TOP(1) [d].[Id], [d].[Description], [d].[IsActive], [d].[Name]
FROM [Departments] AS [d]
WHERE [d].[Id] = @p
2026-06-30 11:27:04.200 +03:00 [INF] HTTP GET /api/doctors responded 200 in 13ms
2026-06-30 11:27:04.207 +03:00 [INF] Executed DbCommand (1ms) [Parameters=[], CommandType='"Text"', CommandTimeout='30']
SELECT [d].[Id], [d].[DepartmentId], [d].[FullName], [d].[IsActive], [d].[Phone], [d].[Specialization], [d].[UserId]
FROM [Doctors] AS [d]
2026-06-30 11:27:04.210 +03:00 [INF] Executed DbCommand (1ms) [Parameters=[@p='?' (DbType = Guid)], CommandType='"Text"', CommandTimeout='30']
SELECT TOP(1) [d].[Id], [d].[Description], [d].[IsActive], [d].[Name]
FROM [Departments] AS [d]
WHERE [d].[Id] = @p
2026-06-30 11:27:04.212 +03:00 [INF] Executed DbCommand (1ms) [Parameters=[@p='?' (DbType = Guid)], CommandType='"Text"', CommandTimeout='30']
SELECT TOP(1) [d].[Id], [d].[Description], [d].[IsActive], [d].[Name]
FROM [Departments] AS [d]
WHERE [d].[Id] = @p
2026-06-30 11:27:04.213 +03:00 [INF] HTTP GET /api/doctors responded 200 in 10ms
2026-06-30 11:27:04.216 +03:00 [INF] HTTP OPTIONS /api/appointments responded 204 in 0ms
2026-06-30 11:27:04.227 +03:00 [INF] Executed DbCommand (1ms) [Parameters=[@doctorId='?' (DbType = Guid), @date='?' (DbType = Date)], CommandType='"Text"', CommandTimeout='30']
SELECT [a].[Id], [a].[AppointmentDate], [a].[CreatedAt], [a].[CreatedByReceptionistId], [a].[DoctorId], [a].[EndTime], [a].[Notes], [a].[PatientId], [a].[StartTime], [a].[Status], [a].[UpdatedAt]
FROM [Appointments] AS [a]
WHERE [a].[DoctorId] = @doctorId AND [a].[AppointmentDate] = @date
ORDER BY [a].[StartTime]
2026-06-30 11:27:04.228 +03:00 [INF] HTTP GET /api/appointments responded 200 in 6ms
2026-06-30 11:27:04.236 +03:00 [INF] HTTP OPTIONS /api/doctors/38807a7c-e4ef-4cad-bdf2-08fa24f03cbe/date-schedules responded 204 in 0ms
2026-06-30 11:27:04.237 +03:00 [INF] HTTP OPTIONS /api/doctors/41885cdc-0175-4dcb-9824-944a922f6950/date-schedules responded 204 in 0ms
2026-06-30 11:27:04.241 +03:00 [INF] HTTP OPTIONS /api/doctors/44450f15-4382-4c72-9e45-ffb270692955/date-schedules responded 204 in 0ms
2026-06-30 11:27:04.246 +03:00 [INF] HTTP OPTIONS /api/appointments responded 204 in 0ms
2026-06-30 11:27:04.252 +03:00 [INF] Executed DbCommand (2ms) [Parameters=[@p='?' (DbType = Guid)], CommandType='"Text"', CommandTimeout='30']
SELECT TOP(1) [d].[Id], [d].[DepartmentId], [d].[FullName], [d].[IsActive], [d].[Phone], [d].[Specialization], [d].[UserId]
FROM [Doctors] AS [d]
WHERE [d].[Id] = @p
2026-06-30 11:27:04.254 +03:00 [INF] Executed DbCommand (1ms) [Parameters=[@p='?' (DbType = Guid)], CommandType='"Text"', CommandTimeout='30']
SELECT TOP(1) [d].[Id], [d].[DepartmentId], [d].[FullName], [d].[IsActive], [d].[Phone], [d].[Specialization], [d].[UserId]
FROM [Doctors] AS [d]
WHERE [d].[Id] = @p
2026-06-30 11:27:04.255 +03:00 [INF] Executed DbCommand (1ms) [Parameters=[], CommandType='"Text"', CommandTimeout='30']
SELECT [d].[Id], [d].[AppointmentDurationMinutes], [d].[DoctorId], [d].[EndTime], [d].[IsActive], [d].[ScheduleDate], [d].[StartTime]
FROM [DoctorDateSchedules] AS [d]
2026-06-30 11:27:04.256 +03:00 [INF] Executed DbCommand (1ms) [Parameters=[@p='?' (DbType = Guid)], CommandType='"Text"', CommandTimeout='30']
SELECT TOP(1) [d].[Id], [d].[DepartmentId], [d].[FullName], [d].[IsActive], [d].[Phone], [d].[Specialization], [d].[UserId]
FROM [Doctors] AS [d]
WHERE [d].[Id] = @p
2026-06-30 11:27:04.257 +03:00 [INF] HTTP GET /api/doctors/38807a7c-e4ef-4cad-bdf2-08fa24f03cbe/date-schedules responded 200 in 11ms
2026-06-30 11:27:04.258 +03:00 [INF] Executed DbCommand (3ms) [Parameters=[], CommandType='"Text"', CommandTimeout='30']
SELECT [d].[Id], [d].[AppointmentDurationMinutes], [d].[DoctorId], [d].[EndTime], [d].[IsActive], [d].[ScheduleDate], [d].[StartTime]
FROM [DoctorDateSchedules] AS [d]
2026-06-30 11:27:04.259 +03:00 [INF] Executed DbCommand (1ms) [Parameters=[], CommandType='"Text"', CommandTimeout='30']
SELECT [d].[Id], [d].[AppointmentDurationMinutes], [d].[DoctorId], [d].[EndTime], [d].[IsActive], [d].[ScheduleDate], [d].[StartTime]
FROM [DoctorDateSchedules] AS [d]
2026-06-30 11:27:04.260 +03:00 [INF] HTTP GET /api/doctors/41885cdc-0175-4dcb-9824-944a922f6950/date-schedules responded 200 in 12ms
2026-06-30 11:27:04.261 +03:00 [INF] HTTP GET /api/doctors/44450f15-4382-4c72-9e45-ffb270692955/date-schedules responded 200 in 10ms
2026-06-30 11:27:04.262 +03:00 [INF] Executed DbCommand (2ms) [Parameters=[@doctorId='?' (DbType = Guid), @date='?' (DbType = Date)], CommandType='"Text"', CommandTimeout='30']
SELECT [a].[Id], [a].[AppointmentDate], [a].[CreatedAt], [a].[CreatedByReceptionistId], [a].[DoctorId], [a].[EndTime], [a].[Notes], [a].[PatientId], [a].[StartTime], [a].[Status], [a].[UpdatedAt]
FROM [Appointments] AS [a]
WHERE [a].[DoctorId] = @doctorId AND [a].[AppointmentDate] = @date
ORDER BY [a].[StartTime]
2026-06-30 11:27:04.265 +03:00 [INF] Executed DbCommand (1ms) [Parameters=[@p='?' (DbType = Guid)], CommandType='"Text"', CommandTimeout='30']
SELECT TOP(1) [p].[Id], [p].[Address], [p].[BloodType], [p].[CreatedAt], [p].[DateOfBirth], [p].[Email], [p].[FullName], [p].[Gender], [p].[NationalId], [p].[Phone], [p].[UserId]
FROM [Patients] AS [p]
WHERE [p].[Id] = @p
2026-06-30 11:27:04.268 +03:00 [INF] Executed DbCommand (1ms) [Parameters=[@p='?' (DbType = Guid)], CommandType='"Text"', CommandTimeout='30']
SELECT TOP(1) [d].[Id], [d].[DepartmentId], [d].[FullName], [d].[IsActive], [d].[Phone], [d].[Specialization], [d].[UserId]
FROM [Doctors] AS [d]
WHERE [d].[Id] = @p
2026-06-30 11:27:04.270 +03:00 [INF] HTTP GET /api/appointments responded 200 in 14ms
2026-06-30 11:27:04.282 +03:00 [INF] HTTP OPTIONS /api/appointments responded 204 in 0ms
2026-06-30 11:27:04.292 +03:00 [INF] Executed DbCommand (1ms) [Parameters=[@doctorId='?' (DbType = Guid), @date='?' (DbType = Date)], CommandType='"Text"', CommandTimeout='30']
SELECT [a].[Id], [a].[AppointmentDate], [a].[CreatedAt], [a].[CreatedByReceptionistId], [a].[DoctorId], [a].[EndTime], [a].[Notes], [a].[PatientId], [a].[StartTime], [a].[Status], [a].[UpdatedAt]
FROM [Appointments] AS [a]
WHERE [a].[DoctorId] = @doctorId AND [a].[AppointmentDate] = @date
ORDER BY [a].[StartTime]
2026-06-30 11:27:04.295 +03:00 [INF] Executed DbCommand (1ms) [Parameters=[@p='?' (DbType = Guid)], CommandType='"Text"', CommandTimeout='30']
SELECT TOP(1) [p].[Id], [p].[Address], [p].[BloodType], [p].[CreatedAt], [p].[DateOfBirth], [p].[Email], [p].[FullName], [p].[Gender], [p].[NationalId], [p].[Phone], [p].[UserId]
FROM [Patients] AS [p]
WHERE [p].[Id] = @p
2026-06-30 11:27:04.298 +03:00 [INF] Executed DbCommand (1ms) [Parameters=[@p='?' (DbType = Guid)], CommandType='"Text"', CommandTimeout='30']
SELECT TOP(1) [d].[Id], [d].[DepartmentId], [d].[FullName], [d].[IsActive], [d].[Phone], [d].[Specialization], [d].[UserId]
FROM [Doctors] AS [d]
WHERE [d].[Id] = @p
2026-06-30 11:27:04.299 +03:00 [INF] HTTP GET /api/appointments responded 200 in 11ms
2026-06-30 11:27:21.454 +03:00 [INF] HTTP OPTIONS /api/doctors/department/641f388e-a276-4114-831b-b67b68826f87 responded 204 in 0ms
2026-06-30 11:27:21.611 +03:00 [INF] Executed DbCommand (9ms) [Parameters=[@departmentId='?' (DbType = Guid)], CommandType='"Text"', CommandTimeout='30']
SELECT [d].[Id], [d].[DepartmentId], [d].[FullName], [d].[IsActive], [d].[Phone], [d].[Specialization], [d].[UserId], [d0].[Id], [d0].[Description], [d0].[IsActive], [d0].[Name]
FROM [Doctors] AS [d]
INNER JOIN [Departments] AS [d0] ON [d].[DepartmentId] = [d0].[Id]
WHERE [d].[DepartmentId] = @departmentId AND [d].[IsActive] = CAST(1 AS bit)
2026-06-30 11:27:21.617 +03:00 [INF] HTTP GET /api/doctors/department/641f388e-a276-4114-831b-b67b68826f87 responded 200 in 157ms
2026-06-30 11:27:32.962 +03:00 [INF] HTTP OPTIONS /api/doctors/department/b7eb805e-1614-4a59-a61a-6084babacfc3 responded 204 in 0ms
2026-06-30 11:27:32.976 +03:00 [INF] Executed DbCommand (1ms) [Parameters=[@departmentId='?' (DbType = Guid)], CommandType='"Text"', CommandTimeout='30']
SELECT [d].[Id], [d].[DepartmentId], [d].[FullName], [d].[IsActive], [d].[Phone], [d].[Specialization], [d].[UserId], [d0].[Id], [d0].[Description], [d0].[IsActive], [d0].[Name]
FROM [Doctors] AS [d]
INNER JOIN [Departments] AS [d0] ON [d].[DepartmentId] = [d0].[Id]
WHERE [d].[DepartmentId] = @departmentId AND [d].[IsActive] = CAST(1 AS bit)
2026-06-30 11:27:32.978 +03:00 [INF] HTTP GET /api/doctors/department/b7eb805e-1614-4a59-a61a-6084babacfc3 responded 200 in 8ms
2026-06-30 11:27:39.022 +03:00 [INF] HTTP OPTIONS /api/appointments/available-slots responded 204 in 0ms
2026-06-30 11:27:39.068 +03:00 [INF] Executed DbCommand (1ms) [Parameters=[], CommandType='"Text"', CommandTimeout='30']
SELECT [d].[Id], [d].[AppointmentDurationMinutes], [d].[DoctorId], [d].[EndTime], [d].[IsActive], [d].[ScheduleDate], [d].[StartTime]
FROM [DoctorDateSchedules] AS [d]
2026-06-30 11:27:39.072 +03:00 [INF] Executed DbCommand (1ms) [Parameters=[@doctorId='?' (DbType = Guid), @date='?' (DbType = Date)], CommandType='"Text"', CommandTimeout='30']
SELECT [a].[Id], [a].[AppointmentDate], [a].[CreatedAt], [a].[CreatedByReceptionistId], [a].[DoctorId], [a].[EndTime], [a].[Notes], [a].[PatientId], [a].[StartTime], [a].[Status], [a].[UpdatedAt]
FROM [Appointments] AS [a]
WHERE [a].[DoctorId] = @doctorId AND [a].[AppointmentDate] = @date
ORDER BY [a].[StartTime]
2026-06-30 11:27:39.105 +03:00 [INF] Executed DbCommand (7ms) [Parameters=[@patientId='?' (DbType = Guid)], CommandType='"Text"', CommandTimeout='30']
SELECT [a].[Id], [a].[AppointmentDate], [a].[CreatedAt], [a].[CreatedByReceptionistId], [a].[DoctorId], [a].[EndTime], [a].[Notes], [a].[PatientId], [a].[StartTime], [a].[Status], [a].[UpdatedAt]
FROM [Appointments] AS [a]
WHERE [a].[PatientId] = @patientId
ORDER BY [a].[AppointmentDate] DESC, [a].[StartTime] DESC
2026-06-30 11:27:39.121 +03:00 [INF] HTTP GET /api/appointments/available-slots responded 200 in 94ms
2026-06-30 11:27:42.894 +03:00 [INF] HTTP OPTIONS /api/appointments/available-slots responded 204 in 0ms
2026-06-30 11:27:42.906 +03:00 [INF] Executed DbCommand (1ms) [Parameters=[], CommandType='"Text"', CommandTimeout='30']
SELECT [d].[Id], [d].[AppointmentDurationMinutes], [d].[DoctorId], [d].[EndTime], [d].[IsActive], [d].[ScheduleDate], [d].[StartTime]
FROM [DoctorDateSchedules] AS [d]
2026-06-30 11:27:42.910 +03:00 [INF] Executed DbCommand (2ms) [Parameters=[@doctorId='?' (DbType = Guid), @date='?' (DbType = Date)], CommandType='"Text"', CommandTimeout='30']
SELECT [a].[Id], [a].[AppointmentDate], [a].[CreatedAt], [a].[CreatedByReceptionistId], [a].[DoctorId], [a].[EndTime], [a].[Notes], [a].[PatientId], [a].[StartTime], [a].[Status], [a].[UpdatedAt]
FROM [Appointments] AS [a]
WHERE [a].[DoctorId] = @doctorId AND [a].[AppointmentDate] = @date
ORDER BY [a].[StartTime]
2026-06-30 11:27:42.912 +03:00 [INF] Executed DbCommand (1ms) [Parameters=[@patientId='?' (DbType = Guid)], CommandType='"Text"', CommandTimeout='30']
SELECT [a].[Id], [a].[AppointmentDate], [a].[CreatedAt], [a].[CreatedByReceptionistId], [a].[DoctorId], [a].[EndTime], [a].[Notes], [a].[PatientId], [a].[StartTime], [a].[Status], [a].[UpdatedAt]
FROM [Appointments] AS [a]
WHERE [a].[PatientId] = @patientId
ORDER BY [a].[AppointmentDate] DESC, [a].[StartTime] DESC
2026-06-30 11:27:42.914 +03:00 [INF] HTTP GET /api/appointments/available-slots responded 200 in 14ms
2026-06-30 11:27:47.978 +03:00 [INF] HTTP OPTIONS /api/appointments responded 204 in 0ms
2026-06-30 11:27:48.127 +03:00 [INF] Executed DbCommand (1ms) [Parameters=[@p='?' (DbType = Guid)], CommandType='"Text"', CommandTimeout='30']
SELECT TOP(1) [d].[Id], [d].[DepartmentId], [d].[FullName], [d].[IsActive], [d].[Phone], [d].[Specialization], [d].[UserId]
FROM [Doctors] AS [d]
WHERE [d].[Id] = @p
2026-06-30 11:27:48.129 +03:00 [INF] Executed DbCommand (1ms) [Parameters=[@p='?' (DbType = Guid)], CommandType='"Text"', CommandTimeout='30']
SELECT TOP(1) [p].[Id], [p].[Address], [p].[BloodType], [p].[CreatedAt], [p].[DateOfBirth], [p].[Email], [p].[FullName], [p].[Gender], [p].[NationalId], [p].[Phone], [p].[UserId]
FROM [Patients] AS [p]
WHERE [p].[Id] = @p
2026-06-30 11:27:48.130 +03:00 [INF] Executed DbCommand (1ms) [Parameters=[], CommandType='"Text"', CommandTimeout='30']
SELECT [d].[Id], [d].[AppointmentDurationMinutes], [d].[DoctorId], [d].[EndTime], [d].[IsActive], [d].[ScheduleDate], [d].[StartTime]
FROM [DoctorDateSchedules] AS [d]
2026-06-30 11:27:48.155 +03:00 [INF] Executed DbCommand (8ms) [Parameters=[@doctorId='?' (DbType = Guid), @date='?' (DbType = Date), @endTime='?' (DbType = Time), @startTime='?' (DbType = Time)], CommandType='"Text"', CommandTimeout='30']
SELECT CASE
    WHEN EXISTS (
        SELECT 1
        FROM [Appointments] AS [a]
        WHERE [a].[DoctorId] = @doctorId AND [a].[AppointmentDate] = @date AND [a].[Status] <> N'Cancelled' AND [a].[StartTime] < @endTime AND [a].[EndTime] > @startTime) THEN CAST(1 AS bit)
    ELSE CAST(0 AS bit)
END
2026-06-30 11:27:48.174 +03:00 [INF] Executed DbCommand (8ms) [Parameters=[@patientId='?' (DbType = Guid), @date='?' (DbType = Date), @endTime='?' (DbType = Time), @startTime='?' (DbType = Time)], CommandType='"Text"', CommandTimeout='30']
SELECT CASE
    WHEN EXISTS (
        SELECT 1
        FROM [Appointments] AS [a]
        WHERE [a].[PatientId] = @patientId AND [a].[AppointmentDate] = @date AND [a].[Status] <> N'Cancelled' AND [a].[StartTime] < @endTime AND [a].[EndTime] > @startTime) THEN CAST(1 AS bit)
    ELSE CAST(0 AS bit)
END
2026-06-30 11:27:48.524 +03:00 [INF] Executed DbCommand (11ms) [Parameters=[@p0='?' (DbType = Guid), @p1='?' (DbType = Date), @p2='?' (DbType = DateTime2), @p3='?' (DbType = Guid), @p4='?' (DbType = Guid), @p5='?' (DbType = Time), @p6='?' (Size = 2000), @p7='?' (DbType = Guid), @p8='?' (DbType = Time), @p9='?' (Size = 50), @p10='?' (DbType = DateTime2)], CommandType='"Text"', CommandTimeout='30']
SET IMPLICIT_TRANSACTIONS OFF;
SET NOCOUNT ON;
INSERT INTO [Appointments] ([Id], [AppointmentDate], [CreatedAt], [CreatedByReceptionistId], [DoctorId], [EndTime], [Notes], [PatientId], [StartTime], [Status], [UpdatedAt])
VALUES (@p0, @p1, @p2, @p3, @p4, @p5, @p6, @p7, @p8, @p9, @p10);
2026-06-30 11:27:48.547 +03:00 [INF] Appointment booked "5c19f728-e0f8-4a92-86d3-7491a28edc68" for patient "d382320a-4b14-4d99-b259-40d342004dcb" with doctor "41885cdc-0175-4dcb-9824-944a922f6950" on "2026-06-30" at "12:30:00" by receptionist "77d8c535-fcd4-49b8-9e59-82f614cf7b03"
2026-06-30 11:27:48.550 +03:00 [INF] HTTP POST /api/appointments responded 200 in 566ms
2026-06-30 11:27:52.218 +03:00 [INF] HTTP OPTIONS /api/appointments/available-slots responded 204 in 0ms
2026-06-30 11:27:52.230 +03:00 [INF] Executed DbCommand (1ms) [Parameters=[], CommandType='"Text"', CommandTimeout='30']
SELECT [d].[Id], [d].[AppointmentDurationMinutes], [d].[DoctorId], [d].[EndTime], [d].[IsActive], [d].[ScheduleDate], [d].[StartTime]
FROM [DoctorDateSchedules] AS [d]
2026-06-30 11:27:52.232 +03:00 [INF] Executed DbCommand (1ms) [Parameters=[@doctorId='?' (DbType = Guid), @date='?' (DbType = Date)], CommandType='"Text"', CommandTimeout='30']
SELECT [a].[Id], [a].[AppointmentDate], [a].[CreatedAt], [a].[CreatedByReceptionistId], [a].[DoctorId], [a].[EndTime], [a].[Notes], [a].[PatientId], [a].[StartTime], [a].[Status], [a].[UpdatedAt]
FROM [Appointments] AS [a]
WHERE [a].[DoctorId] = @doctorId AND [a].[AppointmentDate] = @date
ORDER BY [a].[StartTime]
2026-06-30 11:27:52.235 +03:00 [INF] Executed DbCommand (2ms) [Parameters=[@patientId='?' (DbType = Guid)], CommandType='"Text"', CommandTimeout='30']
SELECT [a].[Id], [a].[AppointmentDate], [a].[CreatedAt], [a].[CreatedByReceptionistId], [a].[DoctorId], [a].[EndTime], [a].[Notes], [a].[PatientId], [a].[StartTime], [a].[Status], [a].[UpdatedAt]
FROM [Appointments] AS [a]
WHERE [a].[PatientId] = @patientId
ORDER BY [a].[AppointmentDate] DESC, [a].[StartTime] DESC
2026-06-30 11:27:52.239 +03:00 [INF] HTTP GET /api/appointments/available-slots responded 200 in 14ms
2026-06-30 11:28:00.454 +03:00 [INF] HTTP OPTIONS /api/doctors responded 204 in 0ms
2026-06-30 11:28:00.455 +03:00 [INF] HTTP OPTIONS /api/doctors responded 204 in 0ms
2026-06-30 11:28:00.461 +03:00 [INF] HTTP OPTIONS /api/appointments responded 204 in 0ms
2026-06-30 11:28:00.471 +03:00 [INF] Executed DbCommand (1ms) [Parameters=[], CommandType='"Text"', CommandTimeout='30']
SELECT [d].[Id], [d].[DepartmentId], [d].[FullName], [d].[IsActive], [d].[Phone], [d].[Specialization], [d].[UserId]
FROM [Doctors] AS [d]
2026-06-30 11:28:00.471 +03:00 [INF] Executed DbCommand (1ms) [Parameters=[@doctorId='?' (DbType = Guid), @date='?' (DbType = Date)], CommandType='"Text"', CommandTimeout='30']
SELECT [a].[Id], [a].[AppointmentDate], [a].[CreatedAt], [a].[CreatedByReceptionistId], [a].[DoctorId], [a].[EndTime], [a].[Notes], [a].[PatientId], [a].[StartTime], [a].[Status], [a].[UpdatedAt]
FROM [Appointments] AS [a]
WHERE [a].[DoctorId] = @doctorId AND [a].[AppointmentDate] = @date
ORDER BY [a].[StartTime]
2026-06-30 11:28:00.473 +03:00 [INF] HTTP GET /api/appointments responded 200 in 4ms
2026-06-30 11:28:00.474 +03:00 [INF] Executed DbCommand (1ms) [Parameters=[@p='?' (DbType = Guid)], CommandType='"Text"', CommandTimeout='30']
SELECT TOP(1) [d].[Id], [d].[Description], [d].[IsActive], [d].[Name]
FROM [Departments] AS [d]
WHERE [d].[Id] = @p
2026-06-30 11:28:00.476 +03:00 [INF] Executed DbCommand (1ms) [Parameters=[@p='?' (DbType = Guid)], CommandType='"Text"', CommandTimeout='30']
SELECT TOP(1) [d].[Id], [d].[Description], [d].[IsActive], [d].[Name]
FROM [Departments] AS [d]
WHERE [d].[Id] = @p
2026-06-30 11:28:00.477 +03:00 [INF] HTTP GET /api/doctors responded 200 in 9ms
2026-06-30 11:28:00.482 +03:00 [INF] HTTP OPTIONS /api/appointments responded 204 in 0ms
2026-06-30 11:28:00.482 +03:00 [INF] Executed DbCommand (1ms) [Parameters=[], CommandType='"Text"', CommandTimeout='30']
SELECT [d].[Id], [d].[DepartmentId], [d].[FullName], [d].[IsActive], [d].[Phone], [d].[Specialization], [d].[UserId]
FROM [Doctors] AS [d]
2026-06-30 11:28:00.485 +03:00 [INF] Executed DbCommand (1ms) [Parameters=[@p='?' (DbType = Guid)], CommandType='"Text"', CommandTimeout='30']
SELECT TOP(1) [d].[Id], [d].[Description], [d].[IsActive], [d].[Name]
FROM [Departments] AS [d]
WHERE [d].[Id] = @p
2026-06-30 11:28:00.487 +03:00 [INF] Executed DbCommand (1ms) [Parameters=[@p='?' (DbType = Guid)], CommandType='"Text"', CommandTimeout='30']
SELECT TOP(1) [d].[Id], [d].[Description], [d].[IsActive], [d].[Name]
FROM [Departments] AS [d]
WHERE [d].[Id] = @p
2026-06-30 11:28:00.487 +03:00 [INF] HTTP GET /api/doctors responded 200 in 8ms
2026-06-30 11:28:00.494 +03:00 [INF] Executed DbCommand (1ms) [Parameters=[@doctorId='?' (DbType = Guid), @date='?' (DbType = Date)], CommandType='"Text"', CommandTimeout='30']
SELECT [a].[Id], [a].[AppointmentDate], [a].[CreatedAt], [a].[CreatedByReceptionistId], [a].[DoctorId], [a].[EndTime], [a].[Notes], [a].[PatientId], [a].[StartTime], [a].[Status], [a].[UpdatedAt]
FROM [Appointments] AS [a]
WHERE [a].[DoctorId] = @doctorId AND [a].[AppointmentDate] = @date
ORDER BY [a].[StartTime]
2026-06-30 11:28:00.496 +03:00 [INF] HTTP OPTIONS /api/doctors/38807a7c-e4ef-4cad-bdf2-08fa24f03cbe/date-schedules responded 204 in 0ms
2026-06-30 11:28:00.496 +03:00 [INF] Executed DbCommand (1ms) [Parameters=[@p='?' (DbType = Guid)], CommandType='"Text"', CommandTimeout='30']
SELECT TOP(1) [p].[Id], [p].[Address], [p].[BloodType], [p].[CreatedAt], [p].[DateOfBirth], [p].[Email], [p].[FullName], [p].[Gender], [p].[NationalId], [p].[Phone], [p].[UserId]
FROM [Patients] AS [p]
WHERE [p].[Id] = @p
2026-06-30 11:28:00.496 +03:00 [INF] HTTP OPTIONS /api/doctors/41885cdc-0175-4dcb-9824-944a922f6950/date-schedules responded 204 in 0ms
2026-06-30 11:28:00.498 +03:00 [INF] Executed DbCommand (1ms) [Parameters=[@p='?' (DbType = Guid)], CommandType='"Text"', CommandTimeout='30']
SELECT TOP(1) [d].[Id], [d].[DepartmentId], [d].[FullName], [d].[IsActive], [d].[Phone], [d].[Specialization], [d].[UserId]
FROM [Doctors] AS [d]
WHERE [d].[Id] = @p
2026-06-30 11:28:00.499 +03:00 [INF] HTTP OPTIONS /api/doctors/44450f15-4382-4c72-9e45-ffb270692955/date-schedules responded 204 in 0ms
2026-06-30 11:28:00.501 +03:00 [INF] Executed DbCommand (1ms) [Parameters=[@p='?' (DbType = Guid)], CommandType='"Text"', CommandTimeout='30']
SELECT TOP(1) [p].[Id], [p].[Address], [p].[BloodType], [p].[CreatedAt], [p].[DateOfBirth], [p].[Email], [p].[FullName], [p].[Gender], [p].[NationalId], [p].[Phone], [p].[UserId]
FROM [Patients] AS [p]
WHERE [p].[Id] = @p
2026-06-30 11:28:00.502 +03:00 [INF] HTTP GET /api/appointments responded 200 in 12ms
2026-06-30 11:28:00.507 +03:00 [INF] Executed DbCommand (1ms) [Parameters=[@p='?' (DbType = Guid)], CommandType='"Text"', CommandTimeout='30']
SELECT TOP(1) [d].[Id], [d].[DepartmentId], [d].[FullName], [d].[IsActive], [d].[Phone], [d].[Specialization], [d].[UserId]
FROM [Doctors] AS [d]
WHERE [d].[Id] = @p
2026-06-30 11:28:00.507 +03:00 [INF] Executed DbCommand (1ms) [Parameters=[@p='?' (DbType = Guid)], CommandType='"Text"', CommandTimeout='30']
SELECT TOP(1) [d].[Id], [d].[DepartmentId], [d].[FullName], [d].[IsActive], [d].[Phone], [d].[Specialization], [d].[UserId]
FROM [Doctors] AS [d]
WHERE [d].[Id] = @p
2026-06-30 11:28:00.508 +03:00 [INF] Executed DbCommand (1ms) [Parameters=[], CommandType='"Text"', CommandTimeout='30']
SELECT [d].[Id], [d].[AppointmentDurationMinutes], [d].[DoctorId], [d].[EndTime], [d].[IsActive], [d].[ScheduleDate], [d].[StartTime]
FROM [DoctorDateSchedules] AS [d]
2026-06-30 11:28:00.509 +03:00 [INF] Executed DbCommand (1ms) [Parameters=[], CommandType='"Text"', CommandTimeout='30']
SELECT [d].[Id], [d].[AppointmentDurationMinutes], [d].[DoctorId], [d].[EndTime], [d].[IsActive], [d].[ScheduleDate], [d].[StartTime]
FROM [DoctorDateSchedules] AS [d]
2026-06-30 11:28:00.509 +03:00 [INF] Executed DbCommand (1ms) [Parameters=[@p='?' (DbType = Guid)], CommandType='"Text"', CommandTimeout='30']
SELECT TOP(1) [d].[Id], [d].[DepartmentId], [d].[FullName], [d].[IsActive], [d].[Phone], [d].[Specialization], [d].[UserId]
FROM [Doctors] AS [d]
WHERE [d].[Id] = @p
2026-06-30 11:28:00.509 +03:00 [INF] HTTP GET /api/doctors/38807a7c-e4ef-4cad-bdf2-08fa24f03cbe/date-schedules responded 200 in 6ms
2026-06-30 11:28:00.509 +03:00 [INF] HTTP GET /api/doctors/41885cdc-0175-4dcb-9824-944a922f6950/date-schedules responded 200 in 6ms
2026-06-30 11:28:00.510 +03:00 [INF] HTTP OPTIONS /api/appointments responded 204 in 0ms
2026-06-30 11:28:00.511 +03:00 [INF] Executed DbCommand (1ms) [Parameters=[], CommandType='"Text"', CommandTimeout='30']
SELECT [d].[Id], [d].[AppointmentDurationMinutes], [d].[DoctorId], [d].[EndTime], [d].[IsActive], [d].[ScheduleDate], [d].[StartTime]
FROM [DoctorDateSchedules] AS [d]
2026-06-30 11:28:00.511 +03:00 [INF] HTTP GET /api/doctors/44450f15-4382-4c72-9e45-ffb270692955/date-schedules responded 200 in 6ms
2026-06-30 11:28:00.519 +03:00 [INF] Executed DbCommand (1ms) [Parameters=[@doctorId='?' (DbType = Guid), @date='?' (DbType = Date)], CommandType='"Text"', CommandTimeout='30']
SELECT [a].[Id], [a].[AppointmentDate], [a].[CreatedAt], [a].[CreatedByReceptionistId], [a].[DoctorId], [a].[EndTime], [a].[Notes], [a].[PatientId], [a].[StartTime], [a].[Status], [a].[UpdatedAt]
FROM [Appointments] AS [a]
WHERE [a].[DoctorId] = @doctorId AND [a].[AppointmentDate] = @date
ORDER BY [a].[StartTime]
2026-06-30 11:28:00.521 +03:00 [INF] Executed DbCommand (1ms) [Parameters=[@p='?' (DbType = Guid)], CommandType='"Text"', CommandTimeout='30']
SELECT TOP(1) [p].[Id], [p].[Address], [p].[BloodType], [p].[CreatedAt], [p].[DateOfBirth], [p].[Email], [p].[FullName], [p].[Gender], [p].[NationalId], [p].[Phone], [p].[UserId]
FROM [Patients] AS [p]
WHERE [p].[Id] = @p
2026-06-30 11:28:00.523 +03:00 [INF] Executed DbCommand (1ms) [Parameters=[@p='?' (DbType = Guid)], CommandType='"Text"', CommandTimeout='30']
SELECT TOP(1) [d].[Id], [d].[DepartmentId], [d].[FullName], [d].[IsActive], [d].[Phone], [d].[Specialization], [d].[UserId]
FROM [Doctors] AS [d]
WHERE [d].[Id] = @p
2026-06-30 11:28:00.523 +03:00 [INF] HTTP GET /api/appointments responded 200 in 8ms
2026-06-30 11:28:55.451 +03:00 [INF] HTTP OPTIONS /api/doctors responded 204 in 0ms
2026-06-30 11:28:55.461 +03:00 [INF] HTTP OPTIONS /api/doctors responded 204 in 0ms
2026-06-30 11:28:55.471 +03:00 [INF] HTTP OPTIONS /api/appointments responded 204 in 0ms
2026-06-30 11:28:55.484 +03:00 [INF] Executed DbCommand (1ms) [Parameters=[], CommandType='"Text"', CommandTimeout='30']
SELECT [d].[Id], [d].[DepartmentId], [d].[FullName], [d].[IsActive], [d].[Phone], [d].[Specialization], [d].[UserId]
FROM [Doctors] AS [d]
2026-06-30 11:28:55.485 +03:00 [INF] Executed DbCommand (2ms) [Parameters=[@doctorId='?' (DbType = Guid), @date='?' (DbType = Date)], CommandType='"Text"', CommandTimeout='30']
SELECT [a].[Id], [a].[AppointmentDate], [a].[CreatedAt], [a].[CreatedByReceptionistId], [a].[DoctorId], [a].[EndTime], [a].[Notes], [a].[PatientId], [a].[StartTime], [a].[Status], [a].[UpdatedAt]
FROM [Appointments] AS [a]
WHERE [a].[DoctorId] = @doctorId AND [a].[AppointmentDate] = @date
ORDER BY [a].[StartTime]
2026-06-30 11:28:55.487 +03:00 [INF] HTTP GET /api/appointments responded 200 in 9ms
2026-06-30 11:28:55.488 +03:00 [INF] Executed DbCommand (1ms) [Parameters=[@p='?' (DbType = Guid)], CommandType='"Text"', CommandTimeout='30']
SELECT TOP(1) [d].[Id], [d].[Description], [d].[IsActive], [d].[Name]
FROM [Departments] AS [d]
WHERE [d].[Id] = @p
2026-06-30 11:28:55.491 +03:00 [INF] Executed DbCommand (1ms) [Parameters=[@p='?' (DbType = Guid)], CommandType='"Text"', CommandTimeout='30']
SELECT TOP(1) [d].[Id], [d].[Description], [d].[IsActive], [d].[Name]
FROM [Departments] AS [d]
WHERE [d].[Id] = @p
2026-06-30 11:28:55.492 +03:00 [INF] HTTP GET /api/doctors responded 200 in 16ms
2026-06-30 11:28:55.500 +03:00 [INF] HTTP OPTIONS /api/appointments responded 204 in 0ms
2026-06-30 11:28:55.501 +03:00 [INF] Executed DbCommand (2ms) [Parameters=[], CommandType='"Text"', CommandTimeout='30']
SELECT [d].[Id], [d].[DepartmentId], [d].[FullName], [d].[IsActive], [d].[Phone], [d].[Specialization], [d].[UserId]
FROM [Doctors] AS [d]
2026-06-30 11:28:55.504 +03:00 [INF] Executed DbCommand (1ms) [Parameters=[@p='?' (DbType = Guid)], CommandType='"Text"', CommandTimeout='30']
SELECT TOP(1) [d].[Id], [d].[Description], [d].[IsActive], [d].[Name]
FROM [Departments] AS [d]
WHERE [d].[Id] = @p
2026-06-30 11:28:55.507 +03:00 [INF] Executed DbCommand (1ms) [Parameters=[@p='?' (DbType = Guid)], CommandType='"Text"', CommandTimeout='30']
SELECT TOP(1) [d].[Id], [d].[Description], [d].[IsActive], [d].[Name]
FROM [Departments] AS [d]
WHERE [d].[Id] = @p
2026-06-30 11:28:55.508 +03:00 [INF] HTTP GET /api/doctors responded 200 in 12ms
2026-06-30 11:28:55.509 +03:00 [INF] Executed DbCommand (1ms) [Parameters=[@doctorId='?' (DbType = Guid), @date='?' (DbType = Date)], CommandType='"Text"', CommandTimeout='30']
SELECT [a].[Id], [a].[AppointmentDate], [a].[CreatedAt], [a].[CreatedByReceptionistId], [a].[DoctorId], [a].[EndTime], [a].[Notes], [a].[PatientId], [a].[StartTime], [a].[Status], [a].[UpdatedAt]
FROM [Appointments] AS [a]
WHERE [a].[DoctorId] = @doctorId AND [a].[AppointmentDate] = @date
ORDER BY [a].[StartTime]
2026-06-30 11:28:55.511 +03:00 [INF] Executed DbCommand (1ms) [Parameters=[@p='?' (DbType = Guid)], CommandType='"Text"', CommandTimeout='30']
SELECT TOP(1) [p].[Id], [p].[Address], [p].[BloodType], [p].[CreatedAt], [p].[DateOfBirth], [p].[Email], [p].[FullName], [p].[Gender], [p].[NationalId], [p].[Phone], [p].[UserId]
FROM [Patients] AS [p]
WHERE [p].[Id] = @p
2026-06-30 11:28:55.513 +03:00 [INF] Executed DbCommand (1ms) [Parameters=[@p='?' (DbType = Guid)], CommandType='"Text"', CommandTimeout='30']
SELECT TOP(1) [d].[Id], [d].[DepartmentId], [d].[FullName], [d].[IsActive], [d].[Phone], [d].[Specialization], [d].[UserId]
FROM [Doctors] AS [d]
WHERE [d].[Id] = @p
2026-06-30 11:28:55.516 +03:00 [INF] Executed DbCommand (1ms) [Parameters=[@p='?' (DbType = Guid)], CommandType='"Text"', CommandTimeout='30']
SELECT TOP(1) [p].[Id], [p].[Address], [p].[BloodType], [p].[CreatedAt], [p].[DateOfBirth], [p].[Email], [p].[FullName], [p].[Gender], [p].[NationalId], [p].[Phone], [p].[UserId]
FROM [Patients] AS [p]
WHERE [p].[Id] = @p
2026-06-30 11:28:55.516 +03:00 [INF] HTTP OPTIONS /api/doctors/38807a7c-e4ef-4cad-bdf2-08fa24f03cbe/date-schedules responded 204 in 0ms
2026-06-30 11:28:55.516 +03:00 [INF] HTTP OPTIONS /api/doctors/41885cdc-0175-4dcb-9824-944a922f6950/date-schedules responded 204 in 0ms
2026-06-30 11:28:55.516 +03:00 [INF] HTTP GET /api/appointments responded 200 in 11ms
2026-06-30 11:28:55.517 +03:00 [INF] HTTP OPTIONS /api/doctors/44450f15-4382-4c72-9e45-ffb270692955/date-schedules responded 204 in 0ms
2026-06-30 11:28:55.560 +03:00 [INF] HTTP OPTIONS /api/appointments responded 204 in 0ms
2026-06-30 11:28:55.560 +03:00 [INF] Executed DbCommand (36ms) [Parameters=[@p='?' (DbType = Guid)], CommandType='"Text"', CommandTimeout='30']
SELECT TOP(1) [d].[Id], [d].[DepartmentId], [d].[FullName], [d].[IsActive], [d].[Phone], [d].[Specialization], [d].[UserId]
FROM [Doctors] AS [d]
WHERE [d].[Id] = @p
2026-06-30 11:28:55.561 +03:00 [INF] Executed DbCommand (1ms) [Parameters=[@p='?' (DbType = Guid)], CommandType='"Text"', CommandTimeout='30']
SELECT TOP(1) [d].[Id], [d].[DepartmentId], [d].[FullName], [d].[IsActive], [d].[Phone], [d].[Specialization], [d].[UserId]
FROM [Doctors] AS [d]
WHERE [d].[Id] = @p
2026-06-30 11:28:55.562 +03:00 [INF] Executed DbCommand (1ms) [Parameters=[], CommandType='"Text"', CommandTimeout='30']
SELECT [d].[Id], [d].[AppointmentDurationMinutes], [d].[DoctorId], [d].[EndTime], [d].[IsActive], [d].[ScheduleDate], [d].[StartTime]
FROM [DoctorDateSchedules] AS [d]
2026-06-30 11:28:55.562 +03:00 [INF] Executed DbCommand (1ms) [Parameters=[@p='?' (DbType = Guid)], CommandType='"Text"', CommandTimeout='30']
SELECT TOP(1) [d].[Id], [d].[DepartmentId], [d].[FullName], [d].[IsActive], [d].[Phone], [d].[Specialization], [d].[UserId]
FROM [Doctors] AS [d]
WHERE [d].[Id] = @p
2026-06-30 11:28:55.562 +03:00 [INF] HTTP GET /api/doctors/38807a7c-e4ef-4cad-bdf2-08fa24f03cbe/date-schedules responded 200 in 39ms
2026-06-30 11:28:55.562 +03:00 [INF] Executed DbCommand (0ms) [Parameters=[], CommandType='"Text"', CommandTimeout='30']
SELECT [d].[Id], [d].[AppointmentDurationMinutes], [d].[DoctorId], [d].[EndTime], [d].[IsActive], [d].[ScheduleDate], [d].[StartTime]
FROM [DoctorDateSchedules] AS [d]
2026-06-30 11:28:55.563 +03:00 [INF] Executed DbCommand (1ms) [Parameters=[], CommandType='"Text"', CommandTimeout='30']
SELECT [d].[Id], [d].[AppointmentDurationMinutes], [d].[DoctorId], [d].[EndTime], [d].[IsActive], [d].[ScheduleDate], [d].[StartTime]
FROM [DoctorDateSchedules] AS [d]
2026-06-30 11:28:55.563 +03:00 [INF] HTTP GET /api/doctors/41885cdc-0175-4dcb-9824-944a922f6950/date-schedules responded 200 in 39ms
2026-06-30 11:28:55.563 +03:00 [INF] HTTP GET /api/doctors/44450f15-4382-4c72-9e45-ffb270692955/date-schedules responded 200 in 39ms
2026-06-30 11:28:55.566 +03:00 [INF] Executed DbCommand (1ms) [Parameters=[@doctorId='?' (DbType = Guid), @date='?' (DbType = Date)], CommandType='"Text"', CommandTimeout='30']
SELECT [a].[Id], [a].[AppointmentDate], [a].[CreatedAt], [a].[CreatedByReceptionistId], [a].[DoctorId], [a].[EndTime], [a].[Notes], [a].[PatientId], [a].[StartTime], [a].[Status], [a].[UpdatedAt]
FROM [Appointments] AS [a]
WHERE [a].[DoctorId] = @doctorId AND [a].[AppointmentDate] = @date
ORDER BY [a].[StartTime]
2026-06-30 11:28:55.567 +03:00 [INF] Executed DbCommand (1ms) [Parameters=[@p='?' (DbType = Guid)], CommandType='"Text"', CommandTimeout='30']
SELECT TOP(1) [p].[Id], [p].[Address], [p].[BloodType], [p].[CreatedAt], [p].[DateOfBirth], [p].[Email], [p].[FullName], [p].[Gender], [p].[NationalId], [p].[Phone], [p].[UserId]
FROM [Patients] AS [p]
WHERE [p].[Id] = @p
2026-06-30 11:28:55.569 +03:00 [INF] Executed DbCommand (1ms) [Parameters=[@p='?' (DbType = Guid)], CommandType='"Text"', CommandTimeout='30']
SELECT TOP(1) [d].[Id], [d].[DepartmentId], [d].[FullName], [d].[IsActive], [d].[Phone], [d].[Specialization], [d].[UserId]
FROM [Doctors] AS [d]
WHERE [d].[Id] = @p
2026-06-30 11:28:55.569 +03:00 [INF] HTTP GET /api/appointments responded 200 in 5ms
2026-06-30 11:29:18.786 +03:00 [INF] HTTP OPTIONS /api/appointments/e267406e-dc46-4838-b243-9da2362c4afe responded 204 in 0ms
2026-06-30 11:29:18.859 +03:00 [INF] Executed DbCommand (5ms) [Parameters=[@p='?' (DbType = Guid)], CommandType='"Text"', CommandTimeout='30']
SELECT TOP(1) [a].[Id], [a].[AppointmentDate], [a].[CreatedAt], [a].[CreatedByReceptionistId], [a].[DoctorId], [a].[EndTime], [a].[Notes], [a].[PatientId], [a].[StartTime], [a].[Status], [a].[UpdatedAt]
FROM [Appointments] AS [a]
WHERE [a].[Id] = @p
2026-06-30 11:29:18.862 +03:00 [INF] Executed DbCommand (1ms) [Parameters=[@p='?' (DbType = Guid)], CommandType='"Text"', CommandTimeout='30']
SELECT TOP(1) [p].[Id], [p].[Address], [p].[BloodType], [p].[CreatedAt], [p].[DateOfBirth], [p].[Email], [p].[FullName], [p].[Gender], [p].[NationalId], [p].[Phone], [p].[UserId]
FROM [Patients] AS [p]
WHERE [p].[Id] = @p
2026-06-30 11:29:18.864 +03:00 [INF] Executed DbCommand (1ms) [Parameters=[@p='?' (DbType = Guid)], CommandType='"Text"', CommandTimeout='30']
SELECT TOP(1) [d].[Id], [d].[DepartmentId], [d].[FullName], [d].[IsActive], [d].[Phone], [d].[Specialization], [d].[UserId]
FROM [Doctors] AS [d]
WHERE [d].[Id] = @p
2026-06-30 11:29:18.865 +03:00 [INF] HTTP GET /api/appointments/e267406e-dc46-4838-b243-9da2362c4afe responded 200 in 69ms
2026-06-30 11:29:23.851 +03:00 [INF] HTTP OPTIONS /api/appointments/e267406e-dc46-4838-b243-9da2362c4afe/cancel responded 204 in 0ms
2026-06-30 11:29:23.897 +03:00 [INF] Executed DbCommand (2ms) [Parameters=[@p='?' (DbType = Guid)], CommandType='"Text"', CommandTimeout='30']
SELECT TOP(1) [a].[Id], [a].[AppointmentDate], [a].[CreatedAt], [a].[CreatedByReceptionistId], [a].[DoctorId], [a].[EndTime], [a].[Notes], [a].[PatientId], [a].[StartTime], [a].[Status], [a].[UpdatedAt]
FROM [Appointments] AS [a]
WHERE [a].[Id] = @p
2026-06-30 11:29:23.946 +03:00 [INF] Executed DbCommand (27ms) [Parameters=[@p10='?' (DbType = Guid), @p0='?' (DbType = Date), @p1='?' (DbType = DateTime2), @p2='?' (DbType = Guid), @p3='?' (DbType = Guid), @p4='?' (DbType = Time), @p5='?' (Size = 2000), @p6='?' (DbType = Guid), @p7='?' (DbType = Time), @p8='?' (Size = 50), @p9='?' (DbType = DateTime2)], CommandType='"Text"', CommandTimeout='30']
SET IMPLICIT_TRANSACTIONS OFF;
SET NOCOUNT ON;
UPDATE [Appointments] SET [AppointmentDate] = @p0, [CreatedAt] = @p1, [CreatedByReceptionistId] = @p2, [DoctorId] = @p3, [EndTime] = @p4, [Notes] = @p5, [PatientId] = @p6, [StartTime] = @p7, [Status] = @p8, [UpdatedAt] = @p9
OUTPUT 1
WHERE [Id] = @p10;
2026-06-30 11:29:23.956 +03:00 [INF] Appointment cancelled "e267406e-dc46-4838-b243-9da2362c4afe" by receptionist "77d8c535-fcd4-49b8-9e59-82f614cf7b03"
2026-06-30 11:29:23.960 +03:00 [INF] HTTP PUT /api/appointments/e267406e-dc46-4838-b243-9da2362c4afe/cancel responded 200 in 101ms
2026-06-30 11:29:23.969 +03:00 [INF] HTTP OPTIONS /api/appointments/e267406e-dc46-4838-b243-9da2362c4afe responded 204 in 0ms
2026-06-30 11:29:23.977 +03:00 [INF] Executed DbCommand (1ms) [Parameters=[@p='?' (DbType = Guid)], CommandType='"Text"', CommandTimeout='30']
SELECT TOP(1) [a].[Id], [a].[AppointmentDate], [a].[CreatedAt], [a].[CreatedByReceptionistId], [a].[DoctorId], [a].[EndTime], [a].[Notes], [a].[PatientId], [a].[StartTime], [a].[Status], [a].[UpdatedAt]
FROM [Appointments] AS [a]
WHERE [a].[Id] = @p
2026-06-30 11:29:23.979 +03:00 [INF] Executed DbCommand (1ms) [Parameters=[@p='?' (DbType = Guid)], CommandType='"Text"', CommandTimeout='30']
SELECT TOP(1) [p].[Id], [p].[Address], [p].[BloodType], [p].[CreatedAt], [p].[DateOfBirth], [p].[Email], [p].[FullName], [p].[Gender], [p].[NationalId], [p].[Phone], [p].[UserId]
FROM [Patients] AS [p]
WHERE [p].[Id] = @p
2026-06-30 11:29:23.981 +03:00 [INF] Executed DbCommand (1ms) [Parameters=[@p='?' (DbType = Guid)], CommandType='"Text"', CommandTimeout='30']
SELECT TOP(1) [d].[Id], [d].[DepartmentId], [d].[FullName], [d].[IsActive], [d].[Phone], [d].[Specialization], [d].[UserId]
FROM [Doctors] AS [d]
WHERE [d].[Id] = @p
2026-06-30 11:29:23.981 +03:00 [INF] HTTP GET /api/appointments/e267406e-dc46-4838-b243-9da2362c4afe responded 200 in 8ms
2026-06-30 11:29:28.714 +03:00 [INF] HTTP OPTIONS /api/doctors responded 204 in 0ms
2026-06-30 11:29:28.715 +03:00 [INF] HTTP OPTIONS /api/doctors responded 204 in 0ms
2026-06-30 11:29:28.716 +03:00 [INF] HTTP OPTIONS /api/appointments responded 204 in 0ms
2026-06-30 11:29:28.728 +03:00 [INF] Executed DbCommand (1ms) [Parameters=[], CommandType='"Text"', CommandTimeout='30']
SELECT [d].[Id], [d].[DepartmentId], [d].[FullName], [d].[IsActive], [d].[Phone], [d].[Specialization], [d].[UserId]
FROM [Doctors] AS [d]
2026-06-30 11:29:28.729 +03:00 [INF] Executed DbCommand (1ms) [Parameters=[@doctorId='?' (DbType = Guid), @date='?' (DbType = Date)], CommandType='"Text"', CommandTimeout='30']
SELECT [a].[Id], [a].[AppointmentDate], [a].[CreatedAt], [a].[CreatedByReceptionistId], [a].[DoctorId], [a].[EndTime], [a].[Notes], [a].[PatientId], [a].[StartTime], [a].[Status], [a].[UpdatedAt]
FROM [Appointments] AS [a]
WHERE [a].[DoctorId] = @doctorId AND [a].[AppointmentDate] = @date
ORDER BY [a].[StartTime]
2026-06-30 11:29:28.730 +03:00 [INF] HTTP GET /api/appointments responded 200 in 5ms
2026-06-30 11:29:28.731 +03:00 [INF] Executed DbCommand (1ms) [Parameters=[@p='?' (DbType = Guid)], CommandType='"Text"', CommandTimeout='30']
SELECT TOP(1) [d].[Id], [d].[Description], [d].[IsActive], [d].[Name]
FROM [Departments] AS [d]
WHERE [d].[Id] = @p
2026-06-30 11:29:28.733 +03:00 [INF] Executed DbCommand (1ms) [Parameters=[@p='?' (DbType = Guid)], CommandType='"Text"', CommandTimeout='30']
SELECT TOP(1) [d].[Id], [d].[Description], [d].[IsActive], [d].[Name]
FROM [Departments] AS [d]
WHERE [d].[Id] = @p
2026-06-30 11:29:28.734 +03:00 [INF] HTTP GET /api/doctors responded 200 in 10ms
2026-06-30 11:29:28.740 +03:00 [INF] Executed DbCommand (1ms) [Parameters=[], CommandType='"Text"', CommandTimeout='30']
SELECT [d].[Id], [d].[DepartmentId], [d].[FullName], [d].[IsActive], [d].[Phone], [d].[Specialization], [d].[UserId]
FROM [Doctors] AS [d]
2026-06-30 11:29:28.741 +03:00 [INF] HTTP OPTIONS /api/appointments responded 204 in 0ms
2026-06-30 11:29:28.743 +03:00 [INF] Executed DbCommand (1ms) [Parameters=[@p='?' (DbType = Guid)], CommandType='"Text"', CommandTimeout='30']
SELECT TOP(1) [d].[Id], [d].[Description], [d].[IsActive], [d].[Name]
FROM [Departments] AS [d]
WHERE [d].[Id] = @p
2026-06-30 11:29:28.745 +03:00 [INF] Executed DbCommand (1ms) [Parameters=[@p='?' (DbType = Guid)], CommandType='"Text"', CommandTimeout='30']
SELECT TOP(1) [d].[Id], [d].[Description], [d].[IsActive], [d].[Name]
FROM [Departments] AS [d]
WHERE [d].[Id] = @p
2026-06-30 11:29:28.746 +03:00 [INF] HTTP GET /api/doctors responded 200 in 9ms
2026-06-30 11:29:28.752 +03:00 [INF] Executed DbCommand (1ms) [Parameters=[@doctorId='?' (DbType = Guid), @date='?' (DbType = Date)], CommandType='"Text"', CommandTimeout='30']
SELECT [a].[Id], [a].[AppointmentDate], [a].[CreatedAt], [a].[CreatedByReceptionistId], [a].[DoctorId], [a].[EndTime], [a].[Notes], [a].[PatientId], [a].[StartTime], [a].[Status], [a].[UpdatedAt]
FROM [Appointments] AS [a]
WHERE [a].[DoctorId] = @doctorId AND [a].[AppointmentDate] = @date
ORDER BY [a].[StartTime]
2026-06-30 11:29:28.754 +03:00 [INF] Executed DbCommand (1ms) [Parameters=[@p='?' (DbType = Guid)], CommandType='"Text"', CommandTimeout='30']
SELECT TOP(1) [p].[Id], [p].[Address], [p].[BloodType], [p].[CreatedAt], [p].[DateOfBirth], [p].[Email], [p].[FullName], [p].[Gender], [p].[NationalId], [p].[Phone], [p].[UserId]
FROM [Patients] AS [p]
WHERE [p].[Id] = @p
2026-06-30 11:29:28.756 +03:00 [INF] Executed DbCommand (1ms) [Parameters=[@p='?' (DbType = Guid)], CommandType='"Text"', CommandTimeout='30']
SELECT TOP(1) [d].[Id], [d].[DepartmentId], [d].[FullName], [d].[IsActive], [d].[Phone], [d].[Specialization], [d].[UserId]
FROM [Doctors] AS [d]
WHERE [d].[Id] = @p
2026-06-30 11:29:28.757 +03:00 [INF] HTTP OPTIONS /api/doctors/38807a7c-e4ef-4cad-bdf2-08fa24f03cbe/date-schedules responded 204 in 0ms
2026-06-30 11:29:28.757 +03:00 [INF] HTTP OPTIONS /api/doctors/41885cdc-0175-4dcb-9824-944a922f6950/date-schedules responded 204 in 0ms
2026-06-30 11:29:28.758 +03:00 [INF] HTTP OPTIONS /api/doctors/44450f15-4382-4c72-9e45-ffb270692955/date-schedules responded 204 in 0ms
2026-06-30 11:29:28.759 +03:00 [INF] Executed DbCommand (1ms) [Parameters=[@p='?' (DbType = Guid)], CommandType='"Text"', CommandTimeout='30']
SELECT TOP(1) [p].[Id], [p].[Address], [p].[BloodType], [p].[CreatedAt], [p].[DateOfBirth], [p].[Email], [p].[FullName], [p].[Gender], [p].[NationalId], [p].[Phone], [p].[UserId]
FROM [Patients] AS [p]
WHERE [p].[Id] = @p
2026-06-30 11:29:28.760 +03:00 [INF] HTTP GET /api/appointments responded 200 in 12ms
2026-06-30 11:29:28.772 +03:00 [INF] Executed DbCommand (1ms) [Parameters=[@p='?' (DbType = Guid)], CommandType='"Text"', CommandTimeout='30']
SELECT TOP(1) [d].[Id], [d].[DepartmentId], [d].[FullName], [d].[IsActive], [d].[Phone], [d].[Specialization], [d].[UserId]
FROM [Doctors] AS [d]
WHERE [d].[Id] = @p
2026-06-30 11:29:28.774 +03:00 [INF] Executed DbCommand (1ms) [Parameters=[], CommandType='"Text"', CommandTimeout='30']
SELECT [d].[Id], [d].[AppointmentDurationMinutes], [d].[DoctorId], [d].[EndTime], [d].[IsActive], [d].[ScheduleDate], [d].[StartTime]
FROM [DoctorDateSchedules] AS [d]
2026-06-30 11:29:28.776 +03:00 [INF] HTTP GET /api/doctors/38807a7c-e4ef-4cad-bdf2-08fa24f03cbe/date-schedules responded 200 in 8ms
2026-06-30 11:29:28.776 +03:00 [INF] HTTP OPTIONS /api/appointments responded 204 in 0ms
2026-06-30 11:29:28.777 +03:00 [INF] Executed DbCommand (1ms) [Parameters=[@p='?' (DbType = Guid)], CommandType='"Text"', CommandTimeout='30']
SELECT TOP(1) [d].[Id], [d].[DepartmentId], [d].[FullName], [d].[IsActive], [d].[Phone], [d].[Specialization], [d].[UserId]
FROM [Doctors] AS [d]
WHERE [d].[Id] = @p
2026-06-30 11:29:28.778 +03:00 [INF] Executed DbCommand (1ms) [Parameters=[@p='?' (DbType = Guid)], CommandType='"Text"', CommandTimeout='30']
SELECT TOP(1) [d].[Id], [d].[DepartmentId], [d].[FullName], [d].[IsActive], [d].[Phone], [d].[Specialization], [d].[UserId]
FROM [Doctors] AS [d]
WHERE [d].[Id] = @p
2026-06-30 11:29:28.779 +03:00 [INF] Executed DbCommand (1ms) [Parameters=[], CommandType='"Text"', CommandTimeout='30']
SELECT [d].[Id], [d].[AppointmentDurationMinutes], [d].[DoctorId], [d].[EndTime], [d].[IsActive], [d].[ScheduleDate], [d].[StartTime]
FROM [DoctorDateSchedules] AS [d]
2026-06-30 11:29:28.780 +03:00 [INF] Executed DbCommand (1ms) [Parameters=[], CommandType='"Text"', CommandTimeout='30']
SELECT [d].[Id], [d].[AppointmentDurationMinutes], [d].[DoctorId], [d].[EndTime], [d].[IsActive], [d].[ScheduleDate], [d].[StartTime]
FROM [DoctorDateSchedules] AS [d]
2026-06-30 11:29:28.780 +03:00 [INF] HTTP GET /api/doctors/41885cdc-0175-4dcb-9824-944a922f6950/date-schedules responded 200 in 8ms
2026-06-30 11:29:28.781 +03:00 [INF] HTTP GET /api/doctors/44450f15-4382-4c72-9e45-ffb270692955/date-schedules responded 200 in 8ms
2026-06-30 11:29:28.791 +03:00 [INF] Executed DbCommand (1ms) [Parameters=[@doctorId='?' (DbType = Guid), @date='?' (DbType = Date)], CommandType='"Text"', CommandTimeout='30']
SELECT [a].[Id], [a].[AppointmentDate], [a].[CreatedAt], [a].[CreatedByReceptionistId], [a].[DoctorId], [a].[EndTime], [a].[Notes], [a].[PatientId], [a].[StartTime], [a].[Status], [a].[UpdatedAt]
FROM [Appointments] AS [a]
WHERE [a].[DoctorId] = @doctorId AND [a].[AppointmentDate] = @date
ORDER BY [a].[StartTime]
2026-06-30 11:29:28.794 +03:00 [INF] Executed DbCommand (1ms) [Parameters=[@p='?' (DbType = Guid)], CommandType='"Text"', CommandTimeout='30']
SELECT TOP(1) [p].[Id], [p].[Address], [p].[BloodType], [p].[CreatedAt], [p].[DateOfBirth], [p].[Email], [p].[FullName], [p].[Gender], [p].[NationalId], [p].[Phone], [p].[UserId]
FROM [Patients] AS [p]
WHERE [p].[Id] = @p
2026-06-30 11:29:28.797 +03:00 [INF] Executed DbCommand (1ms) [Parameters=[@p='?' (DbType = Guid)], CommandType='"Text"', CommandTimeout='30']
SELECT TOP(1) [d].[Id], [d].[DepartmentId], [d].[FullName], [d].[IsActive], [d].[Phone], [d].[Specialization], [d].[UserId]
FROM [Doctors] AS [d]
WHERE [d].[Id] = @p
2026-06-30 11:29:28.798 +03:00 [INF] HTTP GET /api/appointments responded 200 in 11ms
2026-06-30 11:29:57.503 +03:00 [INF] HTTP OPTIONS /api/doctors responded 204 in 0ms
2026-06-30 11:29:57.503 +03:00 [INF] HTTP OPTIONS /api/appointments responded 204 in 0ms
2026-06-30 11:29:57.515 +03:00 [INF] Executed DbCommand (1ms) [Parameters=[], CommandType='"Text"', CommandTimeout='30']
SELECT [d].[Id], [d].[DepartmentId], [d].[FullName], [d].[IsActive], [d].[Phone], [d].[Specialization], [d].[UserId]
FROM [Doctors] AS [d]
2026-06-30 11:29:57.516 +03:00 [INF] Executed DbCommand (1ms) [Parameters=[@doctorId='?' (DbType = Guid), @date='?' (DbType = Date)], CommandType='"Text"', CommandTimeout='30']
SELECT [a].[Id], [a].[AppointmentDate], [a].[CreatedAt], [a].[CreatedByReceptionistId], [a].[DoctorId], [a].[EndTime], [a].[Notes], [a].[PatientId], [a].[StartTime], [a].[Status], [a].[UpdatedAt]
FROM [Appointments] AS [a]
WHERE [a].[DoctorId] = @doctorId AND [a].[AppointmentDate] = @date
ORDER BY [a].[StartTime]
2026-06-30 11:29:57.516 +03:00 [INF] HTTP GET /api/appointments responded 200 in 5ms
2026-06-30 11:29:57.518 +03:00 [INF] Executed DbCommand (1ms) [Parameters=[@p='?' (DbType = Guid)], CommandType='"Text"', CommandTimeout='30']
SELECT TOP(1) [d].[Id], [d].[Description], [d].[IsActive], [d].[Name]
FROM [Departments] AS [d]
WHERE [d].[Id] = @p
2026-06-30 11:29:57.520 +03:00 [INF] Executed DbCommand (1ms) [Parameters=[@p='?' (DbType = Guid)], CommandType='"Text"', CommandTimeout='30']
SELECT TOP(1) [d].[Id], [d].[Description], [d].[IsActive], [d].[Name]
FROM [Departments] AS [d]
WHERE [d].[Id] = @p
2026-06-30 11:29:57.521 +03:00 [INF] HTTP GET /api/doctors responded 200 in 9ms
2026-06-30 11:29:57.526 +03:00 [INF] HTTP OPTIONS /api/appointments responded 204 in 0ms
2026-06-30 11:29:57.533 +03:00 [INF] HTTP OPTIONS /api/doctors/38807a7c-e4ef-4cad-bdf2-08fa24f03cbe/date-schedules responded 204 in 0ms
2026-06-30 11:29:57.534 +03:00 [INF] HTTP OPTIONS /api/doctors/41885cdc-0175-4dcb-9824-944a922f6950/date-schedules responded 204 in 0ms
2026-06-30 11:29:57.535 +03:00 [INF] HTTP OPTIONS /api/doctors/44450f15-4382-4c72-9e45-ffb270692955/date-schedules responded 204 in 0ms
2026-06-30 11:29:57.541 +03:00 [INF] Executed DbCommand (1ms) [Parameters=[@doctorId='?' (DbType = Guid), @date='?' (DbType = Date)], CommandType='"Text"', CommandTimeout='30']
SELECT [a].[Id], [a].[AppointmentDate], [a].[CreatedAt], [a].[CreatedByReceptionistId], [a].[DoctorId], [a].[EndTime], [a].[Notes], [a].[PatientId], [a].[StartTime], [a].[Status], [a].[UpdatedAt]
FROM [Appointments] AS [a]
WHERE [a].[DoctorId] = @doctorId AND [a].[AppointmentDate] = @date
ORDER BY [a].[StartTime]
2026-06-30 11:29:57.541 +03:00 [INF] HTTP GET /api/appointments responded 200 in 4ms
2026-06-30 11:29:57.545 +03:00 [INF] Executed DbCommand (1ms) [Parameters=[@p='?' (DbType = Guid)], CommandType='"Text"', CommandTimeout='30']
SELECT TOP(1) [d].[Id], [d].[DepartmentId], [d].[FullName], [d].[IsActive], [d].[Phone], [d].[Specialization], [d].[UserId]
FROM [Doctors] AS [d]
WHERE [d].[Id] = @p
2026-06-30 11:29:57.547 +03:00 [INF] Executed DbCommand (1ms) [Parameters=[@p='?' (DbType = Guid)], CommandType='"Text"', CommandTimeout='30']
SELECT TOP(1) [d].[Id], [d].[DepartmentId], [d].[FullName], [d].[IsActive], [d].[Phone], [d].[Specialization], [d].[UserId]
FROM [Doctors] AS [d]
WHERE [d].[Id] = @p
2026-06-30 11:29:57.548 +03:00 [INF] Executed DbCommand (2ms) [Parameters=[], CommandType='"Text"', CommandTimeout='30']
SELECT [d].[Id], [d].[AppointmentDurationMinutes], [d].[DoctorId], [d].[EndTime], [d].[IsActive], [d].[ScheduleDate], [d].[StartTime]
FROM [DoctorDateSchedules] AS [d]
2026-06-30 11:29:57.549 +03:00 [INF] HTTP GET /api/doctors/38807a7c-e4ef-4cad-bdf2-08fa24f03cbe/date-schedules responded 200 in 8ms
2026-06-30 11:29:57.549 +03:00 [INF] Executed DbCommand (1ms) [Parameters=[@p='?' (DbType = Guid)], CommandType='"Text"', CommandTimeout='30']
SELECT TOP(1) [d].[Id], [d].[DepartmentId], [d].[FullName], [d].[IsActive], [d].[Phone], [d].[Specialization], [d].[UserId]
FROM [Doctors] AS [d]
WHERE [d].[Id] = @p
2026-06-30 11:29:57.550 +03:00 [INF] Executed DbCommand (2ms) [Parameters=[], CommandType='"Text"', CommandTimeout='30']
SELECT [d].[Id], [d].[AppointmentDurationMinutes], [d].[DoctorId], [d].[EndTime], [d].[IsActive], [d].[ScheduleDate], [d].[StartTime]
FROM [DoctorDateSchedules] AS [d]
2026-06-30 11:29:57.551 +03:00 [INF] HTTP GET /api/doctors/44450f15-4382-4c72-9e45-ffb270692955/date-schedules responded 200 in 8ms
2026-06-30 11:29:57.551 +03:00 [INF] Executed DbCommand (1ms) [Parameters=[], CommandType='"Text"', CommandTimeout='30']
SELECT [d].[Id], [d].[AppointmentDurationMinutes], [d].[DoctorId], [d].[EndTime], [d].[IsActive], [d].[ScheduleDate], [d].[StartTime]
FROM [DoctorDateSchedules] AS [d]
2026-06-30 11:29:57.552 +03:00 [INF] HTTP GET /api/doctors/41885cdc-0175-4dcb-9824-944a922f6950/date-schedules responded 200 in 7ms
2026-06-30 11:29:57.552 +03:00 [INF] HTTP OPTIONS /api/appointments responded 204 in 0ms
2026-06-30 11:29:57.565 +03:00 [INF] Executed DbCommand (1ms) [Parameters=[@doctorId='?' (DbType = Guid), @date='?' (DbType = Date)], CommandType='"Text"', CommandTimeout='30']
SELECT [a].[Id], [a].[AppointmentDate], [a].[CreatedAt], [a].[CreatedByReceptionistId], [a].[DoctorId], [a].[EndTime], [a].[Notes], [a].[PatientId], [a].[StartTime], [a].[Status], [a].[UpdatedAt]
FROM [Appointments] AS [a]
WHERE [a].[DoctorId] = @doctorId AND [a].[AppointmentDate] = @date
ORDER BY [a].[StartTime]
2026-06-30 11:29:57.566 +03:00 [INF] HTTP GET /api/appointments responded 200 in 4ms
2026-06-30 11:30:14.991 +03:00 [INF] HTTP OPTIONS /api/doctors responded 204 in 0ms
2026-06-30 11:30:15.015 +03:00 [INF] Executed DbCommand (1ms) [Parameters=[], CommandType='"Text"', CommandTimeout='30']
SELECT [d].[Id], [d].[DepartmentId], [d].[FullName], [d].[IsActive], [d].[Phone], [d].[Specialization], [d].[UserId]
FROM [Doctors] AS [d]
2026-06-30 11:30:15.018 +03:00 [INF] Executed DbCommand (1ms) [Parameters=[@p='?' (DbType = Guid)], CommandType='"Text"', CommandTimeout='30']
SELECT TOP(1) [d].[Id], [d].[Description], [d].[IsActive], [d].[Name]
FROM [Departments] AS [d]
WHERE [d].[Id] = @p
2026-06-30 11:30:15.023 +03:00 [INF] Executed DbCommand (1ms) [Parameters=[@p='?' (DbType = Guid)], CommandType='"Text"', CommandTimeout='30']
SELECT TOP(1) [d].[Id], [d].[Description], [d].[IsActive], [d].[Name]
FROM [Departments] AS [d]
WHERE [d].[Id] = @p
2026-06-30 11:30:15.024 +03:00 [INF] HTTP GET /api/doctors responded 200 in 13ms
2026-06-30 11:30:21.007 +03:00 [INF] HTTP OPTIONS /api/departments responded 204 in 0ms
2026-06-30 11:30:21.007 +03:00 [INF] HTTP OPTIONS /api/patients responded 204 in 0ms
2026-06-30 11:30:21.027 +03:00 [INF] Executed DbCommand (1ms) [Parameters=[], CommandType='"Text"', CommandTimeout='30']
SELECT [d].[Id], [d].[Description], [d].[IsActive], [d].[Name]
FROM [Departments] AS [d]
2026-06-30 11:30:21.028 +03:00 [INF] HTTP GET /api/departments responded 200 in 6ms
2026-06-30 11:30:21.031 +03:00 [INF] Executed DbCommand (1ms) [Parameters=[], CommandType='"Text"', CommandTimeout='30']
SELECT [p].[Id], [p].[Address], [p].[BloodType], [p].[CreatedAt], [p].[DateOfBirth], [p].[Email], [p].[FullName], [p].[Gender], [p].[NationalId], [p].[Phone], [p].[UserId]
FROM [Patients] AS [p]
2026-06-30 11:30:21.034 +03:00 [INF] HTTP GET /api/patients responded 200 in 11ms
2026-06-30 11:30:23.000 +03:00 [INF] HTTP OPTIONS /api/patients responded 204 in 0ms
2026-06-30 11:30:23.011 +03:00 [INF] Executed DbCommand (2ms) [Parameters=[], CommandType='"Text"', CommandTimeout='30']
SELECT [p].[Id], [p].[Address], [p].[BloodType], [p].[CreatedAt], [p].[DateOfBirth], [p].[Email], [p].[FullName], [p].[Gender], [p].[NationalId], [p].[Phone], [p].[UserId]
FROM [Patients] AS [p]
2026-06-30 11:30:23.013 +03:00 [INF] HTTP GET /api/patients responded 200 in 6ms
2026-06-30 11:30:41.642 +03:00 [INF] HTTP OPTIONS /api/auth/login responded 204 in 0ms
2026-06-30 11:30:41.658 +03:00 [INF] Executed DbCommand (1ms) [Parameters=[], CommandType='"Text"', CommandTimeout='30']
SELECT [u].[Id], [u].[CreatedAt], [u].[Email], [u].[IsActive], [u].[PasswordHash], [u].[Role]
FROM [Users] AS [u]
2026-06-30 11:30:42.128 +03:00 [INF] HTTP POST /api/auth/login responded 200 in 480ms
2026-06-30 11:30:47.884 +03:00 [INF] HTTP OPTIONS /api/doctors responded 204 in 0ms
2026-06-30 11:30:47.885 +03:00 [INF] HTTP OPTIONS /api/appointments responded 204 in 0ms
2026-06-30 11:30:47.885 +03:00 [INF] HTTP OPTIONS /api/doctors responded 204 in 0ms
2026-06-30 11:30:47.890 +03:00 [INF] Executed DbCommand (1ms) [Parameters=[], CommandType='"Text"', CommandTimeout='30']
SELECT [d].[Id], [d].[DepartmentId], [d].[FullName], [d].[IsActive], [d].[Phone], [d].[Specialization], [d].[UserId]
FROM [Doctors] AS [d]
2026-06-30 11:30:47.890 +03:00 [INF] Executed DbCommand (1ms) [Parameters=[@doctorId='?' (DbType = Guid), @date='?' (DbType = Date)], CommandType='"Text"', CommandTimeout='30']
SELECT [a].[Id], [a].[AppointmentDate], [a].[CreatedAt], [a].[CreatedByReceptionistId], [a].[DoctorId], [a].[EndTime], [a].[Notes], [a].[PatientId], [a].[StartTime], [a].[Status], [a].[UpdatedAt]
FROM [Appointments] AS [a]
WHERE [a].[DoctorId] = @doctorId AND [a].[AppointmentDate] = @date
ORDER BY [a].[StartTime]
2026-06-30 11:30:47.891 +03:00 [INF] HTTP GET /api/appointments responded 200 in 2ms
2026-06-30 11:30:47.891 +03:00 [INF] Executed DbCommand (0ms) [Parameters=[@p='?' (DbType = Guid)], CommandType='"Text"', CommandTimeout='30']
SELECT TOP(1) [d].[Id], [d].[Description], [d].[IsActive], [d].[Name]
FROM [Departments] AS [d]
WHERE [d].[Id] = @p
2026-06-30 11:30:47.892 +03:00 [INF] Executed DbCommand (0ms) [Parameters=[@p='?' (DbType = Guid)], CommandType='"Text"', CommandTimeout='30']
SELECT TOP(1) [d].[Id], [d].[Description], [d].[IsActive], [d].[Name]
FROM [Departments] AS [d]
WHERE [d].[Id] = @p
2026-06-30 11:30:47.892 +03:00 [INF] HTTP GET /api/doctors responded 200 in 4ms
2026-06-30 11:30:47.895 +03:00 [INF] HTTP OPTIONS /api/appointments responded 204 in 0ms
2026-06-30 11:30:47.895 +03:00 [INF] Executed DbCommand (0ms) [Parameters=[], CommandType='"Text"', CommandTimeout='30']
SELECT [d].[Id], [d].[DepartmentId], [d].[FullName], [d].[IsActive], [d].[Phone], [d].[Specialization], [d].[UserId]
FROM [Doctors] AS [d]
2026-06-30 11:30:47.896 +03:00 [INF] Executed DbCommand (1ms) [Parameters=[@p='?' (DbType = Guid)], CommandType='"Text"', CommandTimeout='30']
SELECT TOP(1) [d].[Id], [d].[Description], [d].[IsActive], [d].[Name]
FROM [Departments] AS [d]
WHERE [d].[Id] = @p
2026-06-30 11:30:47.897 +03:00 [INF] Executed DbCommand (1ms) [Parameters=[@p='?' (DbType = Guid)], CommandType='"Text"', CommandTimeout='30']
SELECT TOP(1) [d].[Id], [d].[Description], [d].[IsActive], [d].[Name]
FROM [Departments] AS [d]
WHERE [d].[Id] = @p
2026-06-30 11:30:47.898 +03:00 [INF] HTTP GET /api/doctors responded 200 in 4ms
2026-06-30 11:30:47.899 +03:00 [INF] Executed DbCommand (1ms) [Parameters=[@doctorId='?' (DbType = Guid), @date='?' (DbType = Date)], CommandType='"Text"', CommandTimeout='30']
SELECT [a].[Id], [a].[AppointmentDate], [a].[CreatedAt], [a].[CreatedByReceptionistId], [a].[DoctorId], [a].[EndTime], [a].[Notes], [a].[PatientId], [a].[StartTime], [a].[Status], [a].[UpdatedAt]
FROM [Appointments] AS [a]
WHERE [a].[DoctorId] = @doctorId AND [a].[AppointmentDate] = @date
ORDER BY [a].[StartTime]
2026-06-30 11:30:47.901 +03:00 [INF] Executed DbCommand (1ms) [Parameters=[@p='?' (DbType = Guid)], CommandType='"Text"', CommandTimeout='30']
SELECT TOP(1) [p].[Id], [p].[Address], [p].[BloodType], [p].[CreatedAt], [p].[DateOfBirth], [p].[Email], [p].[FullName], [p].[Gender], [p].[NationalId], [p].[Phone], [p].[UserId]
FROM [Patients] AS [p]
WHERE [p].[Id] = @p
2026-06-30 11:30:47.902 +03:00 [INF] Executed DbCommand (0ms) [Parameters=[@p='?' (DbType = Guid)], CommandType='"Text"', CommandTimeout='30']
SELECT TOP(1) [d].[Id], [d].[DepartmentId], [d].[FullName], [d].[IsActive], [d].[Phone], [d].[Specialization], [d].[UserId]
FROM [Doctors] AS [d]
WHERE [d].[Id] = @p
2026-06-30 11:30:47.902 +03:00 [INF] HTTP OPTIONS /api/doctors/38807a7c-e4ef-4cad-bdf2-08fa24f03cbe/date-schedules responded 204 in 0ms
2026-06-30 11:30:47.902 +03:00 [INF] HTTP OPTIONS /api/doctors/41885cdc-0175-4dcb-9824-944a922f6950/date-schedules responded 204 in 0ms
2026-06-30 11:30:47.903 +03:00 [INF] Executed DbCommand (1ms) [Parameters=[@p='?' (DbType = Guid)], CommandType='"Text"', CommandTimeout='30']
SELECT TOP(1) [p].[Id], [p].[Address], [p].[BloodType], [p].[CreatedAt], [p].[DateOfBirth], [p].[Email], [p].[FullName], [p].[Gender], [p].[NationalId], [p].[Phone], [p].[UserId]
FROM [Patients] AS [p]
WHERE [p].[Id] = @p
2026-06-30 11:30:47.903 +03:00 [INF] HTTP OPTIONS /api/doctors/44450f15-4382-4c72-9e45-ffb270692955/date-schedules responded 204 in 0ms
2026-06-30 11:30:47.903 +03:00 [INF] HTTP GET /api/appointments responded 200 in 5ms
2026-06-30 11:30:47.908 +03:00 [INF] Executed DbCommand (1ms) [Parameters=[@p='?' (DbType = Guid)], CommandType='"Text"', CommandTimeout='30']
SELECT TOP(1) [d].[Id], [d].[DepartmentId], [d].[FullName], [d].[IsActive], [d].[Phone], [d].[Specialization], [d].[UserId]
FROM [Doctors] AS [d]
WHERE [d].[Id] = @p
2026-06-30 11:30:47.909 +03:00 [INF] Executed DbCommand (1ms) [Parameters=[@p='?' (DbType = Guid)], CommandType='"Text"', CommandTimeout='30']
SELECT TOP(1) [d].[Id], [d].[DepartmentId], [d].[FullName], [d].[IsActive], [d].[Phone], [d].[Specialization], [d].[UserId]
FROM [Doctors] AS [d]
WHERE [d].[Id] = @p
2026-06-30 11:30:47.909 +03:00 [INF] Executed DbCommand (0ms) [Parameters=[@p='?' (DbType = Guid)], CommandType='"Text"', CommandTimeout='30']
SELECT TOP(1) [d].[Id], [d].[DepartmentId], [d].[FullName], [d].[IsActive], [d].[Phone], [d].[Specialization], [d].[UserId]
FROM [Doctors] AS [d]
WHERE [d].[Id] = @p
2026-06-30 11:30:47.909 +03:00 [INF] Executed DbCommand (0ms) [Parameters=[], CommandType='"Text"', CommandTimeout='30']
SELECT [d].[Id], [d].[AppointmentDurationMinutes], [d].[DoctorId], [d].[EndTime], [d].[IsActive], [d].[ScheduleDate], [d].[StartTime]
FROM [DoctorDateSchedules] AS [d]
2026-06-30 11:30:47.909 +03:00 [INF] HTTP OPTIONS /api/appointments responded 204 in 0ms
2026-06-30 11:30:47.909 +03:00 [INF] Executed DbCommand (0ms) [Parameters=[], CommandType='"Text"', CommandTimeout='30']
SELECT [d].[Id], [d].[AppointmentDurationMinutes], [d].[DoctorId], [d].[EndTime], [d].[IsActive], [d].[ScheduleDate], [d].[StartTime]
FROM [DoctorDateSchedules] AS [d]
2026-06-30 11:30:47.909 +03:00 [INF] HTTP GET /api/doctors/38807a7c-e4ef-4cad-bdf2-08fa24f03cbe/date-schedules responded 200 in 2ms
2026-06-30 11:30:47.909 +03:00 [INF] Executed DbCommand (0ms) [Parameters=[], CommandType='"Text"', CommandTimeout='30']
SELECT [d].[Id], [d].[AppointmentDurationMinutes], [d].[DoctorId], [d].[EndTime], [d].[IsActive], [d].[ScheduleDate], [d].[StartTime]
FROM [DoctorDateSchedules] AS [d]
2026-06-30 11:30:47.910 +03:00 [INF] HTTP GET /api/doctors/41885cdc-0175-4dcb-9824-944a922f6950/date-schedules responded 200 in 2ms
2026-06-30 11:30:47.910 +03:00 [INF] HTTP GET /api/doctors/44450f15-4382-4c72-9e45-ffb270692955/date-schedules responded 200 in 2ms
2026-06-30 11:30:47.915 +03:00 [INF] Executed DbCommand (1ms) [Parameters=[@doctorId='?' (DbType = Guid), @date='?' (DbType = Date)], CommandType='"Text"', CommandTimeout='30']
SELECT [a].[Id], [a].[AppointmentDate], [a].[CreatedAt], [a].[CreatedByReceptionistId], [a].[DoctorId], [a].[EndTime], [a].[Notes], [a].[PatientId], [a].[StartTime], [a].[Status], [a].[UpdatedAt]
FROM [Appointments] AS [a]
WHERE [a].[DoctorId] = @doctorId AND [a].[AppointmentDate] = @date
ORDER BY [a].[StartTime]
2026-06-30 11:30:47.916 +03:00 [INF] Executed DbCommand (1ms) [Parameters=[@p='?' (DbType = Guid)], CommandType='"Text"', CommandTimeout='30']
SELECT TOP(1) [p].[Id], [p].[Address], [p].[BloodType], [p].[CreatedAt], [p].[DateOfBirth], [p].[Email], [p].[FullName], [p].[Gender], [p].[NationalId], [p].[Phone], [p].[UserId]
FROM [Patients] AS [p]
WHERE [p].[Id] = @p
2026-06-30 11:30:47.917 +03:00 [INF] Executed DbCommand (0ms) [Parameters=[@p='?' (DbType = Guid)], CommandType='"Text"', CommandTimeout='30']
SELECT TOP(1) [d].[Id], [d].[DepartmentId], [d].[FullName], [d].[IsActive], [d].[Phone], [d].[Specialization], [d].[UserId]
FROM [Doctors] AS [d]
WHERE [d].[Id] = @p
2026-06-30 11:30:47.918 +03:00 [INF] HTTP GET /api/appointments responded 200 in 4ms
2026-06-30 11:30:53.511 +03:00 [INF] Executed DbCommand (1ms) [Parameters=[], CommandType='"Text"', CommandTimeout='30']
SELECT [u].[Id], [u].[CreatedAt], [u].[Email], [u].[IsActive], [u].[PasswordHash], [u].[Role]
FROM [Users] AS [u]
2026-06-30 11:30:54.048 +03:00 [INF] HTTP POST /api/auth/login responded 200 in 548ms
2026-06-30 11:30:54.129 +03:00 [INF] Executed DbCommand (1ms) [Parameters=[], CommandType='"Text"', CommandTimeout='30']
SELECT [d].[Id], [d].[DepartmentId], [d].[FullName], [d].[IsActive], [d].[Phone], [d].[Specialization], [d].[UserId]
FROM [Doctors] AS [d]
2026-06-30 11:30:54.130 +03:00 [INF] Executed DbCommand (1ms) [Parameters=[@p='?' (DbType = Guid)], CommandType='"Text"', CommandTimeout='30']
SELECT TOP(1) [d].[Id], [d].[Description], [d].[IsActive], [d].[Name]
FROM [Departments] AS [d]
WHERE [d].[Id] = @p
2026-06-30 11:30:54.132 +03:00 [INF] Executed DbCommand (0ms) [Parameters=[@p='?' (DbType = Guid)], CommandType='"Text"', CommandTimeout='30']
SELECT TOP(1) [d].[Id], [d].[Description], [d].[IsActive], [d].[Name]
FROM [Departments] AS [d]
WHERE [d].[Id] = @p
2026-06-30 11:30:54.132 +03:00 [INF] HTTP GET /api/doctors responded 200 in 4ms
2026-06-30 11:31:34.271 +03:00 [INF] Executed DbCommand (1ms) [Parameters=[], CommandType='"Text"', CommandTimeout='30']
SELECT [u].[Id], [u].[CreatedAt], [u].[Email], [u].[IsActive], [u].[PasswordHash], [u].[Role]
FROM [Users] AS [u]
2026-06-30 11:31:34.544 +03:00 [INF] HTTP POST /api/auth/login responded 200 in 301ms
2026-06-30 11:31:34.627 +03:00 [INF] Executed DbCommand (1ms) [Parameters=[@p='?' (DbType = Guid)], CommandType='"Text"', CommandTimeout='30']
SELECT TOP(1) [d].[Id], [d].[DepartmentId], [d].[FullName], [d].[IsActive], [d].[Phone], [d].[Specialization], [d].[UserId]
FROM [Doctors] AS [d]
WHERE [d].[Id] = @p
2026-06-30 11:31:34.628 +03:00 [INF] Executed DbCommand (1ms) [Parameters=[], CommandType='"Text"', CommandTimeout='30']
SELECT [d].[Id], [d].[AppointmentDurationMinutes], [d].[DoctorId], [d].[EndTime], [d].[IsActive], [d].[ScheduleDate], [d].[StartTime]
FROM [DoctorDateSchedules] AS [d]
2026-06-30 11:31:34.628 +03:00 [INF] HTTP GET /api/doctors/38807a7c-e4ef-4cad-bdf2-08fa24f03cbe/date-schedules responded 200 in 3ms
2026-06-30 11:31:34.643 +03:00 [INF] Executed DbCommand (1ms) [Parameters=[@p='?' (DbType = Guid)], CommandType='"Text"', CommandTimeout='30']
SELECT TOP(1) [d].[Id], [d].[DepartmentId], [d].[FullName], [d].[IsActive], [d].[Phone], [d].[Specialization], [d].[UserId]
FROM [Doctors] AS [d]
WHERE [d].[Id] = @p
2026-06-30 11:31:34.644 +03:00 [INF] Executed DbCommand (1ms) [Parameters=[], CommandType='"Text"', CommandTimeout='30']
SELECT [d].[Id], [d].[AppointmentDurationMinutes], [d].[DoctorId], [d].[EndTime], [d].[IsActive], [d].[ScheduleDate], [d].[StartTime]
FROM [DoctorDateSchedules] AS [d]
2026-06-30 11:31:34.645 +03:00 [INF] HTTP GET /api/doctors/41885cdc-0175-4dcb-9824-944a922f6950/date-schedules responded 200 in 3ms
2026-06-30 11:31:59.608 +03:00 [INF] Executed DbCommand (1ms) [Parameters=[], CommandType='"Text"', CommandTimeout='30']
SELECT [u].[Id], [u].[CreatedAt], [u].[Email], [u].[IsActive], [u].[PasswordHash], [u].[Role]
FROM [Users] AS [u]
2026-06-30 11:31:59.984 +03:00 [INF] HTTP POST /api/auth/login responded 200 in 379ms
2026-06-30 11:32:00.073 +03:00 [INF] HTTP GET /api/appointments responded 403 in 4ms
2026-06-30 11:32:00.294 +03:00 [INF] HTTP GET /api/appointments responded 403 in 0ms
2026-06-30 11:32:19.801 +03:00 [INF] HTTP OPTIONS /api/doctors responded 204 in 0ms
2026-06-30 11:32:19.802 +03:00 [INF] HTTP OPTIONS /api/doctors responded 204 in 0ms
2026-06-30 11:32:19.803 +03:00 [INF] HTTP OPTIONS /api/appointments responded 204 in 0ms
2026-06-30 11:32:19.816 +03:00 [INF] Executed DbCommand (1ms) [Parameters=[], CommandType='"Text"', CommandTimeout='30']
SELECT [d].[Id], [d].[DepartmentId], [d].[FullName], [d].[IsActive], [d].[Phone], [d].[Specialization], [d].[UserId]
FROM [Doctors] AS [d]
2026-06-30 11:32:19.817 +03:00 [INF] Executed DbCommand (1ms) [Parameters=[@doctorId='?' (DbType = Guid), @date='?' (DbType = Date)], CommandType='"Text"', CommandTimeout='30']
SELECT [a].[Id], [a].[AppointmentDate], [a].[CreatedAt], [a].[CreatedByReceptionistId], [a].[DoctorId], [a].[EndTime], [a].[Notes], [a].[PatientId], [a].[StartTime], [a].[Status], [a].[UpdatedAt]
FROM [Appointments] AS [a]
WHERE [a].[DoctorId] = @doctorId AND [a].[AppointmentDate] = @date
ORDER BY [a].[StartTime]
2026-06-30 11:32:19.818 +03:00 [INF] HTTP GET /api/appointments responded 200 in 4ms
2026-06-30 11:32:19.819 +03:00 [INF] Executed DbCommand (1ms) [Parameters=[@p='?' (DbType = Guid)], CommandType='"Text"', CommandTimeout='30']
SELECT TOP(1) [d].[Id], [d].[Description], [d].[IsActive], [d].[Name]
FROM [Departments] AS [d]
WHERE [d].[Id] = @p
2026-06-30 11:32:19.821 +03:00 [INF] Executed DbCommand (1ms) [Parameters=[@p='?' (DbType = Guid)], CommandType='"Text"', CommandTimeout='30']
SELECT TOP(1) [d].[Id], [d].[Description], [d].[IsActive], [d].[Name]
FROM [Departments] AS [d]
WHERE [d].[Id] = @p
2026-06-30 11:32:19.823 +03:00 [INF] HTTP GET /api/doctors responded 200 in 10ms
2026-06-30 11:32:19.830 +03:00 [INF] Executed DbCommand (1ms) [Parameters=[], CommandType='"Text"', CommandTimeout='30']
SELECT [d].[Id], [d].[DepartmentId], [d].[FullName], [d].[IsActive], [d].[Phone], [d].[Specialization], [d].[UserId]
FROM [Doctors] AS [d]
2026-06-30 11:32:19.832 +03:00 [INF] HTTP OPTIONS /api/appointments responded 204 in 0ms
2026-06-30 11:32:19.833 +03:00 [INF] Executed DbCommand (1ms) [Parameters=[@p='?' (DbType = Guid)], CommandType='"Text"', CommandTimeout='30']
SELECT TOP(1) [d].[Id], [d].[Description], [d].[IsActive], [d].[Name]
FROM [Departments] AS [d]
WHERE [d].[Id] = @p
2026-06-30 11:32:19.835 +03:00 [INF] Executed DbCommand (1ms) [Parameters=[@p='?' (DbType = Guid)], CommandType='"Text"', CommandTimeout='30']
SELECT TOP(1) [d].[Id], [d].[Description], [d].[IsActive], [d].[Name]
FROM [Departments] AS [d]
WHERE [d].[Id] = @p
2026-06-30 11:32:19.836 +03:00 [INF] HTTP GET /api/doctors responded 200 in 9ms
2026-06-30 11:32:19.842 +03:00 [INF] Executed DbCommand (1ms) [Parameters=[@doctorId='?' (DbType = Guid), @date='?' (DbType = Date)], CommandType='"Text"', CommandTimeout='30']
SELECT [a].[Id], [a].[AppointmentDate], [a].[CreatedAt], [a].[CreatedByReceptionistId], [a].[DoctorId], [a].[EndTime], [a].[Notes], [a].[PatientId], [a].[StartTime], [a].[Status], [a].[UpdatedAt]
FROM [Appointments] AS [a]
WHERE [a].[DoctorId] = @doctorId AND [a].[AppointmentDate] = @date
ORDER BY [a].[StartTime]
2026-06-30 11:32:19.844 +03:00 [INF] Executed DbCommand (1ms) [Parameters=[@p='?' (DbType = Guid)], CommandType='"Text"', CommandTimeout='30']
SELECT TOP(1) [p].[Id], [p].[Address], [p].[BloodType], [p].[CreatedAt], [p].[DateOfBirth], [p].[Email], [p].[FullName], [p].[Gender], [p].[NationalId], [p].[Phone], [p].[UserId]
FROM [Patients] AS [p]
WHERE [p].[Id] = @p
2026-06-30 11:32:19.847 +03:00 [INF] Executed DbCommand (1ms) [Parameters=[@p='?' (DbType = Guid)], CommandType='"Text"', CommandTimeout='30']
SELECT TOP(1) [d].[Id], [d].[DepartmentId], [d].[FullName], [d].[IsActive], [d].[Phone], [d].[Specialization], [d].[UserId]
FROM [Doctors] AS [d]
WHERE [d].[Id] = @p
2026-06-30 11:32:19.849 +03:00 [INF] HTTP OPTIONS /api/doctors/38807a7c-e4ef-4cad-bdf2-08fa24f03cbe/date-schedules responded 204 in 0ms
2026-06-30 11:32:19.850 +03:00 [INF] Executed DbCommand (1ms) [Parameters=[@p='?' (DbType = Guid)], CommandType='"Text"', CommandTimeout='30']
SELECT TOP(1) [p].[Id], [p].[Address], [p].[BloodType], [p].[CreatedAt], [p].[DateOfBirth], [p].[Email], [p].[FullName], [p].[Gender], [p].[NationalId], [p].[Phone], [p].[UserId]
FROM [Patients] AS [p]
WHERE [p].[Id] = @p
2026-06-30 11:32:19.850 +03:00 [INF] HTTP GET /api/appointments responded 200 in 12ms
2026-06-30 11:32:19.851 +03:00 [INF] HTTP OPTIONS /api/doctors/41885cdc-0175-4dcb-9824-944a922f6950/date-schedules responded 204 in 0ms
2026-06-30 11:32:19.856 +03:00 [INF] HTTP OPTIONS /api/doctors/44450f15-4382-4c72-9e45-ffb270692955/date-schedules responded 204 in 0ms
2026-06-30 11:32:19.867 +03:00 [INF] Executed DbCommand (2ms) [Parameters=[@p='?' (DbType = Guid)], CommandType='"Text"', CommandTimeout='30']
SELECT TOP(1) [d].[Id], [d].[DepartmentId], [d].[FullName], [d].[IsActive], [d].[Phone], [d].[Specialization], [d].[UserId]
FROM [Doctors] AS [d]
WHERE [d].[Id] = @p
2026-06-30 11:32:19.868 +03:00 [INF] Executed DbCommand (1ms) [Parameters=[@p='?' (DbType = Guid)], CommandType='"Text"', CommandTimeout='30']
SELECT TOP(1) [d].[Id], [d].[DepartmentId], [d].[FullName], [d].[IsActive], [d].[Phone], [d].[Specialization], [d].[UserId]
FROM [Doctors] AS [d]
WHERE [d].[Id] = @p
2026-06-30 11:32:19.869 +03:00 [INF] HTTP OPTIONS /api/appointments responded 204 in 0ms
2026-06-30 11:32:19.871 +03:00 [INF] Executed DbCommand (2ms) [Parameters=[], CommandType='"Text"', CommandTimeout='30']
SELECT [d].[Id], [d].[AppointmentDurationMinutes], [d].[DoctorId], [d].[EndTime], [d].[IsActive], [d].[ScheduleDate], [d].[StartTime]
FROM [DoctorDateSchedules] AS [d]
2026-06-30 11:32:19.871 +03:00 [INF] Executed DbCommand (2ms) [Parameters=[@p='?' (DbType = Guid)], CommandType='"Text"', CommandTimeout='30']
SELECT TOP(1) [d].[Id], [d].[DepartmentId], [d].[FullName], [d].[IsActive], [d].[Phone], [d].[Specialization], [d].[UserId]
FROM [Doctors] AS [d]
WHERE [d].[Id] = @p
2026-06-30 11:32:19.872 +03:00 [INF] HTTP GET /api/doctors/38807a7c-e4ef-4cad-bdf2-08fa24f03cbe/date-schedules responded 200 in 8ms
2026-06-30 11:32:19.872 +03:00 [INF] Executed DbCommand (2ms) [Parameters=[], CommandType='"Text"', CommandTimeout='30']
SELECT [d].[Id], [d].[AppointmentDurationMinutes], [d].[DoctorId], [d].[EndTime], [d].[IsActive], [d].[ScheduleDate], [d].[StartTime]
FROM [DoctorDateSchedules] AS [d]
2026-06-30 11:32:19.873 +03:00 [INF] Executed DbCommand (1ms) [Parameters=[], CommandType='"Text"', CommandTimeout='30']
SELECT [d].[Id], [d].[AppointmentDurationMinutes], [d].[DoctorId], [d].[EndTime], [d].[IsActive], [d].[ScheduleDate], [d].[StartTime]
FROM [DoctorDateSchedules] AS [d]
2026-06-30 11:32:19.873 +03:00 [INF] HTTP GET /api/doctors/41885cdc-0175-4dcb-9824-944a922f6950/date-schedules responded 200 in 9ms
2026-06-30 11:32:19.874 +03:00 [INF] HTTP GET /api/doctors/44450f15-4382-4c72-9e45-ffb270692955/date-schedules responded 200 in 8ms
2026-06-30 11:32:19.883 +03:00 [INF] Executed DbCommand (1ms) [Parameters=[@doctorId='?' (DbType = Guid), @date='?' (DbType = Date)], CommandType='"Text"', CommandTimeout='30']
SELECT [a].[Id], [a].[AppointmentDate], [a].[CreatedAt], [a].[CreatedByReceptionistId], [a].[DoctorId], [a].[EndTime], [a].[Notes], [a].[PatientId], [a].[StartTime], [a].[Status], [a].[UpdatedAt]
FROM [Appointments] AS [a]
WHERE [a].[DoctorId] = @doctorId AND [a].[AppointmentDate] = @date
ORDER BY [a].[StartTime]
2026-06-30 11:32:19.887 +03:00 [INF] Executed DbCommand (1ms) [Parameters=[@p='?' (DbType = Guid)], CommandType='"Text"', CommandTimeout='30']
SELECT TOP(1) [p].[Id], [p].[Address], [p].[BloodType], [p].[CreatedAt], [p].[DateOfBirth], [p].[Email], [p].[FullName], [p].[Gender], [p].[NationalId], [p].[Phone], [p].[UserId]
FROM [Patients] AS [p]
WHERE [p].[Id] = @p
2026-06-30 11:32:19.889 +03:00 [INF] Executed DbCommand (1ms) [Parameters=[@p='?' (DbType = Guid)], CommandType='"Text"', CommandTimeout='30']
SELECT TOP(1) [d].[Id], [d].[DepartmentId], [d].[FullName], [d].[IsActive], [d].[Phone], [d].[Specialization], [d].[UserId]
FROM [Doctors] AS [d]
WHERE [d].[Id] = @p
2026-06-30 11:32:19.890 +03:00 [INF] HTTP GET /api/appointments responded 200 in 11ms
2026-06-30 11:34:20.135 +03:00 [INF] HTTP OPTIONS /api/doctors responded 204 in 0ms
2026-06-30 11:34:20.137 +03:00 [INF] HTTP OPTIONS /api/doctors responded 204 in 0ms
2026-06-30 11:34:20.139 +03:00 [INF] HTTP OPTIONS /api/appointments responded 204 in 0ms
2026-06-30 11:34:20.144 +03:00 [INF] Executed DbCommand (1ms) [Parameters=[], CommandType='"Text"', CommandTimeout='30']
SELECT [d].[Id], [d].[DepartmentId], [d].[FullName], [d].[IsActive], [d].[Phone], [d].[Specialization], [d].[UserId]
FROM [Doctors] AS [d]
2026-06-30 11:34:20.146 +03:00 [INF] Executed DbCommand (1ms) [Parameters=[@p='?' (DbType = Guid)], CommandType='"Text"', CommandTimeout='30']
SELECT TOP(1) [d].[Id], [d].[Description], [d].[IsActive], [d].[Name]
FROM [Departments] AS [d]
WHERE [d].[Id] = @p
2026-06-30 11:34:20.146 +03:00 [INF] Executed DbCommand (1ms) [Parameters=[@doctorId='?' (DbType = Guid), @date='?' (DbType = Date)], CommandType='"Text"', CommandTimeout='30']
SELECT [a].[Id], [a].[AppointmentDate], [a].[CreatedAt], [a].[CreatedByReceptionistId], [a].[DoctorId], [a].[EndTime], [a].[Notes], [a].[PatientId], [a].[StartTime], [a].[Status], [a].[UpdatedAt]
FROM [Appointments] AS [a]
WHERE [a].[DoctorId] = @doctorId AND [a].[AppointmentDate] = @date
ORDER BY [a].[StartTime]
2026-06-30 11:34:20.146 +03:00 [INF] HTTP GET /api/appointments responded 200 in 2ms
2026-06-30 11:34:20.147 +03:00 [INF] Executed DbCommand (1ms) [Parameters=[@p='?' (DbType = Guid)], CommandType='"Text"', CommandTimeout='30']
SELECT TOP(1) [d].[Id], [d].[Description], [d].[IsActive], [d].[Name]
FROM [Departments] AS [d]
WHERE [d].[Id] = @p
2026-06-30 11:34:20.148 +03:00 [INF] HTTP GET /api/doctors responded 200 in 5ms
2026-06-30 11:34:20.151 +03:00 [INF] Executed DbCommand (1ms) [Parameters=[], CommandType='"Text"', CommandTimeout='30']
SELECT [d].[Id], [d].[DepartmentId], [d].[FullName], [d].[IsActive], [d].[Phone], [d].[Specialization], [d].[UserId]
FROM [Doctors] AS [d]
2026-06-30 11:34:20.152 +03:00 [INF] HTTP OPTIONS /api/appointments responded 204 in 0ms
2026-06-30 11:34:20.153 +03:00 [INF] Executed DbCommand (1ms) [Parameters=[@p='?' (DbType = Guid)], CommandType='"Text"', CommandTimeout='30']
SELECT TOP(1) [d].[Id], [d].[Description], [d].[IsActive], [d].[Name]
FROM [Departments] AS [d]
WHERE [d].[Id] = @p
2026-06-30 11:34:20.154 +03:00 [INF] Executed DbCommand (1ms) [Parameters=[@p='?' (DbType = Guid)], CommandType='"Text"', CommandTimeout='30']
SELECT TOP(1) [d].[Id], [d].[Description], [d].[IsActive], [d].[Name]
FROM [Departments] AS [d]
WHERE [d].[Id] = @p
2026-06-30 11:34:20.155 +03:00 [INF] HTTP GET /api/doctors responded 200 in 5ms
2026-06-30 11:34:20.156 +03:00 [INF] Executed DbCommand (1ms) [Parameters=[@doctorId='?' (DbType = Guid), @date='?' (DbType = Date)], CommandType='"Text"', CommandTimeout='30']
SELECT [a].[Id], [a].[AppointmentDate], [a].[CreatedAt], [a].[CreatedByReceptionistId], [a].[DoctorId], [a].[EndTime], [a].[Notes], [a].[PatientId], [a].[StartTime], [a].[Status], [a].[UpdatedAt]
FROM [Appointments] AS [a]
WHERE [a].[DoctorId] = @doctorId AND [a].[AppointmentDate] = @date
ORDER BY [a].[StartTime]
2026-06-30 11:34:20.157 +03:00 [INF] Executed DbCommand (0ms) [Parameters=[@p='?' (DbType = Guid)], CommandType='"Text"', CommandTimeout='30']
SELECT TOP(1) [p].[Id], [p].[Address], [p].[BloodType], [p].[CreatedAt], [p].[DateOfBirth], [p].[Email], [p].[FullName], [p].[Gender], [p].[NationalId], [p].[Phone], [p].[UserId]
FROM [Patients] AS [p]
WHERE [p].[Id] = @p
2026-06-30 11:34:20.159 +03:00 [INF] Executed DbCommand (1ms) [Parameters=[@p='?' (DbType = Guid)], CommandType='"Text"', CommandTimeout='30']
SELECT TOP(1) [d].[Id], [d].[DepartmentId], [d].[FullName], [d].[IsActive], [d].[Phone], [d].[Specialization], [d].[UserId]
FROM [Doctors] AS [d]
WHERE [d].[Id] = @p
2026-06-30 11:34:20.160 +03:00 [INF] Executed DbCommand (1ms) [Parameters=[@p='?' (DbType = Guid)], CommandType='"Text"', CommandTimeout='30']
SELECT TOP(1) [p].[Id], [p].[Address], [p].[BloodType], [p].[CreatedAt], [p].[DateOfBirth], [p].[Email], [p].[FullName], [p].[Gender], [p].[NationalId], [p].[Phone], [p].[UserId]
FROM [Patients] AS [p]
WHERE [p].[Id] = @p
2026-06-30 11:34:20.160 +03:00 [INF] HTTP OPTIONS /api/doctors/38807a7c-e4ef-4cad-bdf2-08fa24f03cbe/date-schedules responded 204 in 0ms
2026-06-30 11:34:20.160 +03:00 [INF] HTTP GET /api/appointments responded 200 in 6ms
2026-06-30 11:34:20.161 +03:00 [INF] HTTP OPTIONS /api/doctors/41885cdc-0175-4dcb-9824-944a922f6950/date-schedules responded 204 in 0ms
2026-06-30 11:34:20.161 +03:00 [INF] HTTP OPTIONS /api/doctors/44450f15-4382-4c72-9e45-ffb270692955/date-schedules responded 204 in 0ms
2026-06-30 11:34:20.166 +03:00 [INF] HTTP OPTIONS /api/appointments responded 204 in 0ms
2026-06-30 11:34:20.166 +03:00 [INF] Executed DbCommand (0ms) [Parameters=[@p='?' (DbType = Guid)], CommandType='"Text"', CommandTimeout='30']
SELECT TOP(1) [d].[Id], [d].[DepartmentId], [d].[FullName], [d].[IsActive], [d].[Phone], [d].[Specialization], [d].[UserId]
FROM [Doctors] AS [d]
WHERE [d].[Id] = @p
2026-06-30 11:34:20.166 +03:00 [INF] Executed DbCommand (1ms) [Parameters=[@p='?' (DbType = Guid)], CommandType='"Text"', CommandTimeout='30']
SELECT TOP(1) [d].[Id], [d].[DepartmentId], [d].[FullName], [d].[IsActive], [d].[Phone], [d].[Specialization], [d].[UserId]
FROM [Doctors] AS [d]
WHERE [d].[Id] = @p
2026-06-30 11:34:20.166 +03:00 [INF] Executed DbCommand (1ms) [Parameters=[@p='?' (DbType = Guid)], CommandType='"Text"', CommandTimeout='30']
SELECT TOP(1) [d].[Id], [d].[DepartmentId], [d].[FullName], [d].[IsActive], [d].[Phone], [d].[Specialization], [d].[UserId]
FROM [Doctors] AS [d]
WHERE [d].[Id] = @p
2026-06-30 11:34:20.167 +03:00 [INF] Executed DbCommand (0ms) [Parameters=[], CommandType='"Text"', CommandTimeout='30']
SELECT [d].[Id], [d].[AppointmentDurationMinutes], [d].[DoctorId], [d].[EndTime], [d].[IsActive], [d].[ScheduleDate], [d].[StartTime]
FROM [DoctorDateSchedules] AS [d]
2026-06-30 11:34:20.167 +03:00 [INF] Executed DbCommand (0ms) [Parameters=[], CommandType='"Text"', CommandTimeout='30']
SELECT [d].[Id], [d].[AppointmentDurationMinutes], [d].[DoctorId], [d].[EndTime], [d].[IsActive], [d].[ScheduleDate], [d].[StartTime]
FROM [DoctorDateSchedules] AS [d]
2026-06-30 11:34:20.167 +03:00 [INF] Executed DbCommand (1ms) [Parameters=[], CommandType='"Text"', CommandTimeout='30']
SELECT [d].[Id], [d].[AppointmentDurationMinutes], [d].[DoctorId], [d].[EndTime], [d].[IsActive], [d].[ScheduleDate], [d].[StartTime]
FROM [DoctorDateSchedules] AS [d]
2026-06-30 11:34:20.168 +03:00 [INF] HTTP GET /api/doctors/44450f15-4382-4c72-9e45-ffb270692955/date-schedules responded 200 in 2ms
2026-06-30 11:34:20.168 +03:00 [INF] HTTP GET /api/doctors/38807a7c-e4ef-4cad-bdf2-08fa24f03cbe/date-schedules responded 200 in 3ms
2026-06-30 11:34:20.168 +03:00 [INF] HTTP GET /api/doctors/41885cdc-0175-4dcb-9824-944a922f6950/date-schedules responded 200 in 3ms
2026-06-30 11:34:20.173 +03:00 [INF] Executed DbCommand (0ms) [Parameters=[@doctorId='?' (DbType = Guid), @date='?' (DbType = Date)], CommandType='"Text"', CommandTimeout='30']
SELECT [a].[Id], [a].[AppointmentDate], [a].[CreatedAt], [a].[CreatedByReceptionistId], [a].[DoctorId], [a].[EndTime], [a].[Notes], [a].[PatientId], [a].[StartTime], [a].[Status], [a].[UpdatedAt]
FROM [Appointments] AS [a]
WHERE [a].[DoctorId] = @doctorId AND [a].[AppointmentDate] = @date
ORDER BY [a].[StartTime]
2026-06-30 11:34:20.174 +03:00 [INF] Executed DbCommand (0ms) [Parameters=[@p='?' (DbType = Guid)], CommandType='"Text"', CommandTimeout='30']
SELECT TOP(1) [p].[Id], [p].[Address], [p].[BloodType], [p].[CreatedAt], [p].[DateOfBirth], [p].[Email], [p].[FullName], [p].[Gender], [p].[NationalId], [p].[Phone], [p].[UserId]
FROM [Patients] AS [p]
WHERE [p].[Id] = @p
2026-06-30 11:34:20.174 +03:00 [INF] Executed DbCommand (0ms) [Parameters=[@p='?' (DbType = Guid)], CommandType='"Text"', CommandTimeout='30']
SELECT TOP(1) [d].[Id], [d].[DepartmentId], [d].[FullName], [d].[IsActive], [d].[Phone], [d].[Specialization], [d].[UserId]
FROM [Doctors] AS [d]
WHERE [d].[Id] = @p
2026-06-30 11:34:20.175 +03:00 [INF] HTTP GET /api/appointments responded 200 in 2ms
2026-06-30 11:34:25.049 +03:00 [INF] HTTP OPTIONS /api/departments responded 204 in 0ms
2026-06-30 11:34:25.051 +03:00 [INF] HTTP OPTIONS /api/patients responded 204 in 0ms
2026-06-30 11:34:25.062 +03:00 [INF] Executed DbCommand (1ms) [Parameters=[], CommandType='"Text"', CommandTimeout='30']
SELECT [p].[Id], [p].[Address], [p].[BloodType], [p].[CreatedAt], [p].[DateOfBirth], [p].[Email], [p].[FullName], [p].[Gender], [p].[NationalId], [p].[Phone], [p].[UserId]
FROM [Patients] AS [p]
2026-06-30 11:34:25.063 +03:00 [INF] HTTP GET /api/patients responded 200 in 4ms
2026-06-30 11:34:25.065 +03:00 [INF] Executed DbCommand (2ms) [Parameters=[], CommandType='"Text"', CommandTimeout='30']
SELECT [d].[Id], [d].[Description], [d].[IsActive], [d].[Name]
FROM [Departments] AS [d]
2026-06-30 11:34:25.066 +03:00 [INF] HTTP GET /api/departments responded 200 in 8ms
2026-06-30 11:34:26.215 +03:00 [INF] HTTP OPTIONS /api/patients responded 204 in 0ms
2026-06-30 11:34:26.224 +03:00 [INF] Executed DbCommand (2ms) [Parameters=[], CommandType='"Text"', CommandTimeout='30']
SELECT [p].[Id], [p].[Address], [p].[BloodType], [p].[CreatedAt], [p].[DateOfBirth], [p].[Email], [p].[FullName], [p].[Gender], [p].[NationalId], [p].[Phone], [p].[UserId]
FROM [Patients] AS [p]
2026-06-30 11:34:26.226 +03:00 [INF] HTTP GET /api/patients responded 200 in 5ms
2026-06-30 11:36:40.465 +03:00 [INF] HTTP GET /swagger/index.html responded 200 in 1ms
2026-06-30 11:37:05.831 +03:00 [INF] Executed DbCommand (1ms) [Parameters=[], CommandType='"Text"', CommandTimeout='30']
SELECT [u].[Id], [u].[CreatedAt], [u].[Email], [u].[IsActive], [u].[PasswordHash], [u].[Role]
FROM [Users] AS [u]
2026-06-30 11:37:06.180 +03:00 [INF] HTTP POST /api/auth/login responded 200 in 353ms
2026-06-30 11:37:06.229 +03:00 [INF] Executed DbCommand (0ms) [Parameters=[], CommandType='"Text"', CommandTimeout='30']
SELECT [u].[Id], [u].[CreatedAt], [u].[Email], [u].[IsActive], [u].[PasswordHash], [u].[Role]
FROM [Users] AS [u]
2026-06-30 11:37:06.411 +03:00 [INF] HTTP POST /api/auth/login responded 200 in 183ms
2026-06-30 11:37:06.415 +03:00 [INF] Executed DbCommand (0ms) [Parameters=[], CommandType='"Text"', CommandTimeout='30']
SELECT [p].[Id], [p].[Address], [p].[BloodType], [p].[CreatedAt], [p].[DateOfBirth], [p].[Email], [p].[FullName], [p].[Gender], [p].[NationalId], [p].[Phone], [p].[UserId]
FROM [Patients] AS [p]
2026-06-30 11:37:06.416 +03:00 [INF] HTTP GET /api/patients responded 200 in 2ms
2026-06-30 11:37:06.479 +03:00 [INF] Executed DbCommand (1ms) [Parameters=[], CommandType='"Text"', CommandTimeout='30']
SELECT [d].[Id], [d].[DepartmentId], [d].[FullName], [d].[IsActive], [d].[Phone], [d].[Specialization], [d].[UserId]
FROM [Doctors] AS [d]
2026-06-30 11:37:06.480 +03:00 [INF] Executed DbCommand (0ms) [Parameters=[@p='?' (DbType = Guid)], CommandType='"Text"', CommandTimeout='30']
SELECT TOP(1) [d].[Id], [d].[Description], [d].[IsActive], [d].[Name]
FROM [Departments] AS [d]
WHERE [d].[Id] = @p
2026-06-30 11:37:06.480 +03:00 [INF] Executed DbCommand (0ms) [Parameters=[@p='?' (DbType = Guid)], CommandType='"Text"', CommandTimeout='30']
SELECT TOP(1) [d].[Id], [d].[Description], [d].[IsActive], [d].[Name]
FROM [Departments] AS [d]
WHERE [d].[Id] = @p
2026-06-30 11:37:06.481 +03:00 [INF] HTTP GET /api/doctors responded 200 in 2ms
2026-06-30 11:37:06.548 +03:00 [INF] Executed DbCommand (1ms) [Parameters=[@p='?' (DbType = Guid)], CommandType='"Text"', CommandTimeout='30']
SELECT TOP(1) [d].[Id], [d].[DepartmentId], [d].[FullName], [d].[IsActive], [d].[Phone], [d].[Specialization], [d].[UserId]
FROM [Doctors] AS [d]
WHERE [d].[Id] = @p
2026-06-30 11:37:06.549 +03:00 [INF] Executed DbCommand (0ms) [Parameters=[@p='?' (DbType = Guid)], CommandType='"Text"', CommandTimeout='30']
SELECT TOP(1) [p].[Id], [p].[Address], [p].[BloodType], [p].[CreatedAt], [p].[DateOfBirth], [p].[Email], [p].[FullName], [p].[Gender], [p].[NationalId], [p].[Phone], [p].[UserId]
FROM [Patients] AS [p]
WHERE [p].[Id] = @p
2026-06-30 11:37:06.550 +03:00 [INF] Executed DbCommand (0ms) [Parameters=[], CommandType='"Text"', CommandTimeout='30']
SELECT [d].[Id], [d].[AppointmentDurationMinutes], [d].[DoctorId], [d].[EndTime], [d].[IsActive], [d].[ScheduleDate], [d].[StartTime]
FROM [DoctorDateSchedules] AS [d]
2026-06-30 11:37:06.552 +03:00 [INF] Executed DbCommand (1ms) [Parameters=[@doctorId='?' (DbType = Guid), @date='?' (DbType = Date), @endTime='?' (DbType = Time), @startTime='?' (DbType = Time)], CommandType='"Text"', CommandTimeout='30']
SELECT CASE
    WHEN EXISTS (
        SELECT 1
        FROM [Appointments] AS [a]
        WHERE [a].[DoctorId] = @doctorId AND [a].[AppointmentDate] = @date AND [a].[Status] <> N'Cancelled' AND [a].[StartTime] < @endTime AND [a].[EndTime] > @startTime) THEN CAST(1 AS bit)
    ELSE CAST(0 AS bit)
END
2026-06-30 11:37:06.553 +03:00 [INF] Executed DbCommand (1ms) [Parameters=[@patientId='?' (DbType = Guid), @date='?' (DbType = Date), @endTime='?' (DbType = Time), @startTime='?' (DbType = Time)], CommandType='"Text"', CommandTimeout='30']
SELECT CASE
    WHEN EXISTS (
        SELECT 1
        FROM [Appointments] AS [a]
        WHERE [a].[PatientId] = @patientId AND [a].[AppointmentDate] = @date AND [a].[Status] <> N'Cancelled' AND [a].[StartTime] < @endTime AND [a].[EndTime] > @startTime) THEN CAST(1 AS bit)
    ELSE CAST(0 AS bit)
END
2026-06-30 11:37:06.558 +03:00 [WRN] Request failed with "BadRequest"
HospitalSystem.Application.Exceptions.ValidationException: Patient already has an appointment at this time.
   at HospitalSystem.Application.Services.AppointmentService.BookAppointmentAsync(CreateAppointmentRequest request, Guid receptionistId, CancellationToken cancellationToken) in G:\DEPI\HospitalSystem.Application\Services\AppointmentService.cs:line 56
   at HospitalSystem.API.Controllers.AppointmentsController.Book(CreateAppointmentRequest request, CancellationToken cancellationToken) in G:\DEPI\HospitalSystem.API\Controllers\AppointmentsController.cs:line 53
   at lambda_method629(Closure, Object)
   at Microsoft.AspNetCore.Mvc.Infrastructure.ActionMethodExecutor.AwaitableObjectResultExecutor.Execute(ActionContext actionContext, IActionResultTypeMapper mapper, ObjectMethodExecutor executor, Object controller, Object[] arguments)
   at Microsoft.AspNetCore.Mvc.Infrastructure.ControllerActionInvoker.<InvokeActionMethodAsync>g__Awaited|12_0(ControllerActionInvoker invoker, ValueTask`1 actionResultValueTask)
   at Microsoft.AspNetCore.Mvc.Infrastructure.ControllerActionInvoker.<InvokeNextActionFilterAsync>g__Awaited|10_0(ControllerActionInvoker invoker, Task lastTask, State next, Scope scope, Object state, Boolean isCompleted)
   at Microsoft.AspNetCore.Mvc.Infrastructure.ControllerActionInvoker.Rethrow(ActionExecutedContextSealed context)
   at Microsoft.AspNetCore.Mvc.Infrastructure.ControllerActionInvoker.Next(State& next, Scope& scope, Object& state, Boolean& isCompleted)
   at Microsoft.AspNetCore.Mvc.Infrastructure.ControllerActionInvoker.<InvokeInnerFilterAsync>g__Awaited|13_0(ControllerActionInvoker invoker, Task lastTask, State next, Scope scope, Object state, Boolean isCompleted)
   at Microsoft.AspNetCore.Mvc.Infrastructure.ResourceInvoker.<InvokeFilterPipelineAsync>g__Awaited|20_0(ResourceInvoker invoker, Task lastTask, State next, Scope scope, Object state, Boolean isCompleted)
   at Microsoft.AspNetCore.Mvc.Infrastructure.ResourceInvoker.<InvokeAsync>g__Awaited|17_0(ResourceInvoker invoker, Task task, IDisposable scope)
   at Microsoft.AspNetCore.Mvc.Infrastructure.ResourceInvoker.<InvokeAsync>g__Awaited|17_0(ResourceInvoker invoker, Task task, IDisposable scope)
   at Microsoft.AspNetCore.Authorization.AuthorizationMiddleware.Invoke(HttpContext context)
   at Microsoft.AspNetCore.Authentication.AuthenticationMiddleware.Invoke(HttpContext context)
   at Swashbuckle.AspNetCore.SwaggerUI.SwaggerUIMiddleware.Invoke(HttpContext httpContext)
   at Swashbuckle.AspNetCore.Swagger.SwaggerMiddleware.Invoke(HttpContext httpContext, ISwaggerProvider swaggerProvider)
   at HospitalSystem.API.Middleware.RequestLoggingMiddleware.InvokeAsync(HttpContext context) in G:\DEPI\HospitalSystem.API\Middleware\RequestLoggingMiddleware.cs:line 19
   at HospitalSystem.API.Middleware.ExceptionHandlingMiddleware.InvokeAsync(HttpContext context) in G:\DEPI\HospitalSystem.API\Middleware\ExceptionHandlingMiddleware.cs:line 24
2026-06-30 11:37:06.605 +03:00 [INF] Executed DbCommand (1ms) [Parameters=[@p='?' (DbType = Guid)], CommandType='"Text"', CommandTimeout='30']
SELECT TOP(1) [d].[Id], [d].[DepartmentId], [d].[FullName], [d].[IsActive], [d].[Phone], [d].[Specialization], [d].[UserId]
FROM [Doctors] AS [d]
WHERE [d].[Id] = @p
2026-06-30 11:37:06.606 +03:00 [INF] Executed DbCommand (1ms) [Parameters=[@p='?' (DbType = Guid)], CommandType='"Text"', CommandTimeout='30']
SELECT TOP(1) [p].[Id], [p].[Address], [p].[BloodType], [p].[CreatedAt], [p].[DateOfBirth], [p].[Email], [p].[FullName], [p].[Gender], [p].[NationalId], [p].[Phone], [p].[UserId]
FROM [Patients] AS [p]
WHERE [p].[Id] = @p
2026-06-30 11:37:06.607 +03:00 [INF] Executed DbCommand (1ms) [Parameters=[], CommandType='"Text"', CommandTimeout='30']
SELECT [d].[Id], [d].[AppointmentDurationMinutes], [d].[DoctorId], [d].[EndTime], [d].[IsActive], [d].[ScheduleDate], [d].[StartTime]
FROM [DoctorDateSchedules] AS [d]
2026-06-30 11:37:06.608 +03:00 [INF] Executed DbCommand (1ms) [Parameters=[@doctorId='?' (DbType = Guid), @date='?' (DbType = Date), @endTime='?' (DbType = Time), @startTime='?' (DbType = Time)], CommandType='"Text"', CommandTimeout='30']
SELECT CASE
    WHEN EXISTS (
        SELECT 1
        FROM [Appointments] AS [a]
        WHERE [a].[DoctorId] = @doctorId AND [a].[AppointmentDate] = @date AND [a].[Status] <> N'Cancelled' AND [a].[StartTime] < @endTime AND [a].[EndTime] > @startTime) THEN CAST(1 AS bit)
    ELSE CAST(0 AS bit)
END
2026-06-30 11:37:06.609 +03:00 [WRN] Request failed with "BadRequest"
HospitalSystem.Application.Exceptions.ValidationException: Slot not available.
   at HospitalSystem.Application.Services.AppointmentService.BookAppointmentAsync(CreateAppointmentRequest request, Guid receptionistId, CancellationToken cancellationToken) in G:\DEPI\HospitalSystem.Application\Services\AppointmentService.cs:line 49
   at HospitalSystem.API.Controllers.AppointmentsController.Book(CreateAppointmentRequest request, CancellationToken cancellationToken) in G:\DEPI\HospitalSystem.API\Controllers\AppointmentsController.cs:line 53
   at lambda_method629(Closure, Object)
   at Microsoft.AspNetCore.Mvc.Infrastructure.ActionMethodExecutor.AwaitableObjectResultExecutor.Execute(ActionContext actionContext, IActionResultTypeMapper mapper, ObjectMethodExecutor executor, Object controller, Object[] arguments)
   at Microsoft.AspNetCore.Mvc.Infrastructure.ControllerActionInvoker.<InvokeActionMethodAsync>g__Awaited|12_0(ControllerActionInvoker invoker, ValueTask`1 actionResultValueTask)
   at Microsoft.AspNetCore.Mvc.Infrastructure.ControllerActionInvoker.<InvokeNextActionFilterAsync>g__Awaited|10_0(ControllerActionInvoker invoker, Task lastTask, State next, Scope scope, Object state, Boolean isCompleted)
   at Microsoft.AspNetCore.Mvc.Infrastructure.ControllerActionInvoker.Rethrow(ActionExecutedContextSealed context)
   at Microsoft.AspNetCore.Mvc.Infrastructure.ControllerActionInvoker.Next(State& next, Scope& scope, Object& state, Boolean& isCompleted)
   at Microsoft.AspNetCore.Mvc.Infrastructure.ControllerActionInvoker.<InvokeInnerFilterAsync>g__Awaited|13_0(ControllerActionInvoker invoker, Task lastTask, State next, Scope scope, Object state, Boolean isCompleted)
   at Microsoft.AspNetCore.Mvc.Infrastructure.ResourceInvoker.<InvokeFilterPipelineAsync>g__Awaited|20_0(ResourceInvoker invoker, Task lastTask, State next, Scope scope, Object state, Boolean isCompleted)
   at Microsoft.AspNetCore.Mvc.Infrastructure.ResourceInvoker.<InvokeAsync>g__Awaited|17_0(ResourceInvoker invoker, Task task, IDisposable scope)
   at Microsoft.AspNetCore.Mvc.Infrastructure.ResourceInvoker.<InvokeAsync>g__Awaited|17_0(ResourceInvoker invoker, Task task, IDisposable scope)
   at Microsoft.AspNetCore.Authorization.AuthorizationMiddleware.Invoke(HttpContext context)
   at Microsoft.AspNetCore.Authentication.AuthenticationMiddleware.Invoke(HttpContext context)
   at Swashbuckle.AspNetCore.SwaggerUI.SwaggerUIMiddleware.Invoke(HttpContext httpContext)
   at Swashbuckle.AspNetCore.Swagger.SwaggerMiddleware.Invoke(HttpContext httpContext, ISwaggerProvider swaggerProvider)
   at HospitalSystem.API.Middleware.RequestLoggingMiddleware.InvokeAsync(HttpContext context) in G:\DEPI\HospitalSystem.API\Middleware\RequestLoggingMiddleware.cs:line 19
   at HospitalSystem.API.Middleware.ExceptionHandlingMiddleware.InvokeAsync(HttpContext context) in G:\DEPI\HospitalSystem.API\Middleware\ExceptionHandlingMiddleware.cs:line 24
2026-06-30 11:37:28.234 +03:00 [INF] Executed DbCommand (1ms) [Parameters=[], CommandType='"Text"', CommandTimeout='30']
SELECT [u].[Id], [u].[CreatedAt], [u].[Email], [u].[IsActive], [u].[PasswordHash], [u].[Role]
FROM [Users] AS [u]
2026-06-30 11:37:28.480 +03:00 [INF] HTTP POST /api/auth/login responded 200 in 250ms
2026-06-30 11:37:28.533 +03:00 [INF] Executed DbCommand (1ms) [Parameters=[], CommandType='"Text"', CommandTimeout='30']
SELECT [u].[Id], [u].[CreatedAt], [u].[Email], [u].[IsActive], [u].[PasswordHash], [u].[Role]
FROM [Users] AS [u]
2026-06-30 11:37:28.727 +03:00 [INF] HTTP POST /api/auth/login responded 200 in 195ms
2026-06-30 11:37:28.730 +03:00 [INF] Executed DbCommand (0ms) [Parameters=[], CommandType='"Text"', CommandTimeout='30']
SELECT [p].[Id], [p].[Address], [p].[BloodType], [p].[CreatedAt], [p].[DateOfBirth], [p].[Email], [p].[FullName], [p].[Gender], [p].[NationalId], [p].[Phone], [p].[UserId]
FROM [Patients] AS [p]
2026-06-30 11:37:28.730 +03:00 [INF] HTTP GET /api/patients responded 200 in 1ms
2026-06-30 11:37:28.770 +03:00 [INF] Executed DbCommand (1ms) [Parameters=[], CommandType='"Text"', CommandTimeout='30']
SELECT [d].[Id], [d].[DepartmentId], [d].[FullName], [d].[IsActive], [d].[Phone], [d].[Specialization], [d].[UserId]
FROM [Doctors] AS [d]
2026-06-30 11:37:28.770 +03:00 [INF] Executed DbCommand (0ms) [Parameters=[@p='?' (DbType = Guid)], CommandType='"Text"', CommandTimeout='30']
SELECT TOP(1) [d].[Id], [d].[Description], [d].[IsActive], [d].[Name]
FROM [Departments] AS [d]
WHERE [d].[Id] = @p
2026-06-30 11:37:28.771 +03:00 [INF] Executed DbCommand (0ms) [Parameters=[@p='?' (DbType = Guid)], CommandType='"Text"', CommandTimeout='30']
SELECT TOP(1) [d].[Id], [d].[Description], [d].[IsActive], [d].[Name]
FROM [Departments] AS [d]
WHERE [d].[Id] = @p
2026-06-30 11:37:28.771 +03:00 [INF] HTTP GET /api/doctors responded 200 in 3ms
2026-06-30 11:37:28.811 +03:00 [INF] Executed DbCommand (1ms) [Parameters=[@p='?' (DbType = Guid)], CommandType='"Text"', CommandTimeout='30']
SELECT TOP(1) [d].[Id], [d].[DepartmentId], [d].[FullName], [d].[IsActive], [d].[Phone], [d].[Specialization], [d].[UserId]
FROM [Doctors] AS [d]
WHERE [d].[Id] = @p
2026-06-30 11:37:28.813 +03:00 [INF] Executed DbCommand (1ms) [Parameters=[@p='?' (DbType = Guid)], CommandType='"Text"', CommandTimeout='30']
SELECT TOP(1) [p].[Id], [p].[Address], [p].[BloodType], [p].[CreatedAt], [p].[DateOfBirth], [p].[Email], [p].[FullName], [p].[Gender], [p].[NationalId], [p].[Phone], [p].[UserId]
FROM [Patients] AS [p]
WHERE [p].[Id] = @p
2026-06-30 11:37:28.814 +03:00 [INF] Executed DbCommand (1ms) [Parameters=[], CommandType='"Text"', CommandTimeout='30']
SELECT [d].[Id], [d].[AppointmentDurationMinutes], [d].[DoctorId], [d].[EndTime], [d].[IsActive], [d].[ScheduleDate], [d].[StartTime]
FROM [DoctorDateSchedules] AS [d]
2026-06-30 11:37:28.814 +03:00 [WRN] Request failed with "BadRequest"
HospitalSystem.Application.Exceptions.ValidationException: Doctor is not available on this date. Set working hours for this date first.
   at HospitalSystem.Application.Services.AppointmentService.GetWorkingHoursForDateAsync(Guid doctorId, DateOnly date, CancellationToken cancellationToken) in G:\DEPI\HospitalSystem.Application\Services\AppointmentService.cs:line 262
   at HospitalSystem.Application.Services.AppointmentService.BookAppointmentAsync(CreateAppointmentRequest request, Guid receptionistId, CancellationToken cancellationToken) in G:\DEPI\HospitalSystem.Application\Services\AppointmentService.cs:line 36
   at HospitalSystem.API.Controllers.AppointmentsController.Book(CreateAppointmentRequest request, CancellationToken cancellationToken) in G:\DEPI\HospitalSystem.API\Controllers\AppointmentsController.cs:line 53
   at lambda_method629(Closure, Object)
   at Microsoft.AspNetCore.Mvc.Infrastructure.ActionMethodExecutor.AwaitableObjectResultExecutor.Execute(ActionContext actionContext, IActionResultTypeMapper mapper, ObjectMethodExecutor executor, Object controller, Object[] arguments)
   at Microsoft.AspNetCore.Mvc.Infrastructure.ControllerActionInvoker.<InvokeActionMethodAsync>g__Awaited|12_0(ControllerActionInvoker invoker, ValueTask`1 actionResultValueTask)
   at Microsoft.AspNetCore.Mvc.Infrastructure.ControllerActionInvoker.<InvokeNextActionFilterAsync>g__Awaited|10_0(ControllerActionInvoker invoker, Task lastTask, State next, Scope scope, Object state, Boolean isCompleted)
   at Microsoft.AspNetCore.Mvc.Infrastructure.ControllerActionInvoker.Rethrow(ActionExecutedContextSealed context)
   at Microsoft.AspNetCore.Mvc.Infrastructure.ControllerActionInvoker.Next(State& next, Scope& scope, Object& state, Boolean& isCompleted)
   at Microsoft.AspNetCore.Mvc.Infrastructure.ControllerActionInvoker.<InvokeInnerFilterAsync>g__Awaited|13_0(ControllerActionInvoker invoker, Task lastTask, State next, Scope scope, Object state, Boolean isCompleted)
   at Microsoft.AspNetCore.Mvc.Infrastructure.ResourceInvoker.<InvokeFilterPipelineAsync>g__Awaited|20_0(ResourceInvoker invoker, Task lastTask, State next, Scope scope, Object state, Boolean isCompleted)
   at Microsoft.AspNetCore.Mvc.Infrastructure.ResourceInvoker.<InvokeAsync>g__Awaited|17_0(ResourceInvoker invoker, Task task, IDisposable scope)
   at Microsoft.AspNetCore.Mvc.Infrastructure.ResourceInvoker.<InvokeAsync>g__Awaited|17_0(ResourceInvoker invoker, Task task, IDisposable scope)
   at Microsoft.AspNetCore.Authorization.AuthorizationMiddleware.Invoke(HttpContext context)
   at Microsoft.AspNetCore.Authentication.AuthenticationMiddleware.Invoke(HttpContext context)
   at Swashbuckle.AspNetCore.SwaggerUI.SwaggerUIMiddleware.Invoke(HttpContext httpContext)
   at Swashbuckle.AspNetCore.Swagger.SwaggerMiddleware.Invoke(HttpContext httpContext, ISwaggerProvider swaggerProvider)
   at HospitalSystem.API.Middleware.RequestLoggingMiddleware.InvokeAsync(HttpContext context) in G:\DEPI\HospitalSystem.API\Middleware\RequestLoggingMiddleware.cs:line 19
   at HospitalSystem.API.Middleware.ExceptionHandlingMiddleware.InvokeAsync(HttpContext context) in G:\DEPI\HospitalSystem.API\Middleware\ExceptionHandlingMiddleware.cs:line 24
2026-06-30 11:37:28.854 +03:00 [INF] Executed DbCommand (1ms) [Parameters=[@p='?' (DbType = Guid)], CommandType='"Text"', CommandTimeout='30']
SELECT TOP(1) [d].[Id], [d].[DepartmentId], [d].[FullName], [d].[IsActive], [d].[Phone], [d].[Specialization], [d].[UserId]
FROM [Doctors] AS [d]
WHERE [d].[Id] = @p
2026-06-30 11:37:28.856 +03:00 [INF] Executed DbCommand (1ms) [Parameters=[@p='?' (DbType = Guid)], CommandType='"Text"', CommandTimeout='30']
SELECT TOP(1) [p].[Id], [p].[Address], [p].[BloodType], [p].[CreatedAt], [p].[DateOfBirth], [p].[Email], [p].[FullName], [p].[Gender], [p].[NationalId], [p].[Phone], [p].[UserId]
FROM [Patients] AS [p]
WHERE [p].[Id] = @p
2026-06-30 11:37:28.857 +03:00 [INF] Executed DbCommand (1ms) [Parameters=[], CommandType='"Text"', CommandTimeout='30']
SELECT [d].[Id], [d].[AppointmentDurationMinutes], [d].[DoctorId], [d].[EndTime], [d].[IsActive], [d].[ScheduleDate], [d].[StartTime]
FROM [DoctorDateSchedules] AS [d]
2026-06-30 11:37:28.858 +03:00 [WRN] Request failed with "BadRequest"
HospitalSystem.Application.Exceptions.ValidationException: Doctor is not available on this date. Set working hours for this date first.
   at HospitalSystem.Application.Services.AppointmentService.GetWorkingHoursForDateAsync(Guid doctorId, DateOnly date, CancellationToken cancellationToken) in G:\DEPI\HospitalSystem.Application\Services\AppointmentService.cs:line 262
   at HospitalSystem.Application.Services.AppointmentService.BookAppointmentAsync(CreateAppointmentRequest request, Guid receptionistId, CancellationToken cancellationToken) in G:\DEPI\HospitalSystem.Application\Services\AppointmentService.cs:line 36
   at HospitalSystem.API.Controllers.AppointmentsController.Book(CreateAppointmentRequest request, CancellationToken cancellationToken) in G:\DEPI\HospitalSystem.API\Controllers\AppointmentsController.cs:line 53
   at lambda_method629(Closure, Object)
   at Microsoft.AspNetCore.Mvc.Infrastructure.ActionMethodExecutor.AwaitableObjectResultExecutor.Execute(ActionContext actionContext, IActionResultTypeMapper mapper, ObjectMethodExecutor executor, Object controller, Object[] arguments)
   at Microsoft.AspNetCore.Mvc.Infrastructure.ControllerActionInvoker.<InvokeActionMethodAsync>g__Awaited|12_0(ControllerActionInvoker invoker, ValueTask`1 actionResultValueTask)
   at Microsoft.AspNetCore.Mvc.Infrastructure.ControllerActionInvoker.<InvokeNextActionFilterAsync>g__Awaited|10_0(ControllerActionInvoker invoker, Task lastTask, State next, Scope scope, Object state, Boolean isCompleted)
   at Microsoft.AspNetCore.Mvc.Infrastructure.ControllerActionInvoker.Rethrow(ActionExecutedContextSealed context)
   at Microsoft.AspNetCore.Mvc.Infrastructure.ControllerActionInvoker.Next(State& next, Scope& scope, Object& state, Boolean& isCompleted)
   at Microsoft.AspNetCore.Mvc.Infrastructure.ControllerActionInvoker.<InvokeInnerFilterAsync>g__Awaited|13_0(ControllerActionInvoker invoker, Task lastTask, State next, Scope scope, Object state, Boolean isCompleted)
   at Microsoft.AspNetCore.Mvc.Infrastructure.ResourceInvoker.<InvokeFilterPipelineAsync>g__Awaited|20_0(ResourceInvoker invoker, Task lastTask, State next, Scope scope, Object state, Boolean isCompleted)
   at Microsoft.AspNetCore.Mvc.Infrastructure.ResourceInvoker.<InvokeAsync>g__Awaited|17_0(ResourceInvoker invoker, Task task, IDisposable scope)
   at Microsoft.AspNetCore.Mvc.Infrastructure.ResourceInvoker.<InvokeAsync>g__Awaited|17_0(ResourceInvoker invoker, Task task, IDisposable scope)
   at Microsoft.AspNetCore.Authorization.AuthorizationMiddleware.Invoke(HttpContext context)
   at Microsoft.AspNetCore.Authentication.AuthenticationMiddleware.Invoke(HttpContext context)
   at Swashbuckle.AspNetCore.SwaggerUI.SwaggerUIMiddleware.Invoke(HttpContext httpContext)
   at Swashbuckle.AspNetCore.Swagger.SwaggerMiddleware.Invoke(HttpContext httpContext, ISwaggerProvider swaggerProvider)
   at HospitalSystem.API.Middleware.RequestLoggingMiddleware.InvokeAsync(HttpContext context) in G:\DEPI\HospitalSystem.API\Middleware\RequestLoggingMiddleware.cs:line 19
   at HospitalSystem.API.Middleware.ExceptionHandlingMiddleware.InvokeAsync(HttpContext context) in G:\DEPI\HospitalSystem.API\Middleware\ExceptionHandlingMiddleware.cs:line 24
2026-06-30 11:37:28.868 +03:00 [INF] Executed DbCommand (1ms) [Parameters=[@p='?' (DbType = Guid)], CommandType='"Text"', CommandTimeout='30']
SELECT TOP(1) [d].[Id], [d].[DepartmentId], [d].[FullName], [d].[IsActive], [d].[Phone], [d].[Specialization], [d].[UserId]
FROM [Doctors] AS [d]
WHERE [d].[Id] = @p
2026-06-30 11:37:28.869 +03:00 [INF] Executed DbCommand (1ms) [Parameters=[@p='?' (DbType = Guid)], CommandType='"Text"', CommandTimeout='30']
SELECT TOP(1) [p].[Id], [p].[Address], [p].[BloodType], [p].[CreatedAt], [p].[DateOfBirth], [p].[Email], [p].[FullName], [p].[Gender], [p].[NationalId], [p].[Phone], [p].[UserId]
FROM [Patients] AS [p]
WHERE [p].[Id] = @p
2026-06-30 11:37:28.870 +03:00 [INF] Executed DbCommand (1ms) [Parameters=[], CommandType='"Text"', CommandTimeout='30']
SELECT [d].[Id], [d].[AppointmentDurationMinutes], [d].[DoctorId], [d].[EndTime], [d].[IsActive], [d].[ScheduleDate], [d].[StartTime]
FROM [DoctorDateSchedules] AS [d]
2026-06-30 11:37:28.872 +03:00 [WRN] Request failed with "BadRequest"
HospitalSystem.Application.Exceptions.ValidationException: Doctor is not available on this date. Set working hours for this date first.
   at HospitalSystem.Application.Services.AppointmentService.GetWorkingHoursForDateAsync(Guid doctorId, DateOnly date, CancellationToken cancellationToken) in G:\DEPI\HospitalSystem.Application\Services\AppointmentService.cs:line 262
   at HospitalSystem.Application.Services.AppointmentService.BookAppointmentAsync(CreateAppointmentRequest request, Guid receptionistId, CancellationToken cancellationToken) in G:\DEPI\HospitalSystem.Application\Services\AppointmentService.cs:line 36
   at HospitalSystem.API.Controllers.AppointmentsController.Book(CreateAppointmentRequest request, CancellationToken cancellationToken) in G:\DEPI\HospitalSystem.API\Controllers\AppointmentsController.cs:line 53
   at lambda_method629(Closure, Object)
   at Microsoft.AspNetCore.Mvc.Infrastructure.ActionMethodExecutor.AwaitableObjectResultExecutor.Execute(ActionContext actionContext, IActionResultTypeMapper mapper, ObjectMethodExecutor executor, Object controller, Object[] arguments)
   at Microsoft.AspNetCore.Mvc.Infrastructure.ControllerActionInvoker.<InvokeActionMethodAsync>g__Awaited|12_0(ControllerActionInvoker invoker, ValueTask`1 actionResultValueTask)
   at Microsoft.AspNetCore.Mvc.Infrastructure.ControllerActionInvoker.<InvokeNextActionFilterAsync>g__Awaited|10_0(ControllerActionInvoker invoker, Task lastTask, State next, Scope scope, Object state, Boolean isCompleted)
   at Microsoft.AspNetCore.Mvc.Infrastructure.ControllerActionInvoker.Rethrow(ActionExecutedContextSealed context)
   at Microsoft.AspNetCore.Mvc.Infrastructure.ControllerActionInvoker.Next(State& next, Scope& scope, Object& state, Boolean& isCompleted)
   at Microsoft.AspNetCore.Mvc.Infrastructure.ControllerActionInvoker.<InvokeInnerFilterAsync>g__Awaited|13_0(ControllerActionInvoker invoker, Task lastTask, State next, Scope scope, Object state, Boolean isCompleted)
   at Microsoft.AspNetCore.Mvc.Infrastructure.ResourceInvoker.<InvokeFilterPipelineAsync>g__Awaited|20_0(ResourceInvoker invoker, Task lastTask, State next, Scope scope, Object state, Boolean isCompleted)
   at Microsoft.AspNetCore.Mvc.Infrastructure.ResourceInvoker.<InvokeAsync>g__Awaited|17_0(ResourceInvoker invoker, Task task, IDisposable scope)
   at Microsoft.AspNetCore.Mvc.Infrastructure.ResourceInvoker.<InvokeAsync>g__Awaited|17_0(ResourceInvoker invoker, Task task, IDisposable scope)
   at Microsoft.AspNetCore.Authorization.AuthorizationMiddleware.Invoke(HttpContext context)
   at Microsoft.AspNetCore.Authentication.AuthenticationMiddleware.Invoke(HttpContext context)
   at Swashbuckle.AspNetCore.SwaggerUI.SwaggerUIMiddleware.Invoke(HttpContext httpContext)
   at Swashbuckle.AspNetCore.Swagger.SwaggerMiddleware.Invoke(HttpContext httpContext, ISwaggerProvider swaggerProvider)
   at HospitalSystem.API.Middleware.RequestLoggingMiddleware.InvokeAsync(HttpContext context) in G:\DEPI\HospitalSystem.API\Middleware\RequestLoggingMiddleware.cs:line 19
   at HospitalSystem.API.Middleware.ExceptionHandlingMiddleware.InvokeAsync(HttpContext context) in G:\DEPI\HospitalSystem.API\Middleware\ExceptionHandlingMiddleware.cs:line 24
2026-06-30 11:37:55.092 +03:00 [INF] Executed DbCommand (1ms) [Parameters=[], CommandType='"Text"', CommandTimeout='30']
SELECT [u].[Id], [u].[CreatedAt], [u].[Email], [u].[IsActive], [u].[PasswordHash], [u].[Role]
FROM [Users] AS [u]
2026-06-30 11:37:55.299 +03:00 [INF] HTTP POST /api/auth/login responded 200 in 209ms
2026-06-30 11:37:55.353 +03:00 [INF] Executed DbCommand (1ms) [Parameters=[], CommandType='"Text"', CommandTimeout='30']
SELECT [u].[Id], [u].[CreatedAt], [u].[Email], [u].[IsActive], [u].[PasswordHash], [u].[Role]
FROM [Users] AS [u]
2026-06-30 11:37:55.567 +03:00 [INF] HTTP POST /api/auth/login responded 200 in 215ms
2026-06-30 11:37:55.570 +03:00 [INF] Executed DbCommand (0ms) [Parameters=[], CommandType='"Text"', CommandTimeout='30']
SELECT [p].[Id], [p].[Address], [p].[BloodType], [p].[CreatedAt], [p].[DateOfBirth], [p].[Email], [p].[FullName], [p].[Gender], [p].[NationalId], [p].[Phone], [p].[UserId]
FROM [Patients] AS [p]
2026-06-30 11:37:55.570 +03:00 [INF] HTTP GET /api/patients responded 200 in 1ms
2026-06-30 11:37:55.592 +03:00 [INF] Executed DbCommand (1ms) [Parameters=[], CommandType='"Text"', CommandTimeout='30']
SELECT [d].[Id], [d].[DepartmentId], [d].[FullName], [d].[IsActive], [d].[Phone], [d].[Specialization], [d].[UserId]
FROM [Doctors] AS [d]
2026-06-30 11:37:55.593 +03:00 [INF] Executed DbCommand (0ms) [Parameters=[@p='?' (DbType = Guid)], CommandType='"Text"', CommandTimeout='30']
SELECT TOP(1) [d].[Id], [d].[Description], [d].[IsActive], [d].[Name]
FROM [Departments] AS [d]
WHERE [d].[Id] = @p
2026-06-30 11:37:55.594 +03:00 [INF] Executed DbCommand (0ms) [Parameters=[@p='?' (DbType = Guid)], CommandType='"Text"', CommandTimeout='30']
SELECT TOP(1) [d].[Id], [d].[Description], [d].[IsActive], [d].[Name]
FROM [Departments] AS [d]
WHERE [d].[Id] = @p
2026-06-30 11:37:55.594 +03:00 [INF] HTTP GET /api/doctors responded 200 in 3ms
2026-06-30 11:37:55.659 +03:00 [INF] Executed DbCommand (1ms) [Parameters=[@p='?' (DbType = Guid)], CommandType='"Text"', CommandTimeout='30']
SELECT TOP(1) [d].[Id], [d].[DepartmentId], [d].[FullName], [d].[IsActive], [d].[Phone], [d].[Specialization], [d].[UserId]
FROM [Doctors] AS [d]
WHERE [d].[Id] = @p
2026-06-30 11:37:55.660 +03:00 [INF] Executed DbCommand (1ms) [Parameters=[@p='?' (DbType = Guid)], CommandType='"Text"', CommandTimeout='30']
SELECT TOP(1) [p].[Id], [p].[Address], [p].[BloodType], [p].[CreatedAt], [p].[DateOfBirth], [p].[Email], [p].[FullName], [p].[Gender], [p].[NationalId], [p].[Phone], [p].[UserId]
FROM [Patients] AS [p]
WHERE [p].[Id] = @p
2026-06-30 11:37:55.661 +03:00 [INF] Executed DbCommand (1ms) [Parameters=[], CommandType='"Text"', CommandTimeout='30']
SELECT [d].[Id], [d].[AppointmentDurationMinutes], [d].[DoctorId], [d].[EndTime], [d].[IsActive], [d].[ScheduleDate], [d].[StartTime]
FROM [DoctorDateSchedules] AS [d]
2026-06-30 11:37:55.662 +03:00 [WRN] Request failed with "BadRequest"
HospitalSystem.Application.Exceptions.ValidationException: Doctor is not available on this date. Set working hours for this date first.
   at HospitalSystem.Application.Services.AppointmentService.GetWorkingHoursForDateAsync(Guid doctorId, DateOnly date, CancellationToken cancellationToken) in G:\DEPI\HospitalSystem.Application\Services\AppointmentService.cs:line 262
   at HospitalSystem.Application.Services.AppointmentService.BookAppointmentAsync(CreateAppointmentRequest request, Guid receptionistId, CancellationToken cancellationToken) in G:\DEPI\HospitalSystem.Application\Services\AppointmentService.cs:line 36
   at HospitalSystem.API.Controllers.AppointmentsController.Book(CreateAppointmentRequest request, CancellationToken cancellationToken) in G:\DEPI\HospitalSystem.API\Controllers\AppointmentsController.cs:line 53
   at lambda_method629(Closure, Object)
   at Microsoft.AspNetCore.Mvc.Infrastructure.ActionMethodExecutor.AwaitableObjectResultExecutor.Execute(ActionContext actionContext, IActionResultTypeMapper mapper, ObjectMethodExecutor executor, Object controller, Object[] arguments)
   at Microsoft.AspNetCore.Mvc.Infrastructure.ControllerActionInvoker.<InvokeActionMethodAsync>g__Awaited|12_0(ControllerActionInvoker invoker, ValueTask`1 actionResultValueTask)
   at Microsoft.AspNetCore.Mvc.Infrastructure.ControllerActionInvoker.<InvokeNextActionFilterAsync>g__Awaited|10_0(ControllerActionInvoker invoker, Task lastTask, State next, Scope scope, Object state, Boolean isCompleted)
   at Microsoft.AspNetCore.Mvc.Infrastructure.ControllerActionInvoker.Rethrow(ActionExecutedContextSealed context)
   at Microsoft.AspNetCore.Mvc.Infrastructure.ControllerActionInvoker.Next(State& next, Scope& scope, Object& state, Boolean& isCompleted)
   at Microsoft.AspNetCore.Mvc.Infrastructure.ControllerActionInvoker.<InvokeInnerFilterAsync>g__Awaited|13_0(ControllerActionInvoker invoker, Task lastTask, State next, Scope scope, Object state, Boolean isCompleted)
   at Microsoft.AspNetCore.Mvc.Infrastructure.ResourceInvoker.<InvokeFilterPipelineAsync>g__Awaited|20_0(ResourceInvoker invoker, Task lastTask, State next, Scope scope, Object state, Boolean isCompleted)
   at Microsoft.AspNetCore.Mvc.Infrastructure.ResourceInvoker.<InvokeAsync>g__Awaited|17_0(ResourceInvoker invoker, Task task, IDisposable scope)
   at Microsoft.AspNetCore.Mvc.Infrastructure.ResourceInvoker.<InvokeAsync>g__Awaited|17_0(ResourceInvoker invoker, Task task, IDisposable scope)
   at Microsoft.AspNetCore.Authorization.AuthorizationMiddleware.Invoke(HttpContext context)
   at Microsoft.AspNetCore.Authentication.AuthenticationMiddleware.Invoke(HttpContext context)
   at Swashbuckle.AspNetCore.SwaggerUI.SwaggerUIMiddleware.Invoke(HttpContext httpContext)
   at Swashbuckle.AspNetCore.Swagger.SwaggerMiddleware.Invoke(HttpContext httpContext, ISwaggerProvider swaggerProvider)
   at HospitalSystem.API.Middleware.RequestLoggingMiddleware.InvokeAsync(HttpContext context) in G:\DEPI\HospitalSystem.API\Middleware\RequestLoggingMiddleware.cs:line 19
   at HospitalSystem.API.Middleware.ExceptionHandlingMiddleware.InvokeAsync(HttpContext context) in G:\DEPI\HospitalSystem.API\Middleware\ExceptionHandlingMiddleware.cs:line 24
2026-06-30 11:38:21.652 +03:00 [INF] Executed DbCommand (1ms) [Parameters=[], CommandType='"Text"', CommandTimeout='30']
SELECT [u].[Id], [u].[CreatedAt], [u].[Email], [u].[IsActive], [u].[PasswordHash], [u].[Role]
FROM [Users] AS [u]
2026-06-30 11:38:21.953 +03:00 [INF] HTTP POST /api/auth/login responded 200 in 303ms
2026-06-30 11:38:22.025 +03:00 [INF] Executed DbCommand (1ms) [Parameters=[], CommandType='"Text"', CommandTimeout='30']
SELECT [p].[Id], [p].[Address], [p].[BloodType], [p].[CreatedAt], [p].[DateOfBirth], [p].[Email], [p].[FullName], [p].[Gender], [p].[NationalId], [p].[Phone], [p].[UserId]
FROM [Patients] AS [p]
2026-06-30 11:38:22.025 +03:00 [INF] HTTP GET /api/patients responded 200 in 2ms
2026-06-30 11:38:22.086 +03:00 [INF] Executed DbCommand (1ms) [Parameters=[@p='?' (DbType = Guid)], CommandType='"Text"', CommandTimeout='30']
SELECT TOP(1) [d].[Id], [d].[DepartmentId], [d].[FullName], [d].[IsActive], [d].[Phone], [d].[Specialization], [d].[UserId]
FROM [Doctors] AS [d]
WHERE [d].[Id] = @p
2026-06-30 11:38:22.088 +03:00 [INF] Executed DbCommand (1ms) [Parameters=[@p='?' (DbType = Guid)], CommandType='"Text"', CommandTimeout='30']
SELECT TOP(1) [p].[Id], [p].[Address], [p].[BloodType], [p].[CreatedAt], [p].[DateOfBirth], [p].[Email], [p].[FullName], [p].[Gender], [p].[NationalId], [p].[Phone], [p].[UserId]
FROM [Patients] AS [p]
WHERE [p].[Id] = @p
2026-06-30 11:38:22.090 +03:00 [INF] Executed DbCommand (1ms) [Parameters=[], CommandType='"Text"', CommandTimeout='30']
SELECT [d].[Id], [d].[AppointmentDurationMinutes], [d].[DoctorId], [d].[EndTime], [d].[IsActive], [d].[ScheduleDate], [d].[StartTime]
FROM [DoctorDateSchedules] AS [d]
2026-06-30 11:38:22.092 +03:00 [INF] Executed DbCommand (1ms) [Parameters=[@doctorId='?' (DbType = Guid), @date='?' (DbType = Date), @endTime='?' (DbType = Time), @startTime='?' (DbType = Time)], CommandType='"Text"', CommandTimeout='30']
SELECT CASE
    WHEN EXISTS (
        SELECT 1
        FROM [Appointments] AS [a]
        WHERE [a].[DoctorId] = @doctorId AND [a].[AppointmentDate] = @date AND [a].[Status] <> N'Cancelled' AND [a].[StartTime] < @endTime AND [a].[EndTime] > @startTime) THEN CAST(1 AS bit)
    ELSE CAST(0 AS bit)
END
2026-06-30 11:38:22.093 +03:00 [WRN] Request failed with "BadRequest"
HospitalSystem.Application.Exceptions.ValidationException: Slot not available.
   at HospitalSystem.Application.Services.AppointmentService.BookAppointmentAsync(CreateAppointmentRequest request, Guid receptionistId, CancellationToken cancellationToken) in G:\DEPI\HospitalSystem.Application\Services\AppointmentService.cs:line 49
   at HospitalSystem.API.Controllers.AppointmentsController.Book(CreateAppointmentRequest request, CancellationToken cancellationToken) in G:\DEPI\HospitalSystem.API\Controllers\AppointmentsController.cs:line 53
   at lambda_method629(Closure, Object)
   at Microsoft.AspNetCore.Mvc.Infrastructure.ActionMethodExecutor.AwaitableObjectResultExecutor.Execute(ActionContext actionContext, IActionResultTypeMapper mapper, ObjectMethodExecutor executor, Object controller, Object[] arguments)
   at Microsoft.AspNetCore.Mvc.Infrastructure.ControllerActionInvoker.<InvokeActionMethodAsync>g__Awaited|12_0(ControllerActionInvoker invoker, ValueTask`1 actionResultValueTask)
   at Microsoft.AspNetCore.Mvc.Infrastructure.ControllerActionInvoker.<InvokeNextActionFilterAsync>g__Awaited|10_0(ControllerActionInvoker invoker, Task lastTask, State next, Scope scope, Object state, Boolean isCompleted)
   at Microsoft.AspNetCore.Mvc.Infrastructure.ControllerActionInvoker.Rethrow(ActionExecutedContextSealed context)
   at Microsoft.AspNetCore.Mvc.Infrastructure.ControllerActionInvoker.Next(State& next, Scope& scope, Object& state, Boolean& isCompleted)
   at Microsoft.AspNetCore.Mvc.Infrastructure.ControllerActionInvoker.<InvokeInnerFilterAsync>g__Awaited|13_0(ControllerActionInvoker invoker, Task lastTask, State next, Scope scope, Object state, Boolean isCompleted)
   at Microsoft.AspNetCore.Mvc.Infrastructure.ResourceInvoker.<InvokeFilterPipelineAsync>g__Awaited|20_0(ResourceInvoker invoker, Task lastTask, State next, Scope scope, Object state, Boolean isCompleted)
   at Microsoft.AspNetCore.Mvc.Infrastructure.ResourceInvoker.<InvokeAsync>g__Awaited|17_0(ResourceInvoker invoker, Task task, IDisposable scope)
   at Microsoft.AspNetCore.Mvc.Infrastructure.ResourceInvoker.<InvokeAsync>g__Awaited|17_0(ResourceInvoker invoker, Task task, IDisposable scope)
   at Microsoft.AspNetCore.Authorization.AuthorizationMiddleware.Invoke(HttpContext context)
   at Microsoft.AspNetCore.Authentication.AuthenticationMiddleware.Invoke(HttpContext context)
   at Swashbuckle.AspNetCore.SwaggerUI.SwaggerUIMiddleware.Invoke(HttpContext httpContext)
   at Swashbuckle.AspNetCore.Swagger.SwaggerMiddleware.Invoke(HttpContext httpContext, ISwaggerProvider swaggerProvider)
   at HospitalSystem.API.Middleware.RequestLoggingMiddleware.InvokeAsync(HttpContext context) in G:\DEPI\HospitalSystem.API\Middleware\RequestLoggingMiddleware.cs:line 19
   at HospitalSystem.API.Middleware.ExceptionHandlingMiddleware.InvokeAsync(HttpContext context) in G:\DEPI\HospitalSystem.API\Middleware\ExceptionHandlingMiddleware.cs:line 24
2026-06-30 11:38:46.024 +03:00 [INF] Executed DbCommand (0ms) [Parameters=[], CommandType='"Text"', CommandTimeout='30']
SELECT [u].[Id], [u].[CreatedAt], [u].[Email], [u].[IsActive], [u].[PasswordHash], [u].[Role]
FROM [Users] AS [u]
2026-06-30 11:38:46.274 +03:00 [INF] HTTP POST /api/auth/login responded 200 in 251ms
2026-06-30 11:38:46.335 +03:00 [INF] Executed DbCommand (1ms) [Parameters=[], CommandType='"Text"', CommandTimeout='30']
SELECT [p].[Id], [p].[Address], [p].[BloodType], [p].[CreatedAt], [p].[DateOfBirth], [p].[Email], [p].[FullName], [p].[Gender], [p].[NationalId], [p].[Phone], [p].[UserId]
FROM [Patients] AS [p]
2026-06-30 11:38:46.336 +03:00 [INF] HTTP GET /api/patients responded 200 in 2ms
2026-06-30 11:38:46.453 +03:00 [INF] Executed DbCommand (1ms) [Parameters=[@p='?' (DbType = Guid)], CommandType='"Text"', CommandTimeout='30']
SELECT TOP(1) [d].[Id], [d].[DepartmentId], [d].[FullName], [d].[IsActive], [d].[Phone], [d].[Specialization], [d].[UserId]
FROM [Doctors] AS [d]
WHERE [d].[Id] = @p
2026-06-30 11:38:46.454 +03:00 [INF] Executed DbCommand (1ms) [Parameters=[@p='?' (DbType = Guid)], CommandType='"Text"', CommandTimeout='30']
SELECT TOP(1) [p].[Id], [p].[Address], [p].[BloodType], [p].[CreatedAt], [p].[DateOfBirth], [p].[Email], [p].[FullName], [p].[Gender], [p].[NationalId], [p].[Phone], [p].[UserId]
FROM [Patients] AS [p]
WHERE [p].[Id] = @p
2026-06-30 11:38:46.455 +03:00 [INF] Executed DbCommand (0ms) [Parameters=[], CommandType='"Text"', CommandTimeout='30']
SELECT [d].[Id], [d].[AppointmentDurationMinutes], [d].[DoctorId], [d].[EndTime], [d].[IsActive], [d].[ScheduleDate], [d].[StartTime]
FROM [DoctorDateSchedules] AS [d]
2026-06-30 11:38:46.456 +03:00 [INF] Executed DbCommand (1ms) [Parameters=[@doctorId='?' (DbType = Guid), @date='?' (DbType = Date), @endTime='?' (DbType = Time), @startTime='?' (DbType = Time)], CommandType='"Text"', CommandTimeout='30']
SELECT CASE
    WHEN EXISTS (
        SELECT 1
        FROM [Appointments] AS [a]
        WHERE [a].[DoctorId] = @doctorId AND [a].[AppointmentDate] = @date AND [a].[Status] <> N'Cancelled' AND [a].[StartTime] < @endTime AND [a].[EndTime] > @startTime) THEN CAST(1 AS bit)
    ELSE CAST(0 AS bit)
END
2026-06-30 11:38:46.458 +03:00 [INF] Executed DbCommand (1ms) [Parameters=[@patientId='?' (DbType = Guid), @date='?' (DbType = Date), @endTime='?' (DbType = Time), @startTime='?' (DbType = Time)], CommandType='"Text"', CommandTimeout='30']
SELECT CASE
    WHEN EXISTS (
        SELECT 1
        FROM [Appointments] AS [a]
        WHERE [a].[PatientId] = @patientId AND [a].[AppointmentDate] = @date AND [a].[Status] <> N'Cancelled' AND [a].[StartTime] < @endTime AND [a].[EndTime] > @startTime) THEN CAST(1 AS bit)
    ELSE CAST(0 AS bit)
END
2026-06-30 11:38:46.471 +03:00 [INF] Executed DbCommand (10ms) [Parameters=[@p0='?' (DbType = Guid), @p1='?' (DbType = Date), @p2='?' (DbType = DateTime2), @p3='?' (DbType = Guid), @p4='?' (DbType = Guid), @p5='?' (DbType = Time), @p6='?' (Size = 2000), @p7='?' (DbType = Guid), @p8='?' (DbType = Time), @p9='?' (Size = 50), @p10='?' (DbType = DateTime2)], CommandType='"Text"', CommandTimeout='30']
SET IMPLICIT_TRANSACTIONS OFF;
SET NOCOUNT ON;
INSERT INTO [Appointments] ([Id], [AppointmentDate], [CreatedAt], [CreatedByReceptionistId], [DoctorId], [EndTime], [Notes], [PatientId], [StartTime], [Status], [UpdatedAt])
VALUES (@p0, @p1, @p2, @p3, @p4, @p5, @p6, @p7, @p8, @p9, @p10);
2026-06-30 11:38:46.472 +03:00 [INF] Appointment booked "164315d3-2aec-4847-90b7-852525d5d79b" for patient "d382320a-4b14-4d99-b259-40d342004dcb" with doctor "41885cdc-0175-4dcb-9824-944a922f6950" on "2026-06-30" at "13:00:00" by receptionist "77d8c535-fcd4-49b8-9e59-82f614cf7b03"
2026-06-30 11:38:46.472 +03:00 [INF] HTTP POST /api/appointments responded 200 in 22ms
2026-06-30 11:38:46.481 +03:00 [INF] Executed DbCommand (1ms) [Parameters=[@p='?' (DbType = Guid)], CommandType='"Text"', CommandTimeout='30']
SELECT TOP(1) [d].[Id], [d].[DepartmentId], [d].[FullName], [d].[IsActive], [d].[Phone], [d].[Specialization], [d].[UserId]
FROM [Doctors] AS [d]
WHERE [d].[Id] = @p
2026-06-30 11:38:46.482 +03:00 [INF] Executed DbCommand (0ms) [Parameters=[@p='?' (DbType = Guid)], CommandType='"Text"', CommandTimeout='30']
SELECT TOP(1) [p].[Id], [p].[Address], [p].[BloodType], [p].[CreatedAt], [p].[DateOfBirth], [p].[Email], [p].[FullName], [p].[Gender], [p].[NationalId], [p].[Phone], [p].[UserId]
FROM [Patients] AS [p]
WHERE [p].[Id] = @p
2026-06-30 11:38:46.483 +03:00 [INF] Executed DbCommand (0ms) [Parameters=[], CommandType='"Text"', CommandTimeout='30']
SELECT [d].[Id], [d].[AppointmentDurationMinutes], [d].[DoctorId], [d].[EndTime], [d].[IsActive], [d].[ScheduleDate], [d].[StartTime]
FROM [DoctorDateSchedules] AS [d]
2026-06-30 11:38:46.484 +03:00 [INF] Executed DbCommand (1ms) [Parameters=[@doctorId='?' (DbType = Guid), @date='?' (DbType = Date), @endTime='?' (DbType = Time), @startTime='?' (DbType = Time)], CommandType='"Text"', CommandTimeout='30']
SELECT CASE
    WHEN EXISTS (
        SELECT 1
        FROM [Appointments] AS [a]
        WHERE [a].[DoctorId] = @doctorId AND [a].[AppointmentDate] = @date AND [a].[Status] <> N'Cancelled' AND [a].[StartTime] < @endTime AND [a].[EndTime] > @startTime) THEN CAST(1 AS bit)
    ELSE CAST(0 AS bit)
END
2026-06-30 11:38:46.485 +03:00 [INF] Executed DbCommand (1ms) [Parameters=[@patientId='?' (DbType = Guid), @date='?' (DbType = Date), @endTime='?' (DbType = Time), @startTime='?' (DbType = Time)], CommandType='"Text"', CommandTimeout='30']
SELECT CASE
    WHEN EXISTS (
        SELECT 1
        FROM [Appointments] AS [a]
        WHERE [a].[PatientId] = @patientId AND [a].[AppointmentDate] = @date AND [a].[Status] <> N'Cancelled' AND [a].[StartTime] < @endTime AND [a].[EndTime] > @startTime) THEN CAST(1 AS bit)
    ELSE CAST(0 AS bit)
END
2026-06-30 11:38:46.485 +03:00 [WRN] Request failed with "BadRequest"
HospitalSystem.Application.Exceptions.ValidationException: Patient already has an appointment at this time.
   at HospitalSystem.Application.Services.AppointmentService.BookAppointmentAsync(CreateAppointmentRequest request, Guid receptionistId, CancellationToken cancellationToken) in G:\DEPI\HospitalSystem.Application\Services\AppointmentService.cs:line 56
   at HospitalSystem.API.Controllers.AppointmentsController.Book(CreateAppointmentRequest request, CancellationToken cancellationToken) in G:\DEPI\HospitalSystem.API\Controllers\AppointmentsController.cs:line 53
   at lambda_method629(Closure, Object)
   at Microsoft.AspNetCore.Mvc.Infrastructure.ActionMethodExecutor.AwaitableObjectResultExecutor.Execute(ActionContext actionContext, IActionResultTypeMapper mapper, ObjectMethodExecutor executor, Object controller, Object[] arguments)
   at Microsoft.AspNetCore.Mvc.Infrastructure.ControllerActionInvoker.<InvokeActionMethodAsync>g__Awaited|12_0(ControllerActionInvoker invoker, ValueTask`1 actionResultValueTask)
   at Microsoft.AspNetCore.Mvc.Infrastructure.ControllerActionInvoker.<InvokeNextActionFilterAsync>g__Awaited|10_0(ControllerActionInvoker invoker, Task lastTask, State next, Scope scope, Object state, Boolean isCompleted)
   at Microsoft.AspNetCore.Mvc.Infrastructure.ControllerActionInvoker.Rethrow(ActionExecutedContextSealed context)
   at Microsoft.AspNetCore.Mvc.Infrastructure.ControllerActionInvoker.Next(State& next, Scope& scope, Object& state, Boolean& isCompleted)
   at Microsoft.AspNetCore.Mvc.Infrastructure.ControllerActionInvoker.<InvokeInnerFilterAsync>g__Awaited|13_0(ControllerActionInvoker invoker, Task lastTask, State next, Scope scope, Object state, Boolean isCompleted)
   at Microsoft.AspNetCore.Mvc.Infrastructure.ResourceInvoker.<InvokeFilterPipelineAsync>g__Awaited|20_0(ResourceInvoker invoker, Task lastTask, State next, Scope scope, Object state, Boolean isCompleted)
   at Microsoft.AspNetCore.Mvc.Infrastructure.ResourceInvoker.<InvokeAsync>g__Awaited|17_0(ResourceInvoker invoker, Task task, IDisposable scope)
   at Microsoft.AspNetCore.Mvc.Infrastructure.ResourceInvoker.<InvokeAsync>g__Awaited|17_0(ResourceInvoker invoker, Task task, IDisposable scope)
   at Microsoft.AspNetCore.Authorization.AuthorizationMiddleware.Invoke(HttpContext context)
   at Microsoft.AspNetCore.Authentication.AuthenticationMiddleware.Invoke(HttpContext context)
   at Swashbuckle.AspNetCore.SwaggerUI.SwaggerUIMiddleware.Invoke(HttpContext httpContext)
   at Swashbuckle.AspNetCore.Swagger.SwaggerMiddleware.Invoke(HttpContext httpContext, ISwaggerProvider swaggerProvider)
   at HospitalSystem.API.Middleware.RequestLoggingMiddleware.InvokeAsync(HttpContext context) in G:\DEPI\HospitalSystem.API\Middleware\RequestLoggingMiddleware.cs:line 19
   at HospitalSystem.API.Middleware.ExceptionHandlingMiddleware.InvokeAsync(HttpContext context) in G:\DEPI\HospitalSystem.API\Middleware\ExceptionHandlingMiddleware.cs:line 24
2026-06-30 11:39:37.794 +03:00 [INF] HTTP OPTIONS /api/patients responded 204 in 0ms
2026-06-30 11:39:37.800 +03:00 [INF] Executed DbCommand (1ms) [Parameters=[], CommandType='"Text"', CommandTimeout='30']
SELECT [p].[Id], [p].[Address], [p].[BloodType], [p].[CreatedAt], [p].[DateOfBirth], [p].[Email], [p].[FullName], [p].[Gender], [p].[NationalId], [p].[Phone], [p].[UserId]
FROM [Patients] AS [p]
2026-06-30 11:39:37.801 +03:00 [INF] HTTP GET /api/patients responded 200 in 3ms
2026-06-30 11:39:46.780 +03:00 [INF] HTTP OPTIONS /api/patients responded 204 in 0ms
2026-06-30 11:39:46.783 +03:00 [INF] Executed DbCommand (0ms) [Parameters=[], CommandType='"Text"', CommandTimeout='30']
SELECT [p].[Id], [p].[Address], [p].[BloodType], [p].[CreatedAt], [p].[DateOfBirth], [p].[Email], [p].[FullName], [p].[Gender], [p].[NationalId], [p].[Phone], [p].[UserId]
FROM [Patients] AS [p]
2026-06-30 11:39:46.784 +03:00 [INF] HTTP GET /api/patients responded 200 in 1ms
2026-06-30 11:39:47.777 +03:00 [INF] Executed DbCommand (0ms) [Parameters=[], CommandType='"Text"', CommandTimeout='30']
SELECT [p].[Id], [p].[Address], [p].[BloodType], [p].[CreatedAt], [p].[DateOfBirth], [p].[Email], [p].[FullName], [p].[Gender], [p].[NationalId], [p].[Phone], [p].[UserId]
FROM [Patients] AS [p]
2026-06-30 11:39:47.778 +03:00 [INF] HTTP GET /api/patients responded 200 in 1ms
2026-06-30 11:42:21.061 +03:00 [INF] Executed DbCommand (71ms) [Parameters=[], CommandType='"Text"', CommandTimeout='30']
SELECT 1
2026-06-30 11:42:21.174 +03:00 [INF] Acquiring an exclusive lock for migration application. See https://aka.ms/efcore-docs-migrations-lock for more information if this takes too long.
2026-06-30 11:42:21.245 +03:00 [INF] Executed DbCommand (62ms) [Parameters=[], CommandType='"Text"', CommandTimeout='30']
DECLARE @result int;
EXEC @result = sp_getapplock @Resource = '__EFMigrationsLock', @LockOwner = 'Session', @LockMode = 'Exclusive';
SELECT @result
2026-06-30 11:42:21.421 +03:00 [INF] Executed DbCommand (11ms) [Parameters=[], CommandType='"Text"', CommandTimeout='30']
IF OBJECT_ID(N'[__EFMigrationsHistory]') IS NULL
BEGIN
    CREATE TABLE [__EFMigrationsHistory] (
        [MigrationId] nvarchar(150) NOT NULL,
        [ProductVersion] nvarchar(32) NOT NULL,
        CONSTRAINT [PK___EFMigrationsHistory] PRIMARY KEY ([MigrationId])
    );
END;
2026-06-30 11:42:21.463 +03:00 [INF] Executed DbCommand (1ms) [Parameters=[], CommandType='"Text"', CommandTimeout='30']
SELECT 1
2026-06-30 11:42:21.467 +03:00 [INF] Executed DbCommand (1ms) [Parameters=[], CommandType='"Text"', CommandTimeout='30']
SELECT OBJECT_ID(N'[__EFMigrationsHistory]');
2026-06-30 11:42:21.487 +03:00 [INF] Executed DbCommand (13ms) [Parameters=[], CommandType='"Text"', CommandTimeout='30']
SELECT [MigrationId], [ProductVersion]
FROM [__EFMigrationsHistory]
ORDER BY [MigrationId];
2026-06-30 11:42:21.512 +03:00 [INF] No migrations were applied. The database is already up to date.
2026-06-30 11:42:21.520 +03:00 [INF] Executed DbCommand (4ms) [Parameters=[], CommandType='"Text"', CommandTimeout='30']
DECLARE @result int;
EXEC @result = sp_releaseapplock @Resource = '__EFMigrationsLock', @LockOwner = 'Session';
SELECT @result
2026-06-30 11:42:21.954 +03:00 [INF] Executed DbCommand (15ms) [Parameters=[], CommandType='"Text"', CommandTimeout='30']
SELECT CASE
    WHEN EXISTS (
        SELECT 1
        FROM [Users] AS [u]) THEN CAST(1 AS bit)
    ELSE CAST(0 AS bit)
END
2026-06-30 11:42:21.964 +03:00 [INF] Database already seeded. Ensuring demo accounts exist.
2026-06-30 11:42:22.125 +03:00 [INF] Executed DbCommand (11ms) [Parameters=[], CommandType='"Text"', CommandTimeout='30']
SELECT TOP(1) [u].[Id], [u].[CreatedAt], [u].[Email], [u].[IsActive], [u].[PasswordHash], [u].[Role]
FROM [Users] AS [u]
WHERE [u].[Email] = N'patient@hospital.com'
2026-06-30 11:42:22.343 +03:00 [INF] Executed DbCommand (36ms) [Parameters=[@patientUser_Id='?' (DbType = Guid)], CommandType='"Text"', CommandTimeout='30']
SELECT TOP(1) [p].[Id], [p].[Address], [p].[BloodType], [p].[CreatedAt], [p].[DateOfBirth], [p].[Email], [p].[FullName], [p].[Gender], [p].[NationalId], [p].[Phone], [p].[UserId]
FROM [Patients] AS [p]
WHERE [p].[UserId] = @patientUser_Id
2026-06-30 11:42:22.474 +03:00 [INF] Executed DbCommand (6ms) [Parameters=[], CommandType='"Text"', CommandTimeout='30']
SELECT CASE
    WHEN EXISTS (
        SELECT 1
        FROM [DefaultDoctorSchedules] AS [d]) THEN CAST(1 AS bit)
    ELSE CAST(0 AS bit)
END
2026-06-30 11:42:22.772 +03:00 [INF] Now listening on: http://localhost:5000
2026-06-30 11:42:22.773 +03:00 [INF] Application started. Press Ctrl+C to shut down.
2026-06-30 11:42:22.774 +03:00 [INF] Hosting environment: Development
2026-06-30 11:42:22.774 +03:00 [INF] Content root path: G:\DEPI\HospitalSystem.API
2026-06-30 11:43:25.702 +03:00 [WRN] Failed to determine the https port for redirect.
2026-06-30 11:43:25.717 +03:00 [INF] HTTP OPTIONS /api/patients responded 204 in 97ms
2026-06-30 11:43:26.248 +03:00 [INF] Executed DbCommand (4ms) [Parameters=[], CommandType='"Text"', CommandTimeout='30']
SELECT [p].[Id], [p].[Address], [p].[BloodType], [p].[CreatedAt], [p].[DateOfBirth], [p].[Email], [p].[FullName], [p].[Gender], [p].[NationalId], [p].[Phone], [p].[UserId]
FROM [Patients] AS [p]
2026-06-30 11:43:26.427 +03:00 [INF] HTTP GET /api/patients responded 200 in 684ms
2026-06-30 11:43:55.683 +03:00 [INF] HTTP OPTIONS /api/departments responded 204 in 4ms
2026-06-30 11:43:55.683 +03:00 [INF] HTTP OPTIONS /api/patients responded 204 in 2ms
2026-06-30 11:43:55.728 +03:00 [INF] Executed DbCommand (3ms) [Parameters=[], CommandType='"Text"', CommandTimeout='30']
SELECT [p].[Id], [p].[Address], [p].[BloodType], [p].[CreatedAt], [p].[DateOfBirth], [p].[Email], [p].[FullName], [p].[Gender], [p].[NationalId], [p].[Phone], [p].[UserId]
FROM [Patients] AS [p]
2026-06-30 11:43:55.737 +03:00 [INF] HTTP GET /api/patients responded 200 in 43ms
2026-06-30 11:43:55.761 +03:00 [INF] Executed DbCommand (11ms) [Parameters=[], CommandType='"Text"', CommandTimeout='30']
SELECT [d].[Id], [d].[Description], [d].[IsActive], [d].[Name]
FROM [Departments] AS [d]
2026-06-30 11:43:55.807 +03:00 [INF] HTTP GET /api/departments responded 200 in 117ms
2026-06-30 11:43:57.156 +03:00 [INF] HTTP GET /swagger/index.html responded 200 in 159ms
2026-06-30 11:45:19.475 +03:00 [INF] HTTP OPTIONS /api/auth/login responded 204 in 0ms
2026-06-30 11:45:19.631 +03:00 [INF] Executed DbCommand (3ms) [Parameters=[], CommandType='"Text"', CommandTimeout='30']
SELECT [u].[Id], [u].[CreatedAt], [u].[Email], [u].[IsActive], [u].[PasswordHash], [u].[Role]
FROM [Users] AS [u]
2026-06-30 11:45:20.405 +03:00 [INF] HTTP POST /api/auth/login responded 200 in 920ms
2026-06-30 11:45:20.504 +03:00 [INF] HTTP OPTIONS /api/patients responded 204 in 0ms
2026-06-30 11:45:20.521 +03:00 [INF] Executed DbCommand (1ms) [Parameters=[], CommandType='"Text"', CommandTimeout='30']
SELECT [p].[Id], [p].[Address], [p].[BloodType], [p].[CreatedAt], [p].[DateOfBirth], [p].[Email], [p].[FullName], [p].[Gender], [p].[NationalId], [p].[Phone], [p].[UserId]
FROM [Patients] AS [p]
2026-06-30 11:45:20.523 +03:00 [INF] HTTP GET /api/patients responded 200 in 14ms
2026-06-30 11:45:35.054 +03:00 [INF] HTTP OPTIONS /api/auth/login responded 204 in 0ms
2026-06-30 11:45:35.068 +03:00 [INF] Executed DbCommand (2ms) [Parameters=[], CommandType='"Text"', CommandTimeout='30']
SELECT [u].[Id], [u].[CreatedAt], [u].[Email], [u].[IsActive], [u].[PasswordHash], [u].[Role]
FROM [Users] AS [u]
2026-06-30 11:45:35.558 +03:00 [INF] HTTP POST /api/auth/login responded 200 in 498ms
2026-06-30 11:45:35.616 +03:00 [INF] HTTP OPTIONS /api/patients responded 204 in 0ms
2026-06-30 11:45:35.623 +03:00 [INF] Executed DbCommand (1ms) [Parameters=[], CommandType='"Text"', CommandTimeout='30']
SELECT [p].[Id], [p].[Address], [p].[BloodType], [p].[CreatedAt], [p].[DateOfBirth], [p].[Email], [p].[FullName], [p].[Gender], [p].[NationalId], [p].[Phone], [p].[UserId]
FROM [Patients] AS [p]
2026-06-30 11:45:35.626 +03:00 [INF] HTTP GET /api/patients responded 200 in 6ms
2026-06-30 11:45:39.687 +03:00 [INF] HTTP OPTIONS /api/departments responded 204 in 0ms
2026-06-30 11:45:39.689 +03:00 [INF] HTTP OPTIONS /api/patients responded 204 in 0ms
2026-06-30 11:45:39.704 +03:00 [INF] Executed DbCommand (2ms) [Parameters=[], CommandType='"Text"', CommandTimeout='30']
SELECT [p].[Id], [p].[Address], [p].[BloodType], [p].[CreatedAt], [p].[DateOfBirth], [p].[Email], [p].[FullName], [p].[Gender], [p].[NationalId], [p].[Phone], [p].[UserId]
FROM [Patients] AS [p]
2026-06-30 11:45:39.708 +03:00 [INF] HTTP GET /api/patients responded 200 in 11ms
2026-06-30 11:45:39.723 +03:00 [INF] Executed DbCommand (1ms) [Parameters=[], CommandType='"Text"', CommandTimeout='30']
SELECT [d].[Id], [d].[Description], [d].[IsActive], [d].[Name]
FROM [Departments] AS [d]
2026-06-30 11:45:39.726 +03:00 [INF] HTTP GET /api/departments responded 200 in 29ms
2026-06-30 11:48:29.784 +03:00 [INF] HTTP OPTIONS /api/doctors responded 204 in 0ms
2026-06-30 11:48:29.784 +03:00 [INF] HTTP OPTIONS /api/doctors responded 204 in 0ms
2026-06-30 11:48:29.807 +03:00 [INF] Executed DbCommand (3ms) [Parameters=[], CommandType='"Text"', CommandTimeout='30']
SELECT [d].[Id], [d].[DepartmentId], [d].[FullName], [d].[IsActive], [d].[Phone], [d].[Specialization], [d].[UserId]
FROM [Doctors] AS [d]
2026-06-30 11:48:29.891 +03:00 [INF] Executed DbCommand (2ms) [Parameters=[@p='?' (DbType = Guid)], CommandType='"Text"', CommandTimeout='30']
SELECT TOP(1) [d].[Id], [d].[Description], [d].[IsActive], [d].[Name]
FROM [Departments] AS [d]
WHERE [d].[Id] = @p
2026-06-30 11:48:29.913 +03:00 [INF] Executed DbCommand (1ms) [Parameters=[@p='?' (DbType = Guid)], CommandType='"Text"', CommandTimeout='30']
SELECT TOP(1) [d].[Id], [d].[Description], [d].[IsActive], [d].[Name]
FROM [Departments] AS [d]
WHERE [d].[Id] = @p
2026-06-30 11:48:29.920 +03:00 [INF] HTTP GET /api/doctors responded 200 in 133ms
2026-06-30 11:48:29.924 +03:00 [INF] Executed DbCommand (1ms) [Parameters=[], CommandType='"Text"', CommandTimeout='30']
SELECT [d].[Id], [d].[DepartmentId], [d].[FullName], [d].[IsActive], [d].[Phone], [d].[Specialization], [d].[UserId]
FROM [Doctors] AS [d]
2026-06-30 11:48:29.926 +03:00 [INF] Executed DbCommand (1ms) [Parameters=[@p='?' (DbType = Guid)], CommandType='"Text"', CommandTimeout='30']
SELECT TOP(1) [d].[Id], [d].[Description], [d].[IsActive], [d].[Name]
FROM [Departments] AS [d]
WHERE [d].[Id] = @p
2026-06-30 11:48:29.928 +03:00 [INF] Executed DbCommand (1ms) [Parameters=[@p='?' (DbType = Guid)], CommandType='"Text"', CommandTimeout='30']
SELECT TOP(1) [d].[Id], [d].[Description], [d].[IsActive], [d].[Name]
FROM [Departments] AS [d]
WHERE [d].[Id] = @p
2026-06-30 11:48:29.929 +03:00 [INF] HTTP GET /api/doctors responded 200 in 8ms
2026-06-30 11:48:29.930 +03:00 [INF] HTTP OPTIONS /api/appointments responded 204 in 0ms
2026-06-30 11:48:29.934 +03:00 [INF] HTTP OPTIONS /api/doctors/38807a7c-e4ef-4cad-bdf2-08fa24f03cbe/date-schedules responded 204 in 0ms
2026-06-30 11:48:29.939 +03:00 [INF] HTTP OPTIONS /api/doctors/44450f15-4382-4c72-9e45-ffb270692955/date-schedules responded 204 in 0ms
2026-06-30 11:48:29.939 +03:00 [INF] HTTP OPTIONS /api/doctors/41885cdc-0175-4dcb-9824-944a922f6950/date-schedules responded 204 in 0ms
2026-06-30 11:48:29.968 +03:00 [INF] Executed DbCommand (2ms) [Parameters=[@p='?' (DbType = Guid)], CommandType='"Text"', CommandTimeout='30']
SELECT TOP(1) [d].[Id], [d].[DepartmentId], [d].[FullName], [d].[IsActive], [d].[Phone], [d].[Specialization], [d].[UserId]
FROM [Doctors] AS [d]
WHERE [d].[Id] = @p
2026-06-30 11:48:29.968 +03:00 [INF] Executed DbCommand (2ms) [Parameters=[@p='?' (DbType = Guid)], CommandType='"Text"', CommandTimeout='30']
SELECT TOP(1) [d].[Id], [d].[DepartmentId], [d].[FullName], [d].[IsActive], [d].[Phone], [d].[Specialization], [d].[UserId]
FROM [Doctors] AS [d]
WHERE [d].[Id] = @p
2026-06-30 11:48:29.973 +03:00 [INF] Executed DbCommand (1ms) [Parameters=[@p='?' (DbType = Guid)], CommandType='"Text"', CommandTimeout='30']
SELECT TOP(1) [d].[Id], [d].[DepartmentId], [d].[FullName], [d].[IsActive], [d].[Phone], [d].[Specialization], [d].[UserId]
FROM [Doctors] AS [d]
WHERE [d].[Id] = @p
2026-06-30 11:48:29.979 +03:00 [INF] Executed DbCommand (6ms) [Parameters=[@doctorId='?' (DbType = Guid), @date='?' (DbType = Date)], CommandType='"Text"', CommandTimeout='30']
SELECT [a].[Id], [a].[AppointmentDate], [a].[CreatedAt], [a].[CreatedByReceptionistId], [a].[DoctorId], [a].[EndTime], [a].[Notes], [a].[PatientId], [a].[StartTime], [a].[Status], [a].[UpdatedAt]
FROM [Appointments] AS [a]
WHERE [a].[DoctorId] = @doctorId AND [a].[AppointmentDate] = @date
ORDER BY [a].[StartTime]
2026-06-30 11:48:29.983 +03:00 [INF] Executed DbCommand (3ms) [Parameters=[], CommandType='"Text"', CommandTimeout='30']
SELECT [d].[Id], [d].[AppointmentDurationMinutes], [d].[DoctorId], [d].[EndTime], [d].[IsActive], [d].[ScheduleDate], [d].[StartTime]
FROM [DoctorDateSchedules] AS [d]
2026-06-30 11:48:29.984 +03:00 [INF] Executed DbCommand (4ms) [Parameters=[], CommandType='"Text"', CommandTimeout='30']
SELECT [d].[Id], [d].[AppointmentDurationMinutes], [d].[DoctorId], [d].[EndTime], [d].[IsActive], [d].[ScheduleDate], [d].[StartTime]
FROM [DoctorDateSchedules] AS [d]
2026-06-30 11:48:29.984 +03:00 [INF] Executed DbCommand (4ms) [Parameters=[], CommandType='"Text"', CommandTimeout='30']
SELECT [d].[Id], [d].[AppointmentDurationMinutes], [d].[DoctorId], [d].[EndTime], [d].[IsActive], [d].[ScheduleDate], [d].[StartTime]
FROM [DoctorDateSchedules] AS [d]
2026-06-30 11:48:30.003 +03:00 [INF] HTTP GET /api/appointments responded 200 in 70ms
2026-06-30 11:48:30.008 +03:00 [INF] HTTP OPTIONS /api/appointments responded 204 in 0ms
2026-06-30 11:48:30.011 +03:00 [INF] HTTP GET /api/doctors/38807a7c-e4ef-4cad-bdf2-08fa24f03cbe/date-schedules responded 200 in 72ms
2026-06-30 11:48:30.014 +03:00 [INF] Executed DbCommand (1ms) [Parameters=[@doctorId='?' (DbType = Guid), @date='?' (DbType = Date)], CommandType='"Text"', CommandTimeout='30']
SELECT [a].[Id], [a].[AppointmentDate], [a].[CreatedAt], [a].[CreatedByReceptionistId], [a].[DoctorId], [a].[EndTime], [a].[Notes], [a].[PatientId], [a].[StartTime], [a].[Status], [a].[UpdatedAt]
FROM [Appointments] AS [a]
WHERE [a].[DoctorId] = @doctorId AND [a].[AppointmentDate] = @date
ORDER BY [a].[StartTime]
2026-06-30 11:48:30.015 +03:00 [INF] HTTP GET /api/doctors/44450f15-4382-4c72-9e45-ffb270692955/date-schedules responded 200 in 73ms
2026-06-30 11:48:30.015 +03:00 [INF] HTTP GET /api/doctors/41885cdc-0175-4dcb-9824-944a922f6950/date-schedules responded 200 in 73ms
2026-06-30 11:48:30.053 +03:00 [INF] Executed DbCommand (2ms) [Parameters=[@p='?' (DbType = Guid)], CommandType='"Text"', CommandTimeout='30']
SELECT TOP(1) [p].[Id], [p].[Address], [p].[BloodType], [p].[CreatedAt], [p].[DateOfBirth], [p].[Email], [p].[FullName], [p].[Gender], [p].[NationalId], [p].[Phone], [p].[UserId]
FROM [Patients] AS [p]
WHERE [p].[Id] = @p
2026-06-30 11:48:30.059 +03:00 [INF] Executed DbCommand (1ms) [Parameters=[@p='?' (DbType = Guid)], CommandType='"Text"', CommandTimeout='30']
SELECT TOP(1) [d].[Id], [d].[DepartmentId], [d].[FullName], [d].[IsActive], [d].[Phone], [d].[Specialization], [d].[UserId]
FROM [Doctors] AS [d]
WHERE [d].[Id] = @p
2026-06-30 11:48:30.064 +03:00 [INF] Executed DbCommand (0ms) [Parameters=[@p='?' (DbType = Guid)], CommandType='"Text"', CommandTimeout='30']
SELECT TOP(1) [p].[Id], [p].[Address], [p].[BloodType], [p].[CreatedAt], [p].[DateOfBirth], [p].[Email], [p].[FullName], [p].[Gender], [p].[NationalId], [p].[Phone], [p].[UserId]
FROM [Patients] AS [p]
WHERE [p].[Id] = @p
2026-06-30 11:48:30.069 +03:00 [INF] HTTP GET /api/appointments responded 200 in 58ms
2026-06-30 11:48:30.073 +03:00 [INF] HTTP OPTIONS /api/appointments responded 204 in 0ms
2026-06-30 11:48:30.078 +03:00 [INF] Executed DbCommand (1ms) [Parameters=[@doctorId='?' (DbType = Guid), @date='?' (DbType = Date)], CommandType='"Text"', CommandTimeout='30']
SELECT [a].[Id], [a].[AppointmentDate], [a].[CreatedAt], [a].[CreatedByReceptionistId], [a].[DoctorId], [a].[EndTime], [a].[Notes], [a].[PatientId], [a].[StartTime], [a].[Status], [a].[UpdatedAt]
FROM [Appointments] AS [a]
WHERE [a].[DoctorId] = @doctorId AND [a].[AppointmentDate] = @date
ORDER BY [a].[StartTime]
2026-06-30 11:48:30.080 +03:00 [INF] Executed DbCommand (0ms) [Parameters=[@p='?' (DbType = Guid)], CommandType='"Text"', CommandTimeout='30']
SELECT TOP(1) [p].[Id], [p].[Address], [p].[BloodType], [p].[CreatedAt], [p].[DateOfBirth], [p].[Email], [p].[FullName], [p].[Gender], [p].[NationalId], [p].[Phone], [p].[UserId]
FROM [Patients] AS [p]
WHERE [p].[Id] = @p
2026-06-30 11:48:30.081 +03:00 [INF] Executed DbCommand (0ms) [Parameters=[@p='?' (DbType = Guid)], CommandType='"Text"', CommandTimeout='30']
SELECT TOP(1) [d].[Id], [d].[DepartmentId], [d].[FullName], [d].[IsActive], [d].[Phone], [d].[Specialization], [d].[UserId]
FROM [Doctors] AS [d]
WHERE [d].[Id] = @p
2026-06-30 11:48:30.082 +03:00 [INF] HTTP GET /api/appointments responded 200 in 6ms
2026-06-30 11:48:45.910 +03:00 [INF] HTTP OPTIONS /api/patients responded 204 in 0ms
2026-06-30 11:48:45.910 +03:00 [INF] HTTP OPTIONS /api/departments responded 204 in 0ms
2026-06-30 11:48:45.935 +03:00 [INF] Executed DbCommand (3ms) [Parameters=[], CommandType='"Text"', CommandTimeout='30']
SELECT [d].[Id], [d].[Description], [d].[IsActive], [d].[Name]
FROM [Departments] AS [d]
2026-06-30 11:48:45.935 +03:00 [INF] Executed DbCommand (5ms) [Parameters=[], CommandType='"Text"', CommandTimeout='30']
SELECT [p].[Id], [p].[Address], [p].[BloodType], [p].[CreatedAt], [p].[DateOfBirth], [p].[Email], [p].[FullName], [p].[Gender], [p].[NationalId], [p].[Phone], [p].[UserId]
FROM [Patients] AS [p]
2026-06-30 11:48:45.940 +03:00 [INF] HTTP GET /api/departments responded 200 in 17ms
2026-06-30 11:48:45.943 +03:00 [INF] HTTP GET /api/patients responded 200 in 20ms
2026-06-30 11:48:47.824 +03:00 [INF] HTTP OPTIONS /api/patients responded 204 in 0ms
2026-06-30 11:48:47.836 +03:00 [INF] Executed DbCommand (2ms) [Parameters=[], CommandType='"Text"', CommandTimeout='30']
SELECT [p].[Id], [p].[Address], [p].[BloodType], [p].[CreatedAt], [p].[DateOfBirth], [p].[Email], [p].[FullName], [p].[Gender], [p].[NationalId], [p].[Phone], [p].[UserId]
FROM [Patients] AS [p]
2026-06-30 11:48:47.839 +03:00 [INF] HTTP GET /api/patients responded 200 in 9ms
2026-06-30 11:48:56.775 +03:00 [INF] HTTP OPTIONS /api/appointments/c91e21ba-f657-4aa1-9ad3-cc2d2d14767d responded 204 in 0ms
2026-06-30 11:48:56.849 +03:00 [INF] Executed DbCommand (6ms) [Parameters=[@p='?' (DbType = Guid)], CommandType='"Text"', CommandTimeout='30']
SELECT TOP(1) [a].[Id], [a].[AppointmentDate], [a].[CreatedAt], [a].[CreatedByReceptionistId], [a].[DoctorId], [a].[EndTime], [a].[Notes], [a].[PatientId], [a].[StartTime], [a].[Status], [a].[UpdatedAt]
FROM [Appointments] AS [a]
WHERE [a].[Id] = @p
2026-06-30 11:48:56.855 +03:00 [INF] Executed DbCommand (1ms) [Parameters=[@p='?' (DbType = Guid)], CommandType='"Text"', CommandTimeout='30']
SELECT TOP(1) [p].[Id], [p].[Address], [p].[BloodType], [p].[CreatedAt], [p].[DateOfBirth], [p].[Email], [p].[FullName], [p].[Gender], [p].[NationalId], [p].[Phone], [p].[UserId]
FROM [Patients] AS [p]
WHERE [p].[Id] = @p
2026-06-30 11:48:56.860 +03:00 [INF] Executed DbCommand (1ms) [Parameters=[@p='?' (DbType = Guid)], CommandType='"Text"', CommandTimeout='30']
SELECT TOP(1) [d].[Id], [d].[DepartmentId], [d].[FullName], [d].[IsActive], [d].[Phone], [d].[Specialization], [d].[UserId]
FROM [Doctors] AS [d]
WHERE [d].[Id] = @p
2026-06-30 11:48:56.866 +03:00 [INF] HTTP GET /api/appointments/c91e21ba-f657-4aa1-9ad3-cc2d2d14767d responded 200 in 85ms
2026-06-30 11:49:00.397 +03:00 [INF] HTTP OPTIONS /api/appointments/c91e21ba-f657-4aa1-9ad3-cc2d2d14767d/cancel responded 204 in 0ms
2026-06-30 11:49:00.443 +03:00 [INF] Executed DbCommand (1ms) [Parameters=[@p='?' (DbType = Guid)], CommandType='"Text"', CommandTimeout='30']
SELECT TOP(1) [a].[Id], [a].[AppointmentDate], [a].[CreatedAt], [a].[CreatedByReceptionistId], [a].[DoctorId], [a].[EndTime], [a].[Notes], [a].[PatientId], [a].[StartTime], [a].[Status], [a].[UpdatedAt]
FROM [Appointments] AS [a]
WHERE [a].[Id] = @p
2026-06-30 11:49:00.710 +03:00 [INF] Executed DbCommand (13ms) [Parameters=[@p10='?' (DbType = Guid), @p0='?' (DbType = Date), @p1='?' (DbType = DateTime2), @p2='?' (DbType = Guid), @p3='?' (DbType = Guid), @p4='?' (DbType = Time), @p5='?' (Size = 2000), @p6='?' (DbType = Guid), @p7='?' (DbType = Time), @p8='?' (Size = 50), @p9='?' (DbType = DateTime2)], CommandType='"Text"', CommandTimeout='30']
SET IMPLICIT_TRANSACTIONS OFF;
SET NOCOUNT ON;
UPDATE [Appointments] SET [AppointmentDate] = @p0, [CreatedAt] = @p1, [CreatedByReceptionistId] = @p2, [DoctorId] = @p3, [EndTime] = @p4, [Notes] = @p5, [PatientId] = @p6, [StartTime] = @p7, [Status] = @p8, [UpdatedAt] = @p9
OUTPUT 1
WHERE [Id] = @p10;
2026-06-30 11:49:00.736 +03:00 [INF] Appointment cancelled "c91e21ba-f657-4aa1-9ad3-cc2d2d14767d" by receptionist "77d8c535-fcd4-49b8-9e59-82f614cf7b03"
2026-06-30 11:49:00.742 +03:00 [INF] HTTP PUT /api/appointments/c91e21ba-f657-4aa1-9ad3-cc2d2d14767d/cancel responded 200 in 336ms
2026-06-30 11:49:00.754 +03:00 [INF] Executed DbCommand (1ms) [Parameters=[@p='?' (DbType = Guid)], CommandType='"Text"', CommandTimeout='30']
SELECT TOP(1) [a].[Id], [a].[AppointmentDate], [a].[CreatedAt], [a].[CreatedByReceptionistId], [a].[DoctorId], [a].[EndTime], [a].[Notes], [a].[PatientId], [a].[StartTime], [a].[Status], [a].[UpdatedAt]
FROM [Appointments] AS [a]
WHERE [a].[Id] = @p
2026-06-30 11:49:00.757 +03:00 [INF] Executed DbCommand (1ms) [Parameters=[@p='?' (DbType = Guid)], CommandType='"Text"', CommandTimeout='30']
SELECT TOP(1) [p].[Id], [p].[Address], [p].[BloodType], [p].[CreatedAt], [p].[DateOfBirth], [p].[Email], [p].[FullName], [p].[Gender], [p].[NationalId], [p].[Phone], [p].[UserId]
FROM [Patients] AS [p]
WHERE [p].[Id] = @p
2026-06-30 11:49:00.761 +03:00 [INF] Executed DbCommand (1ms) [Parameters=[@p='?' (DbType = Guid)], CommandType='"Text"', CommandTimeout='30']
SELECT TOP(1) [d].[Id], [d].[DepartmentId], [d].[FullName], [d].[IsActive], [d].[Phone], [d].[Specialization], [d].[UserId]
FROM [Doctors] AS [d]
WHERE [d].[Id] = @p
2026-06-30 11:49:00.763 +03:00 [INF] HTTP GET /api/appointments/c91e21ba-f657-4aa1-9ad3-cc2d2d14767d responded 200 in 12ms
2026-06-30 11:49:02.236 +03:00 [INF] HTTP OPTIONS /api/doctors responded 204 in 0ms
2026-06-30 11:49:02.237 +03:00 [INF] HTTP OPTIONS /api/doctors responded 204 in 0ms
2026-06-30 11:49:02.239 +03:00 [INF] HTTP OPTIONS /api/appointments responded 204 in 0ms
2026-06-30 11:49:02.256 +03:00 [INF] Executed DbCommand (1ms) [Parameters=[], CommandType='"Text"', CommandTimeout='30']
SELECT [d].[Id], [d].[DepartmentId], [d].[FullName], [d].[IsActive], [d].[Phone], [d].[Specialization], [d].[UserId]
FROM [Doctors] AS [d]
2026-06-30 11:49:02.259 +03:00 [INF] Executed DbCommand (2ms) [Parameters=[@doctorId='?' (DbType = Guid), @date='?' (DbType = Date)], CommandType='"Text"', CommandTimeout='30']
SELECT [a].[Id], [a].[AppointmentDate], [a].[CreatedAt], [a].[CreatedByReceptionistId], [a].[DoctorId], [a].[EndTime], [a].[Notes], [a].[PatientId], [a].[StartTime], [a].[Status], [a].[UpdatedAt]
FROM [Appointments] AS [a]
WHERE [a].[DoctorId] = @doctorId AND [a].[AppointmentDate] = @date
ORDER BY [a].[StartTime]
2026-06-30 11:49:02.261 +03:00 [INF] Executed DbCommand (2ms) [Parameters=[@p='?' (DbType = Guid)], CommandType='"Text"', CommandTimeout='30']
SELECT TOP(1) [d].[Id], [d].[Description], [d].[IsActive], [d].[Name]
FROM [Departments] AS [d]
WHERE [d].[Id] = @p
2026-06-30 11:49:02.262 +03:00 [INF] HTTP GET /api/appointments responded 200 in 10ms
2026-06-30 11:49:02.266 +03:00 [INF] Executed DbCommand (2ms) [Parameters=[@p='?' (DbType = Guid)], CommandType='"Text"', CommandTimeout='30']
SELECT TOP(1) [d].[Id], [d].[Description], [d].[IsActive], [d].[Name]
FROM [Departments] AS [d]
WHERE [d].[Id] = @p
2026-06-30 11:49:02.269 +03:00 [INF] HTTP GET /api/doctors responded 200 in 19ms
2026-06-30 11:49:02.277 +03:00 [INF] HTTP OPTIONS /api/appointments responded 204 in 0ms
2026-06-30 11:49:02.281 +03:00 [INF] Executed DbCommand (2ms) [Parameters=[], CommandType='"Text"', CommandTimeout='30']
SELECT [d].[Id], [d].[DepartmentId], [d].[FullName], [d].[IsActive], [d].[Phone], [d].[Specialization], [d].[UserId]
FROM [Doctors] AS [d]
2026-06-30 11:49:02.286 +03:00 [INF] Executed DbCommand (2ms) [Parameters=[@p='?' (DbType = Guid)], CommandType='"Text"', CommandTimeout='30']
SELECT TOP(1) [d].[Id], [d].[Description], [d].[IsActive], [d].[Name]
FROM [Departments] AS [d]
WHERE [d].[Id] = @p
2026-06-30 11:49:02.290 +03:00 [INF] Executed DbCommand (1ms) [Parameters=[@p='?' (DbType = Guid)], CommandType='"Text"', CommandTimeout='30']
SELECT TOP(1) [d].[Id], [d].[Description], [d].[IsActive], [d].[Name]
FROM [Departments] AS [d]
WHERE [d].[Id] = @p
2026-06-30 11:49:02.291 +03:00 [INF] Executed DbCommand (1ms) [Parameters=[@doctorId='?' (DbType = Guid), @date='?' (DbType = Date)], CommandType='"Text"', CommandTimeout='30']
SELECT [a].[Id], [a].[AppointmentDate], [a].[CreatedAt], [a].[CreatedByReceptionistId], [a].[DoctorId], [a].[EndTime], [a].[Notes], [a].[PatientId], [a].[StartTime], [a].[Status], [a].[UpdatedAt]
FROM [Appointments] AS [a]
WHERE [a].[DoctorId] = @doctorId AND [a].[AppointmentDate] = @date
ORDER BY [a].[StartTime]
2026-06-30 11:49:02.293 +03:00 [INF] HTTP GET /api/doctors responded 200 in 18ms
2026-06-30 11:49:02.299 +03:00 [INF] Executed DbCommand (4ms) [Parameters=[@p='?' (DbType = Guid)], CommandType='"Text"', CommandTimeout='30']
SELECT TOP(1) [p].[Id], [p].[Address], [p].[BloodType], [p].[CreatedAt], [p].[DateOfBirth], [p].[Email], [p].[FullName], [p].[Gender], [p].[NationalId], [p].[Phone], [p].[UserId]
FROM [Patients] AS [p]
WHERE [p].[Id] = @p
2026-06-30 11:49:02.306 +03:00 [INF] Executed DbCommand (2ms) [Parameters=[@p='?' (DbType = Guid)], CommandType='"Text"', CommandTimeout='30']
SELECT TOP(1) [d].[Id], [d].[DepartmentId], [d].[FullName], [d].[IsActive], [d].[Phone], [d].[Specialization], [d].[UserId]
FROM [Doctors] AS [d]
WHERE [d].[Id] = @p
2026-06-30 11:49:02.308 +03:00 [INF] HTTP OPTIONS /api/doctors/38807a7c-e4ef-4cad-bdf2-08fa24f03cbe/date-schedules responded 204 in 0ms
2026-06-30 11:49:02.312 +03:00 [INF] HTTP OPTIONS /api/doctors/41885cdc-0175-4dcb-9824-944a922f6950/date-schedules responded 204 in 0ms
2026-06-30 11:49:02.313 +03:00 [INF] HTTP OPTIONS /api/doctors/44450f15-4382-4c72-9e45-ffb270692955/date-schedules responded 204 in 0ms
2026-06-30 11:49:02.314 +03:00 [INF] Executed DbCommand (3ms) [Parameters=[@p='?' (DbType = Guid)], CommandType='"Text"', CommandTimeout='30']
SELECT TOP(1) [p].[Id], [p].[Address], [p].[BloodType], [p].[CreatedAt], [p].[DateOfBirth], [p].[Email], [p].[FullName], [p].[Gender], [p].[NationalId], [p].[Phone], [p].[UserId]
FROM [Patients] AS [p]
WHERE [p].[Id] = @p
2026-06-30 11:49:02.318 +03:00 [INF] HTTP GET /api/appointments responded 200 in 34ms
2026-06-30 11:49:02.332 +03:00 [INF] Executed DbCommand (2ms) [Parameters=[@p='?' (DbType = Guid)], CommandType='"Text"', CommandTimeout='30']
SELECT TOP(1) [d].[Id], [d].[DepartmentId], [d].[FullName], [d].[IsActive], [d].[Phone], [d].[Specialization], [d].[UserId]
FROM [Doctors] AS [d]
WHERE [d].[Id] = @p
2026-06-30 11:49:02.333 +03:00 [INF] Executed DbCommand (2ms) [Parameters=[@p='?' (DbType = Guid)], CommandType='"Text"', CommandTimeout='30']
SELECT TOP(1) [d].[Id], [d].[DepartmentId], [d].[FullName], [d].[IsActive], [d].[Phone], [d].[Specialization], [d].[UserId]
FROM [Doctors] AS [d]
WHERE [d].[Id] = @p
2026-06-30 11:49:02.334 +03:00 [INF] Executed DbCommand (2ms) [Parameters=[@p='?' (DbType = Guid)], CommandType='"Text"', CommandTimeout='30']
SELECT TOP(1) [d].[Id], [d].[DepartmentId], [d].[FullName], [d].[IsActive], [d].[Phone], [d].[Specialization], [d].[UserId]
FROM [Doctors] AS [d]
WHERE [d].[Id] = @p
2026-06-30 11:49:02.337 +03:00 [INF] HTTP OPTIONS /api/appointments responded 204 in 0ms
2026-06-30 11:49:02.337 +03:00 [INF] Executed DbCommand (1ms) [Parameters=[], CommandType='"Text"', CommandTimeout='30']
SELECT [d].[Id], [d].[AppointmentDurationMinutes], [d].[DoctorId], [d].[EndTime], [d].[IsActive], [d].[ScheduleDate], [d].[StartTime]
FROM [DoctorDateSchedules] AS [d]
2026-06-30 11:49:02.339 +03:00 [INF] Executed DbCommand (1ms) [Parameters=[], CommandType='"Text"', CommandTimeout='30']
SELECT [d].[Id], [d].[AppointmentDurationMinutes], [d].[DoctorId], [d].[EndTime], [d].[IsActive], [d].[ScheduleDate], [d].[StartTime]
FROM [DoctorDateSchedules] AS [d]
2026-06-30 11:49:02.341 +03:00 [INF] Executed DbCommand (1ms) [Parameters=[], CommandType='"Text"', CommandTimeout='30']
SELECT [d].[Id], [d].[AppointmentDurationMinutes], [d].[DoctorId], [d].[EndTime], [d].[IsActive], [d].[ScheduleDate], [d].[StartTime]
FROM [DoctorDateSchedules] AS [d]
2026-06-30 11:49:02.342 +03:00 [INF] HTTP GET /api/doctors/38807a7c-e4ef-4cad-bdf2-08fa24f03cbe/date-schedules responded 200 in 18ms
2026-06-30 11:49:02.344 +03:00 [INF] HTTP GET /api/doctors/41885cdc-0175-4dcb-9824-944a922f6950/date-schedules responded 200 in 18ms
2026-06-30 11:49:02.346 +03:00 [INF] HTTP GET /api/doctors/44450f15-4382-4c72-9e45-ffb270692955/date-schedules responded 200 in 19ms
2026-06-30 11:49:02.355 +03:00 [INF] Executed DbCommand (2ms) [Parameters=[@doctorId='?' (DbType = Guid), @date='?' (DbType = Date)], CommandType='"Text"', CommandTimeout='30']
SELECT [a].[Id], [a].[AppointmentDate], [a].[CreatedAt], [a].[CreatedByReceptionistId], [a].[DoctorId], [a].[EndTime], [a].[Notes], [a].[PatientId], [a].[StartTime], [a].[Status], [a].[UpdatedAt]
FROM [Appointments] AS [a]
WHERE [a].[DoctorId] = @doctorId AND [a].[AppointmentDate] = @date
ORDER BY [a].[StartTime]
2026-06-30 11:49:02.359 +03:00 [INF] Executed DbCommand (2ms) [Parameters=[@p='?' (DbType = Guid)], CommandType='"Text"', CommandTimeout='30']
SELECT TOP(1) [p].[Id], [p].[Address], [p].[BloodType], [p].[CreatedAt], [p].[DateOfBirth], [p].[Email], [p].[FullName], [p].[Gender], [p].[NationalId], [p].[Phone], [p].[UserId]
FROM [Patients] AS [p]
WHERE [p].[Id] = @p
2026-06-30 11:49:02.364 +03:00 [INF] Executed DbCommand (1ms) [Parameters=[@p='?' (DbType = Guid)], CommandType='"Text"', CommandTimeout='30']
SELECT TOP(1) [d].[Id], [d].[DepartmentId], [d].[FullName], [d].[IsActive], [d].[Phone], [d].[Specialization], [d].[UserId]
FROM [Doctors] AS [d]
WHERE [d].[Id] = @p
2026-06-30 11:49:02.367 +03:00 [INF] HTTP GET /api/appointments responded 200 in 22ms
2026-06-30 11:49:05.005 +03:00 [INF] HTTP OPTIONS /api/appointments/5c19f728-e0f8-4a92-86d3-7491a28edc68 responded 204 in 0ms
2026-06-30 11:49:05.013 +03:00 [INF] Executed DbCommand (1ms) [Parameters=[@p='?' (DbType = Guid)], CommandType='"Text"', CommandTimeout='30']
SELECT TOP(1) [a].[Id], [a].[AppointmentDate], [a].[CreatedAt], [a].[CreatedByReceptionistId], [a].[DoctorId], [a].[EndTime], [a].[Notes], [a].[PatientId], [a].[StartTime], [a].[Status], [a].[UpdatedAt]
FROM [Appointments] AS [a]
WHERE [a].[Id] = @p
2026-06-30 11:49:05.015 +03:00 [INF] Executed DbCommand (1ms) [Parameters=[@p='?' (DbType = Guid)], CommandType='"Text"', CommandTimeout='30']
SELECT TOP(1) [p].[Id], [p].[Address], [p].[BloodType], [p].[CreatedAt], [p].[DateOfBirth], [p].[Email], [p].[FullName], [p].[Gender], [p].[NationalId], [p].[Phone], [p].[UserId]
FROM [Patients] AS [p]
WHERE [p].[Id] = @p
2026-06-30 11:49:05.018 +03:00 [INF] Executed DbCommand (1ms) [Parameters=[@p='?' (DbType = Guid)], CommandType='"Text"', CommandTimeout='30']
SELECT TOP(1) [d].[Id], [d].[DepartmentId], [d].[FullName], [d].[IsActive], [d].[Phone], [d].[Specialization], [d].[UserId]
FROM [Doctors] AS [d]
WHERE [d].[Id] = @p
2026-06-30 11:49:05.020 +03:00 [INF] HTTP GET /api/appointments/5c19f728-e0f8-4a92-86d3-7491a28edc68 responded 200 in 11ms
2026-06-30 11:49:07.645 +03:00 [INF] HTTP OPTIONS /api/appointments/5c19f728-e0f8-4a92-86d3-7491a28edc68/cancel responded 204 in 0ms
2026-06-30 11:49:07.658 +03:00 [INF] Executed DbCommand (1ms) [Parameters=[@p='?' (DbType = Guid)], CommandType='"Text"', CommandTimeout='30']
SELECT TOP(1) [a].[Id], [a].[AppointmentDate], [a].[CreatedAt], [a].[CreatedByReceptionistId], [a].[DoctorId], [a].[EndTime], [a].[Notes], [a].[PatientId], [a].[StartTime], [a].[Status], [a].[UpdatedAt]
FROM [Appointments] AS [a]
WHERE [a].[Id] = @p
2026-06-30 11:49:07.670 +03:00 [INF] Executed DbCommand (3ms) [Parameters=[@p10='?' (DbType = Guid), @p0='?' (DbType = Date), @p1='?' (DbType = DateTime2), @p2='?' (DbType = Guid), @p3='?' (DbType = Guid), @p4='?' (DbType = Time), @p5='?' (Size = 2000), @p6='?' (DbType = Guid), @p7='?' (DbType = Time), @p8='?' (Size = 50), @p9='?' (DbType = DateTime2)], CommandType='"Text"', CommandTimeout='30']
SET IMPLICIT_TRANSACTIONS OFF;
SET NOCOUNT ON;
UPDATE [Appointments] SET [AppointmentDate] = @p0, [CreatedAt] = @p1, [CreatedByReceptionistId] = @p2, [DoctorId] = @p3, [EndTime] = @p4, [Notes] = @p5, [PatientId] = @p6, [StartTime] = @p7, [Status] = @p8, [UpdatedAt] = @p9
OUTPUT 1
WHERE [Id] = @p10;
2026-06-30 11:49:07.673 +03:00 [INF] Appointment cancelled "5c19f728-e0f8-4a92-86d3-7491a28edc68" by receptionist "77d8c535-fcd4-49b8-9e59-82f614cf7b03"
2026-06-30 11:49:07.674 +03:00 [INF] HTTP PUT /api/appointments/5c19f728-e0f8-4a92-86d3-7491a28edc68/cancel responded 200 in 23ms
2026-06-30 11:49:07.691 +03:00 [INF] Executed DbCommand (1ms) [Parameters=[@p='?' (DbType = Guid)], CommandType='"Text"', CommandTimeout='30']
SELECT TOP(1) [a].[Id], [a].[AppointmentDate], [a].[CreatedAt], [a].[CreatedByReceptionistId], [a].[DoctorId], [a].[EndTime], [a].[Notes], [a].[PatientId], [a].[StartTime], [a].[Status], [a].[UpdatedAt]
FROM [Appointments] AS [a]
WHERE [a].[Id] = @p
2026-06-30 11:49:07.696 +03:00 [INF] Executed DbCommand (2ms) [Parameters=[@p='?' (DbType = Guid)], CommandType='"Text"', CommandTimeout='30']
SELECT TOP(1) [p].[Id], [p].[Address], [p].[BloodType], [p].[CreatedAt], [p].[DateOfBirth], [p].[Email], [p].[FullName], [p].[Gender], [p].[NationalId], [p].[Phone], [p].[UserId]
FROM [Patients] AS [p]
WHERE [p].[Id] = @p
2026-06-30 11:49:07.701 +03:00 [INF] Executed DbCommand (1ms) [Parameters=[@p='?' (DbType = Guid)], CommandType='"Text"', CommandTimeout='30']
SELECT TOP(1) [d].[Id], [d].[DepartmentId], [d].[FullName], [d].[IsActive], [d].[Phone], [d].[Specialization], [d].[UserId]
FROM [Doctors] AS [d]
WHERE [d].[Id] = @p
2026-06-30 11:49:07.704 +03:00 [INF] HTTP GET /api/appointments/5c19f728-e0f8-4a92-86d3-7491a28edc68 responded 200 in 17ms
2026-06-30 11:49:18.442 +03:00 [INF] HTTP OPTIONS /api/doctors responded 204 in 0ms
2026-06-30 11:49:18.442 +03:00 [INF] HTTP OPTIONS /api/doctors responded 204 in 0ms
2026-06-30 11:49:18.451 +03:00 [INF] Executed DbCommand (1ms) [Parameters=[], CommandType='"Text"', CommandTimeout='30']
SELECT [d].[Id], [d].[DepartmentId], [d].[FullName], [d].[IsActive], [d].[Phone], [d].[Specialization], [d].[UserId]
FROM [Doctors] AS [d]
2026-06-30 11:49:18.461 +03:00 [INF] Executed DbCommand (5ms) [Parameters=[@p='?' (DbType = Guid)], CommandType='"Text"', CommandTimeout='30']
SELECT TOP(1) [d].[Id], [d].[Description], [d].[IsActive], [d].[Name]
FROM [Departments] AS [d]
WHERE [d].[Id] = @p
2026-06-30 11:49:18.466 +03:00 [INF] Executed DbCommand (2ms) [Parameters=[@p='?' (DbType = Guid)], CommandType='"Text"', CommandTimeout='30']
SELECT TOP(1) [d].[Id], [d].[Description], [d].[IsActive], [d].[Name]
FROM [Departments] AS [d]
WHERE [d].[Id] = @p
2026-06-30 11:49:18.468 +03:00 [INF] HTTP GET /api/doctors responded 200 in 22ms
2026-06-30 11:49:18.479 +03:00 [INF] Executed DbCommand (1ms) [Parameters=[], CommandType='"Text"', CommandTimeout='30']
SELECT [d].[Id], [d].[DepartmentId], [d].[FullName], [d].[IsActive], [d].[Phone], [d].[Specialization], [d].[UserId]
FROM [Doctors] AS [d]
2026-06-30 11:49:18.481 +03:00 [INF] Executed DbCommand (1ms) [Parameters=[@p='?' (DbType = Guid)], CommandType='"Text"', CommandTimeout='30']
SELECT TOP(1) [d].[Id], [d].[Description], [d].[IsActive], [d].[Name]
FROM [Departments] AS [d]
WHERE [d].[Id] = @p
2026-06-30 11:49:18.483 +03:00 [INF] Executed DbCommand (1ms) [Parameters=[@p='?' (DbType = Guid)], CommandType='"Text"', CommandTimeout='30']
SELECT TOP(1) [d].[Id], [d].[Description], [d].[IsActive], [d].[Name]
FROM [Departments] AS [d]
WHERE [d].[Id] = @p
2026-06-30 11:49:18.484 +03:00 [INF] HTTP GET /api/doctors responded 200 in 8ms
2026-06-30 11:49:18.526 +03:00 [INF] HTTP OPTIONS /api/doctors/38807a7c-e4ef-4cad-bdf2-08fa24f03cbe/date-schedules responded 204 in 0ms
2026-06-30 11:49:18.527 +03:00 [INF] HTTP OPTIONS /api/doctors/41885cdc-0175-4dcb-9824-944a922f6950/date-schedules responded 204 in 0ms
2026-06-30 11:49:18.528 +03:00 [INF] HTTP OPTIONS /api/doctors/44450f15-4382-4c72-9e45-ffb270692955/date-schedules responded 204 in 0ms
2026-06-30 11:49:18.537 +03:00 [INF] HTTP OPTIONS /api/appointments responded 204 in 0ms
2026-06-30 11:49:18.537 +03:00 [INF] Executed DbCommand (2ms) [Parameters=[@p='?' (DbType = Guid)], CommandType='"Text"', CommandTimeout='30']
SELECT TOP(1) [d].[Id], [d].[DepartmentId], [d].[FullName], [d].[IsActive], [d].[Phone], [d].[Specialization], [d].[UserId]
FROM [Doctors] AS [d]
WHERE [d].[Id] = @p
2026-06-30 11:49:18.539 +03:00 [INF] Executed DbCommand (1ms) [Parameters=[@p='?' (DbType = Guid)], CommandType='"Text"', CommandTimeout='30']
SELECT TOP(1) [d].[Id], [d].[DepartmentId], [d].[FullName], [d].[IsActive], [d].[Phone], [d].[Specialization], [d].[UserId]
FROM [Doctors] AS [d]
WHERE [d].[Id] = @p
2026-06-30 11:49:18.540 +03:00 [INF] Executed DbCommand (2ms) [Parameters=[@p='?' (DbType = Guid)], CommandType='"Text"', CommandTimeout='30']
SELECT TOP(1) [d].[Id], [d].[DepartmentId], [d].[FullName], [d].[IsActive], [d].[Phone], [d].[Specialization], [d].[UserId]
FROM [Doctors] AS [d]
WHERE [d].[Id] = @p
2026-06-30 11:49:18.540 +03:00 [INF] Executed DbCommand (1ms) [Parameters=[], CommandType='"Text"', CommandTimeout='30']
SELECT [d].[Id], [d].[AppointmentDurationMinutes], [d].[DoctorId], [d].[EndTime], [d].[IsActive], [d].[ScheduleDate], [d].[StartTime]
FROM [DoctorDateSchedules] AS [d]
2026-06-30 11:49:18.541 +03:00 [INF] Executed DbCommand (1ms) [Parameters=[], CommandType='"Text"', CommandTimeout='30']
SELECT [d].[Id], [d].[AppointmentDurationMinutes], [d].[DoctorId], [d].[EndTime], [d].[IsActive], [d].[ScheduleDate], [d].[StartTime]
FROM [DoctorDateSchedules] AS [d]
2026-06-30 11:49:18.542 +03:00 [INF] Executed DbCommand (1ms) [Parameters=[], CommandType='"Text"', CommandTimeout='30']
SELECT [d].[Id], [d].[AppointmentDurationMinutes], [d].[DoctorId], [d].[EndTime], [d].[IsActive], [d].[ScheduleDate], [d].[StartTime]
FROM [DoctorDateSchedules] AS [d]
2026-06-30 11:49:18.543 +03:00 [INF] HTTP GET /api/doctors/38807a7c-e4ef-4cad-bdf2-08fa24f03cbe/date-schedules responded 200 in 9ms
2026-06-30 11:49:18.544 +03:00 [INF] HTTP GET /api/doctors/41885cdc-0175-4dcb-9824-944a922f6950/date-schedules responded 200 in 9ms
2026-06-30 11:49:18.545 +03:00 [INF] HTTP GET /api/doctors/44450f15-4382-4c72-9e45-ffb270692955/date-schedules responded 200 in 10ms
2026-06-30 11:49:18.545 +03:00 [INF] Executed DbCommand (1ms) [Parameters=[@doctorId='?' (DbType = Guid), @date='?' (DbType = Date)], CommandType='"Text"', CommandTimeout='30']
SELECT [a].[Id], [a].[AppointmentDate], [a].[CreatedAt], [a].[CreatedByReceptionistId], [a].[DoctorId], [a].[EndTime], [a].[Notes], [a].[PatientId], [a].[StartTime], [a].[Status], [a].[UpdatedAt]
FROM [Appointments] AS [a]
WHERE [a].[DoctorId] = @doctorId AND [a].[AppointmentDate] = @date
ORDER BY [a].[StartTime]
2026-06-30 11:49:18.547 +03:00 [INF] HTTP GET /api/appointments responded 200 in 5ms
2026-06-30 11:49:18.556 +03:00 [INF] HTTP OPTIONS /api/appointments responded 204 in 0ms
2026-06-30 11:49:18.564 +03:00 [INF] Executed DbCommand (1ms) [Parameters=[@doctorId='?' (DbType = Guid), @date='?' (DbType = Date)], CommandType='"Text"', CommandTimeout='30']
SELECT [a].[Id], [a].[AppointmentDate], [a].[CreatedAt], [a].[CreatedByReceptionistId], [a].[DoctorId], [a].[EndTime], [a].[Notes], [a].[PatientId], [a].[StartTime], [a].[Status], [a].[UpdatedAt]
FROM [Appointments] AS [a]
WHERE [a].[DoctorId] = @doctorId AND [a].[AppointmentDate] = @date
ORDER BY [a].[StartTime]
2026-06-30 11:49:18.567 +03:00 [INF] Executed DbCommand (1ms) [Parameters=[@p='?' (DbType = Guid)], CommandType='"Text"', CommandTimeout='30']
SELECT TOP(1) [p].[Id], [p].[Address], [p].[BloodType], [p].[CreatedAt], [p].[DateOfBirth], [p].[Email], [p].[FullName], [p].[Gender], [p].[NationalId], [p].[Phone], [p].[UserId]
FROM [Patients] AS [p]
WHERE [p].[Id] = @p
2026-06-30 11:49:18.569 +03:00 [INF] Executed DbCommand (1ms) [Parameters=[@p='?' (DbType = Guid)], CommandType='"Text"', CommandTimeout='30']
SELECT TOP(1) [d].[Id], [d].[DepartmentId], [d].[FullName], [d].[IsActive], [d].[Phone], [d].[Specialization], [d].[UserId]
FROM [Doctors] AS [d]
WHERE [d].[Id] = @p
2026-06-30 11:49:18.573 +03:00 [INF] Executed DbCommand (1ms) [Parameters=[@p='?' (DbType = Guid)], CommandType='"Text"', CommandTimeout='30']
SELECT TOP(1) [p].[Id], [p].[Address], [p].[BloodType], [p].[CreatedAt], [p].[DateOfBirth], [p].[Email], [p].[FullName], [p].[Gender], [p].[NationalId], [p].[Phone], [p].[UserId]
FROM [Patients] AS [p]
WHERE [p].[Id] = @p
2026-06-30 11:49:18.574 +03:00 [INF] HTTP GET /api/appointments responded 200 in 13ms
2026-06-30 11:49:18.581 +03:00 [INF] HTTP OPTIONS /api/appointments responded 204 in 0ms
2026-06-30 11:49:18.587 +03:00 [INF] Executed DbCommand (1ms) [Parameters=[@doctorId='?' (DbType = Guid), @date='?' (DbType = Date)], CommandType='"Text"', CommandTimeout='30']
SELECT [a].[Id], [a].[AppointmentDate], [a].[CreatedAt], [a].[CreatedByReceptionistId], [a].[DoctorId], [a].[EndTime], [a].[Notes], [a].[PatientId], [a].[StartTime], [a].[Status], [a].[UpdatedAt]
FROM [Appointments] AS [a]
WHERE [a].[DoctorId] = @doctorId AND [a].[AppointmentDate] = @date
ORDER BY [a].[StartTime]
2026-06-30 11:49:18.590 +03:00 [INF] Executed DbCommand (1ms) [Parameters=[@p='?' (DbType = Guid)], CommandType='"Text"', CommandTimeout='30']
SELECT TOP(1) [p].[Id], [p].[Address], [p].[BloodType], [p].[CreatedAt], [p].[DateOfBirth], [p].[Email], [p].[FullName], [p].[Gender], [p].[NationalId], [p].[Phone], [p].[UserId]
FROM [Patients] AS [p]
WHERE [p].[Id] = @p
2026-06-30 11:49:18.592 +03:00 [INF] Executed DbCommand (1ms) [Parameters=[@p='?' (DbType = Guid)], CommandType='"Text"', CommandTimeout='30']
SELECT TOP(1) [d].[Id], [d].[DepartmentId], [d].[FullName], [d].[IsActive], [d].[Phone], [d].[Specialization], [d].[UserId]
FROM [Doctors] AS [d]
WHERE [d].[Id] = @p
2026-06-30 11:49:18.593 +03:00 [INF] HTTP GET /api/appointments responded 200 in 9ms
2026-06-30 11:49:20.495 +03:00 [INF] HTTP OPTIONS /api/appointments/164315d3-2aec-4847-90b7-852525d5d79b responded 204 in 0ms
2026-06-30 11:49:20.515 +03:00 [INF] Executed DbCommand (1ms) [Parameters=[@p='?' (DbType = Guid)], CommandType='"Text"', CommandTimeout='30']
SELECT TOP(1) [a].[Id], [a].[AppointmentDate], [a].[CreatedAt], [a].[CreatedByReceptionistId], [a].[DoctorId], [a].[EndTime], [a].[Notes], [a].[PatientId], [a].[StartTime], [a].[Status], [a].[UpdatedAt]
FROM [Appointments] AS [a]
WHERE [a].[Id] = @p
2026-06-30 11:49:20.521 +03:00 [INF] Executed DbCommand (1ms) [Parameters=[@p='?' (DbType = Guid)], CommandType='"Text"', CommandTimeout='30']
SELECT TOP(1) [p].[Id], [p].[Address], [p].[BloodType], [p].[CreatedAt], [p].[DateOfBirth], [p].[Email], [p].[FullName], [p].[Gender], [p].[NationalId], [p].[Phone], [p].[UserId]
FROM [Patients] AS [p]
WHERE [p].[Id] = @p
2026-06-30 11:49:20.527 +03:00 [INF] Executed DbCommand (1ms) [Parameters=[@p='?' (DbType = Guid)], CommandType='"Text"', CommandTimeout='30']
SELECT TOP(1) [d].[Id], [d].[DepartmentId], [d].[FullName], [d].[IsActive], [d].[Phone], [d].[Specialization], [d].[UserId]
FROM [Doctors] AS [d]
WHERE [d].[Id] = @p
2026-06-30 11:49:20.529 +03:00 [INF] HTTP GET /api/appointments/164315d3-2aec-4847-90b7-852525d5d79b responded 200 in 19ms
2026-06-30 11:49:23.406 +03:00 [INF] HTTP OPTIONS /api/appointments/164315d3-2aec-4847-90b7-852525d5d79b/cancel responded 204 in 0ms
2026-06-30 11:49:23.413 +03:00 [INF] Executed DbCommand (1ms) [Parameters=[@p='?' (DbType = Guid)], CommandType='"Text"', CommandTimeout='30']
SELECT TOP(1) [a].[Id], [a].[AppointmentDate], [a].[CreatedAt], [a].[CreatedByReceptionistId], [a].[DoctorId], [a].[EndTime], [a].[Notes], [a].[PatientId], [a].[StartTime], [a].[Status], [a].[UpdatedAt]
FROM [Appointments] AS [a]
WHERE [a].[Id] = @p
2026-06-30 11:49:23.419 +03:00 [INF] Executed DbCommand (3ms) [Parameters=[@p10='?' (DbType = Guid), @p0='?' (DbType = Date), @p1='?' (DbType = DateTime2), @p2='?' (DbType = Guid), @p3='?' (DbType = Guid), @p4='?' (DbType = Time), @p5='?' (Size = 2000), @p6='?' (DbType = Guid), @p7='?' (DbType = Time), @p8='?' (Size = 50), @p9='?' (DbType = DateTime2)], CommandType='"Text"', CommandTimeout='30']
SET IMPLICIT_TRANSACTIONS OFF;
SET NOCOUNT ON;
UPDATE [Appointments] SET [AppointmentDate] = @p0, [CreatedAt] = @p1, [CreatedByReceptionistId] = @p2, [DoctorId] = @p3, [EndTime] = @p4, [Notes] = @p5, [PatientId] = @p6, [StartTime] = @p7, [Status] = @p8, [UpdatedAt] = @p9
OUTPUT 1
WHERE [Id] = @p10;
2026-06-30 11:49:23.421 +03:00 [INF] Appointment cancelled "164315d3-2aec-4847-90b7-852525d5d79b" by receptionist "77d8c535-fcd4-49b8-9e59-82f614cf7b03"
2026-06-30 11:49:23.422 +03:00 [INF] HTTP PUT /api/appointments/164315d3-2aec-4847-90b7-852525d5d79b/cancel responded 200 in 12ms
2026-06-30 11:49:23.432 +03:00 [INF] Executed DbCommand (1ms) [Parameters=[@p='?' (DbType = Guid)], CommandType='"Text"', CommandTimeout='30']
SELECT TOP(1) [a].[Id], [a].[AppointmentDate], [a].[CreatedAt], [a].[CreatedByReceptionistId], [a].[DoctorId], [a].[EndTime], [a].[Notes], [a].[PatientId], [a].[StartTime], [a].[Status], [a].[UpdatedAt]
FROM [Appointments] AS [a]
WHERE [a].[Id] = @p
2026-06-30 11:49:23.436 +03:00 [INF] Executed DbCommand (1ms) [Parameters=[@p='?' (DbType = Guid)], CommandType='"Text"', CommandTimeout='30']
SELECT TOP(1) [p].[Id], [p].[Address], [p].[BloodType], [p].[CreatedAt], [p].[DateOfBirth], [p].[Email], [p].[FullName], [p].[Gender], [p].[NationalId], [p].[Phone], [p].[UserId]
FROM [Patients] AS [p]
WHERE [p].[Id] = @p
2026-06-30 11:49:23.438 +03:00 [INF] Executed DbCommand (1ms) [Parameters=[@p='?' (DbType = Guid)], CommandType='"Text"', CommandTimeout='30']
SELECT TOP(1) [d].[Id], [d].[DepartmentId], [d].[FullName], [d].[IsActive], [d].[Phone], [d].[Specialization], [d].[UserId]
FROM [Doctors] AS [d]
WHERE [d].[Id] = @p
2026-06-30 11:49:23.440 +03:00 [INF] HTTP GET /api/appointments/164315d3-2aec-4847-90b7-852525d5d79b responded 200 in 10ms
2026-06-30 11:49:27.678 +03:00 [INF] HTTP OPTIONS /api/doctors responded 204 in 0ms
2026-06-30 11:49:27.682 +03:00 [INF] HTTP OPTIONS /api/doctors responded 204 in 0ms
2026-06-30 11:49:27.695 +03:00 [INF] Executed DbCommand (7ms) [Parameters=[], CommandType='"Text"', CommandTimeout='30']
SELECT [d].[Id], [d].[DepartmentId], [d].[FullName], [d].[IsActive], [d].[Phone], [d].[Specialization], [d].[UserId]
FROM [Doctors] AS [d]
2026-06-30 11:49:27.709 +03:00 [INF] Executed DbCommand (3ms) [Parameters=[@p='?' (DbType = Guid)], CommandType='"Text"', CommandTimeout='30']
SELECT TOP(1) [d].[Id], [d].[Description], [d].[IsActive], [d].[Name]
FROM [Departments] AS [d]
WHERE [d].[Id] = @p
2026-06-30 11:49:27.711 +03:00 [INF] Executed DbCommand (0ms) [Parameters=[@p='?' (DbType = Guid)], CommandType='"Text"', CommandTimeout='30']
SELECT TOP(1) [d].[Id], [d].[Description], [d].[IsActive], [d].[Name]
FROM [Departments] AS [d]
WHERE [d].[Id] = @p
2026-06-30 11:49:27.712 +03:00 [INF] HTTP GET /api/doctors responded 200 in 24ms
2026-06-30 11:49:27.717 +03:00 [INF] Executed DbCommand (2ms) [Parameters=[], CommandType='"Text"', CommandTimeout='30']
SELECT [d].[Id], [d].[DepartmentId], [d].[FullName], [d].[IsActive], [d].[Phone], [d].[Specialization], [d].[UserId]
FROM [Doctors] AS [d]
2026-06-30 11:49:27.720 +03:00 [INF] Executed DbCommand (1ms) [Parameters=[@p='?' (DbType = Guid)], CommandType='"Text"', CommandTimeout='30']
SELECT TOP(1) [d].[Id], [d].[Description], [d].[IsActive], [d].[Name]
FROM [Departments] AS [d]
WHERE [d].[Id] = @p
2026-06-30 11:49:27.721 +03:00 [INF] Executed DbCommand (1ms) [Parameters=[@p='?' (DbType = Guid)], CommandType='"Text"', CommandTimeout='30']
SELECT TOP(1) [d].[Id], [d].[Description], [d].[IsActive], [d].[Name]
FROM [Departments] AS [d]
WHERE [d].[Id] = @p
2026-06-30 11:49:27.723 +03:00 [INF] HTTP GET /api/doctors responded 200 in 9ms
2026-06-30 11:49:27.724 +03:00 [INF] HTTP OPTIONS /api/appointments responded 204 in 0ms
2026-06-30 11:49:27.729 +03:00 [INF] Executed DbCommand (1ms) [Parameters=[@doctorId='?' (DbType = Guid), @date='?' (DbType = Date)], CommandType='"Text"', CommandTimeout='30']
SELECT [a].[Id], [a].[AppointmentDate], [a].[CreatedAt], [a].[CreatedByReceptionistId], [a].[DoctorId], [a].[EndTime], [a].[Notes], [a].[PatientId], [a].[StartTime], [a].[Status], [a].[UpdatedAt]
FROM [Appointments] AS [a]
WHERE [a].[DoctorId] = @doctorId AND [a].[AppointmentDate] = @date
ORDER BY [a].[StartTime]
2026-06-30 11:49:27.731 +03:00 [INF] HTTP GET /api/appointments responded 200 in 4ms
2026-06-30 11:49:27.731 +03:00 [INF] HTTP OPTIONS /api/doctors/38807a7c-e4ef-4cad-bdf2-08fa24f03cbe/date-schedules responded 204 in 0ms
2026-06-30 11:49:27.732 +03:00 [INF] HTTP OPTIONS /api/doctors/41885cdc-0175-4dcb-9824-944a922f6950/date-schedules responded 204 in 0ms
2026-06-30 11:49:27.736 +03:00 [INF] HTTP OPTIONS /api/doctors/44450f15-4382-4c72-9e45-ffb270692955/date-schedules responded 204 in 0ms
2026-06-30 11:49:27.742 +03:00 [INF] HTTP OPTIONS /api/appointments responded 204 in 0ms
2026-06-30 11:49:27.749 +03:00 [INF] Executed DbCommand (7ms) [Parameters=[@p='?' (DbType = Guid)], CommandType='"Text"', CommandTimeout='30']
SELECT TOP(1) [d].[Id], [d].[DepartmentId], [d].[FullName], [d].[IsActive], [d].[Phone], [d].[Specialization], [d].[UserId]
FROM [Doctors] AS [d]
WHERE [d].[Id] = @p
2026-06-30 11:49:27.753 +03:00 [INF] Executed DbCommand (5ms) [Parameters=[@p='?' (DbType = Guid)], CommandType='"Text"', CommandTimeout='30']
SELECT TOP(1) [d].[Id], [d].[DepartmentId], [d].[FullName], [d].[IsActive], [d].[Phone], [d].[Specialization], [d].[UserId]
FROM [Doctors] AS [d]
WHERE [d].[Id] = @p
2026-06-30 11:49:27.753 +03:00 [INF] Executed DbCommand (1ms) [Parameters=[], CommandType='"Text"', CommandTimeout='30']
SELECT [d].[Id], [d].[AppointmentDurationMinutes], [d].[DoctorId], [d].[EndTime], [d].[IsActive], [d].[ScheduleDate], [d].[StartTime]
FROM [DoctorDateSchedules] AS [d]
2026-06-30 11:49:27.755 +03:00 [INF] HTTP GET /api/doctors/38807a7c-e4ef-4cad-bdf2-08fa24f03cbe/date-schedules responded 200 in 17ms
2026-06-30 11:49:27.756 +03:00 [INF] Executed DbCommand (1ms) [Parameters=[], CommandType='"Text"', CommandTimeout='30']
SELECT [d].[Id], [d].[AppointmentDurationMinutes], [d].[DoctorId], [d].[EndTime], [d].[IsActive], [d].[ScheduleDate], [d].[StartTime]
FROM [DoctorDateSchedules] AS [d]
2026-06-30 11:49:27.759 +03:00 [INF] HTTP GET /api/doctors/44450f15-4382-4c72-9e45-ffb270692955/date-schedules responded 200 in 15ms
2026-06-30 11:49:27.760 +03:00 [INF] Executed DbCommand (20ms) [Parameters=[@p='?' (DbType = Guid)], CommandType='"Text"', CommandTimeout='30']
SELECT TOP(1) [d].[Id], [d].[DepartmentId], [d].[FullName], [d].[IsActive], [d].[Phone], [d].[Specialization], [d].[UserId]
FROM [Doctors] AS [d]
WHERE [d].[Id] = @p
2026-06-30 11:49:27.763 +03:00 [INF] Executed DbCommand (1ms) [Parameters=[], CommandType='"Text"', CommandTimeout='30']
SELECT [d].[Id], [d].[AppointmentDurationMinutes], [d].[DoctorId], [d].[EndTime], [d].[IsActive], [d].[ScheduleDate], [d].[StartTime]
FROM [DoctorDateSchedules] AS [d]
2026-06-30 11:49:27.764 +03:00 [INF] Executed DbCommand (1ms) [Parameters=[@doctorId='?' (DbType = Guid), @date='?' (DbType = Date)], CommandType='"Text"', CommandTimeout='30']
SELECT [a].[Id], [a].[AppointmentDate], [a].[CreatedAt], [a].[CreatedByReceptionistId], [a].[DoctorId], [a].[EndTime], [a].[Notes], [a].[PatientId], [a].[StartTime], [a].[Status], [a].[UpdatedAt]
FROM [Appointments] AS [a]
WHERE [a].[DoctorId] = @doctorId AND [a].[AppointmentDate] = @date
ORDER BY [a].[StartTime]
2026-06-30 11:49:27.765 +03:00 [INF] HTTP GET /api/doctors/41885cdc-0175-4dcb-9824-944a922f6950/date-schedules responded 200 in 26ms
2026-06-30 11:49:27.768 +03:00 [INF] Executed DbCommand (1ms) [Parameters=[@p='?' (DbType = Guid)], CommandType='"Text"', CommandTimeout='30']
SELECT TOP(1) [p].[Id], [p].[Address], [p].[BloodType], [p].[CreatedAt], [p].[DateOfBirth], [p].[Email], [p].[FullName], [p].[Gender], [p].[NationalId], [p].[Phone], [p].[UserId]
FROM [Patients] AS [p]
WHERE [p].[Id] = @p
2026-06-30 11:49:27.771 +03:00 [INF] Executed DbCommand (1ms) [Parameters=[@p='?' (DbType = Guid)], CommandType='"Text"', CommandTimeout='30']
SELECT TOP(1) [d].[Id], [d].[DepartmentId], [d].[FullName], [d].[IsActive], [d].[Phone], [d].[Specialization], [d].[UserId]
FROM [Doctors] AS [d]
WHERE [d].[Id] = @p
2026-06-30 11:49:27.774 +03:00 [INF] Executed DbCommand (1ms) [Parameters=[@p='?' (DbType = Guid)], CommandType='"Text"', CommandTimeout='30']
SELECT TOP(1) [p].[Id], [p].[Address], [p].[BloodType], [p].[CreatedAt], [p].[DateOfBirth], [p].[Email], [p].[FullName], [p].[Gender], [p].[NationalId], [p].[Phone], [p].[UserId]
FROM [Patients] AS [p]
WHERE [p].[Id] = @p
2026-06-30 11:49:27.775 +03:00 [INF] HTTP GET /api/appointments responded 200 in 25ms
2026-06-30 11:49:27.781 +03:00 [INF] HTTP OPTIONS /api/appointments responded 204 in 0ms
2026-06-30 11:49:27.789 +03:00 [INF] Executed DbCommand (1ms) [Parameters=[@doctorId='?' (DbType = Guid), @date='?' (DbType = Date)], CommandType='"Text"', CommandTimeout='30']
SELECT [a].[Id], [a].[AppointmentDate], [a].[CreatedAt], [a].[CreatedByReceptionistId], [a].[DoctorId], [a].[EndTime], [a].[Notes], [a].[PatientId], [a].[StartTime], [a].[Status], [a].[UpdatedAt]
FROM [Appointments] AS [a]
WHERE [a].[DoctorId] = @doctorId AND [a].[AppointmentDate] = @date
ORDER BY [a].[StartTime]
2026-06-30 11:49:27.792 +03:00 [INF] Executed DbCommand (1ms) [Parameters=[@p='?' (DbType = Guid)], CommandType='"Text"', CommandTimeout='30']
SELECT TOP(1) [p].[Id], [p].[Address], [p].[BloodType], [p].[CreatedAt], [p].[DateOfBirth], [p].[Email], [p].[FullName], [p].[Gender], [p].[NationalId], [p].[Phone], [p].[UserId]
FROM [Patients] AS [p]
WHERE [p].[Id] = @p
2026-06-30 11:49:27.794 +03:00 [INF] Executed DbCommand (1ms) [Parameters=[@p='?' (DbType = Guid)], CommandType='"Text"', CommandTimeout='30']
SELECT TOP(1) [d].[Id], [d].[DepartmentId], [d].[FullName], [d].[IsActive], [d].[Phone], [d].[Specialization], [d].[UserId]
FROM [Doctors] AS [d]
WHERE [d].[Id] = @p
2026-06-30 11:49:27.795 +03:00 [INF] HTTP GET /api/appointments responded 200 in 9ms
2026-06-30 11:49:34.771 +03:00 [INF] HTTP OPTIONS /api/departments responded 204 in 0ms
2026-06-30 11:49:34.772 +03:00 [INF] HTTP OPTIONS /api/patients responded 204 in 0ms
2026-06-30 11:49:34.786 +03:00 [INF] Executed DbCommand (1ms) [Parameters=[], CommandType='"Text"', CommandTimeout='30']
SELECT [p].[Id], [p].[Address], [p].[BloodType], [p].[CreatedAt], [p].[DateOfBirth], [p].[Email], [p].[FullName], [p].[Gender], [p].[NationalId], [p].[Phone], [p].[UserId]
FROM [Patients] AS [p]
2026-06-30 11:49:34.786 +03:00 [INF] Executed DbCommand (1ms) [Parameters=[], CommandType='"Text"', CommandTimeout='30']
SELECT [d].[Id], [d].[Description], [d].[IsActive], [d].[Name]
FROM [Departments] AS [d]
2026-06-30 11:49:34.789 +03:00 [INF] HTTP GET /api/patients responded 200 in 7ms
2026-06-30 11:49:34.789 +03:00 [INF] HTTP GET /api/departments responded 200 in 7ms
2026-06-30 11:49:39.879 +03:00 [INF] HTTP OPTIONS /api/doctors/department/b7eb805e-1614-4a59-a61a-6084babacfc3 responded 204 in 0ms
2026-06-30 11:49:40.035 +03:00 [INF] Executed DbCommand (9ms) [Parameters=[@departmentId='?' (DbType = Guid)], CommandType='"Text"', CommandTimeout='30']
SELECT [d].[Id], [d].[DepartmentId], [d].[FullName], [d].[IsActive], [d].[Phone], [d].[Specialization], [d].[UserId], [d0].[Id], [d0].[Description], [d0].[IsActive], [d0].[Name]
FROM [Doctors] AS [d]
INNER JOIN [Departments] AS [d0] ON [d].[DepartmentId] = [d0].[Id]
WHERE [d].[DepartmentId] = @departmentId AND [d].[IsActive] = CAST(1 AS bit)
2026-06-30 11:49:40.042 +03:00 [INF] HTTP GET /api/doctors/department/b7eb805e-1614-4a59-a61a-6084babacfc3 responded 200 in 158ms
2026-06-30 11:49:45.599 +03:00 [INF] HTTP OPTIONS /api/appointments/available-slots responded 204 in 0ms
2026-06-30 11:49:45.653 +03:00 [INF] Executed DbCommand (1ms) [Parameters=[], CommandType='"Text"', CommandTimeout='30']
SELECT [d].[Id], [d].[AppointmentDurationMinutes], [d].[DoctorId], [d].[EndTime], [d].[IsActive], [d].[ScheduleDate], [d].[StartTime]
FROM [DoctorDateSchedules] AS [d]
2026-06-30 11:49:45.660 +03:00 [INF] Executed DbCommand (1ms) [Parameters=[@doctorId='?' (DbType = Guid), @date='?' (DbType = Date)], CommandType='"Text"', CommandTimeout='30']
SELECT [a].[Id], [a].[AppointmentDate], [a].[CreatedAt], [a].[CreatedByReceptionistId], [a].[DoctorId], [a].[EndTime], [a].[Notes], [a].[PatientId], [a].[StartTime], [a].[Status], [a].[UpdatedAt]
FROM [Appointments] AS [a]
WHERE [a].[DoctorId] = @doctorId AND [a].[AppointmentDate] = @date
ORDER BY [a].[StartTime]
2026-06-30 11:49:45.711 +03:00 [INF] Executed DbCommand (12ms) [Parameters=[@patientId='?' (DbType = Guid)], CommandType='"Text"', CommandTimeout='30']
SELECT [a].[Id], [a].[AppointmentDate], [a].[CreatedAt], [a].[CreatedByReceptionistId], [a].[DoctorId], [a].[EndTime], [a].[Notes], [a].[PatientId], [a].[StartTime], [a].[Status], [a].[UpdatedAt]
FROM [Appointments] AS [a]
WHERE [a].[PatientId] = @patientId
ORDER BY [a].[AppointmentDate] DESC, [a].[StartTime] DESC
2026-06-30 11:49:45.731 +03:00 [INF] HTTP GET /api/appointments/available-slots responded 200 in 123ms
2026-06-30 11:49:49.632 +03:00 [INF] HTTP OPTIONS /api/appointments responded 204 in 0ms
2026-06-30 11:49:49.744 +03:00 [INF] Executed DbCommand (1ms) [Parameters=[@p='?' (DbType = Guid)], CommandType='"Text"', CommandTimeout='30']
SELECT TOP(1) [d].[Id], [d].[DepartmentId], [d].[FullName], [d].[IsActive], [d].[Phone], [d].[Specialization], [d].[UserId]
FROM [Doctors] AS [d]
WHERE [d].[Id] = @p
2026-06-30 11:49:49.747 +03:00 [INF] Executed DbCommand (1ms) [Parameters=[@p='?' (DbType = Guid)], CommandType='"Text"', CommandTimeout='30']
SELECT TOP(1) [p].[Id], [p].[Address], [p].[BloodType], [p].[CreatedAt], [p].[DateOfBirth], [p].[Email], [p].[FullName], [p].[Gender], [p].[NationalId], [p].[Phone], [p].[UserId]
FROM [Patients] AS [p]
WHERE [p].[Id] = @p
2026-06-30 11:49:49.748 +03:00 [INF] Executed DbCommand (1ms) [Parameters=[], CommandType='"Text"', CommandTimeout='30']
SELECT [d].[Id], [d].[AppointmentDurationMinutes], [d].[DoctorId], [d].[EndTime], [d].[IsActive], [d].[ScheduleDate], [d].[StartTime]
FROM [DoctorDateSchedules] AS [d]
2026-06-30 11:49:49.775 +03:00 [INF] Executed DbCommand (8ms) [Parameters=[@doctorId='?' (DbType = Guid), @date='?' (DbType = Date), @endTime='?' (DbType = Time), @startTime='?' (DbType = Time)], CommandType='"Text"', CommandTimeout='30']
SELECT CASE
    WHEN EXISTS (
        SELECT 1
        FROM [Appointments] AS [a]
        WHERE [a].[DoctorId] = @doctorId AND [a].[AppointmentDate] = @date AND [a].[Status] <> N'Cancelled' AND [a].[StartTime] < @endTime AND [a].[EndTime] > @startTime) THEN CAST(1 AS bit)
    ELSE CAST(0 AS bit)
END
2026-06-30 11:49:49.795 +03:00 [INF] Executed DbCommand (7ms) [Parameters=[@patientId='?' (DbType = Guid), @date='?' (DbType = Date), @endTime='?' (DbType = Time), @startTime='?' (DbType = Time)], CommandType='"Text"', CommandTimeout='30']
SELECT CASE
    WHEN EXISTS (
        SELECT 1
        FROM [Appointments] AS [a]
        WHERE [a].[PatientId] = @patientId AND [a].[AppointmentDate] = @date AND [a].[Status] <> N'Cancelled' AND [a].[StartTime] < @endTime AND [a].[EndTime] > @startTime) THEN CAST(1 AS bit)
    ELSE CAST(0 AS bit)
END
2026-06-30 11:49:49.984 +03:00 [INF] Executed DbCommand (7ms) [Parameters=[@p0='?' (DbType = Guid), @p1='?' (DbType = Date), @p2='?' (DbType = DateTime2), @p3='?' (DbType = Guid), @p4='?' (DbType = Guid), @p5='?' (DbType = Time), @p6='?' (Size = 2000), @p7='?' (DbType = Guid), @p8='?' (DbType = Time), @p9='?' (Size = 50), @p10='?' (DbType = DateTime2)], CommandType='"Text"', CommandTimeout='30']
SET IMPLICIT_TRANSACTIONS OFF;
SET NOCOUNT ON;
INSERT INTO [Appointments] ([Id], [AppointmentDate], [CreatedAt], [CreatedByReceptionistId], [DoctorId], [EndTime], [Notes], [PatientId], [StartTime], [Status], [UpdatedAt])
VALUES (@p0, @p1, @p2, @p3, @p4, @p5, @p6, @p7, @p8, @p9, @p10);
2026-06-30 11:49:49.986 +03:00 [INF] Appointment booked "d3cc9d5c-d0f4-4ab5-8eef-0d71792d7070" for patient "36574f06-f0f8-4c16-83d7-073e1107da0b" with doctor "41885cdc-0175-4dcb-9824-944a922f6950" on "2026-06-30" at "12:00:00" by receptionist "77d8c535-fcd4-49b8-9e59-82f614cf7b03"
2026-06-30 11:49:49.989 +03:00 [INF] HTTP POST /api/appointments responded 200 in 352ms
2026-06-30 11:49:54.805 +03:00 [INF] HTTP OPTIONS /api/appointments/available-slots responded 204 in 0ms
2026-06-30 11:49:54.812 +03:00 [INF] Executed DbCommand (1ms) [Parameters=[], CommandType='"Text"', CommandTimeout='30']
SELECT [d].[Id], [d].[AppointmentDurationMinutes], [d].[DoctorId], [d].[EndTime], [d].[IsActive], [d].[ScheduleDate], [d].[StartTime]
FROM [DoctorDateSchedules] AS [d]
2026-06-30 11:49:54.814 +03:00 [INF] Executed DbCommand (1ms) [Parameters=[@doctorId='?' (DbType = Guid), @date='?' (DbType = Date)], CommandType='"Text"', CommandTimeout='30']
SELECT [a].[Id], [a].[AppointmentDate], [a].[CreatedAt], [a].[CreatedByReceptionistId], [a].[DoctorId], [a].[EndTime], [a].[Notes], [a].[PatientId], [a].[StartTime], [a].[Status], [a].[UpdatedAt]
FROM [Appointments] AS [a]
WHERE [a].[DoctorId] = @doctorId AND [a].[AppointmentDate] = @date
ORDER BY [a].[StartTime]
2026-06-30 11:49:54.817 +03:00 [INF] Executed DbCommand (1ms) [Parameters=[@patientId='?' (DbType = Guid)], CommandType='"Text"', CommandTimeout='30']
SELECT [a].[Id], [a].[AppointmentDate], [a].[CreatedAt], [a].[CreatedByReceptionistId], [a].[DoctorId], [a].[EndTime], [a].[Notes], [a].[PatientId], [a].[StartTime], [a].[Status], [a].[UpdatedAt]
FROM [Appointments] AS [a]
WHERE [a].[PatientId] = @patientId
ORDER BY [a].[AppointmentDate] DESC, [a].[StartTime] DESC
2026-06-30 11:49:54.817 +03:00 [INF] HTTP GET /api/appointments/available-slots responded 200 in 8ms
2026-06-30 11:49:55.817 +03:00 [INF] HTTP OPTIONS /api/departments responded 204 in 0ms
2026-06-30 11:49:55.818 +03:00 [INF] HTTP OPTIONS /api/patients responded 204 in 0ms
2026-06-30 11:49:55.832 +03:00 [INF] Executed DbCommand (1ms) [Parameters=[], CommandType='"Text"', CommandTimeout='30']
SELECT [d].[Id], [d].[Description], [d].[IsActive], [d].[Name]
FROM [Departments] AS [d]
2026-06-30 11:49:55.834 +03:00 [INF] Executed DbCommand (1ms) [Parameters=[], CommandType='"Text"', CommandTimeout='30']
SELECT [p].[Id], [p].[Address], [p].[BloodType], [p].[CreatedAt], [p].[DateOfBirth], [p].[Email], [p].[FullName], [p].[Gender], [p].[NationalId], [p].[Phone], [p].[UserId]
FROM [Patients] AS [p]
2026-06-30 11:49:55.834 +03:00 [INF] HTTP GET /api/departments responded 200 in 7ms
2026-06-30 11:49:55.837 +03:00 [INF] HTTP GET /api/patients responded 200 in 8ms
2026-06-30 11:50:02.943 +03:00 [INF] HTTP OPTIONS /api/doctors/department/b7eb805e-1614-4a59-a61a-6084babacfc3 responded 204 in 0ms
2026-06-30 11:50:02.948 +03:00 [INF] Executed DbCommand (1ms) [Parameters=[@departmentId='?' (DbType = Guid)], CommandType='"Text"', CommandTimeout='30']
SELECT [d].[Id], [d].[DepartmentId], [d].[FullName], [d].[IsActive], [d].[Phone], [d].[Specialization], [d].[UserId], [d0].[Id], [d0].[Description], [d0].[IsActive], [d0].[Name]
FROM [Doctors] AS [d]
INNER JOIN [Departments] AS [d0] ON [d].[DepartmentId] = [d0].[Id]
WHERE [d].[DepartmentId] = @departmentId AND [d].[IsActive] = CAST(1 AS bit)
2026-06-30 11:50:02.949 +03:00 [INF] HTTP GET /api/doctors/department/b7eb805e-1614-4a59-a61a-6084babacfc3 responded 200 in 3ms
2026-06-30 11:50:09.090 +03:00 [INF] HTTP OPTIONS /api/appointments/available-slots responded 204 in 0ms
2026-06-30 11:50:09.097 +03:00 [INF] Executed DbCommand (1ms) [Parameters=[], CommandType='"Text"', CommandTimeout='30']
SELECT [d].[Id], [d].[AppointmentDurationMinutes], [d].[DoctorId], [d].[EndTime], [d].[IsActive], [d].[ScheduleDate], [d].[StartTime]
FROM [DoctorDateSchedules] AS [d]
2026-06-30 11:50:09.099 +03:00 [INF] Executed DbCommand (1ms) [Parameters=[@doctorId='?' (DbType = Guid), @date='?' (DbType = Date)], CommandType='"Text"', CommandTimeout='30']
SELECT [a].[Id], [a].[AppointmentDate], [a].[CreatedAt], [a].[CreatedByReceptionistId], [a].[DoctorId], [a].[EndTime], [a].[Notes], [a].[PatientId], [a].[StartTime], [a].[Status], [a].[UpdatedAt]
FROM [Appointments] AS [a]
WHERE [a].[DoctorId] = @doctorId AND [a].[AppointmentDate] = @date
ORDER BY [a].[StartTime]
2026-06-30 11:50:09.103 +03:00 [INF] Executed DbCommand (1ms) [Parameters=[@patientId='?' (DbType = Guid)], CommandType='"Text"', CommandTimeout='30']
SELECT [a].[Id], [a].[AppointmentDate], [a].[CreatedAt], [a].[CreatedByReceptionistId], [a].[DoctorId], [a].[EndTime], [a].[Notes], [a].[PatientId], [a].[StartTime], [a].[Status], [a].[UpdatedAt]
FROM [Appointments] AS [a]
WHERE [a].[PatientId] = @patientId
ORDER BY [a].[AppointmentDate] DESC, [a].[StartTime] DESC
2026-06-30 11:50:09.104 +03:00 [INF] HTTP GET /api/appointments/available-slots responded 200 in 8ms
2026-06-30 11:50:12.355 +03:00 [INF] HTTP OPTIONS /api/doctors responded 204 in 0ms
2026-06-30 11:50:12.356 +03:00 [INF] HTTP OPTIONS /api/doctors responded 204 in 0ms
2026-06-30 11:50:12.367 +03:00 [INF] Executed DbCommand (1ms) [Parameters=[], CommandType='"Text"', CommandTimeout='30']
SELECT [d].[Id], [d].[DepartmentId], [d].[FullName], [d].[IsActive], [d].[Phone], [d].[Specialization], [d].[UserId]
FROM [Doctors] AS [d]
2026-06-30 11:50:12.370 +03:00 [INF] Executed DbCommand (1ms) [Parameters=[@p='?' (DbType = Guid)], CommandType='"Text"', CommandTimeout='30']
SELECT TOP(1) [d].[Id], [d].[Description], [d].[IsActive], [d].[Name]
FROM [Departments] AS [d]
WHERE [d].[Id] = @p
2026-06-30 11:50:12.375 +03:00 [INF] Executed DbCommand (1ms) [Parameters=[@p='?' (DbType = Guid)], CommandType='"Text"', CommandTimeout='30']
SELECT TOP(1) [d].[Id], [d].[Description], [d].[IsActive], [d].[Name]
FROM [Departments] AS [d]
WHERE [d].[Id] = @p
2026-06-30 11:50:12.376 +03:00 [INF] HTTP GET /api/doctors responded 200 in 12ms
2026-06-30 11:50:12.382 +03:00 [INF] Executed DbCommand (1ms) [Parameters=[], CommandType='"Text"', CommandTimeout='30']
SELECT [d].[Id], [d].[DepartmentId], [d].[FullName], [d].[IsActive], [d].[Phone], [d].[Specialization], [d].[UserId]
FROM [Doctors] AS [d]
2026-06-30 11:50:12.385 +03:00 [INF] Executed DbCommand (1ms) [Parameters=[@p='?' (DbType = Guid)], CommandType='"Text"', CommandTimeout='30']
SELECT TOP(1) [d].[Id], [d].[Description], [d].[IsActive], [d].[Name]
FROM [Departments] AS [d]
WHERE [d].[Id] = @p
2026-06-30 11:50:12.390 +03:00 [INF] Executed DbCommand (2ms) [Parameters=[@p='?' (DbType = Guid)], CommandType='"Text"', CommandTimeout='30']
SELECT TOP(1) [d].[Id], [d].[Description], [d].[IsActive], [d].[Name]
FROM [Departments] AS [d]
WHERE [d].[Id] = @p
2026-06-30 11:50:12.392 +03:00 [INF] HTTP GET /api/doctors responded 200 in 12ms
2026-06-30 11:50:12.395 +03:00 [INF] HTTP OPTIONS /api/appointments responded 204 in 0ms
2026-06-30 11:50:12.405 +03:00 [INF] HTTP OPTIONS /api/doctors/38807a7c-e4ef-4cad-bdf2-08fa24f03cbe/date-schedules responded 204 in 0ms
2026-06-30 11:50:12.407 +03:00 [INF] HTTP OPTIONS /api/doctors/41885cdc-0175-4dcb-9824-944a922f6950/date-schedules responded 204 in 0ms
2026-06-30 11:50:12.409 +03:00 [INF] Executed DbCommand (2ms) [Parameters=[@doctorId='?' (DbType = Guid), @date='?' (DbType = Date)], CommandType='"Text"', CommandTimeout='30']
SELECT [a].[Id], [a].[AppointmentDate], [a].[CreatedAt], [a].[CreatedByReceptionistId], [a].[DoctorId], [a].[EndTime], [a].[Notes], [a].[PatientId], [a].[StartTime], [a].[Status], [a].[UpdatedAt]
FROM [Appointments] AS [a]
WHERE [a].[DoctorId] = @doctorId AND [a].[AppointmentDate] = @date
ORDER BY [a].[StartTime]
2026-06-30 11:50:12.411 +03:00 [INF] HTTP OPTIONS /api/doctors/44450f15-4382-4c72-9e45-ffb270692955/date-schedules responded 204 in 0ms
2026-06-30 11:50:12.411 +03:00 [INF] HTTP GET /api/appointments responded 200 in 9ms
2026-06-30 11:50:12.424 +03:00 [INF] Executed DbCommand (4ms) [Parameters=[@p='?' (DbType = Guid)], CommandType='"Text"', CommandTimeout='30']
SELECT TOP(1) [d].[Id], [d].[DepartmentId], [d].[FullName], [d].[IsActive], [d].[Phone], [d].[Specialization], [d].[UserId]
FROM [Doctors] AS [d]
WHERE [d].[Id] = @p
2026-06-30 11:50:12.427 +03:00 [INF] Executed DbCommand (1ms) [Parameters=[@p='?' (DbType = Guid)], CommandType='"Text"', CommandTimeout='30']
SELECT TOP(1) [d].[Id], [d].[DepartmentId], [d].[FullName], [d].[IsActive], [d].[Phone], [d].[Specialization], [d].[UserId]
FROM [Doctors] AS [d]
WHERE [d].[Id] = @p
2026-06-30 11:50:12.429 +03:00 [INF] Executed DbCommand (3ms) [Parameters=[], CommandType='"Text"', CommandTimeout='30']
SELECT [d].[Id], [d].[AppointmentDurationMinutes], [d].[DoctorId], [d].[EndTime], [d].[IsActive], [d].[ScheduleDate], [d].[StartTime]
FROM [DoctorDateSchedules] AS [d]
2026-06-30 11:50:12.430 +03:00 [INF] HTTP OPTIONS /api/appointments responded 204 in 0ms
2026-06-30 11:50:12.430 +03:00 [INF] Executed DbCommand (1ms) [Parameters=[@p='?' (DbType = Guid)], CommandType='"Text"', CommandTimeout='30']
SELECT TOP(1) [d].[Id], [d].[DepartmentId], [d].[FullName], [d].[IsActive], [d].[Phone], [d].[Specialization], [d].[UserId]
FROM [Doctors] AS [d]
WHERE [d].[Id] = @p
2026-06-30 11:50:12.430 +03:00 [INF] Executed DbCommand (1ms) [Parameters=[], CommandType='"Text"', CommandTimeout='30']
SELECT [d].[Id], [d].[AppointmentDurationMinutes], [d].[DoctorId], [d].[EndTime], [d].[IsActive], [d].[ScheduleDate], [d].[StartTime]
FROM [DoctorDateSchedules] AS [d]
2026-06-30 11:50:12.431 +03:00 [INF] HTTP GET /api/doctors/38807a7c-e4ef-4cad-bdf2-08fa24f03cbe/date-schedules responded 200 in 14ms
2026-06-30 11:50:12.434 +03:00 [INF] Executed DbCommand (1ms) [Parameters=[], CommandType='"Text"', CommandTimeout='30']
SELECT [d].[Id], [d].[AppointmentDurationMinutes], [d].[DoctorId], [d].[EndTime], [d].[IsActive], [d].[ScheduleDate], [d].[StartTime]
FROM [DoctorDateSchedules] AS [d]
2026-06-30 11:50:12.434 +03:00 [INF] HTTP GET /api/doctors/41885cdc-0175-4dcb-9824-944a922f6950/date-schedules responded 200 in 12ms
2026-06-30 11:50:12.437 +03:00 [INF] HTTP GET /api/doctors/44450f15-4382-4c72-9e45-ffb270692955/date-schedules responded 200 in 10ms
2026-06-30 11:50:12.448 +03:00 [INF] Executed DbCommand (1ms) [Parameters=[@doctorId='?' (DbType = Guid), @date='?' (DbType = Date)], CommandType='"Text"', CommandTimeout='30']
SELECT [a].[Id], [a].[AppointmentDate], [a].[CreatedAt], [a].[CreatedByReceptionistId], [a].[DoctorId], [a].[EndTime], [a].[Notes], [a].[PatientId], [a].[StartTime], [a].[Status], [a].[UpdatedAt]
FROM [Appointments] AS [a]
WHERE [a].[DoctorId] = @doctorId AND [a].[AppointmentDate] = @date
ORDER BY [a].[StartTime]
2026-06-30 11:50:12.452 +03:00 [INF] Executed DbCommand (1ms) [Parameters=[@p='?' (DbType = Guid)], CommandType='"Text"', CommandTimeout='30']
SELECT TOP(1) [p].[Id], [p].[Address], [p].[BloodType], [p].[CreatedAt], [p].[DateOfBirth], [p].[Email], [p].[FullName], [p].[Gender], [p].[NationalId], [p].[Phone], [p].[UserId]
FROM [Patients] AS [p]
WHERE [p].[Id] = @p
2026-06-30 11:50:12.457 +03:00 [INF] Executed DbCommand (2ms) [Parameters=[@p='?' (DbType = Guid)], CommandType='"Text"', CommandTimeout='30']
SELECT TOP(1) [d].[Id], [d].[DepartmentId], [d].[FullName], [d].[IsActive], [d].[Phone], [d].[Specialization], [d].[UserId]
FROM [Doctors] AS [d]
WHERE [d].[Id] = @p
2026-06-30 11:50:12.460 +03:00 [INF] Executed DbCommand (1ms) [Parameters=[@p='?' (DbType = Guid)], CommandType='"Text"', CommandTimeout='30']
SELECT TOP(1) [p].[Id], [p].[Address], [p].[BloodType], [p].[CreatedAt], [p].[DateOfBirth], [p].[Email], [p].[FullName], [p].[Gender], [p].[NationalId], [p].[Phone], [p].[UserId]
FROM [Patients] AS [p]
WHERE [p].[Id] = @p
2026-06-30 11:50:12.462 +03:00 [INF] HTTP GET /api/appointments responded 200 in 18ms
2026-06-30 11:50:12.473 +03:00 [INF] HTTP OPTIONS /api/appointments responded 204 in 0ms
2026-06-30 11:50:12.481 +03:00 [INF] Executed DbCommand (1ms) [Parameters=[@doctorId='?' (DbType = Guid), @date='?' (DbType = Date)], CommandType='"Text"', CommandTimeout='30']
SELECT [a].[Id], [a].[AppointmentDate], [a].[CreatedAt], [a].[CreatedByReceptionistId], [a].[DoctorId], [a].[EndTime], [a].[Notes], [a].[PatientId], [a].[StartTime], [a].[Status], [a].[UpdatedAt]
FROM [Appointments] AS [a]
WHERE [a].[DoctorId] = @doctorId AND [a].[AppointmentDate] = @date
ORDER BY [a].[StartTime]
2026-06-30 11:50:12.485 +03:00 [INF] Executed DbCommand (1ms) [Parameters=[@p='?' (DbType = Guid)], CommandType='"Text"', CommandTimeout='30']
SELECT TOP(1) [p].[Id], [p].[Address], [p].[BloodType], [p].[CreatedAt], [p].[DateOfBirth], [p].[Email], [p].[FullName], [p].[Gender], [p].[NationalId], [p].[Phone], [p].[UserId]
FROM [Patients] AS [p]
WHERE [p].[Id] = @p
2026-06-30 11:50:12.493 +03:00 [INF] Executed DbCommand (4ms) [Parameters=[@p='?' (DbType = Guid)], CommandType='"Text"', CommandTimeout='30']
SELECT TOP(1) [d].[Id], [d].[DepartmentId], [d].[FullName], [d].[IsActive], [d].[Phone], [d].[Specialization], [d].[UserId]
FROM [Doctors] AS [d]
WHERE [d].[Id] = @p
2026-06-30 11:50:12.495 +03:00 [INF] HTTP GET /api/appointments responded 200 in 17ms
2026-06-30 11:50:16.745 +03:00 [INF] HTTP OPTIONS /api/patients responded 204 in 0ms
2026-06-30 11:50:16.749 +03:00 [INF] Executed DbCommand (0ms) [Parameters=[], CommandType='"Text"', CommandTimeout='30']
SELECT [p].[Id], [p].[Address], [p].[BloodType], [p].[CreatedAt], [p].[DateOfBirth], [p].[Email], [p].[FullName], [p].[Gender], [p].[NationalId], [p].[Phone], [p].[UserId]
FROM [Patients] AS [p]
2026-06-30 11:50:16.749 +03:00 [INF] HTTP GET /api/patients responded 200 in 2ms
2026-06-30 11:50:20.352 +03:00 [INF] HTTP OPTIONS /api/patients/36574f06-f0f8-4c16-83d7-073e1107da0b responded 204 in 0ms
2026-06-30 11:50:20.405 +03:00 [INF] Executed DbCommand (1ms) [Parameters=[@p='?' (DbType = Guid)], CommandType='"Text"', CommandTimeout='30']
SELECT TOP(1) [p].[Id], [p].[Address], [p].[BloodType], [p].[CreatedAt], [p].[DateOfBirth], [p].[Email], [p].[FullName], [p].[Gender], [p].[NationalId], [p].[Phone], [p].[UserId]
FROM [Patients] AS [p]
WHERE [p].[Id] = @p
2026-06-30 11:50:20.411 +03:00 [INF] HTTP GET /api/patients/36574f06-f0f8-4c16-83d7-073e1107da0b responded 200 in 52ms
2026-06-30 11:50:33.597 +03:00 [INF] HTTP OPTIONS /api/departments responded 204 in 0ms
2026-06-30 11:50:33.609 +03:00 [INF] HTTP OPTIONS /api/patients responded 204 in 0ms
2026-06-30 11:50:33.621 +03:00 [INF] Executed DbCommand (2ms) [Parameters=[], CommandType='"Text"', CommandTimeout='30']
SELECT [d].[Id], [d].[Description], [d].[IsActive], [d].[Name]
FROM [Departments] AS [d]
2026-06-30 11:50:33.622 +03:00 [INF] Executed DbCommand (1ms) [Parameters=[], CommandType='"Text"', CommandTimeout='30']
SELECT [p].[Id], [p].[Address], [p].[BloodType], [p].[CreatedAt], [p].[DateOfBirth], [p].[Email], [p].[FullName], [p].[Gender], [p].[NationalId], [p].[Phone], [p].[UserId]
FROM [Patients] AS [p]
2026-06-30 11:50:33.623 +03:00 [INF] HTTP GET /api/departments responded 200 in 6ms
2026-06-30 11:50:33.625 +03:00 [INF] HTTP GET /api/patients responded 200 in 7ms
2026-06-30 11:50:40.980 +03:00 [INF] HTTP OPTIONS /api/auth/login responded 204 in 0ms
2026-06-30 11:50:41.000 +03:00 [INF] Executed DbCommand (1ms) [Parameters=[], CommandType='"Text"', CommandTimeout='30']
SELECT [u].[Id], [u].[CreatedAt], [u].[Email], [u].[IsActive], [u].[PasswordHash], [u].[Role]
FROM [Users] AS [u]
2026-06-30 11:50:41.430 +03:00 [INF] HTTP POST /api/auth/login responded 200 in 441ms
2026-06-30 11:50:41.456 +03:00 [INF] HTTP OPTIONS /api/departments responded 204 in 0ms
2026-06-30 11:50:41.463 +03:00 [INF] Executed DbCommand (1ms) [Parameters=[], CommandType='"Text"', CommandTimeout='30']
SELECT [d].[Id], [d].[Description], [d].[IsActive], [d].[Name]
FROM [Departments] AS [d]
2026-06-30 11:50:41.464 +03:00 [INF] HTTP GET /api/departments responded 200 in 3ms
2026-06-30 11:50:43.555 +03:00 [INF] HTTP OPTIONS /api/doctors responded 204 in 0ms
2026-06-30 11:50:43.565 +03:00 [INF] Executed DbCommand (1ms) [Parameters=[], CommandType='"Text"', CommandTimeout='30']
SELECT [d].[Id], [d].[DepartmentId], [d].[FullName], [d].[IsActive], [d].[Phone], [d].[Specialization], [d].[UserId]
FROM [Doctors] AS [d]
2026-06-30 11:50:43.569 +03:00 [INF] Executed DbCommand (1ms) [Parameters=[@p='?' (DbType = Guid)], CommandType='"Text"', CommandTimeout='30']
SELECT TOP(1) [d].[Id], [d].[Description], [d].[IsActive], [d].[Name]
FROM [Departments] AS [d]
WHERE [d].[Id] = @p
2026-06-30 11:50:43.572 +03:00 [INF] Executed DbCommand (1ms) [Parameters=[@p='?' (DbType = Guid)], CommandType='"Text"', CommandTimeout='30']
SELECT TOP(1) [d].[Id], [d].[Description], [d].[IsActive], [d].[Name]
FROM [Departments] AS [d]
WHERE [d].[Id] = @p
2026-06-30 11:50:43.574 +03:00 [INF] HTTP GET /api/doctors responded 200 in 11ms
2026-06-30 11:50:45.491 +03:00 [INF] HTTP OPTIONS /api/doctors/default-date-schedules responded 204 in 0ms
2026-06-30 11:50:45.492 +03:00 [INF] HTTP OPTIONS /api/doctors/applied-date-schedules responded 204 in 0ms
2026-06-30 11:50:45.531 +03:00 [INF] Executed DbCommand (1ms) [Parameters=[], CommandType='"Text"', CommandTimeout='30']
SELECT [d].[Id], [d].[DepartmentId], [d].[FullName], [d].[IsActive], [d].[Phone], [d].[Specialization], [d].[UserId]
FROM [Doctors] AS [d]
2026-06-30 11:50:45.546 +03:00 [INF] Executed DbCommand (1ms) [Parameters=[], CommandType='"Text"', CommandTimeout='30']
SELECT [d].[Id], [d].[AppointmentDurationMinutes], [d].[DoctorId], [d].[EndTime], [d].[IsActive], [d].[ScheduleDate], [d].[StartTime]
FROM [DoctorDateSchedules] AS [d]
2026-06-30 11:50:45.557 +03:00 [INF] Executed DbCommand (7ms) [Parameters=[], CommandType='"Text"', CommandTimeout='30']
SELECT [d].[Id], [d].[AppointmentDurationMinutes], [d].[EndTime], [d].[IsActive], [d].[ScheduleDate], [d].[StartTime]
FROM [DefaultDoctorDateSchedules] AS [d]
2026-06-30 11:50:45.575 +03:00 [INF] HTTP GET /api/doctors/applied-date-schedules responded 200 in 77ms
2026-06-30 11:50:45.592 +03:00 [INF] HTTP GET /api/doctors/default-date-schedules responded 200 in 94ms
2026-06-30 11:50:51.349 +03:00 [INF] HTTP OPTIONS /api/receptionists responded 204 in 0ms
2026-06-30 11:50:51.399 +03:00 [INF] Executed DbCommand (6ms) [Parameters=[], CommandType='"Text"', CommandTimeout='30']
SELECT [r].[Id], [r].[FullName], [r].[IsActive], [r].[Phone], [r].[UserId]
FROM [Receptionists] AS [r]
2026-06-30 11:50:51.438 +03:00 [INF] HTTP GET /api/receptionists responded 200 in 85ms
2026-06-30 11:50:59.704 +03:00 [INF] HTTP OPTIONS /api/auth/login responded 204 in 0ms
2026-06-30 11:50:59.716 +03:00 [INF] Executed DbCommand (1ms) [Parameters=[], CommandType='"Text"', CommandTimeout='30']
SELECT [u].[Id], [u].[CreatedAt], [u].[Email], [u].[IsActive], [u].[PasswordHash], [u].[Role]
FROM [Users] AS [u]
2026-06-30 11:51:00.161 +03:00 [INF] HTTP POST /api/auth/login responded 200 in 448ms
2026-06-30 11:51:08.071 +03:00 [INF] HTTP OPTIONS /api/departments responded 204 in 0ms
2026-06-30 11:51:08.076 +03:00 [INF] Executed DbCommand (1ms) [Parameters=[], CommandType='"Text"', CommandTimeout='30']
SELECT [d].[Id], [d].[Description], [d].[IsActive], [d].[Name]
FROM [Departments] AS [d]
2026-06-30 11:51:08.077 +03:00 [INF] HTTP GET /api/departments responded 200 in 2ms
2026-06-30 11:51:13.363 +03:00 [INF] HTTP OPTIONS /api/auth/login responded 204 in 0ms
2026-06-30 11:51:13.373 +03:00 [INF] Executed DbCommand (1ms) [Parameters=[], CommandType='"Text"', CommandTimeout='30']
SELECT [u].[Id], [u].[CreatedAt], [u].[Email], [u].[IsActive], [u].[PasswordHash], [u].[Role]
FROM [Users] AS [u]
2026-06-30 11:51:13.807 +03:00 [INF] HTTP POST /api/auth/login responded 200 in 436ms
2026-06-30 11:51:13.837 +03:00 [INF] HTTP OPTIONS /api/doctor/working-hours responded 204 in 0ms
2026-06-30 11:51:13.838 +03:00 [INF] HTTP OPTIONS /api/doctor/schedule responded 204 in 0ms
2026-06-30 11:51:13.872 +03:00 [INF] Executed DbCommand (1ms) [Parameters=[], CommandType='"Text"', CommandTimeout='30']
SELECT [d].[Id], [d].[DepartmentId], [d].[FullName], [d].[IsActive], [d].[Phone], [d].[Specialization], [d].[UserId]
FROM [Doctors] AS [d]
2026-06-30 11:51:13.872 +03:00 [INF] Executed DbCommand (1ms) [Parameters=[], CommandType='"Text"', CommandTimeout='30']
SELECT [d].[Id], [d].[DepartmentId], [d].[FullName], [d].[IsActive], [d].[Phone], [d].[Specialization], [d].[UserId]
FROM [Doctors] AS [d]
2026-06-30 11:51:13.874 +03:00 [INF] Executed DbCommand (1ms) [Parameters=[@p='?' (DbType = Guid)], CommandType='"Text"', CommandTimeout='30']
SELECT TOP(1) [d].[Id], [d].[Description], [d].[IsActive], [d].[Name]
FROM [Departments] AS [d]
WHERE [d].[Id] = @p
2026-06-30 11:51:13.874 +03:00 [INF] Executed DbCommand (1ms) [Parameters=[@p='?' (DbType = Guid)], CommandType='"Text"', CommandTimeout='30']
SELECT TOP(1) [d].[Id], [d].[Description], [d].[IsActive], [d].[Name]
FROM [Departments] AS [d]
WHERE [d].[Id] = @p
2026-06-30 11:51:13.877 +03:00 [INF] Executed DbCommand (1ms) [Parameters=[@doctorId='?' (DbType = Guid), @date='?' (DbType = Date)], CommandType='"Text"', CommandTimeout='30']
SELECT [a].[Id], [a].[AppointmentDate], [a].[CreatedAt], [a].[CreatedByReceptionistId], [a].[DoctorId], [a].[EndTime], [a].[Notes], [a].[PatientId], [a].[StartTime], [a].[Status], [a].[UpdatedAt]
FROM [Appointments] AS [a]
WHERE [a].[DoctorId] = @doctorId AND [a].[AppointmentDate] = @date
ORDER BY [a].[StartTime]
2026-06-30 11:51:13.879 +03:00 [INF] Executed DbCommand (1ms) [Parameters=[], CommandType='"Text"', CommandTimeout='30']
SELECT [d].[Id], [d].[AppointmentDurationMinutes], [d].[DoctorId], [d].[EndTime], [d].[IsActive], [d].[ScheduleDate], [d].[StartTime]
FROM [DoctorDateSchedules] AS [d]
2026-06-30 11:51:13.879 +03:00 [INF] Executed DbCommand (1ms) [Parameters=[@p='?' (DbType = Guid)], CommandType='"Text"', CommandTimeout='30']
SELECT TOP(1) [p].[Id], [p].[Address], [p].[BloodType], [p].[CreatedAt], [p].[DateOfBirth], [p].[Email], [p].[FullName], [p].[Gender], [p].[NationalId], [p].[Phone], [p].[UserId]
FROM [Patients] AS [p]
WHERE [p].[Id] = @p
2026-06-30 11:51:13.882 +03:00 [INF] Executed DbCommand (1ms) [Parameters=[@p='?' (DbType = Guid)], CommandType='"Text"', CommandTimeout='30']
SELECT TOP(1) [p].[Id], [p].[Address], [p].[BloodType], [p].[CreatedAt], [p].[DateOfBirth], [p].[Email], [p].[FullName], [p].[Gender], [p].[NationalId], [p].[Phone], [p].[UserId]
FROM [Patients] AS [p]
WHERE [p].[Id] = @p
2026-06-30 11:51:13.883 +03:00 [INF] HTTP GET /api/doctor/working-hours responded 200 in 38ms
2026-06-30 11:51:13.884 +03:00 [INF] HTTP GET /api/doctor/schedule responded 200 in 39ms
2026-06-30 11:51:19.497 +03:00 [INF] HTTP OPTIONS /api/doctor/date-schedules responded 204 in 0ms
2026-06-30 11:51:19.541 +03:00 [INF] Executed DbCommand (1ms) [Parameters=[], CommandType='"Text"', CommandTimeout='30']
SELECT [d].[Id], [d].[DepartmentId], [d].[FullName], [d].[IsActive], [d].[Phone], [d].[Specialization], [d].[UserId]
FROM [Doctors] AS [d]
2026-06-30 11:51:19.544 +03:00 [INF] Executed DbCommand (1ms) [Parameters=[@p='?' (DbType = Guid)], CommandType='"Text"', CommandTimeout='30']
SELECT TOP(1) [d].[Id], [d].[Description], [d].[IsActive], [d].[Name]
FROM [Departments] AS [d]
WHERE [d].[Id] = @p
2026-06-30 11:51:19.547 +03:00 [INF] Executed DbCommand (1ms) [Parameters=[], CommandType='"Text"', CommandTimeout='30']
SELECT [d].[Id], [d].[AppointmentDurationMinutes], [d].[DoctorId], [d].[EndTime], [d].[IsActive], [d].[ScheduleDate], [d].[StartTime]
FROM [DoctorDateSchedules] AS [d]
2026-06-30 11:51:19.551 +03:00 [INF] HTTP GET /api/doctor/date-schedules responded 200 in 47ms
2026-06-30 11:52:51.145 +03:00 [INF] HTTP OPTIONS /api/doctor/working-hours responded 204 in 0ms
2026-06-30 11:52:51.148 +03:00 [INF] HTTP OPTIONS /api/doctor/schedule responded 204 in 0ms
2026-06-30 11:52:51.158 +03:00 [INF] Executed DbCommand (1ms) [Parameters=[], CommandType='"Text"', CommandTimeout='30']
SELECT [d].[Id], [d].[DepartmentId], [d].[FullName], [d].[IsActive], [d].[Phone], [d].[Specialization], [d].[UserId]
FROM [Doctors] AS [d]
2026-06-30 11:52:51.158 +03:00 [INF] Executed DbCommand (1ms) [Parameters=[], CommandType='"Text"', CommandTimeout='30']
SELECT [d].[Id], [d].[DepartmentId], [d].[FullName], [d].[IsActive], [d].[Phone], [d].[Specialization], [d].[UserId]
FROM [Doctors] AS [d]
2026-06-30 11:52:51.161 +03:00 [INF] Executed DbCommand (1ms) [Parameters=[@p='?' (DbType = Guid)], CommandType='"Text"', CommandTimeout='30']
SELECT TOP(1) [d].[Id], [d].[Description], [d].[IsActive], [d].[Name]
FROM [Departments] AS [d]
WHERE [d].[Id] = @p
2026-06-30 11:52:51.161 +03:00 [INF] Executed DbCommand (1ms) [Parameters=[@p='?' (DbType = Guid)], CommandType='"Text"', CommandTimeout='30']
SELECT TOP(1) [d].[Id], [d].[Description], [d].[IsActive], [d].[Name]
FROM [Departments] AS [d]
WHERE [d].[Id] = @p
2026-06-30 11:52:51.164 +03:00 [INF] Executed DbCommand (1ms) [Parameters=[@doctorId='?' (DbType = Guid), @date='?' (DbType = Date)], CommandType='"Text"', CommandTimeout='30']
SELECT [a].[Id], [a].[AppointmentDate], [a].[CreatedAt], [a].[CreatedByReceptionistId], [a].[DoctorId], [a].[EndTime], [a].[Notes], [a].[PatientId], [a].[StartTime], [a].[Status], [a].[UpdatedAt]
FROM [Appointments] AS [a]
WHERE [a].[DoctorId] = @doctorId AND [a].[AppointmentDate] = @date
ORDER BY [a].[StartTime]
2026-06-30 11:52:51.165 +03:00 [INF] Executed DbCommand (1ms) [Parameters=[], CommandType='"Text"', CommandTimeout='30']
SELECT [d].[Id], [d].[AppointmentDurationMinutes], [d].[DoctorId], [d].[EndTime], [d].[IsActive], [d].[ScheduleDate], [d].[StartTime]
FROM [DoctorDateSchedules] AS [d]
2026-06-30 11:52:51.168 +03:00 [INF] HTTP GET /api/doctor/working-hours responded 200 in 14ms
2026-06-30 11:52:51.168 +03:00 [INF] Executed DbCommand (1ms) [Parameters=[@p='?' (DbType = Guid)], CommandType='"Text"', CommandTimeout='30']
SELECT TOP(1) [p].[Id], [p].[Address], [p].[BloodType], [p].[CreatedAt], [p].[DateOfBirth], [p].[Email], [p].[FullName], [p].[Gender], [p].[NationalId], [p].[Phone], [p].[UserId]
FROM [Patients] AS [p]
WHERE [p].[Id] = @p
2026-06-30 11:52:51.173 +03:00 [INF] Executed DbCommand (2ms) [Parameters=[@p='?' (DbType = Guid)], CommandType='"Text"', CommandTimeout='30']
SELECT TOP(1) [p].[Id], [p].[Address], [p].[BloodType], [p].[CreatedAt], [p].[DateOfBirth], [p].[Email], [p].[FullName], [p].[Gender], [p].[NationalId], [p].[Phone], [p].[UserId]
FROM [Patients] AS [p]
WHERE [p].[Id] = @p
2026-06-30 11:52:51.175 +03:00 [INF] HTTP GET /api/doctor/schedule responded 200 in 20ms
2026-06-30 11:53:24.592 +03:00 [INF] HTTP OPTIONS /api/doctor/working-hours responded 204 in 0ms
2026-06-30 11:53:24.595 +03:00 [INF] HTTP OPTIONS /api/doctor/schedule responded 204 in 0ms
2026-06-30 11:53:24.611 +03:00 [INF] Executed DbCommand (1ms) [Parameters=[], CommandType='"Text"', CommandTimeout='30']
SELECT [d].[Id], [d].[DepartmentId], [d].[FullName], [d].[IsActive], [d].[Phone], [d].[Specialization], [d].[UserId]
FROM [Doctors] AS [d]
2026-06-30 11:53:24.611 +03:00 [INF] Executed DbCommand (1ms) [Parameters=[], CommandType='"Text"', CommandTimeout='30']
SELECT [d].[Id], [d].[DepartmentId], [d].[FullName], [d].[IsActive], [d].[Phone], [d].[Specialization], [d].[UserId]
FROM [Doctors] AS [d]
2026-06-30 11:53:24.614 +03:00 [INF] Executed DbCommand (1ms) [Parameters=[@p='?' (DbType = Guid)], CommandType='"Text"', CommandTimeout='30']
SELECT TOP(1) [d].[Id], [d].[Description], [d].[IsActive], [d].[Name]
FROM [Departments] AS [d]
WHERE [d].[Id] = @p
2026-06-30 11:53:24.614 +03:00 [INF] Executed DbCommand (2ms) [Parameters=[@p='?' (DbType = Guid)], CommandType='"Text"', CommandTimeout='30']
SELECT TOP(1) [d].[Id], [d].[Description], [d].[IsActive], [d].[Name]
FROM [Departments] AS [d]
WHERE [d].[Id] = @p
2026-06-30 11:53:24.617 +03:00 [INF] Executed DbCommand (1ms) [Parameters=[@doctorId='?' (DbType = Guid), @date='?' (DbType = Date)], CommandType='"Text"', CommandTimeout='30']
SELECT [a].[Id], [a].[AppointmentDate], [a].[CreatedAt], [a].[CreatedByReceptionistId], [a].[DoctorId], [a].[EndTime], [a].[Notes], [a].[PatientId], [a].[StartTime], [a].[Status], [a].[UpdatedAt]
FROM [Appointments] AS [a]
WHERE [a].[DoctorId] = @doctorId AND [a].[AppointmentDate] = @date
ORDER BY [a].[StartTime]
2026-06-30 11:53:24.618 +03:00 [INF] Executed DbCommand (2ms) [Parameters=[], CommandType='"Text"', CommandTimeout='30']
SELECT [d].[Id], [d].[AppointmentDurationMinutes], [d].[DoctorId], [d].[EndTime], [d].[IsActive], [d].[ScheduleDate], [d].[StartTime]
FROM [DoctorDateSchedules] AS [d]
2026-06-30 11:53:24.622 +03:00 [INF] HTTP GET /api/doctor/working-hours responded 200 in 15ms
2026-06-30 11:53:24.623 +03:00 [INF] Executed DbCommand (1ms) [Parameters=[@p='?' (DbType = Guid)], CommandType='"Text"', CommandTimeout='30']
SELECT TOP(1) [p].[Id], [p].[Address], [p].[BloodType], [p].[CreatedAt], [p].[DateOfBirth], [p].[Email], [p].[FullName], [p].[Gender], [p].[NationalId], [p].[Phone], [p].[UserId]
FROM [Patients] AS [p]
WHERE [p].[Id] = @p
2026-06-30 11:53:24.627 +03:00 [INF] Executed DbCommand (1ms) [Parameters=[@p='?' (DbType = Guid)], CommandType='"Text"', CommandTimeout='30']
SELECT TOP(1) [p].[Id], [p].[Address], [p].[BloodType], [p].[CreatedAt], [p].[DateOfBirth], [p].[Email], [p].[FullName], [p].[Gender], [p].[NationalId], [p].[Phone], [p].[UserId]
FROM [Patients] AS [p]
WHERE [p].[Id] = @p
2026-06-30 11:53:24.629 +03:00 [INF] HTTP GET /api/doctor/schedule responded 200 in 21ms
2026-06-30 17:26:01.943 +03:00 [INF] Executed DbCommand (70ms) [Parameters=[], CommandType='"Text"', CommandTimeout='30']
SELECT 1
2026-06-30 17:26:02.046 +03:00 [INF] Acquiring an exclusive lock for migration application. See https://aka.ms/efcore-docs-migrations-lock for more information if this takes too long.
2026-06-30 17:26:02.110 +03:00 [INF] Executed DbCommand (56ms) [Parameters=[], CommandType='"Text"', CommandTimeout='30']
DECLARE @result int;
EXEC @result = sp_getapplock @Resource = '__EFMigrationsLock', @LockOwner = 'Session', @LockMode = 'Exclusive';
SELECT @result
2026-06-30 17:26:02.263 +03:00 [INF] Executed DbCommand (3ms) [Parameters=[], CommandType='"Text"', CommandTimeout='30']
IF OBJECT_ID(N'[__EFMigrationsHistory]') IS NULL
BEGIN
    CREATE TABLE [__EFMigrationsHistory] (
        [MigrationId] nvarchar(150) NOT NULL,
        [ProductVersion] nvarchar(32) NOT NULL,
        CONSTRAINT [PK___EFMigrationsHistory] PRIMARY KEY ([MigrationId])
    );
END;
2026-06-30 17:26:02.302 +03:00 [INF] Executed DbCommand (1ms) [Parameters=[], CommandType='"Text"', CommandTimeout='30']
SELECT 1
2026-06-30 17:26:02.305 +03:00 [INF] Executed DbCommand (1ms) [Parameters=[], CommandType='"Text"', CommandTimeout='30']
SELECT OBJECT_ID(N'[__EFMigrationsHistory]');
2026-06-30 17:26:02.333 +03:00 [INF] Executed DbCommand (19ms) [Parameters=[], CommandType='"Text"', CommandTimeout='30']
SELECT [MigrationId], [ProductVersion]
FROM [__EFMigrationsHistory]
ORDER BY [MigrationId];
2026-06-30 17:26:02.367 +03:00 [INF] No migrations were applied. The database is already up to date.
2026-06-30 17:26:02.380 +03:00 [INF] Executed DbCommand (10ms) [Parameters=[], CommandType='"Text"', CommandTimeout='30']
DECLARE @result int;
EXEC @result = sp_releaseapplock @Resource = '__EFMigrationsLock', @LockOwner = 'Session';
SELECT @result
2026-06-30 17:26:02.999 +03:00 [INF] Executed DbCommand (14ms) [Parameters=[], CommandType='"Text"', CommandTimeout='30']
SELECT CASE
    WHEN EXISTS (
        SELECT 1
        FROM [Users] AS [u]) THEN CAST(1 AS bit)
    ELSE CAST(0 AS bit)
END
2026-06-30 17:26:03.014 +03:00 [INF] Database already seeded. Ensuring demo accounts exist.
2026-06-30 17:26:03.248 +03:00 [INF] Executed DbCommand (3ms) [Parameters=[], CommandType='"Text"', CommandTimeout='30']
SELECT TOP(1) [u].[Id], [u].[CreatedAt], [u].[Email], [u].[IsActive], [u].[PasswordHash], [u].[Role]
FROM [Users] AS [u]
WHERE [u].[Email] = N'patient@hospital.com'
2026-06-30 17:26:03.436 +03:00 [INF] Executed DbCommand (22ms) [Parameters=[@patientUser_Id='?' (DbType = Guid)], CommandType='"Text"', CommandTimeout='30']
SELECT TOP(1) [p].[Id], [p].[Address], [p].[BloodType], [p].[CreatedAt], [p].[DateOfBirth], [p].[Email], [p].[FullName], [p].[Gender], [p].[NationalId], [p].[Phone], [p].[UserId]
FROM [Patients] AS [p]
WHERE [p].[UserId] = @patientUser_Id
2026-06-30 17:26:03.518 +03:00 [INF] Executed DbCommand (4ms) [Parameters=[], CommandType='"Text"', CommandTimeout='30']
SELECT CASE
    WHEN EXISTS (
        SELECT 1
        FROM [DefaultDoctorSchedules] AS [d]) THEN CAST(1 AS bit)
    ELSE CAST(0 AS bit)
END
2026-06-30 17:26:03.917 +03:00 [INF] Now listening on: http://localhost:5000
2026-06-30 17:26:03.918 +03:00 [INF] Application started. Press Ctrl+C to shut down.
2026-06-30 17:26:03.918 +03:00 [INF] Hosting environment: Development
2026-06-30 17:26:03.919 +03:00 [INF] Content root path: G:\DEPI\HospitalSystem.API
2026-06-30 17:27:02.726 +03:00 [WRN] Failed to determine the https port for redirect.
2026-06-30 17:27:02.733 +03:00 [INF] HTTP OPTIONS /api/auth/login responded 204 in 71ms
2026-06-30 17:27:03.237 +03:00 [INF] Executed DbCommand (2ms) [Parameters=[], CommandType='"Text"', CommandTimeout='30']
SELECT [u].[Id], [u].[CreatedAt], [u].[Email], [u].[IsActive], [u].[PasswordHash], [u].[Role]
FROM [Users] AS [u]
2026-06-30 17:27:04.275 +03:00 [INF] HTTP POST /api/auth/login responded 200 in 1528ms
2026-06-30 17:27:04.351 +03:00 [INF] HTTP OPTIONS /api/patients responded 204 in 2ms
2026-06-30 17:27:04.438 +03:00 [INF] Executed DbCommand (4ms) [Parameters=[], CommandType='"Text"', CommandTimeout='30']
SELECT [p].[Id], [p].[Address], [p].[BloodType], [p].[CreatedAt], [p].[DateOfBirth], [p].[Email], [p].[FullName], [p].[Gender], [p].[NationalId], [p].[Phone], [p].[UserId]
FROM [Patients] AS [p]
2026-06-30 17:27:04.518 +03:00 [INF] HTTP GET /api/patients responded 200 in 162ms
2026-06-30 17:27:09.665 +03:00 [INF] HTTP OPTIONS /api/departments responded 204 in 0ms
2026-06-30 17:27:09.671 +03:00 [INF] HTTP OPTIONS /api/patients responded 204 in 0ms
2026-06-30 17:27:09.722 +03:00 [INF] Executed DbCommand (2ms) [Parameters=[], CommandType='"Text"', CommandTimeout='30']
SELECT [p].[Id], [p].[Address], [p].[BloodType], [p].[CreatedAt], [p].[DateOfBirth], [p].[Email], [p].[FullName], [p].[Gender], [p].[NationalId], [p].[Phone], [p].[UserId]
FROM [Patients] AS [p]
2026-06-30 17:27:09.726 +03:00 [INF] HTTP GET /api/patients responded 200 in 34ms
2026-06-30 17:27:09.803 +03:00 [INF] Executed DbCommand (8ms) [Parameters=[], CommandType='"Text"', CommandTimeout='30']
SELECT [d].[Id], [d].[Description], [d].[IsActive], [d].[Name]
FROM [Departments] AS [d]
2026-06-30 17:27:09.871 +03:00 [INF] HTTP GET /api/departments responded 200 in 191ms
2026-06-30 17:27:10.995 +03:00 [INF] HTTP OPTIONS /api/doctors responded 204 in 0ms
2026-06-30 17:27:10.995 +03:00 [INF] HTTP OPTIONS /api/doctors responded 204 in 0ms
2026-06-30 17:27:11.045 +03:00 [INF] Executed DbCommand (5ms) [Parameters=[], CommandType='"Text"', CommandTimeout='30']
SELECT [d].[Id], [d].[DepartmentId], [d].[FullName], [d].[IsActive], [d].[Phone], [d].[Specialization], [d].[UserId]
FROM [Doctors] AS [d]
2026-06-30 17:27:11.310 +03:00 [INF] Executed DbCommand (6ms) [Parameters=[@p='?' (DbType = Guid)], CommandType='"Text"', CommandTimeout='30']
SELECT TOP(1) [d].[Id], [d].[Description], [d].[IsActive], [d].[Name]
FROM [Departments] AS [d]
WHERE [d].[Id] = @p
2026-06-30 17:27:11.377 +03:00 [INF] Executed DbCommand (2ms) [Parameters=[@p='?' (DbType = Guid)], CommandType='"Text"', CommandTimeout='30']
SELECT TOP(1) [d].[Id], [d].[Description], [d].[IsActive], [d].[Name]
FROM [Departments] AS [d]
WHERE [d].[Id] = @p
2026-06-30 17:27:11.398 +03:00 [INF] HTTP GET /api/doctors responded 200 in 396ms
2026-06-30 17:27:11.409 +03:00 [INF] Executed DbCommand (2ms) [Parameters=[], CommandType='"Text"', CommandTimeout='30']
SELECT [d].[Id], [d].[DepartmentId], [d].[FullName], [d].[IsActive], [d].[Phone], [d].[Specialization], [d].[UserId]
FROM [Doctors] AS [d]
2026-06-30 17:27:11.415 +03:00 [INF] Executed DbCommand (1ms) [Parameters=[@p='?' (DbType = Guid)], CommandType='"Text"', CommandTimeout='30']
SELECT TOP(1) [d].[Id], [d].[Description], [d].[IsActive], [d].[Name]
FROM [Departments] AS [d]
WHERE [d].[Id] = @p
2026-06-30 17:27:11.420 +03:00 [INF] HTTP OPTIONS /api/appointments responded 204 in 0ms
2026-06-30 17:27:11.420 +03:00 [INF] Executed DbCommand (2ms) [Parameters=[@p='?' (DbType = Guid)], CommandType='"Text"', CommandTimeout='30']
SELECT TOP(1) [d].[Id], [d].[Description], [d].[IsActive], [d].[Name]
FROM [Departments] AS [d]
WHERE [d].[Id] = @p
2026-06-30 17:27:11.422 +03:00 [INF] HTTP GET /api/doctors responded 200 in 20ms
2026-06-30 17:27:11.437 +03:00 [INF] HTTP OPTIONS /api/doctors/38807a7c-e4ef-4cad-bdf2-08fa24f03cbe/date-schedules responded 204 in 0ms
2026-06-30 17:27:11.455 +03:00 [INF] HTTP OPTIONS /api/doctors/41885cdc-0175-4dcb-9824-944a922f6950/date-schedules responded 204 in 0ms
2026-06-30 17:27:11.455 +03:00 [INF] HTTP OPTIONS /api/doctors/44450f15-4382-4c72-9e45-ffb270692955/date-schedules responded 204 in 0ms
2026-06-30 17:27:11.563 +03:00 [INF] Executed DbCommand (7ms) [Parameters=[@p='?' (DbType = Guid)], CommandType='"Text"', CommandTimeout='30']
SELECT TOP(1) [d].[Id], [d].[DepartmentId], [d].[FullName], [d].[IsActive], [d].[Phone], [d].[Specialization], [d].[UserId]
FROM [Doctors] AS [d]
WHERE [d].[Id] = @p
2026-06-30 17:27:11.579 +03:00 [INF] Executed DbCommand (2ms) [Parameters=[@p='?' (DbType = Guid)], CommandType='"Text"', CommandTimeout='30']
SELECT TOP(1) [d].[Id], [d].[DepartmentId], [d].[FullName], [d].[IsActive], [d].[Phone], [d].[Specialization], [d].[UserId]
FROM [Doctors] AS [d]
WHERE [d].[Id] = @p
2026-06-30 17:27:11.580 +03:00 [INF] Executed DbCommand (2ms) [Parameters=[@p='?' (DbType = Guid)], CommandType='"Text"', CommandTimeout='30']
SELECT TOP(1) [d].[Id], [d].[DepartmentId], [d].[FullName], [d].[IsActive], [d].[Phone], [d].[Specialization], [d].[UserId]
FROM [Doctors] AS [d]
WHERE [d].[Id] = @p
2026-06-30 17:27:11.614 +03:00 [INF] Executed DbCommand (14ms) [Parameters=[], CommandType='"Text"', CommandTimeout='30']
SELECT [d].[Id], [d].[AppointmentDurationMinutes], [d].[DoctorId], [d].[EndTime], [d].[IsActive], [d].[ScheduleDate], [d].[StartTime]
FROM [DoctorDateSchedules] AS [d]
2026-06-30 17:27:11.618 +03:00 [INF] Executed DbCommand (17ms) [Parameters=[], CommandType='"Text"', CommandTimeout='30']
SELECT [d].[Id], [d].[AppointmentDurationMinutes], [d].[DoctorId], [d].[EndTime], [d].[IsActive], [d].[ScheduleDate], [d].[StartTime]
FROM [DoctorDateSchedules] AS [d]
2026-06-30 17:27:11.618 +03:00 [INF] Executed DbCommand (1ms) [Parameters=[], CommandType='"Text"', CommandTimeout='30']
SELECT [d].[Id], [d].[AppointmentDurationMinutes], [d].[DoctorId], [d].[EndTime], [d].[IsActive], [d].[ScheduleDate], [d].[StartTime]
FROM [DoctorDateSchedules] AS [d]
2026-06-30 17:27:11.621 +03:00 [INF] Executed DbCommand (24ms) [Parameters=[@doctorId='?' (DbType = Guid), @date='?' (DbType = Date)], CommandType='"Text"', CommandTimeout='30']
SELECT [a].[Id], [a].[AppointmentDate], [a].[CreatedAt], [a].[CreatedByReceptionistId], [a].[DoctorId], [a].[EndTime], [a].[Notes], [a].[PatientId], [a].[StartTime], [a].[Status], [a].[UpdatedAt]
FROM [Appointments] AS [a]
WHERE [a].[DoctorId] = @doctorId AND [a].[AppointmentDate] = @date
ORDER BY [a].[StartTime]
2026-06-30 17:27:11.695 +03:00 [INF] HTTP GET /api/appointments responded 200 in 265ms
2026-06-30 17:27:11.699 +03:00 [INF] HTTP GET /api/doctors/38807a7c-e4ef-4cad-bdf2-08fa24f03cbe/date-schedules responded 200 in 243ms
2026-06-30 17:27:11.705 +03:00 [INF] HTTP OPTIONS /api/appointments responded 204 in 0ms
2026-06-30 17:27:11.712 +03:00 [INF] HTTP GET /api/doctors/44450f15-4382-4c72-9e45-ffb270692955/date-schedules responded 200 in 248ms
2026-06-30 17:27:11.712 +03:00 [INF] HTTP GET /api/doctors/41885cdc-0175-4dcb-9824-944a922f6950/date-schedules responded 200 in 248ms
2026-06-30 17:27:11.718 +03:00 [INF] Executed DbCommand (2ms) [Parameters=[@doctorId='?' (DbType = Guid), @date='?' (DbType = Date)], CommandType='"Text"', CommandTimeout='30']
SELECT [a].[Id], [a].[AppointmentDate], [a].[CreatedAt], [a].[CreatedByReceptionistId], [a].[DoctorId], [a].[EndTime], [a].[Notes], [a].[PatientId], [a].[StartTime], [a].[Status], [a].[UpdatedAt]
FROM [Appointments] AS [a]
WHERE [a].[DoctorId] = @doctorId AND [a].[AppointmentDate] = @date
ORDER BY [a].[StartTime]
2026-06-30 17:27:11.814 +03:00 [INF] Executed DbCommand (5ms) [Parameters=[@p='?' (DbType = Guid)], CommandType='"Text"', CommandTimeout='30']
SELECT TOP(1) [p].[Id], [p].[Address], [p].[BloodType], [p].[CreatedAt], [p].[DateOfBirth], [p].[Email], [p].[FullName], [p].[Gender], [p].[NationalId], [p].[Phone], [p].[UserId]
FROM [Patients] AS [p]
WHERE [p].[Id] = @p
2026-06-30 17:27:11.828 +03:00 [INF] Executed DbCommand (1ms) [Parameters=[@p='?' (DbType = Guid)], CommandType='"Text"', CommandTimeout='30']
SELECT TOP(1) [d].[Id], [d].[DepartmentId], [d].[FullName], [d].[IsActive], [d].[Phone], [d].[Specialization], [d].[UserId]
FROM [Doctors] AS [d]
WHERE [d].[Id] = @p
2026-06-30 17:27:11.843 +03:00 [INF] Executed DbCommand (1ms) [Parameters=[@p='?' (DbType = Guid)], CommandType='"Text"', CommandTimeout='30']
SELECT TOP(1) [p].[Id], [p].[Address], [p].[BloodType], [p].[CreatedAt], [p].[DateOfBirth], [p].[Email], [p].[FullName], [p].[Gender], [p].[NationalId], [p].[Phone], [p].[UserId]
FROM [Patients] AS [p]
WHERE [p].[Id] = @p
2026-06-30 17:27:11.854 +03:00 [INF] HTTP GET /api/appointments responded 200 in 144ms
2026-06-30 17:27:11.862 +03:00 [INF] HTTP OPTIONS /api/appointments responded 204 in 0ms
2026-06-30 17:27:11.875 +03:00 [INF] Executed DbCommand (1ms) [Parameters=[@doctorId='?' (DbType = Guid), @date='?' (DbType = Date)], CommandType='"Text"', CommandTimeout='30']
SELECT [a].[Id], [a].[AppointmentDate], [a].[CreatedAt], [a].[CreatedByReceptionistId], [a].[DoctorId], [a].[EndTime], [a].[Notes], [a].[PatientId], [a].[StartTime], [a].[Status], [a].[UpdatedAt]
FROM [Appointments] AS [a]
WHERE [a].[DoctorId] = @doctorId AND [a].[AppointmentDate] = @date
ORDER BY [a].[StartTime]
2026-06-30 17:27:11.879 +03:00 [INF] Executed DbCommand (1ms) [Parameters=[@p='?' (DbType = Guid)], CommandType='"Text"', CommandTimeout='30']
SELECT TOP(1) [p].[Id], [p].[Address], [p].[BloodType], [p].[CreatedAt], [p].[DateOfBirth], [p].[Email], [p].[FullName], [p].[Gender], [p].[NationalId], [p].[Phone], [p].[UserId]
FROM [Patients] AS [p]
WHERE [p].[Id] = @p
2026-06-30 17:27:11.881 +03:00 [INF] Executed DbCommand (1ms) [Parameters=[@p='?' (DbType = Guid)], CommandType='"Text"', CommandTimeout='30']
SELECT TOP(1) [d].[Id], [d].[DepartmentId], [d].[FullName], [d].[IsActive], [d].[Phone], [d].[Specialization], [d].[UserId]
FROM [Doctors] AS [d]
WHERE [d].[Id] = @p
2026-06-30 17:27:11.882 +03:00 [INF] HTTP GET /api/appointments responded 200 in 13ms
2026-06-30 17:27:26.119 +03:00 [INF] HTTP OPTIONS /api/patients/36574f06-f0f8-4c16-83d7-073e1107da0b responded 204 in 0ms
2026-06-30 17:27:26.173 +03:00 [INF] Executed DbCommand (1ms) [Parameters=[@p='?' (DbType = Guid)], CommandType='"Text"', CommandTimeout='30']
SELECT TOP(1) [p].[Id], [p].[Address], [p].[BloodType], [p].[CreatedAt], [p].[DateOfBirth], [p].[Email], [p].[FullName], [p].[Gender], [p].[NationalId], [p].[Phone], [p].[UserId]
FROM [Patients] AS [p]
WHERE [p].[Id] = @p
2026-06-30 17:27:26.178 +03:00 [INF] HTTP GET /api/patients/36574f06-f0f8-4c16-83d7-073e1107da0b responded 200 in 53ms
2026-06-30 17:28:18.097 +03:00 [INF] HTTP OPTIONS /api/patients responded 204 in 0ms
2026-06-30 17:28:18.111 +03:00 [INF] Executed DbCommand (1ms) [Parameters=[], CommandType='"Text"', CommandTimeout='30']
SELECT [p].[Id], [p].[Address], [p].[BloodType], [p].[CreatedAt], [p].[DateOfBirth], [p].[Email], [p].[FullName], [p].[Gender], [p].[NationalId], [p].[Phone], [p].[UserId]
FROM [Patients] AS [p]
2026-06-30 17:28:18.113 +03:00 [INF] HTTP GET /api/patients responded 200 in 7ms
2026-06-30 17:28:20.568 +03:00 [INF] HTTP OPTIONS /api/patients/36574f06-f0f8-4c16-83d7-073e1107da0b responded 204 in 0ms
2026-06-30 17:28:20.579 +03:00 [INF] Executed DbCommand (1ms) [Parameters=[@p='?' (DbType = Guid)], CommandType='"Text"', CommandTimeout='30']
SELECT TOP(1) [p].[Id], [p].[Address], [p].[BloodType], [p].[CreatedAt], [p].[DateOfBirth], [p].[Email], [p].[FullName], [p].[Gender], [p].[NationalId], [p].[Phone], [p].[UserId]
FROM [Patients] AS [p]
WHERE [p].[Id] = @p
2026-06-30 17:28:20.580 +03:00 [INF] HTTP GET /api/patients/36574f06-f0f8-4c16-83d7-073e1107da0b responded 200 in 7ms
2026-06-30 17:28:31.254 +03:00 [INF] HTTP OPTIONS /api/doctors responded 204 in 0ms
2026-06-30 17:28:31.255 +03:00 [INF] HTTP OPTIONS /api/doctors responded 204 in 0ms
2026-06-30 17:28:31.255 +03:00 [INF] HTTP OPTIONS /api/appointments responded 204 in 0ms
2026-06-30 17:28:31.266 +03:00 [INF] Executed DbCommand (1ms) [Parameters=[], CommandType='"Text"', CommandTimeout='30']
SELECT [d].[Id], [d].[DepartmentId], [d].[FullName], [d].[IsActive], [d].[Phone], [d].[Specialization], [d].[UserId]
FROM [Doctors] AS [d]
2026-06-30 17:28:31.267 +03:00 [INF] Executed DbCommand (1ms) [Parameters=[@doctorId='?' (DbType = Guid), @date='?' (DbType = Date)], CommandType='"Text"', CommandTimeout='30']
SELECT [a].[Id], [a].[AppointmentDate], [a].[CreatedAt], [a].[CreatedByReceptionistId], [a].[DoctorId], [a].[EndTime], [a].[Notes], [a].[PatientId], [a].[StartTime], [a].[Status], [a].[UpdatedAt]
FROM [Appointments] AS [a]
WHERE [a].[DoctorId] = @doctorId AND [a].[AppointmentDate] = @date
ORDER BY [a].[StartTime]
2026-06-30 17:28:31.268 +03:00 [INF] HTTP GET /api/appointments responded 200 in 5ms
2026-06-30 17:28:31.269 +03:00 [INF] Executed DbCommand (1ms) [Parameters=[@p='?' (DbType = Guid)], CommandType='"Text"', CommandTimeout='30']
SELECT TOP(1) [d].[Id], [d].[Description], [d].[IsActive], [d].[Name]
FROM [Departments] AS [d]
WHERE [d].[Id] = @p
2026-06-30 17:28:31.273 +03:00 [INF] Executed DbCommand (1ms) [Parameters=[@p='?' (DbType = Guid)], CommandType='"Text"', CommandTimeout='30']
SELECT TOP(1) [d].[Id], [d].[Description], [d].[IsActive], [d].[Name]
FROM [Departments] AS [d]
WHERE [d].[Id] = @p
2026-06-30 17:28:31.275 +03:00 [INF] HTTP GET /api/doctors responded 200 in 13ms
2026-06-30 17:28:31.276 +03:00 [INF] HTTP OPTIONS /api/appointments responded 204 in 0ms
2026-06-30 17:28:31.280 +03:00 [INF] Executed DbCommand (1ms) [Parameters=[], CommandType='"Text"', CommandTimeout='30']
SELECT [d].[Id], [d].[DepartmentId], [d].[FullName], [d].[IsActive], [d].[Phone], [d].[Specialization], [d].[UserId]
FROM [Doctors] AS [d]
2026-06-30 17:28:31.284 +03:00 [INF] Executed DbCommand (1ms) [Parameters=[@p='?' (DbType = Guid)], CommandType='"Text"', CommandTimeout='30']
SELECT TOP(1) [d].[Id], [d].[Description], [d].[IsActive], [d].[Name]
FROM [Departments] AS [d]
WHERE [d].[Id] = @p
2026-06-30 17:28:31.285 +03:00 [INF] Executed DbCommand (1ms) [Parameters=[@doctorId='?' (DbType = Guid), @date='?' (DbType = Date)], CommandType='"Text"', CommandTimeout='30']
SELECT [a].[Id], [a].[AppointmentDate], [a].[CreatedAt], [a].[CreatedByReceptionistId], [a].[DoctorId], [a].[EndTime], [a].[Notes], [a].[PatientId], [a].[StartTime], [a].[Status], [a].[UpdatedAt]
FROM [Appointments] AS [a]
WHERE [a].[DoctorId] = @doctorId AND [a].[AppointmentDate] = @date
ORDER BY [a].[StartTime]
2026-06-30 17:28:31.286 +03:00 [INF] Executed DbCommand (1ms) [Parameters=[@p='?' (DbType = Guid)], CommandType='"Text"', CommandTimeout='30']
SELECT TOP(1) [d].[Id], [d].[Description], [d].[IsActive], [d].[Name]
FROM [Departments] AS [d]
WHERE [d].[Id] = @p
2026-06-30 17:28:31.287 +03:00 [INF] HTTP GET /api/doctors responded 200 in 11ms
2026-06-30 17:28:31.288 +03:00 [INF] Executed DbCommand (1ms) [Parameters=[@p='?' (DbType = Guid)], CommandType='"Text"', CommandTimeout='30']
SELECT TOP(1) [p].[Id], [p].[Address], [p].[BloodType], [p].[CreatedAt], [p].[DateOfBirth], [p].[Email], [p].[FullName], [p].[Gender], [p].[NationalId], [p].[Phone], [p].[UserId]
FROM [Patients] AS [p]
WHERE [p].[Id] = @p
2026-06-30 17:28:31.291 +03:00 [INF] Executed DbCommand (1ms) [Parameters=[@p='?' (DbType = Guid)], CommandType='"Text"', CommandTimeout='30']
SELECT TOP(1) [d].[Id], [d].[DepartmentId], [d].[FullName], [d].[IsActive], [d].[Phone], [d].[Specialization], [d].[UserId]
FROM [Doctors] AS [d]
WHERE [d].[Id] = @p
2026-06-30 17:28:31.294 +03:00 [INF] Executed DbCommand (1ms) [Parameters=[@p='?' (DbType = Guid)], CommandType='"Text"', CommandTimeout='30']
SELECT TOP(1) [p].[Id], [p].[Address], [p].[BloodType], [p].[CreatedAt], [p].[DateOfBirth], [p].[Email], [p].[FullName], [p].[Gender], [p].[NationalId], [p].[Phone], [p].[UserId]
FROM [Patients] AS [p]
WHERE [p].[Id] = @p
2026-06-30 17:28:31.295 +03:00 [INF] HTTP GET /api/appointments responded 200 in 14ms
2026-06-30 17:28:31.295 +03:00 [INF] HTTP OPTIONS /api/doctors/38807a7c-e4ef-4cad-bdf2-08fa24f03cbe/date-schedules responded 204 in 0ms
2026-06-30 17:28:31.296 +03:00 [INF] HTTP OPTIONS /api/doctors/41885cdc-0175-4dcb-9824-944a922f6950/date-schedules responded 204 in 0ms
2026-06-30 17:28:31.297 +03:00 [INF] HTTP OPTIONS /api/doctors/44450f15-4382-4c72-9e45-ffb270692955/date-schedules responded 204 in 0ms
2026-06-30 17:28:31.306 +03:00 [INF] HTTP OPTIONS /api/appointments responded 204 in 0ms
2026-06-30 17:28:31.308 +03:00 [INF] Executed DbCommand (1ms) [Parameters=[@p='?' (DbType = Guid)], CommandType='"Text"', CommandTimeout='30']
SELECT TOP(1) [d].[Id], [d].[DepartmentId], [d].[FullName], [d].[IsActive], [d].[Phone], [d].[Specialization], [d].[UserId]
FROM [Doctors] AS [d]
WHERE [d].[Id] = @p
2026-06-30 17:28:31.308 +03:00 [INF] Executed DbCommand (1ms) [Parameters=[@p='?' (DbType = Guid)], CommandType='"Text"', CommandTimeout='30']
SELECT TOP(1) [d].[Id], [d].[DepartmentId], [d].[FullName], [d].[IsActive], [d].[Phone], [d].[Specialization], [d].[UserId]
FROM [Doctors] AS [d]
WHERE [d].[Id] = @p
2026-06-30 17:28:31.308 +03:00 [INF] Executed DbCommand (1ms) [Parameters=[@p='?' (DbType = Guid)], CommandType='"Text"', CommandTimeout='30']
SELECT TOP(1) [d].[Id], [d].[DepartmentId], [d].[FullName], [d].[IsActive], [d].[Phone], [d].[Specialization], [d].[UserId]
FROM [Doctors] AS [d]
WHERE [d].[Id] = @p
2026-06-30 17:28:31.310 +03:00 [INF] Executed DbCommand (1ms) [Parameters=[], CommandType='"Text"', CommandTimeout='30']
SELECT [d].[Id], [d].[AppointmentDurationMinutes], [d].[DoctorId], [d].[EndTime], [d].[IsActive], [d].[ScheduleDate], [d].[StartTime]
FROM [DoctorDateSchedules] AS [d]
2026-06-30 17:28:31.310 +03:00 [INF] Executed DbCommand (1ms) [Parameters=[], CommandType='"Text"', CommandTimeout='30']
SELECT [d].[Id], [d].[AppointmentDurationMinutes], [d].[DoctorId], [d].[EndTime], [d].[IsActive], [d].[ScheduleDate], [d].[StartTime]
FROM [DoctorDateSchedules] AS [d]
2026-06-30 17:28:31.310 +03:00 [INF] Executed DbCommand (1ms) [Parameters=[], CommandType='"Text"', CommandTimeout='30']
SELECT [d].[Id], [d].[AppointmentDurationMinutes], [d].[DoctorId], [d].[EndTime], [d].[IsActive], [d].[ScheduleDate], [d].[StartTime]
FROM [DoctorDateSchedules] AS [d]
2026-06-30 17:28:31.312 +03:00 [INF] HTTP GET /api/doctors/44450f15-4382-4c72-9e45-ffb270692955/date-schedules responded 200 in 8ms
2026-06-30 17:28:31.312 +03:00 [INF] HTTP GET /api/doctors/38807a7c-e4ef-4cad-bdf2-08fa24f03cbe/date-schedules responded 200 in 9ms
2026-06-30 17:28:31.312 +03:00 [INF] HTTP GET /api/doctors/41885cdc-0175-4dcb-9824-944a922f6950/date-schedules responded 200 in 9ms
2026-06-30 17:28:31.315 +03:00 [INF] Executed DbCommand (1ms) [Parameters=[@doctorId='?' (DbType = Guid), @date='?' (DbType = Date)], CommandType='"Text"', CommandTimeout='30']
SELECT [a].[Id], [a].[AppointmentDate], [a].[CreatedAt], [a].[CreatedByReceptionistId], [a].[DoctorId], [a].[EndTime], [a].[Notes], [a].[PatientId], [a].[StartTime], [a].[Status], [a].[UpdatedAt]
FROM [Appointments] AS [a]
WHERE [a].[DoctorId] = @doctorId AND [a].[AppointmentDate] = @date
ORDER BY [a].[StartTime]
2026-06-30 17:28:31.318 +03:00 [INF] Executed DbCommand (1ms) [Parameters=[@p='?' (DbType = Guid)], CommandType='"Text"', CommandTimeout='30']
SELECT TOP(1) [p].[Id], [p].[Address], [p].[BloodType], [p].[CreatedAt], [p].[DateOfBirth], [p].[Email], [p].[FullName], [p].[Gender], [p].[NationalId], [p].[Phone], [p].[UserId]
FROM [Patients] AS [p]
WHERE [p].[Id] = @p
2026-06-30 17:28:31.321 +03:00 [INF] Executed DbCommand (1ms) [Parameters=[@p='?' (DbType = Guid)], CommandType='"Text"', CommandTimeout='30']
SELECT TOP(1) [d].[Id], [d].[DepartmentId], [d].[FullName], [d].[IsActive], [d].[Phone], [d].[Specialization], [d].[UserId]
FROM [Doctors] AS [d]
WHERE [d].[Id] = @p
2026-06-30 17:28:31.322 +03:00 [INF] HTTP GET /api/appointments responded 200 in 11ms
2026-06-30 17:28:32.688 +03:00 [INF] HTTP OPTIONS /api/departments responded 204 in 0ms
2026-06-30 17:28:32.689 +03:00 [INF] HTTP OPTIONS /api/patients responded 204 in 0ms
2026-06-30 17:28:32.695 +03:00 [INF] Executed DbCommand (1ms) [Parameters=[], CommandType='"Text"', CommandTimeout='30']
SELECT [p].[Id], [p].[Address], [p].[BloodType], [p].[CreatedAt], [p].[DateOfBirth], [p].[Email], [p].[FullName], [p].[Gender], [p].[NationalId], [p].[Phone], [p].[UserId]
FROM [Patients] AS [p]
2026-06-30 17:28:32.695 +03:00 [INF] Executed DbCommand (0ms) [Parameters=[], CommandType='"Text"', CommandTimeout='30']
SELECT [d].[Id], [d].[Description], [d].[IsActive], [d].[Name]
FROM [Departments] AS [d]
2026-06-30 17:28:32.695 +03:00 [INF] HTTP GET /api/departments responded 200 in 3ms
2026-06-30 17:28:32.695 +03:00 [INF] HTTP GET /api/patients responded 200 in 3ms
2026-06-30 17:29:36.574 +03:00 [INF] HTTP OPTIONS /api/doctors responded 204 in 0ms
2026-06-30 17:29:36.594 +03:00 [INF] HTTP OPTIONS /api/doctors responded 204 in 0ms
2026-06-30 17:29:36.597 +03:00 [INF] HTTP OPTIONS /api/appointments responded 204 in 0ms
2026-06-30 17:29:36.617 +03:00 [INF] Executed DbCommand (3ms) [Parameters=[], CommandType='"Text"', CommandTimeout='30']
SELECT [d].[Id], [d].[DepartmentId], [d].[FullName], [d].[IsActive], [d].[Phone], [d].[Specialization], [d].[UserId]
FROM [Doctors] AS [d]
2026-06-30 17:29:36.622 +03:00 [INF] Executed DbCommand (2ms) [Parameters=[@doctorId='?' (DbType = Guid), @date='?' (DbType = Date)], CommandType='"Text"', CommandTimeout='30']
SELECT [a].[Id], [a].[AppointmentDate], [a].[CreatedAt], [a].[CreatedByReceptionistId], [a].[DoctorId], [a].[EndTime], [a].[Notes], [a].[PatientId], [a].[StartTime], [a].[Status], [a].[UpdatedAt]
FROM [Appointments] AS [a]
WHERE [a].[DoctorId] = @doctorId AND [a].[AppointmentDate] = @date
ORDER BY [a].[StartTime]
2026-06-30 17:29:36.624 +03:00 [INF] HTTP GET /api/appointments responded 200 in 11ms
2026-06-30 17:29:36.624 +03:00 [INF] Executed DbCommand (1ms) [Parameters=[@p='?' (DbType = Guid)], CommandType='"Text"', CommandTimeout='30']
SELECT TOP(1) [d].[Id], [d].[Description], [d].[IsActive], [d].[Name]
FROM [Departments] AS [d]
WHERE [d].[Id] = @p
2026-06-30 17:29:36.628 +03:00 [INF] Executed DbCommand (2ms) [Parameters=[@p='?' (DbType = Guid)], CommandType='"Text"', CommandTimeout='30']
SELECT TOP(1) [d].[Id], [d].[Description], [d].[IsActive], [d].[Name]
FROM [Departments] AS [d]
WHERE [d].[Id] = @p
2026-06-30 17:29:36.630 +03:00 [INF] HTTP GET /api/doctors responded 200 in 27ms
2026-06-30 17:29:36.642 +03:00 [INF] Executed DbCommand (2ms) [Parameters=[], CommandType='"Text"', CommandTimeout='30']
SELECT [d].[Id], [d].[DepartmentId], [d].[FullName], [d].[IsActive], [d].[Phone], [d].[Specialization], [d].[UserId]
FROM [Doctors] AS [d]
2026-06-30 17:29:36.643 +03:00 [INF] HTTP OPTIONS /api/appointments responded 204 in 0ms
2026-06-30 17:29:36.648 +03:00 [INF] Executed DbCommand (2ms) [Parameters=[@p='?' (DbType = Guid)], CommandType='"Text"', CommandTimeout='30']
SELECT TOP(1) [d].[Id], [d].[Description], [d].[IsActive], [d].[Name]
FROM [Departments] AS [d]
WHERE [d].[Id] = @p
2026-06-30 17:29:36.652 +03:00 [INF] Executed DbCommand (2ms) [Parameters=[@p='?' (DbType = Guid)], CommandType='"Text"', CommandTimeout='30']
SELECT TOP(1) [d].[Id], [d].[Description], [d].[IsActive], [d].[Name]
FROM [Departments] AS [d]
WHERE [d].[Id] = @p
2026-06-30 17:29:36.654 +03:00 [INF] HTTP GET /api/doctors responded 200 in 20ms
2026-06-30 17:29:36.663 +03:00 [INF] Executed DbCommand (2ms) [Parameters=[@doctorId='?' (DbType = Guid), @date='?' (DbType = Date)], CommandType='"Text"', CommandTimeout='30']
SELECT [a].[Id], [a].[AppointmentDate], [a].[CreatedAt], [a].[CreatedByReceptionistId], [a].[DoctorId], [a].[EndTime], [a].[Notes], [a].[PatientId], [a].[StartTime], [a].[Status], [a].[UpdatedAt]
FROM [Appointments] AS [a]
WHERE [a].[DoctorId] = @doctorId AND [a].[AppointmentDate] = @date
ORDER BY [a].[StartTime]
2026-06-30 17:29:36.667 +03:00 [INF] Executed DbCommand (1ms) [Parameters=[@p='?' (DbType = Guid)], CommandType='"Text"', CommandTimeout='30']
SELECT TOP(1) [p].[Id], [p].[Address], [p].[BloodType], [p].[CreatedAt], [p].[DateOfBirth], [p].[Email], [p].[FullName], [p].[Gender], [p].[NationalId], [p].[Phone], [p].[UserId]
FROM [Patients] AS [p]
WHERE [p].[Id] = @p
2026-06-30 17:29:36.671 +03:00 [INF] HTTP OPTIONS /api/doctors/38807a7c-e4ef-4cad-bdf2-08fa24f03cbe/date-schedules responded 204 in 0ms
2026-06-30 17:29:36.671 +03:00 [INF] Executed DbCommand (1ms) [Parameters=[@p='?' (DbType = Guid)], CommandType='"Text"', CommandTimeout='30']
SELECT TOP(1) [d].[Id], [d].[DepartmentId], [d].[FullName], [d].[IsActive], [d].[Phone], [d].[Specialization], [d].[UserId]
FROM [Doctors] AS [d]
WHERE [d].[Id] = @p
2026-06-30 17:29:36.671 +03:00 [INF] HTTP OPTIONS /api/doctors/41885cdc-0175-4dcb-9824-944a922f6950/date-schedules responded 204 in 0ms
2026-06-30 17:29:36.672 +03:00 [INF] HTTP OPTIONS /api/doctors/44450f15-4382-4c72-9e45-ffb270692955/date-schedules responded 204 in 0ms
2026-06-30 17:29:36.673 +03:00 [INF] Executed DbCommand (1ms) [Parameters=[@p='?' (DbType = Guid)], CommandType='"Text"', CommandTimeout='30']
SELECT TOP(1) [p].[Id], [p].[Address], [p].[BloodType], [p].[CreatedAt], [p].[DateOfBirth], [p].[Email], [p].[FullName], [p].[Gender], [p].[NationalId], [p].[Phone], [p].[UserId]
FROM [Patients] AS [p]
WHERE [p].[Id] = @p
2026-06-30 17:29:36.675 +03:00 [INF] HTTP GET /api/appointments responded 200 in 18ms
2026-06-30 17:29:36.684 +03:00 [INF] HTTP OPTIONS /api/appointments responded 204 in 0ms
2026-06-30 17:29:36.684 +03:00 [INF] Executed DbCommand (1ms) [Parameters=[@p='?' (DbType = Guid)], CommandType='"Text"', CommandTimeout='30']
SELECT TOP(1) [d].[Id], [d].[DepartmentId], [d].[FullName], [d].[IsActive], [d].[Phone], [d].[Specialization], [d].[UserId]
FROM [Doctors] AS [d]
WHERE [d].[Id] = @p
2026-06-30 17:29:36.685 +03:00 [INF] Executed DbCommand (1ms) [Parameters=[@p='?' (DbType = Guid)], CommandType='"Text"', CommandTimeout='30']
SELECT TOP(1) [d].[Id], [d].[DepartmentId], [d].[FullName], [d].[IsActive], [d].[Phone], [d].[Specialization], [d].[UserId]
FROM [Doctors] AS [d]
WHERE [d].[Id] = @p
2026-06-30 17:29:36.685 +03:00 [INF] Executed DbCommand (2ms) [Parameters=[@p='?' (DbType = Guid)], CommandType='"Text"', CommandTimeout='30']
SELECT TOP(1) [d].[Id], [d].[DepartmentId], [d].[FullName], [d].[IsActive], [d].[Phone], [d].[Specialization], [d].[UserId]
FROM [Doctors] AS [d]
WHERE [d].[Id] = @p
2026-06-30 17:29:36.686 +03:00 [INF] Executed DbCommand (1ms) [Parameters=[], CommandType='"Text"', CommandTimeout='30']
SELECT [d].[Id], [d].[AppointmentDurationMinutes], [d].[DoctorId], [d].[EndTime], [d].[IsActive], [d].[ScheduleDate], [d].[StartTime]
FROM [DoctorDateSchedules] AS [d]
2026-06-30 17:29:36.686 +03:00 [INF] Executed DbCommand (1ms) [Parameters=[], CommandType='"Text"', CommandTimeout='30']
SELECT [d].[Id], [d].[AppointmentDurationMinutes], [d].[DoctorId], [d].[EndTime], [d].[IsActive], [d].[ScheduleDate], [d].[StartTime]
FROM [DoctorDateSchedules] AS [d]
2026-06-30 17:29:36.686 +03:00 [INF] Executed DbCommand (1ms) [Parameters=[], CommandType='"Text"', CommandTimeout='30']
SELECT [d].[Id], [d].[AppointmentDurationMinutes], [d].[DoctorId], [d].[EndTime], [d].[IsActive], [d].[ScheduleDate], [d].[StartTime]
FROM [DoctorDateSchedules] AS [d]
2026-06-30 17:29:36.687 +03:00 [INF] HTTP GET /api/doctors/44450f15-4382-4c72-9e45-ffb270692955/date-schedules responded 200 in 7ms
2026-06-30 17:29:36.687 +03:00 [INF] HTTP GET /api/doctors/41885cdc-0175-4dcb-9824-944a922f6950/date-schedules responded 200 in 7ms
2026-06-30 17:29:36.688 +03:00 [INF] HTTP GET /api/doctors/38807a7c-e4ef-4cad-bdf2-08fa24f03cbe/date-schedules responded 200 in 7ms
2026-06-30 17:29:36.694 +03:00 [INF] Executed DbCommand (1ms) [Parameters=[@doctorId='?' (DbType = Guid), @date='?' (DbType = Date)], CommandType='"Text"', CommandTimeout='30']
SELECT [a].[Id], [a].[AppointmentDate], [a].[CreatedAt], [a].[CreatedByReceptionistId], [a].[DoctorId], [a].[EndTime], [a].[Notes], [a].[PatientId], [a].[StartTime], [a].[Status], [a].[UpdatedAt]
FROM [Appointments] AS [a]
WHERE [a].[DoctorId] = @doctorId AND [a].[AppointmentDate] = @date
ORDER BY [a].[StartTime]
2026-06-30 17:29:36.696 +03:00 [INF] Executed DbCommand (1ms) [Parameters=[@p='?' (DbType = Guid)], CommandType='"Text"', CommandTimeout='30']
SELECT TOP(1) [p].[Id], [p].[Address], [p].[BloodType], [p].[CreatedAt], [p].[DateOfBirth], [p].[Email], [p].[FullName], [p].[Gender], [p].[NationalId], [p].[Phone], [p].[UserId]
FROM [Patients] AS [p]
WHERE [p].[Id] = @p
2026-06-30 17:29:36.698 +03:00 [INF] Executed DbCommand (1ms) [Parameters=[@p='?' (DbType = Guid)], CommandType='"Text"', CommandTimeout='30']
SELECT TOP(1) [d].[Id], [d].[DepartmentId], [d].[FullName], [d].[IsActive], [d].[Phone], [d].[Specialization], [d].[UserId]
FROM [Doctors] AS [d]
WHERE [d].[Id] = @p
2026-06-30 17:29:36.699 +03:00 [INF] HTTP GET /api/appointments responded 200 in 9ms
2026-06-30 17:30:17.751 +03:00 [INF] HTTP OPTIONS /api/doctors responded 204 in 0ms
2026-06-30 17:30:17.759 +03:00 [INF] HTTP OPTIONS /api/doctors responded 204 in 0ms
2026-06-30 17:30:17.765 +03:00 [INF] HTTP OPTIONS /api/appointments responded 204 in 0ms
2026-06-30 17:30:17.785 +03:00 [INF] Executed DbCommand (2ms) [Parameters=[], CommandType='"Text"', CommandTimeout='30']
SELECT [d].[Id], [d].[DepartmentId], [d].[FullName], [d].[IsActive], [d].[Phone], [d].[Specialization], [d].[UserId]
FROM [Doctors] AS [d]
2026-06-30 17:30:17.790 +03:00 [INF] Executed DbCommand (2ms) [Parameters=[@doctorId='?' (DbType = Guid), @date='?' (DbType = Date)], CommandType='"Text"', CommandTimeout='30']
SELECT [a].[Id], [a].[AppointmentDate], [a].[CreatedAt], [a].[CreatedByReceptionistId], [a].[DoctorId], [a].[EndTime], [a].[Notes], [a].[PatientId], [a].[StartTime], [a].[Status], [a].[UpdatedAt]
FROM [Appointments] AS [a]
WHERE [a].[DoctorId] = @doctorId AND [a].[AppointmentDate] = @date
ORDER BY [a].[StartTime]
2026-06-30 17:30:17.790 +03:00 [INF] Executed DbCommand (2ms) [Parameters=[@p='?' (DbType = Guid)], CommandType='"Text"', CommandTimeout='30']
SELECT TOP(1) [d].[Id], [d].[Description], [d].[IsActive], [d].[Name]
FROM [Departments] AS [d]
WHERE [d].[Id] = @p
2026-06-30 17:30:17.793 +03:00 [INF] HTTP GET /api/appointments responded 200 in 10ms
2026-06-30 17:30:17.794 +03:00 [INF] Executed DbCommand (1ms) [Parameters=[@p='?' (DbType = Guid)], CommandType='"Text"', CommandTimeout='30']
SELECT TOP(1) [d].[Id], [d].[Description], [d].[IsActive], [d].[Name]
FROM [Departments] AS [d]
WHERE [d].[Id] = @p
2026-06-30 17:30:17.796 +03:00 [INF] HTTP GET /api/doctors responded 200 in 24ms
2026-06-30 17:30:17.806 +03:00 [INF] Executed DbCommand (2ms) [Parameters=[], CommandType='"Text"', CommandTimeout='30']
SELECT [d].[Id], [d].[DepartmentId], [d].[FullName], [d].[IsActive], [d].[Phone], [d].[Specialization], [d].[UserId]
FROM [Doctors] AS [d]
2026-06-30 17:30:17.807 +03:00 [INF] HTTP OPTIONS /api/appointments responded 204 in 0ms
2026-06-30 17:30:17.811 +03:00 [INF] Executed DbCommand (2ms) [Parameters=[@p='?' (DbType = Guid)], CommandType='"Text"', CommandTimeout='30']
SELECT TOP(1) [d].[Id], [d].[Description], [d].[IsActive], [d].[Name]
FROM [Departments] AS [d]
WHERE [d].[Id] = @p
2026-06-30 17:30:17.815 +03:00 [INF] Executed DbCommand (1ms) [Parameters=[@p='?' (DbType = Guid)], CommandType='"Text"', CommandTimeout='30']
SELECT TOP(1) [d].[Id], [d].[Description], [d].[IsActive], [d].[Name]
FROM [Departments] AS [d]
WHERE [d].[Id] = @p
2026-06-30 17:30:17.816 +03:00 [INF] HTTP GET /api/doctors responded 200 in 16ms
2026-06-30 17:30:17.823 +03:00 [INF] Executed DbCommand (3ms) [Parameters=[@doctorId='?' (DbType = Guid), @date='?' (DbType = Date)], CommandType='"Text"', CommandTimeout='30']
SELECT [a].[Id], [a].[AppointmentDate], [a].[CreatedAt], [a].[CreatedByReceptionistId], [a].[DoctorId], [a].[EndTime], [a].[Notes], [a].[PatientId], [a].[StartTime], [a].[Status], [a].[UpdatedAt]
FROM [Appointments] AS [a]
WHERE [a].[DoctorId] = @doctorId AND [a].[AppointmentDate] = @date
ORDER BY [a].[StartTime]
2026-06-30 17:30:17.829 +03:00 [INF] Executed DbCommand (2ms) [Parameters=[@p='?' (DbType = Guid)], CommandType='"Text"', CommandTimeout='30']
SELECT TOP(1) [p].[Id], [p].[Address], [p].[BloodType], [p].[CreatedAt], [p].[DateOfBirth], [p].[Email], [p].[FullName], [p].[Gender], [p].[NationalId], [p].[Phone], [p].[UserId]
FROM [Patients] AS [p]
WHERE [p].[Id] = @p
2026-06-30 17:30:17.833 +03:00 [INF] Executed DbCommand (1ms) [Parameters=[@p='?' (DbType = Guid)], CommandType='"Text"', CommandTimeout='30']
SELECT TOP(1) [d].[Id], [d].[DepartmentId], [d].[FullName], [d].[IsActive], [d].[Phone], [d].[Specialization], [d].[UserId]
FROM [Doctors] AS [d]
WHERE [d].[Id] = @p
2026-06-30 17:30:17.835 +03:00 [INF] HTTP OPTIONS /api/doctors/38807a7c-e4ef-4cad-bdf2-08fa24f03cbe/date-schedules responded 204 in 0ms
2026-06-30 17:30:17.837 +03:00 [INF] HTTP OPTIONS /api/doctors/41885cdc-0175-4dcb-9824-944a922f6950/date-schedules responded 204 in 0ms
2026-06-30 17:30:17.838 +03:00 [INF] HTTP OPTIONS /api/doctors/44450f15-4382-4c72-9e45-ffb270692955/date-schedules responded 204 in 0ms
2026-06-30 17:30:17.839 +03:00 [INF] Executed DbCommand (2ms) [Parameters=[@p='?' (DbType = Guid)], CommandType='"Text"', CommandTimeout='30']
SELECT TOP(1) [p].[Id], [p].[Address], [p].[BloodType], [p].[CreatedAt], [p].[DateOfBirth], [p].[Email], [p].[FullName], [p].[Gender], [p].[NationalId], [p].[Phone], [p].[UserId]
FROM [Patients] AS [p]
WHERE [p].[Id] = @p
2026-06-30 17:30:17.841 +03:00 [INF] HTTP GET /api/appointments responded 200 in 25ms
2026-06-30 17:30:17.849 +03:00 [INF] Executed DbCommand (1ms) [Parameters=[@p='?' (DbType = Guid)], CommandType='"Text"', CommandTimeout='30']
SELECT TOP(1) [d].[Id], [d].[DepartmentId], [d].[FullName], [d].[IsActive], [d].[Phone], [d].[Specialization], [d].[UserId]
FROM [Doctors] AS [d]
WHERE [d].[Id] = @p
2026-06-30 17:30:17.850 +03:00 [INF] HTTP OPTIONS /api/appointments responded 204 in 0ms
2026-06-30 17:30:17.851 +03:00 [INF] Executed DbCommand (1ms) [Parameters=[], CommandType='"Text"', CommandTimeout='30']
SELECT [d].[Id], [d].[AppointmentDurationMinutes], [d].[DoctorId], [d].[EndTime], [d].[IsActive], [d].[ScheduleDate], [d].[StartTime]
FROM [DoctorDateSchedules] AS [d]
2026-06-30 17:30:17.851 +03:00 [INF] Executed DbCommand (1ms) [Parameters=[@p='?' (DbType = Guid)], CommandType='"Text"', CommandTimeout='30']
SELECT TOP(1) [d].[Id], [d].[DepartmentId], [d].[FullName], [d].[IsActive], [d].[Phone], [d].[Specialization], [d].[UserId]
FROM [Doctors] AS [d]
WHERE [d].[Id] = @p
2026-06-30 17:30:17.851 +03:00 [INF] Executed DbCommand (1ms) [Parameters=[@p='?' (DbType = Guid)], CommandType='"Text"', CommandTimeout='30']
SELECT TOP(1) [d].[Id], [d].[DepartmentId], [d].[FullName], [d].[IsActive], [d].[Phone], [d].[Specialization], [d].[UserId]
FROM [Doctors] AS [d]
WHERE [d].[Id] = @p
2026-06-30 17:30:17.851 +03:00 [INF] HTTP GET /api/doctors/38807a7c-e4ef-4cad-bdf2-08fa24f03cbe/date-schedules responded 200 in 7ms
2026-06-30 17:30:17.853 +03:00 [INF] Executed DbCommand (1ms) [Parameters=[], CommandType='"Text"', CommandTimeout='30']
SELECT [d].[Id], [d].[AppointmentDurationMinutes], [d].[DoctorId], [d].[EndTime], [d].[IsActive], [d].[ScheduleDate], [d].[StartTime]
FROM [DoctorDateSchedules] AS [d]
2026-06-30 17:30:17.853 +03:00 [INF] Executed DbCommand (1ms) [Parameters=[], CommandType='"Text"', CommandTimeout='30']
SELECT [d].[Id], [d].[AppointmentDurationMinutes], [d].[DoctorId], [d].[EndTime], [d].[IsActive], [d].[ScheduleDate], [d].[StartTime]
FROM [DoctorDateSchedules] AS [d]
2026-06-30 17:30:17.854 +03:00 [INF] HTTP GET /api/doctors/41885cdc-0175-4dcb-9824-944a922f6950/date-schedules responded 200 in 6ms
2026-06-30 17:30:17.854 +03:00 [INF] HTTP GET /api/doctors/44450f15-4382-4c72-9e45-ffb270692955/date-schedules responded 200 in 7ms
2026-06-30 17:30:17.859 +03:00 [INF] Executed DbCommand (1ms) [Parameters=[@doctorId='?' (DbType = Guid), @date='?' (DbType = Date)], CommandType='"Text"', CommandTimeout='30']
SELECT [a].[Id], [a].[AppointmentDate], [a].[CreatedAt], [a].[CreatedByReceptionistId], [a].[DoctorId], [a].[EndTime], [a].[Notes], [a].[PatientId], [a].[StartTime], [a].[Status], [a].[UpdatedAt]
FROM [Appointments] AS [a]
WHERE [a].[DoctorId] = @doctorId AND [a].[AppointmentDate] = @date
ORDER BY [a].[StartTime]
2026-06-30 17:30:17.861 +03:00 [INF] Executed DbCommand (1ms) [Parameters=[@p='?' (DbType = Guid)], CommandType='"Text"', CommandTimeout='30']
SELECT TOP(1) [p].[Id], [p].[Address], [p].[BloodType], [p].[CreatedAt], [p].[DateOfBirth], [p].[Email], [p].[FullName], [p].[Gender], [p].[NationalId], [p].[Phone], [p].[UserId]
FROM [Patients] AS [p]
WHERE [p].[Id] = @p
2026-06-30 17:30:17.863 +03:00 [INF] Executed DbCommand (1ms) [Parameters=[@p='?' (DbType = Guid)], CommandType='"Text"', CommandTimeout='30']
SELECT TOP(1) [d].[Id], [d].[DepartmentId], [d].[FullName], [d].[IsActive], [d].[Phone], [d].[Specialization], [d].[UserId]
FROM [Doctors] AS [d]
WHERE [d].[Id] = @p
2026-06-30 17:30:17.863 +03:00 [INF] HTTP GET /api/appointments responded 200 in 7ms
2026-06-30 17:30:20.217 +03:00 [INF] HTTP OPTIONS /api/patients responded 204 in 0ms
2026-06-30 17:30:20.223 +03:00 [INF] Executed DbCommand (1ms) [Parameters=[], CommandType='"Text"', CommandTimeout='30']
SELECT [p].[Id], [p].[Address], [p].[BloodType], [p].[CreatedAt], [p].[DateOfBirth], [p].[Email], [p].[FullName], [p].[Gender], [p].[NationalId], [p].[Phone], [p].[UserId]
FROM [Patients] AS [p]
2026-06-30 17:30:20.224 +03:00 [INF] HTTP GET /api/patients responded 200 in 3ms
2026-06-30 17:30:37.084 +03:00 [INF] HTTP OPTIONS /api/departments responded 204 in 0ms
2026-06-30 17:30:37.085 +03:00 [INF] HTTP OPTIONS /api/patients responded 204 in 0ms
2026-06-30 17:30:37.099 +03:00 [INF] Executed DbCommand (2ms) [Parameters=[], CommandType='"Text"', CommandTimeout='30']
SELECT [p].[Id], [p].[Address], [p].[BloodType], [p].[CreatedAt], [p].[DateOfBirth], [p].[Email], [p].[FullName], [p].[Gender], [p].[NationalId], [p].[Phone], [p].[UserId]
FROM [Patients] AS [p]
2026-06-30 17:30:37.101 +03:00 [INF] HTTP GET /api/patients responded 200 in 7ms
2026-06-30 17:30:37.106 +03:00 [INF] Executed DbCommand (2ms) [Parameters=[], CommandType='"Text"', CommandTimeout='30']
SELECT [d].[Id], [d].[Description], [d].[IsActive], [d].[Name]
FROM [Departments] AS [d]
2026-06-30 17:30:37.108 +03:00 [INF] HTTP GET /api/departments responded 200 in 14ms
2026-06-30 17:31:10.698 +03:00 [INF] HTTP OPTIONS /api/doctors responded 204 in 0ms
2026-06-30 17:31:10.702 +03:00 [INF] HTTP OPTIONS /api/doctors responded 204 in 0ms
2026-06-30 17:31:10.709 +03:00 [INF] HTTP OPTIONS /api/appointments responded 204 in 0ms
2026-06-30 17:31:10.717 +03:00 [INF] Executed DbCommand (1ms) [Parameters=[], CommandType='"Text"', CommandTimeout='30']
SELECT [d].[Id], [d].[DepartmentId], [d].[FullName], [d].[IsActive], [d].[Phone], [d].[Specialization], [d].[UserId]
FROM [Doctors] AS [d]
2026-06-30 17:31:10.719 +03:00 [INF] Executed DbCommand (1ms) [Parameters=[@p='?' (DbType = Guid)], CommandType='"Text"', CommandTimeout='30']
SELECT TOP(1) [d].[Id], [d].[Description], [d].[IsActive], [d].[Name]
FROM [Departments] AS [d]
WHERE [d].[Id] = @p
2026-06-30 17:31:10.720 +03:00 [INF] Executed DbCommand (1ms) [Parameters=[@doctorId='?' (DbType = Guid), @date='?' (DbType = Date)], CommandType='"Text"', CommandTimeout='30']
SELECT [a].[Id], [a].[AppointmentDate], [a].[CreatedAt], [a].[CreatedByReceptionistId], [a].[DoctorId], [a].[EndTime], [a].[Notes], [a].[PatientId], [a].[StartTime], [a].[Status], [a].[UpdatedAt]
FROM [Appointments] AS [a]
WHERE [a].[DoctorId] = @doctorId AND [a].[AppointmentDate] = @date
ORDER BY [a].[StartTime]
2026-06-30 17:31:10.721 +03:00 [INF] Executed DbCommand (1ms) [Parameters=[@p='?' (DbType = Guid)], CommandType='"Text"', CommandTimeout='30']
SELECT TOP(1) [d].[Id], [d].[Description], [d].[IsActive], [d].[Name]
FROM [Departments] AS [d]
WHERE [d].[Id] = @p
2026-06-30 17:31:10.722 +03:00 [INF] HTTP GET /api/appointments responded 200 in 5ms
2026-06-30 17:31:10.723 +03:00 [INF] HTTP GET /api/doctors responded 200 in 10ms
2026-06-30 17:31:10.729 +03:00 [INF] Executed DbCommand (1ms) [Parameters=[], CommandType='"Text"', CommandTimeout='30']
SELECT [d].[Id], [d].[DepartmentId], [d].[FullName], [d].[IsActive], [d].[Phone], [d].[Specialization], [d].[UserId]
FROM [Doctors] AS [d]
2026-06-30 17:31:10.732 +03:00 [INF] Executed DbCommand (1ms) [Parameters=[@p='?' (DbType = Guid)], CommandType='"Text"', CommandTimeout='30']
SELECT TOP(1) [d].[Id], [d].[Description], [d].[IsActive], [d].[Name]
FROM [Departments] AS [d]
WHERE [d].[Id] = @p
2026-06-30 17:31:10.734 +03:00 [INF] Executed DbCommand (1ms) [Parameters=[@p='?' (DbType = Guid)], CommandType='"Text"', CommandTimeout='30']
SELECT TOP(1) [d].[Id], [d].[Description], [d].[IsActive], [d].[Name]
FROM [Departments] AS [d]
WHERE [d].[Id] = @p
2026-06-30 17:31:10.734 +03:00 [INF] HTTP OPTIONS /api/appointments responded 204 in 0ms
2026-06-30 17:31:10.735 +03:00 [INF] HTTP GET /api/doctors responded 200 in 9ms
2026-06-30 17:31:10.745 +03:00 [INF] Executed DbCommand (1ms) [Parameters=[@doctorId='?' (DbType = Guid), @date='?' (DbType = Date)], CommandType='"Text"', CommandTimeout='30']
SELECT [a].[Id], [a].[AppointmentDate], [a].[CreatedAt], [a].[CreatedByReceptionistId], [a].[DoctorId], [a].[EndTime], [a].[Notes], [a].[PatientId], [a].[StartTime], [a].[Status], [a].[UpdatedAt]
FROM [Appointments] AS [a]
WHERE [a].[DoctorId] = @doctorId AND [a].[AppointmentDate] = @date
ORDER BY [a].[StartTime]
2026-06-30 17:31:10.745 +03:00 [INF] HTTP OPTIONS /api/doctors/38807a7c-e4ef-4cad-bdf2-08fa24f03cbe/date-schedules responded 204 in 0ms
2026-06-30 17:31:10.746 +03:00 [INF] HTTP OPTIONS /api/doctors/41885cdc-0175-4dcb-9824-944a922f6950/date-schedules responded 204 in 0ms
2026-06-30 17:31:10.747 +03:00 [INF] Executed DbCommand (1ms) [Parameters=[@p='?' (DbType = Guid)], CommandType='"Text"', CommandTimeout='30']
SELECT TOP(1) [p].[Id], [p].[Address], [p].[BloodType], [p].[CreatedAt], [p].[DateOfBirth], [p].[Email], [p].[FullName], [p].[Gender], [p].[NationalId], [p].[Phone], [p].[UserId]
FROM [Patients] AS [p]
WHERE [p].[Id] = @p
2026-06-30 17:31:10.749 +03:00 [INF] Executed DbCommand (1ms) [Parameters=[@p='?' (DbType = Guid)], CommandType='"Text"', CommandTimeout='30']
SELECT TOP(1) [d].[Id], [d].[DepartmentId], [d].[FullName], [d].[IsActive], [d].[Phone], [d].[Specialization], [d].[UserId]
FROM [Doctors] AS [d]
WHERE [d].[Id] = @p
2026-06-30 17:31:10.749 +03:00 [INF] HTTP OPTIONS /api/doctors/44450f15-4382-4c72-9e45-ffb270692955/date-schedules responded 204 in 0ms
2026-06-30 17:31:10.751 +03:00 [INF] Executed DbCommand (1ms) [Parameters=[@p='?' (DbType = Guid)], CommandType='"Text"', CommandTimeout='30']
SELECT TOP(1) [p].[Id], [p].[Address], [p].[BloodType], [p].[CreatedAt], [p].[DateOfBirth], [p].[Email], [p].[FullName], [p].[Gender], [p].[NationalId], [p].[Phone], [p].[UserId]
FROM [Patients] AS [p]
WHERE [p].[Id] = @p
2026-06-30 17:31:10.752 +03:00 [INF] HTTP GET /api/appointments responded 200 in 11ms
2026-06-30 17:31:10.758 +03:00 [INF] Executed DbCommand (1ms) [Parameters=[@p='?' (DbType = Guid)], CommandType='"Text"', CommandTimeout='30']
SELECT TOP(1) [d].[Id], [d].[DepartmentId], [d].[FullName], [d].[IsActive], [d].[Phone], [d].[Specialization], [d].[UserId]
FROM [Doctors] AS [d]
WHERE [d].[Id] = @p
2026-06-30 17:31:10.759 +03:00 [INF] Executed DbCommand (1ms) [Parameters=[@p='?' (DbType = Guid)], CommandType='"Text"', CommandTimeout='30']
SELECT TOP(1) [d].[Id], [d].[DepartmentId], [d].[FullName], [d].[IsActive], [d].[Phone], [d].[Specialization], [d].[UserId]
FROM [Doctors] AS [d]
WHERE [d].[Id] = @p
2026-06-30 17:31:10.759 +03:00 [INF] Executed DbCommand (2ms) [Parameters=[@p='?' (DbType = Guid)], CommandType='"Text"', CommandTimeout='30']
SELECT TOP(1) [d].[Id], [d].[DepartmentId], [d].[FullName], [d].[IsActive], [d].[Phone], [d].[Specialization], [d].[UserId]
FROM [Doctors] AS [d]
WHERE [d].[Id] = @p
2026-06-30 17:31:10.760 +03:00 [INF] Executed DbCommand (1ms) [Parameters=[], CommandType='"Text"', CommandTimeout='30']
SELECT [d].[Id], [d].[AppointmentDurationMinutes], [d].[DoctorId], [d].[EndTime], [d].[IsActive], [d].[ScheduleDate], [d].[StartTime]
FROM [DoctorDateSchedules] AS [d]
2026-06-30 17:31:10.760 +03:00 [INF] Executed DbCommand (1ms) [Parameters=[], CommandType='"Text"', CommandTimeout='30']
SELECT [d].[Id], [d].[AppointmentDurationMinutes], [d].[DoctorId], [d].[EndTime], [d].[IsActive], [d].[ScheduleDate], [d].[StartTime]
FROM [DoctorDateSchedules] AS [d]
2026-06-30 17:31:10.760 +03:00 [INF] Executed DbCommand (1ms) [Parameters=[], CommandType='"Text"', CommandTimeout='30']
SELECT [d].[Id], [d].[AppointmentDurationMinutes], [d].[DoctorId], [d].[EndTime], [d].[IsActive], [d].[ScheduleDate], [d].[StartTime]
FROM [DoctorDateSchedules] AS [d]
2026-06-30 17:31:10.761 +03:00 [INF] HTTP GET /api/doctors/44450f15-4382-4c72-9e45-ffb270692955/date-schedules responded 200 in 6ms
2026-06-30 17:31:10.761 +03:00 [INF] HTTP GET /api/doctors/41885cdc-0175-4dcb-9824-944a922f6950/date-schedules responded 200 in 6ms
2026-06-30 17:31:10.761 +03:00 [INF] HTTP GET /api/doctors/38807a7c-e4ef-4cad-bdf2-08fa24f03cbe/date-schedules responded 200 in 7ms
2026-06-30 17:31:10.762 +03:00 [INF] HTTP OPTIONS /api/appointments responded 204 in 0ms
2026-06-30 17:31:10.779 +03:00 [INF] Executed DbCommand (1ms) [Parameters=[@doctorId='?' (DbType = Guid), @date='?' (DbType = Date)], CommandType='"Text"', CommandTimeout='30']
SELECT [a].[Id], [a].[AppointmentDate], [a].[CreatedAt], [a].[CreatedByReceptionistId], [a].[DoctorId], [a].[EndTime], [a].[Notes], [a].[PatientId], [a].[StartTime], [a].[Status], [a].[UpdatedAt]
FROM [Appointments] AS [a]
WHERE [a].[DoctorId] = @doctorId AND [a].[AppointmentDate] = @date
ORDER BY [a].[StartTime]
2026-06-30 17:31:10.780 +03:00 [INF] Executed DbCommand (1ms) [Parameters=[@p='?' (DbType = Guid)], CommandType='"Text"', CommandTimeout='30']
SELECT TOP(1) [p].[Id], [p].[Address], [p].[BloodType], [p].[CreatedAt], [p].[DateOfBirth], [p].[Email], [p].[FullName], [p].[Gender], [p].[NationalId], [p].[Phone], [p].[UserId]
FROM [Patients] AS [p]
WHERE [p].[Id] = @p
2026-06-30 17:31:10.782 +03:00 [INF] Executed DbCommand (1ms) [Parameters=[@p='?' (DbType = Guid)], CommandType='"Text"', CommandTimeout='30']
SELECT TOP(1) [d].[Id], [d].[DepartmentId], [d].[FullName], [d].[IsActive], [d].[Phone], [d].[Specialization], [d].[UserId]
FROM [Doctors] AS [d]
WHERE [d].[Id] = @p
2026-06-30 17:31:10.783 +03:00 [INF] HTTP GET /api/appointments responded 200 in 8ms
2026-06-30 17:31:40.406 +03:00 [INF] HTTP OPTIONS /api/patients responded 204 in 0ms
2026-06-30 17:31:40.412 +03:00 [INF] Executed DbCommand (1ms) [Parameters=[], CommandType='"Text"', CommandTimeout='30']
SELECT [p].[Id], [p].[Address], [p].[BloodType], [p].[CreatedAt], [p].[DateOfBirth], [p].[Email], [p].[FullName], [p].[Gender], [p].[NationalId], [p].[Phone], [p].[UserId]
FROM [Patients] AS [p]
2026-06-30 17:31:40.413 +03:00 [INF] HTTP GET /api/patients responded 200 in 2ms
2026-06-30 17:31:42.619 +03:00 [INF] HTTP OPTIONS /api/doctors responded 204 in 0ms
2026-06-30 17:31:42.619 +03:00 [INF] HTTP OPTIONS /api/doctors responded 204 in 0ms
2026-06-30 17:31:42.622 +03:00 [INF] HTTP OPTIONS /api/appointments responded 204 in 0ms
2026-06-30 17:31:42.628 +03:00 [INF] Executed DbCommand (1ms) [Parameters=[], CommandType='"Text"', CommandTimeout='30']
SELECT [d].[Id], [d].[DepartmentId], [d].[FullName], [d].[IsActive], [d].[Phone], [d].[Specialization], [d].[UserId]
FROM [Doctors] AS [d]
2026-06-30 17:31:42.629 +03:00 [INF] Executed DbCommand (1ms) [Parameters=[@doctorId='?' (DbType = Guid), @date='?' (DbType = Date)], CommandType='"Text"', CommandTimeout='30']
SELECT [a].[Id], [a].[AppointmentDate], [a].[CreatedAt], [a].[CreatedByReceptionistId], [a].[DoctorId], [a].[EndTime], [a].[Notes], [a].[PatientId], [a].[StartTime], [a].[Status], [a].[UpdatedAt]
FROM [Appointments] AS [a]
WHERE [a].[DoctorId] = @doctorId AND [a].[AppointmentDate] = @date
ORDER BY [a].[StartTime]
2026-06-30 17:31:42.630 +03:00 [INF] HTTP GET /api/appointments responded 200 in 4ms
2026-06-30 17:31:42.632 +03:00 [INF] Executed DbCommand (2ms) [Parameters=[@p='?' (DbType = Guid)], CommandType='"Text"', CommandTimeout='30']
SELECT TOP(1) [d].[Id], [d].[Description], [d].[IsActive], [d].[Name]
FROM [Departments] AS [d]
WHERE [d].[Id] = @p
2026-06-30 17:31:42.635 +03:00 [INF] Executed DbCommand (2ms) [Parameters=[@p='?' (DbType = Guid)], CommandType='"Text"', CommandTimeout='30']
SELECT TOP(1) [d].[Id], [d].[Description], [d].[IsActive], [d].[Name]
FROM [Departments] AS [d]
WHERE [d].[Id] = @p
2026-06-30 17:31:42.636 +03:00 [INF] HTTP GET /api/doctors responded 200 in 10ms
2026-06-30 17:31:42.637 +03:00 [INF] HTTP OPTIONS /api/appointments responded 204 in 0ms
2026-06-30 17:31:42.642 +03:00 [INF] Executed DbCommand (1ms) [Parameters=[], CommandType='"Text"', CommandTimeout='30']
SELECT [d].[Id], [d].[DepartmentId], [d].[FullName], [d].[IsActive], [d].[Phone], [d].[Specialization], [d].[UserId]
FROM [Doctors] AS [d]
2026-06-30 17:31:42.644 +03:00 [INF] HTTP OPTIONS /api/doctors/38807a7c-e4ef-4cad-bdf2-08fa24f03cbe/date-schedules responded 204 in 0ms
2026-06-30 17:31:42.644 +03:00 [INF] Executed DbCommand (1ms) [Parameters=[@p='?' (DbType = Guid)], CommandType='"Text"', CommandTimeout='30']
SELECT TOP(1) [d].[Id], [d].[Description], [d].[IsActive], [d].[Name]
FROM [Departments] AS [d]
WHERE [d].[Id] = @p
2026-06-30 17:31:42.645 +03:00 [INF] Executed DbCommand (1ms) [Parameters=[@doctorId='?' (DbType = Guid), @date='?' (DbType = Date)], CommandType='"Text"', CommandTimeout='30']
SELECT [a].[Id], [a].[AppointmentDate], [a].[CreatedAt], [a].[CreatedByReceptionistId], [a].[DoctorId], [a].[EndTime], [a].[Notes], [a].[PatientId], [a].[StartTime], [a].[Status], [a].[UpdatedAt]
FROM [Appointments] AS [a]
WHERE [a].[DoctorId] = @doctorId AND [a].[AppointmentDate] = @date
ORDER BY [a].[StartTime]
2026-06-30 17:31:42.645 +03:00 [INF] HTTP OPTIONS /api/doctors/41885cdc-0175-4dcb-9824-944a922f6950/date-schedules responded 204 in 0ms
2026-06-30 17:31:42.646 +03:00 [INF] Executed DbCommand (1ms) [Parameters=[@p='?' (DbType = Guid)], CommandType='"Text"', CommandTimeout='30']
SELECT TOP(1) [d].[Id], [d].[Description], [d].[IsActive], [d].[Name]
FROM [Departments] AS [d]
WHERE [d].[Id] = @p
2026-06-30 17:31:42.647 +03:00 [INF] HTTP GET /api/doctors responded 200 in 7ms
2026-06-30 17:31:42.647 +03:00 [INF] HTTP OPTIONS /api/doctors/44450f15-4382-4c72-9e45-ffb270692955/date-schedules responded 204 in 0ms
2026-06-30 17:31:42.647 +03:00 [INF] Executed DbCommand (1ms) [Parameters=[@p='?' (DbType = Guid)], CommandType='"Text"', CommandTimeout='30']
SELECT TOP(1) [p].[Id], [p].[Address], [p].[BloodType], [p].[CreatedAt], [p].[DateOfBirth], [p].[Email], [p].[FullName], [p].[Gender], [p].[NationalId], [p].[Phone], [p].[UserId]
FROM [Patients] AS [p]
WHERE [p].[Id] = @p
2026-06-30 17:31:42.649 +03:00 [INF] Executed DbCommand (1ms) [Parameters=[@p='?' (DbType = Guid)], CommandType='"Text"', CommandTimeout='30']
SELECT TOP(1) [d].[Id], [d].[DepartmentId], [d].[FullName], [d].[IsActive], [d].[Phone], [d].[Specialization], [d].[UserId]
FROM [Doctors] AS [d]
WHERE [d].[Id] = @p
2026-06-30 17:31:42.651 +03:00 [INF] Executed DbCommand (1ms) [Parameters=[@p='?' (DbType = Guid)], CommandType='"Text"', CommandTimeout='30']
SELECT TOP(1) [p].[Id], [p].[Address], [p].[BloodType], [p].[CreatedAt], [p].[DateOfBirth], [p].[Email], [p].[FullName], [p].[Gender], [p].[NationalId], [p].[Phone], [p].[UserId]
FROM [Patients] AS [p]
WHERE [p].[Id] = @p
2026-06-30 17:31:42.651 +03:00 [INF] HTTP GET /api/appointments responded 200 in 10ms
2026-06-30 17:31:42.655 +03:00 [INF] Executed DbCommand (1ms) [Parameters=[@p='?' (DbType = Guid)], CommandType='"Text"', CommandTimeout='30']
SELECT TOP(1) [d].[Id], [d].[DepartmentId], [d].[FullName], [d].[IsActive], [d].[Phone], [d].[Specialization], [d].[UserId]
FROM [Doctors] AS [d]
WHERE [d].[Id] = @p
2026-06-30 17:31:42.656 +03:00 [INF] Executed DbCommand (1ms) [Parameters=[], CommandType='"Text"', CommandTimeout='30']
SELECT [d].[Id], [d].[AppointmentDurationMinutes], [d].[DoctorId], [d].[EndTime], [d].[IsActive], [d].[ScheduleDate], [d].[StartTime]
FROM [DoctorDateSchedules] AS [d]
2026-06-30 17:31:42.657 +03:00 [INF] HTTP GET /api/doctors/38807a7c-e4ef-4cad-bdf2-08fa24f03cbe/date-schedules responded 200 in 6ms
2026-06-30 17:31:42.657 +03:00 [INF] Executed DbCommand (1ms) [Parameters=[@p='?' (DbType = Guid)], CommandType='"Text"', CommandTimeout='30']
SELECT TOP(1) [d].[Id], [d].[DepartmentId], [d].[FullName], [d].[IsActive], [d].[Phone], [d].[Specialization], [d].[UserId]
FROM [Doctors] AS [d]
WHERE [d].[Id] = @p
2026-06-30 17:31:42.659 +03:00 [INF] Executed DbCommand (2ms) [Parameters=[@p='?' (DbType = Guid)], CommandType='"Text"', CommandTimeout='30']
SELECT TOP(1) [d].[Id], [d].[DepartmentId], [d].[FullName], [d].[IsActive], [d].[Phone], [d].[Specialization], [d].[UserId]
FROM [Doctors] AS [d]
WHERE [d].[Id] = @p
2026-06-30 17:31:42.659 +03:00 [INF] Executed DbCommand (1ms) [Parameters=[], CommandType='"Text"', CommandTimeout='30']
SELECT [d].[Id], [d].[AppointmentDurationMinutes], [d].[DoctorId], [d].[EndTime], [d].[IsActive], [d].[ScheduleDate], [d].[StartTime]
FROM [DoctorDateSchedules] AS [d]
2026-06-30 17:31:42.660 +03:00 [INF] HTTP OPTIONS /api/appointments responded 204 in 0ms
2026-06-30 17:31:42.660 +03:00 [INF] HTTP GET /api/doctors/41885cdc-0175-4dcb-9824-944a922f6950/date-schedules responded 200 in 5ms
2026-06-30 17:31:42.660 +03:00 [INF] Executed DbCommand (1ms) [Parameters=[], CommandType='"Text"', CommandTimeout='30']
SELECT [d].[Id], [d].[AppointmentDurationMinutes], [d].[DoctorId], [d].[EndTime], [d].[IsActive], [d].[ScheduleDate], [d].[StartTime]
FROM [DoctorDateSchedules] AS [d]
2026-06-30 17:31:42.661 +03:00 [INF] HTTP GET /api/doctors/44450f15-4382-4c72-9e45-ffb270692955/date-schedules responded 200 in 6ms
2026-06-30 17:31:42.695 +03:00 [INF] Executed DbCommand (1ms) [Parameters=[@doctorId='?' (DbType = Guid), @date='?' (DbType = Date)], CommandType='"Text"', CommandTimeout='30']
SELECT [a].[Id], [a].[AppointmentDate], [a].[CreatedAt], [a].[CreatedByReceptionistId], [a].[DoctorId], [a].[EndTime], [a].[Notes], [a].[PatientId], [a].[StartTime], [a].[Status], [a].[UpdatedAt]
FROM [Appointments] AS [a]
WHERE [a].[DoctorId] = @doctorId AND [a].[AppointmentDate] = @date
ORDER BY [a].[StartTime]
2026-06-30 17:31:42.696 +03:00 [INF] Executed DbCommand (1ms) [Parameters=[@p='?' (DbType = Guid)], CommandType='"Text"', CommandTimeout='30']
SELECT TOP(1) [p].[Id], [p].[Address], [p].[BloodType], [p].[CreatedAt], [p].[DateOfBirth], [p].[Email], [p].[FullName], [p].[Gender], [p].[NationalId], [p].[Phone], [p].[UserId]
FROM [Patients] AS [p]
WHERE [p].[Id] = @p
2026-06-30 17:31:42.697 +03:00 [INF] Executed DbCommand (1ms) [Parameters=[@p='?' (DbType = Guid)], CommandType='"Text"', CommandTimeout='30']
SELECT TOP(1) [d].[Id], [d].[DepartmentId], [d].[FullName], [d].[IsActive], [d].[Phone], [d].[Specialization], [d].[UserId]
FROM [Doctors] AS [d]
WHERE [d].[Id] = @p
2026-06-30 17:31:42.698 +03:00 [INF] HTTP GET /api/appointments responded 200 in 32ms
2026-06-30 17:32:11.815 +03:00 [INF] HTTP OPTIONS /api/patients responded 204 in 0ms
2026-06-30 17:32:11.826 +03:00 [INF] Executed DbCommand (1ms) [Parameters=[], CommandType='"Text"', CommandTimeout='30']
SELECT [p].[Id], [p].[Address], [p].[BloodType], [p].[CreatedAt], [p].[DateOfBirth], [p].[Email], [p].[FullName], [p].[Gender], [p].[NationalId], [p].[Phone], [p].[UserId]
FROM [Patients] AS [p]
2026-06-30 17:32:11.828 +03:00 [INF] HTTP GET /api/patients responded 200 in 5ms
2026-06-30 17:32:13.280 +03:00 [INF] HTTP OPTIONS /api/patients/36574f06-f0f8-4c16-83d7-073e1107da0b responded 204 in 0ms
2026-06-30 17:32:13.295 +03:00 [INF] Executed DbCommand (2ms) [Parameters=[@p='?' (DbType = Guid)], CommandType='"Text"', CommandTimeout='30']
SELECT TOP(1) [p].[Id], [p].[Address], [p].[BloodType], [p].[CreatedAt], [p].[DateOfBirth], [p].[Email], [p].[FullName], [p].[Gender], [p].[NationalId], [p].[Phone], [p].[UserId]
FROM [Patients] AS [p]
WHERE [p].[Id] = @p
2026-06-30 17:32:13.296 +03:00 [INF] HTTP GET /api/patients/36574f06-f0f8-4c16-83d7-073e1107da0b responded 200 in 9ms
2026-06-30 17:32:21.962 +03:00 [INF] HTTP OPTIONS /api/departments responded 204 in 0ms
2026-06-30 17:32:21.964 +03:00 [INF] HTTP OPTIONS /api/patients responded 204 in 0ms
2026-06-30 17:32:21.978 +03:00 [INF] Executed DbCommand (2ms) [Parameters=[], CommandType='"Text"', CommandTimeout='30']
SELECT [p].[Id], [p].[Address], [p].[BloodType], [p].[CreatedAt], [p].[DateOfBirth], [p].[Email], [p].[FullName], [p].[Gender], [p].[NationalId], [p].[Phone], [p].[UserId]
FROM [Patients] AS [p]
2026-06-30 17:32:21.979 +03:00 [INF] Executed DbCommand (2ms) [Parameters=[], CommandType='"Text"', CommandTimeout='30']
SELECT [d].[Id], [d].[Description], [d].[IsActive], [d].[Name]
FROM [Departments] AS [d]
2026-06-30 17:32:21.980 +03:00 [INF] HTTP GET /api/departments responded 200 in 8ms
2026-06-30 17:32:21.980 +03:00 [INF] HTTP GET /api/patients responded 200 in 7ms
2026-06-30 17:32:23.376 +03:00 [INF] HTTP OPTIONS /api/doctors responded 204 in 0ms
2026-06-30 17:32:23.381 +03:00 [INF] HTTP OPTIONS /api/doctors responded 204 in 0ms
2026-06-30 17:32:23.381 +03:00 [INF] HTTP OPTIONS /api/appointments responded 204 in 0ms
2026-06-30 17:32:23.391 +03:00 [INF] Executed DbCommand (2ms) [Parameters=[], CommandType='"Text"', CommandTimeout='30']
SELECT [d].[Id], [d].[DepartmentId], [d].[FullName], [d].[IsActive], [d].[Phone], [d].[Specialization], [d].[UserId]
FROM [Doctors] AS [d]
2026-06-30 17:32:23.393 +03:00 [INF] Executed DbCommand (1ms) [Parameters=[@doctorId='?' (DbType = Guid), @date='?' (DbType = Date)], CommandType='"Text"', CommandTimeout='30']
SELECT [a].[Id], [a].[AppointmentDate], [a].[CreatedAt], [a].[CreatedByReceptionistId], [a].[DoctorId], [a].[EndTime], [a].[Notes], [a].[PatientId], [a].[StartTime], [a].[Status], [a].[UpdatedAt]
FROM [Appointments] AS [a]
WHERE [a].[DoctorId] = @doctorId AND [a].[AppointmentDate] = @date
ORDER BY [a].[StartTime]
2026-06-30 17:32:23.393 +03:00 [INF] HTTP GET /api/appointments responded 200 in 4ms
2026-06-30 17:32:23.394 +03:00 [INF] Executed DbCommand (1ms) [Parameters=[@p='?' (DbType = Guid)], CommandType='"Text"', CommandTimeout='30']
SELECT TOP(1) [d].[Id], [d].[Description], [d].[IsActive], [d].[Name]
FROM [Departments] AS [d]
WHERE [d].[Id] = @p
2026-06-30 17:32:23.397 +03:00 [INF] Executed DbCommand (1ms) [Parameters=[@p='?' (DbType = Guid)], CommandType='"Text"', CommandTimeout='30']
SELECT TOP(1) [d].[Id], [d].[Description], [d].[IsActive], [d].[Name]
FROM [Departments] AS [d]
WHERE [d].[Id] = @p
2026-06-30 17:32:23.398 +03:00 [INF] HTTP GET /api/doctors responded 200 in 12ms
2026-06-30 17:32:23.404 +03:00 [INF] Executed DbCommand (1ms) [Parameters=[], CommandType='"Text"', CommandTimeout='30']
SELECT [d].[Id], [d].[DepartmentId], [d].[FullName], [d].[IsActive], [d].[Phone], [d].[Specialization], [d].[UserId]
FROM [Doctors] AS [d]
2026-06-30 17:32:23.405 +03:00 [INF] HTTP OPTIONS /api/appointments responded 204 in 0ms
2026-06-30 17:32:23.407 +03:00 [INF] Executed DbCommand (2ms) [Parameters=[@p='?' (DbType = Guid)], CommandType='"Text"', CommandTimeout='30']
SELECT TOP(1) [d].[Id], [d].[Description], [d].[IsActive], [d].[Name]
FROM [Departments] AS [d]
WHERE [d].[Id] = @p
2026-06-30 17:32:23.410 +03:00 [INF] Executed DbCommand (1ms) [Parameters=[@p='?' (DbType = Guid)], CommandType='"Text"', CommandTimeout='30']
SELECT TOP(1) [d].[Id], [d].[Description], [d].[IsActive], [d].[Name]
FROM [Departments] AS [d]
WHERE [d].[Id] = @p
2026-06-30 17:32:23.411 +03:00 [INF] HTTP GET /api/doctors responded 200 in 10ms
2026-06-30 17:32:23.418 +03:00 [INF] Executed DbCommand (2ms) [Parameters=[@doctorId='?' (DbType = Guid), @date='?' (DbType = Date)], CommandType='"Text"', CommandTimeout='30']
SELECT [a].[Id], [a].[AppointmentDate], [a].[CreatedAt], [a].[CreatedByReceptionistId], [a].[DoctorId], [a].[EndTime], [a].[Notes], [a].[PatientId], [a].[StartTime], [a].[Status], [a].[UpdatedAt]
FROM [Appointments] AS [a]
WHERE [a].[DoctorId] = @doctorId AND [a].[AppointmentDate] = @date
ORDER BY [a].[StartTime]
2026-06-30 17:32:23.421 +03:00 [INF] Executed DbCommand (1ms) [Parameters=[@p='?' (DbType = Guid)], CommandType='"Text"', CommandTimeout='30']
SELECT TOP(1) [p].[Id], [p].[Address], [p].[BloodType], [p].[CreatedAt], [p].[DateOfBirth], [p].[Email], [p].[FullName], [p].[Gender], [p].[NationalId], [p].[Phone], [p].[UserId]
FROM [Patients] AS [p]
WHERE [p].[Id] = @p
2026-06-30 17:32:23.427 +03:00 [INF] Executed DbCommand (3ms) [Parameters=[@p='?' (DbType = Guid)], CommandType='"Text"', CommandTimeout='30']
SELECT TOP(1) [d].[Id], [d].[DepartmentId], [d].[FullName], [d].[IsActive], [d].[Phone], [d].[Specialization], [d].[UserId]
FROM [Doctors] AS [d]
WHERE [d].[Id] = @p
2026-06-30 17:32:23.428 +03:00 [INF] HTTP OPTIONS /api/doctors/41885cdc-0175-4dcb-9824-944a922f6950/date-schedules responded 204 in 0ms
2026-06-30 17:32:23.428 +03:00 [INF] HTTP OPTIONS /api/doctors/38807a7c-e4ef-4cad-bdf2-08fa24f03cbe/date-schedules responded 204 in 0ms
2026-06-30 17:32:23.429 +03:00 [INF] HTTP OPTIONS /api/doctors/44450f15-4382-4c72-9e45-ffb270692955/date-schedules responded 204 in 0ms
2026-06-30 17:32:23.431 +03:00 [INF] Executed DbCommand (2ms) [Parameters=[@p='?' (DbType = Guid)], CommandType='"Text"', CommandTimeout='30']
SELECT TOP(1) [p].[Id], [p].[Address], [p].[BloodType], [p].[CreatedAt], [p].[DateOfBirth], [p].[Email], [p].[FullName], [p].[Gender], [p].[NationalId], [p].[Phone], [p].[UserId]
FROM [Patients] AS [p]
WHERE [p].[Id] = @p
2026-06-30 17:32:23.433 +03:00 [INF] HTTP GET /api/appointments responded 200 in 20ms
2026-06-30 17:32:23.452 +03:00 [INF] Executed DbCommand (1ms) [Parameters=[@p='?' (DbType = Guid)], CommandType='"Text"', CommandTimeout='30']
SELECT TOP(1) [d].[Id], [d].[DepartmentId], [d].[FullName], [d].[IsActive], [d].[Phone], [d].[Specialization], [d].[UserId]
FROM [Doctors] AS [d]
WHERE [d].[Id] = @p
2026-06-30 17:32:23.456 +03:00 [INF] Executed DbCommand (3ms) [Parameters=[@p='?' (DbType = Guid)], CommandType='"Text"', CommandTimeout='30']
SELECT TOP(1) [d].[Id], [d].[DepartmentId], [d].[FullName], [d].[IsActive], [d].[Phone], [d].[Specialization], [d].[UserId]
FROM [Doctors] AS [d]
WHERE [d].[Id] = @p
2026-06-30 17:32:23.457 +03:00 [INF] Executed DbCommand (4ms) [Parameters=[], CommandType='"Text"', CommandTimeout='30']
SELECT [d].[Id], [d].[AppointmentDurationMinutes], [d].[DoctorId], [d].[EndTime], [d].[IsActive], [d].[ScheduleDate], [d].[StartTime]
FROM [DoctorDateSchedules] AS [d]
2026-06-30 17:32:23.460 +03:00 [INF] HTTP GET /api/doctors/38807a7c-e4ef-4cad-bdf2-08fa24f03cbe/date-schedules responded 200 in 12ms
2026-06-30 17:32:23.461 +03:00 [INF] Executed DbCommand (3ms) [Parameters=[@p='?' (DbType = Guid)], CommandType='"Text"', CommandTimeout='30']
SELECT TOP(1) [d].[Id], [d].[DepartmentId], [d].[FullName], [d].[IsActive], [d].[Phone], [d].[Specialization], [d].[UserId]
FROM [Doctors] AS [d]
WHERE [d].[Id] = @p
2026-06-30 17:32:23.462 +03:00 [INF] HTTP OPTIONS /api/appointments responded 204 in 0ms
2026-06-30 17:32:23.462 +03:00 [INF] Executed DbCommand (4ms) [Parameters=[], CommandType='"Text"', CommandTimeout='30']
SELECT [d].[Id], [d].[AppointmentDurationMinutes], [d].[DoctorId], [d].[EndTime], [d].[IsActive], [d].[ScheduleDate], [d].[StartTime]
FROM [DoctorDateSchedules] AS [d]
2026-06-30 17:32:23.464 +03:00 [INF] HTTP GET /api/doctors/44450f15-4382-4c72-9e45-ffb270692955/date-schedules responded 200 in 17ms
2026-06-30 17:32:23.465 +03:00 [INF] Executed DbCommand (2ms) [Parameters=[], CommandType='"Text"', CommandTimeout='30']
SELECT [d].[Id], [d].[AppointmentDurationMinutes], [d].[DoctorId], [d].[EndTime], [d].[IsActive], [d].[ScheduleDate], [d].[StartTime]
FROM [DoctorDateSchedules] AS [d]
2026-06-30 17:32:23.467 +03:00 [INF] HTTP GET /api/doctors/41885cdc-0175-4dcb-9824-944a922f6950/date-schedules responded 200 in 20ms
2026-06-30 17:32:23.476 +03:00 [INF] Executed DbCommand (1ms) [Parameters=[@doctorId='?' (DbType = Guid), @date='?' (DbType = Date)], CommandType='"Text"', CommandTimeout='30']
SELECT [a].[Id], [a].[AppointmentDate], [a].[CreatedAt], [a].[CreatedByReceptionistId], [a].[DoctorId], [a].[EndTime], [a].[Notes], [a].[PatientId], [a].[StartTime], [a].[Status], [a].[UpdatedAt]
FROM [Appointments] AS [a]
WHERE [a].[DoctorId] = @doctorId AND [a].[AppointmentDate] = @date
ORDER BY [a].[StartTime]
2026-06-30 17:32:23.479 +03:00 [INF] Executed DbCommand (1ms) [Parameters=[@p='?' (DbType = Guid)], CommandType='"Text"', CommandTimeout='30']
SELECT TOP(1) [p].[Id], [p].[Address], [p].[BloodType], [p].[CreatedAt], [p].[DateOfBirth], [p].[Email], [p].[FullName], [p].[Gender], [p].[NationalId], [p].[Phone], [p].[UserId]
FROM [Patients] AS [p]
WHERE [p].[Id] = @p
2026-06-30 17:32:23.482 +03:00 [INF] Executed DbCommand (1ms) [Parameters=[@p='?' (DbType = Guid)], CommandType='"Text"', CommandTimeout='30']
SELECT TOP(1) [d].[Id], [d].[DepartmentId], [d].[FullName], [d].[IsActive], [d].[Phone], [d].[Specialization], [d].[UserId]
FROM [Doctors] AS [d]
WHERE [d].[Id] = @p
2026-06-30 17:32:23.483 +03:00 [INF] HTTP GET /api/appointments responded 200 in 11ms
2026-06-30 17:32:52.052 +03:00 [INF] HTTP OPTIONS /api/patients responded 204 in 0ms
2026-06-30 17:32:52.065 +03:00 [INF] Executed DbCommand (1ms) [Parameters=[], CommandType='"Text"', CommandTimeout='30']
SELECT [p].[Id], [p].[Address], [p].[BloodType], [p].[CreatedAt], [p].[DateOfBirth], [p].[Email], [p].[FullName], [p].[Gender], [p].[NationalId], [p].[Phone], [p].[UserId]
FROM [Patients] AS [p]
2026-06-30 17:32:52.066 +03:00 [INF] HTTP GET /api/patients responded 200 in 5ms
2026-06-30 17:32:53.877 +03:00 [INF] HTTP OPTIONS /api/departments responded 204 in 0ms
2026-06-30 17:32:53.878 +03:00 [INF] HTTP OPTIONS /api/patients responded 204 in 0ms
2026-06-30 17:32:53.892 +03:00 [INF] Executed DbCommand (2ms) [Parameters=[], CommandType='"Text"', CommandTimeout='30']
SELECT [d].[Id], [d].[Description], [d].[IsActive], [d].[Name]
FROM [Departments] AS [d]
2026-06-30 17:32:53.892 +03:00 [INF] Executed DbCommand (2ms) [Parameters=[], CommandType='"Text"', CommandTimeout='30']
SELECT [p].[Id], [p].[Address], [p].[BloodType], [p].[CreatedAt], [p].[DateOfBirth], [p].[Email], [p].[FullName], [p].[Gender], [p].[NationalId], [p].[Phone], [p].[UserId]
FROM [Patients] AS [p]
2026-06-30 17:32:53.893 +03:00 [INF] HTTP GET /api/patients responded 200 in 5ms
2026-06-30 17:32:53.893 +03:00 [INF] HTTP GET /api/departments responded 200 in 6ms
